Date,Open,High,Low,Close,Volume,month,is_roll_switch,daily_change,typical_change,roll_gap,cum_adjustment,Adj_Close_Futures,futures_ret
2000-07-17,182.25,182.25,178.25,179.25,19385,7,True,,,0.0,1.125,180.375,
2000-07-18,179.0,183.25,179.0,180.75,25205,7,False,1.5,,0.0,1.125,181.875,0.008316008316008316
2000-07-19,180.0,182.75,178.75,182.0,17126,7,False,1.25,2.75,0.0,1.125,183.125,0.0068728522336769515
2000-07-20,181.5,187.0,181.0,186.0,18742,7,False,4.0,1.5,0.0,1.125,187.125,0.021843003412969297
2000-07-21,185.5,188.0,185.0,187.75,16814,7,False,1.75,0.375,0.0,1.125,188.875,0.009352037408149716
2000-07-24,187.75,189.5,183.75,184.5,14615,7,False,-3.25,0.0,0.0,1.125,185.625,-0.017207147584381244
2000-07-25,183.75,184.5,181.5,182.75,13883,7,False,-1.75,-2.75,0.0,1.125,183.875,-0.009427609427609451
2000-07-26,182.5,183.25,179.25,180.5,14762,7,False,-2.25,-0.625,0.0,1.125,181.625,-0.012236573759347391
2000-07-27,180.5,183.0,180.0,181.0,12353,7,False,0.5,-1.5,0.0,1.125,182.125,0.002752924982794225
2000-07-28,181.0,182.5,180.0,180.25,12850,7,False,-0.75,0.25,0.0,1.125,181.375,-0.0041180507892930596
2000-07-31,178.25,182.0,177.0,180.25,19481,7,False,0.0,-0.625,0.0,1.125,181.375,0.0
2000-08-01,180.25,181.5,179.0,179.75,16626,8,False,-0.5,0.375,0.0,1.125,180.875,-0.002756719503790528
2000-08-02,179.75,182.0,179.5,180.5,15230,8,False,0.75,-0.5,0.0,1.125,181.625,0.004146510020732519
2000-08-03,180.25,182.25,178.5,180.0,15137,8,False,-0.5,-0.25,0.0,1.125,181.125,-0.002752924982794225
2000-08-04,179.5,180.5,178.5,178.75,12389,8,False,-1.25,-0.75,0.0,1.125,179.875,-0.0069013112491372874
2000-08-07,178.75,180.0,177.5,177.75,12616,8,False,-1.0,0.25,0.0,1.125,178.875,-0.005559416261292527
2000-08-08,178.0,179.75,177.5,179.5,15584,8,False,1.75,-1.125,0.0,1.125,180.625,0.009783368273934334
2000-08-09,179.0,179.25,177.75,178.25,21466,8,False,-1.25,0.375,0.0,1.125,179.375,-0.00692041522491349
2000-08-10,178.0,179.5,177.0,177.25,17658,8,False,-1.0,-1.875,0.0,1.125,178.375,-0.0055749128919860835
2000-08-11,177.0,177.5,174.0,174.75,18551,8,False,-2.5,0.0,0.0,1.125,175.875,-0.014015416958654492
2000-08-14,174.5,176.25,174.0,175.75,14873,8,False,1.0,-1.25,0.0,1.125,176.875,0.005685856432125158
2000-08-15,175.75,176.25,174.75,175.75,8128,8,False,0.0,1.875,0.0,1.125,176.875,0.0
2000-08-16,175.5,179.25,175.5,178.5,20428,8,False,2.75,0.0,0.0,1.125,179.625,0.015547703180212036
2000-08-17,178.5,180.5,177.75,178.5,18718,8,False,0.0,0.875,0.0,1.125,179.625,0.0
2000-08-18,178.25,178.75,177.0,177.5,21695,8,False,-1.0,-0.625,0.0,1.125,178.625,-0.005567153792623514
2000-08-21,177.25,177.25,175.5,176.25,15683,8,False,-1.25,-0.875,0.0,1.125,177.375,-0.0069979006298110935
2000-08-22,176.25,177.5,175.25,175.5,18264,8,False,-0.75,-0.75,0.0,1.125,176.625,-0.0042283298097252064
2000-08-23,175.0,175.75,174.5,175.25,20807,8,False,-0.25,0.0,0.0,1.125,176.375,-0.0014154281670205604
2000-08-24,175.25,176.75,174.5,176.0,20764,8,False,0.75,0.125,0.0,1.125,177.125,0.00425230333097093
2000-08-25,175.75,178.25,175.75,176.5,21622,8,False,0.5,1.875,0.0,1.125,177.625,0.0028228652081863093
2000-08-28,180.25,181.5,178.0,179.5,20965,8,False,3.0,2.625,0.0,1.125,180.625,0.01688951442646025
2000-08-29,181.0,185.0,181.0,184.25,39334,8,False,4.75,0.125,0.0,1.125,185.375,0.02629757785467124
2000-08-30,183.25,184.75,181.25,181.5,117,8,False,-2.75,2.625,0.0,1.125,182.625,-0.014834794335805812
2000-08-31,180.75,182.0,180.75,182.0,32,8,False,0.5,-0.75,0.0,1.125,183.125,0.002737850787132068
2000-09-01,182.75,183.25,182.75,183.25,45,9,True,1.25,0.375,0.875,0.25,183.5,0.0020477815699657675
2000-09-05,184.0,186.0,183.5,183.5,2,9,False,0.25,2.0,0.0,0.25,183.75,0.0013623978201635634
2000-09-06,186.25,186.25,185.5,186.25,3,9,False,2.75,-2.5,0.0,0.25,186.5,0.014965986394557929
2000-09-07,181.5,181.5,181.0,181.0,3,9,False,-5.25,1.75,0.0,0.25,181.25,-0.02815013404825739
2000-09-08,181.5,181.5,181.0,181.75,3,9,False,0.75,-1.375,0.0,0.25,182.0,0.004137931034482678
2000-09-11,181.5,181.5,181.0,184.25,19,9,False,2.5,1.25,0.0,0.25,184.5,0.013736263736263687
2000-09-12,189.75,189.75,186.0,186.0,19,9,False,1.75,-0.5,0.0,0.25,186.25,0.009485094850948617
2000-09-13,189.75,189.75,186.0,182.5,1,9,False,-3.5,0.125,0.0,0.25,182.75,-0.018791946308724827
2000-09-14,181.0,181.0,181.0,181.0,5,9,False,-1.5,-0.25,0.0,0.25,181.25,-0.008207934336525335
2000-09-18,188.0,188.0,187.75,184.0,6,9,False,3.0,-0.25,0.0,0.25,184.25,0.016551724137930934
2000-09-19,185.0,185.0,185.0,185.0,6,9,False,1.0,0.75,0.0,0.25,185.25,0.005427408412483015
2000-09-20,185.0,185.0,185.0,183.5,6,9,False,-1.5,0.625,0.0,0.25,183.75,-0.0080971659919028
2000-09-21,185.0,185.0,185.0,183.75,6,9,False,0.25,0.5,0.0,0.25,184.0,0.0013605442176871652
2000-09-22,185.0,185.0,185.0,186.25,6,9,False,2.5,0.125,0.0,0.25,186.5,0.013586956521739024
2000-09-25,185.0,185.0,185.0,186.25,3,9,False,0.0,3.125,0.0,0.25,186.5,0.0
2000-09-26,190.0,190.0,190.0,190.0,3,9,False,3.75,0.25,0.0,0.25,190.25,0.020107238605898026
2000-09-27,190.0,190.0,190.0,190.5,3,9,False,0.5,1.875,0.0,0.25,190.75,0.0026281208935610145
2000-09-28,190.0,190.0,190.0,190.5,3,9,False,0.0,1.0,0.0,0.25,190.75,0.0
2000-09-29,190.0,190.0,190.0,192.0,3,9,False,1.5,0.0,0.0,0.25,192.25,0.007863695937090354
2000-10-02,190.0,190.0,190.0,192.0,3,10,False,0.0,2.375,0.0,0.25,192.25,0.0
2000-10-03,190.0,190.0,190.0,195.25,3,10,False,3.25,2.125,0.0,0.25,195.5,0.016905071521456483
2000-10-04,190.0,190.0,190.0,199.5,3,10,False,4.25,2.125,0.0,0.25,199.75,0.021739130434782705
2000-10-05,190.0,190.0,190.0,200.5,3,10,False,1.0,1.625,0.0,0.25,200.75,0.005006257822277815
2000-10-06,190.0,190.0,190.0,199.5,3,10,False,-1.0,0.5,0.0,0.25,199.75,-0.00498132004981322
2000-10-09,190.0,190.0,190.0,199.5,3,10,False,0.0,-1.5,0.0,0.25,199.75,0.0
2000-10-10,190.0,190.0,190.0,197.5,3,10,False,-2.0,1.125,0.0,0.25,197.75,-0.010012515644555742
2000-10-11,190.0,190.0,190.0,199.75,3,10,False,2.25,-0.625,0.0,0.25,200.0,0.011378002528444897
2000-10-12,190.0,190.0,190.0,200.5,3,10,False,0.75,2.875,0.0,0.25,200.75,0.00374999999999992
2000-10-13,190.0,190.0,190.0,204.0,3,10,False,3.5,0.375,0.0,0.25,204.25,0.01743462017434627
2000-10-16,190.0,190.0,190.0,204.0,2,10,False,0.0,1.375,0.0,0.25,204.25,0.0
2000-10-17,203.25,203.25,203.25,203.25,2,10,False,-0.75,-0.625,0.0,0.25,203.5,-0.003671970624234966
2000-10-18,203.25,203.25,203.25,202.0,2,10,False,-1.25,0.125,0.0,0.25,202.25,-0.00614250614250611
2000-10-19,203.25,203.25,203.25,203.0,10,10,False,1.0,-1.75,0.0,0.25,203.25,0.0049443757725586845
2000-10-23,200.75,200.75,200.75,200.75,10,10,False,-2.25,-0.125,0.0,0.25,201.0,-0.011070110701106972
2000-10-25,200.75,200.75,200.75,199.5,10,10,False,-1.25,-1.875,0.0,0.25,199.75,-0.006218905472636815
2000-10-26,200.75,200.75,200.75,198.0,10,10,False,-1.5,-1.5,0.0,0.25,198.25,-0.007509386733416723
2000-10-27,200.75,200.75,200.75,196.25,1,10,False,-1.75,-0.875,0.0,0.25,196.5,-0.008827238335435084
2000-10-30,196.0,196.0,196.0,196.0,1,10,False,-0.25,2.25,0.0,0.25,196.25,-0.0012722646310432406
2000-11-02,196.0,196.0,196.0,202.25,1,11,False,6.25,3.5,0.0,0.25,202.5,0.031847133757961776
2000-11-06,196.0,196.0,196.0,209.5,1,11,False,7.25,4.0,0.0,0.25,209.75,0.03580246913580254
2000-11-07,196.0,196.0,196.0,211.25,1,11,False,1.75,4.75,0.0,0.25,211.5,0.008343265792610355
2000-11-08,196.0,196.0,196.0,213.5,1,11,False,2.25,-0.25,0.0,0.25,213.75,0.010638297872340496
2000-11-09,196.0,196.0,196.0,211.25,1,11,False,-2.25,-0.125,0.0,0.25,211.5,-0.010526315789473717
2000-11-13,196.0,196.0,196.0,208.75,1,11,False,-2.5,-1.5,0.0,0.25,209.0,-0.011820330969267157
2000-11-14,196.0,196.0,196.0,208.0,313,11,False,-0.75,-1.0,0.0,0.25,208.25,-0.0035885167464114742
2000-11-15,208.75,209.0,208.5,208.5,357,11,False,0.5,-0.5,0.0,0.25,208.75,0.0024009603841537164
2000-11-16,207.5,208.25,207.25,208.25,637,11,False,-0.25,0.75,0.0,0.25,208.5,-0.0011976047904191933
2000-11-17,208.5,210.5,208.5,209.25,475,11,False,1.0,1.375,0.0,0.25,209.5,0.004796163069544335
2000-11-20,211.0,212.25,210.5,212.25,593,11,False,3.0,-0.5,0.0,0.25,212.5,0.014319809069212486
2000-11-21,210.5,211.0,210.25,210.25,289,11,False,-2.0,1.5,0.0,0.25,210.5,-0.009411764705882342
2000-11-22,210.5,210.75,210.5,210.25,396,11,False,0.0,-0.75,0.0,0.25,210.5,0.0
2000-11-24,211.0,211.0,210.5,210.75,357,11,False,0.5,0.875,0.0,0.25,211.0,0.002375296912114022
2000-11-27,211.25,212.5,210.75,212.5,139,11,False,1.75,-1.125,0.0,0.25,212.75,0.0082938388625593
2000-11-28,210.5,210.5,209.75,209.75,218,11,False,-2.75,-0.25,0.0,0.25,210.0,-0.01292596944770863
2000-11-29,207.75,207.75,207.0,207.5,65,11,False,-2.25,-2.625,0.0,0.25,207.75,-0.010714285714285676
2000-11-30,205.0,206.0,205.0,205.0,6,11,False,-2.5,0.875,0.0,0.25,205.25,-0.012033694344163681
2000-12-01,208.25,209.0,208.25,209.0,1,12,True,4.0,-0.75,4.75,-4.5,204.5,-0.0036540803897685548
2000-12-04,210.0,210.0,210.0,210.0,3,12,False,1.0,4.75,0.0,-4.5,205.5,0.004889975550122161
2000-12-18,211.5,211.5,211.5,215.5,1,12,False,5.5,1.75,0.0,-4.5,211.0,0.02676399026763998
2000-12-21,218.0,218.0,218.0,218.0,773,12,False,2.5,3.75,0.0,-4.5,213.5,0.011848341232227444
2000-12-26,220.25,220.5,219.5,220.0,501,12,False,2.0,1.375,0.0,-4.5,215.5,0.00936768149882905
2000-12-27,218.0,220.5,217.0,220.25,23,12,False,0.25,1.375,0.0,-4.5,215.75,0.0011600928074246841
2000-12-28,221.0,221.0,221.0,221.0,23,12,False,0.75,0.875,0.0,-4.5,216.5,0.0034762456546928444
2000-12-29,221.0,221.0,221.0,222.5,23,12,False,1.5,0.375,0.0,-4.5,218.0,0.006928406466512715
2001-01-02,221.0,221.0,221.0,222.5,1466,1,False,0.0,-1.25,0.0,-4.5,218.0,0.0
2001-01-16,219.0,219.0,217.5,218.5,957,1,False,-4.0,-1.125,0.0,-4.5,214.0,-0.01834862385321101
2001-01-17,216.0,217.0,215.5,216.25,519,1,False,-2.25,-0.75,0.0,-4.5,211.75,-0.010514018691588745
2001-01-18,217.5,219.0,217.5,218.75,940,1,False,2.5,-1.25,0.0,-4.5,214.25,0.011806375442739103
2001-01-19,218.25,219.5,218.0,218.5,519,1,False,-0.25,-0.75,0.0,-4.5,214.0,-0.001166861143523934
2001-01-22,215.0,215.0,214.5,214.5,940,1,False,-4.0,0.875,0.0,-4.5,210.0,-0.01869158878504673
2001-01-23,215.75,216.75,215.5,216.5,134,1,False,2.0,-3.125,0.0,-4.5,212.0,0.00952380952380949
2001-01-24,214.0,215.0,214.0,214.25,270,1,False,-2.25,1.125,0.0,-4.5,209.75,-0.010613207547169767
2001-01-25,215.0,215.5,214.0,214.5,217,1,False,0.25,-1.375,0.0,-4.5,210.0,0.0011918951132301459
2001-01-26,213.5,214.0,213.0,214.0,270,1,False,-0.5,-2.5,0.0,-4.5,209.5,-0.0023809523809523725
2001-01-29,209.5,210.0,208.75,208.75,481,1,False,-5.25,-0.25,0.0,-4.5,204.25,-0.02505966587112174
2001-01-30,208.25,209.5,208.25,208.75,640,1,False,0.0,-2.75,0.0,-4.5,204.25,0.0
2001-01-31,209.25,209.75,208.5,208.5,263,1,False,-0.25,0.0,0.0,-4.5,204.0,-0.001223990208078285
2001-02-01,209.0,209.25,208.5,208.5,304,2,False,0.0,1.375,0.0,-4.5,204.0,0.0
2001-02-02,211.0,211.75,211.0,211.5,146,2,False,3.0,0.75,0.0,-4.5,207.0,0.014705882352941124
2001-02-05,213.0,213.5,212.75,213.0,126,2,False,1.5,0.75,0.0,-4.5,208.5,0.007246376811594235
2001-02-06,211.75,212.0,211.5,211.5,266,2,False,-1.5,2.0,0.0,-4.5,207.0,-0.007194244604316502
2001-02-07,213.5,214.0,213.0,214.0,398,2,False,2.5,-2.125,0.0,-4.5,209.5,0.012077294685990392
2001-02-08,212.0,212.0,211.25,211.25,266,2,False,-2.75,0.75,0.0,-4.5,206.75,-0.013126491646778038
2001-02-09,210.0,210.25,209.5,210.25,154,2,False,-1.0,-1.625,0.0,-4.5,205.75,-0.0048367593712213
2001-02-12,210.0,210.5,209.75,209.75,441,2,False,-0.5,-0.25,0.0,-4.5,205.25,-0.002430133657351119
2001-02-14,209.75,211.0,209.75,210.25,445,2,False,0.5,1.375,0.0,-4.5,205.75,0.0024360535931791105
2001-02-15,212.5,214.0,212.5,213.5,179,2,False,3.25,0.0,0.0,-4.5,209.0,0.015795868772782606
2001-02-16,212.0,213.0,211.75,213.0,196,2,False,-0.5,1.375,0.0,-4.5,208.5,-0.0023923444976076125
2001-02-20,212.0,213.25,211.75,212.5,341,2,False,-0.5,-0.5,0.0,-4.5,208.0,-0.0023980815347721673
2001-02-21,212.25,213.0,212.0,212.0,243,2,False,-0.5,-1.25,0.0,-4.5,207.5,-0.0024038461538461453
2001-02-22,210.5,210.75,210.0,210.0,283,2,False,-2.0,-0.375,0.0,-4.5,205.5,-0.009638554216867434
2001-02-26,209.0,210.0,209.0,209.75,42,2,False,-0.25,-1.125,0.0,-4.5,205.25,-0.0012165450121655041
2001-02-27,209.25,209.5,209.25,209.5,212,2,False,-0.25,0.75,0.0,-4.5,205.0,-0.0012180267965895553
2001-02-28,210.5,211.5,210.5,211.25,43,2,False,1.75,1.5,0.0,-4.5,206.75,0.008536585365853666
2001-03-01,214.0,214.5,214.0,214.5,46,3,True,3.25,2.125,1.125,-5.625,208.875,0.010278113663845234
2001-03-02,216.5,217.0,216.25,217.0,15,3,False,2.5,0.875,0.0,-5.625,211.375,0.011968880909634994
2001-03-05,216.0,216.0,216.0,215.5,7,3,False,-1.5,1.375,0.0,-5.625,209.875,-0.007096392667060858
2001-03-07,216.0,216.5,215.75,215.75,7,3,False,0.25,-2.0,0.0,-5.625,210.125,0.001191185229303171
2001-03-08,216.0,216.0,215.75,213.25,2,3,False,-2.5,0.25,0.0,-5.625,207.625,-0.011897679952409312
2001-03-09,213.5,213.5,213.5,213.5,7,3,False,0.25,-1.25,0.0,-5.625,207.875,0.0012040939193256328
2001-03-12,213.5,213.5,213.0,213.5,5,3,False,0.0,1.125,0.0,-5.625,207.875,0.0
2001-03-13,215.5,215.5,215.5,215.5,4,3,False,2.0,-2.0,0.0,-5.625,209.875,0.009621166566446071
2001-03-14,214.0,214.0,214.0,211.5,993,3,False,-4.0,3.25,0.0,-5.625,205.875,-0.019058963668850515
2001-03-15,217.5,217.75,216.0,216.0,594,3,False,4.5,-4.25,0.0,-5.625,210.375,0.021857923497267784
2001-03-16,211.0,213.0,211.0,211.5,569,3,False,-4.5,0.875,0.0,-5.625,205.875,-0.021390374331550777
2001-03-19,208.0,209.5,208.0,208.75,117,3,False,-2.75,-1.75,0.0,-5.625,203.125,-0.013357619914996954
2001-03-20,209.0,209.75,209.0,209.75,314,3,False,1.0,-0.375,0.0,-5.625,204.125,0.00492307692307703
2001-03-21,212.0,212.0,211.75,211.75,238,3,False,2.0,-1.125,0.0,-5.625,206.125,0.009797917942437229
2001-03-22,210.0,210.0,208.5,208.5,706,3,False,-3.25,-0.25,0.0,-5.625,202.875,-0.01576713159490606
2001-03-23,205.75,206.25,204.75,206.0,673,3,False,-2.5,-0.375,0.0,-5.625,200.375,-0.012322858903265566
2001-03-26,208.5,209.0,207.5,208.5,178,3,False,2.5,-0.375,0.0,-5.625,202.875,0.012476606363069243
2001-03-27,209.75,210.25,209.75,210.25,141,3,False,1.75,1.375,0.0,-5.625,204.625,0.008626001232285851
2001-03-28,210.75,210.75,210.0,210.5,374,3,False,0.25,0.375,0.0,-5.625,204.875,0.0012217470983506562
2001-03-29,209.25,210.0,209.0,209.5,269,3,False,-1.0,-1.375,0.0,-5.625,203.875,-0.004881025015253226
2001-03-30,207.25,207.25,206.0,206.5,321,3,False,-3.0,0.875,0.0,-5.625,200.875,-0.014714898835070489
2001-04-02,208.0,209.75,208.0,209.25,405,4,False,2.75,-1.0,0.0,-5.625,203.625,0.013690105787180995
2001-04-04,209.0,210.25,208.25,210.25,449,4,False,1.0,2.625,0.0,-5.625,204.625,0.0049109883364026885
2001-04-05,211.5,212.75,211.5,212.75,545,4,False,2.5,1.0,0.0,-5.625,207.125,0.01221747098350634
2001-04-06,212.0,214.0,212.0,213.75,193,4,False,1.0,0.5,0.0,-5.625,208.125,0.004828002414001276
2001-04-09,210.25,212.5,210.25,212.25,355,4,False,-1.5,-0.125,0.0,-5.625,206.625,-0.007207207207207245
2001-04-10,211.25,211.75,211.0,211.0,375,4,False,-1.25,-1.625,0.0,-5.625,205.375,-0.006049606775559546
2001-04-11,209.25,209.5,208.75,209.25,574,4,False,-1.75,0.0,0.0,-5.625,203.625,-0.008520998174071814
2001-04-12,210.5,210.75,210.0,210.5,496,4,False,1.25,0.625,0.0,-5.625,204.875,0.006138735420503361
2001-04-16,212.5,214.0,212.5,213.5,265,4,False,3.0,0.25,0.0,-5.625,207.875,0.014643075045759568
2001-04-17,212.0,213.0,211.75,212.75,176,4,False,-0.75,0.0,0.0,-5.625,207.125,-0.0036079374624172766
2001-04-18,209.25,209.75,209.25,209.75,609,4,False,-3.0,-0.75,0.0,-5.625,204.125,-0.014484007242003605
2001-04-19,209.0,209.75,209.0,209.0,332,4,False,-0.75,-3.875,0.0,-5.625,203.375,-0.003674219228413933
2001-04-20,204.5,205.5,204.25,204.25,578,4,False,-4.75,-1.75,0.0,-5.625,198.625,-0.023355869698832188
2001-04-23,202.25,203.25,201.5,201.5,67,4,False,-2.75,-4.125,0.0,-5.625,195.875,-0.013845185651353065
2001-04-24,196.75,198.0,196.75,198.0,146,4,False,-3.5,-3.125,0.0,-5.625,192.375,-0.01786853860880666
2001-04-25,194.5,195.0,194.5,194.5,67,4,False,-3.5,-0.5,0.0,-5.625,188.875,-0.018193632228719947
2001-04-26,195.75,197.0,195.75,197.0,47,4,False,2.5,-1.125,0.0,-5.625,191.375,0.013236267372600974
2001-04-27,199.25,199.25,198.25,198.25,102,4,False,1.25,-0.375,0.0,-5.625,192.625,0.00653167864141091
2001-04-30,196.0,196.0,195.0,195.0,127,4,False,-3.25,2.75,0.0,-5.625,189.375,-0.01687216093445809
2001-05-01,199.0,199.5,199.0,199.25,30,5,True,4.25,-1.5,5.75,-11.375,187.875,-0.007920792079207928
2001-05-02,199.5,199.75,199.5,199.5,30,5,False,0.25,2.75,0.0,-11.375,188.125,0.0013306719893546592
2001-05-03,199.5,199.5,199.5,200.75,30,5,False,1.25,0.0,0.0,-11.375,189.375,0.006644518272425293
2001-05-04,200.5,200.5,200.5,200.5,4,5,False,-0.25,2.375,0.0,-11.375,189.125,-0.0013201320132013583
2001-05-07,204.0,204.0,202.5,204.0,4,5,False,3.5,-1.75,0.0,-11.375,192.625,0.018506278916060825
2001-05-08,204.0,204.0,204.0,200.75,3,5,False,-3.25,-0.125,0.0,-11.375,189.375,-0.01687216093445809
2001-05-09,197.0,197.25,197.0,197.0,3,5,False,-3.75,-1.25,0.0,-11.375,185.625,-0.01980198019801982
2001-05-10,197.0,197.0,197.0,197.75,3,5,False,0.75,-5.0,0.0,-11.375,186.375,0.004040404040404066
2001-05-11,191.5,191.5,191.5,191.5,3,5,False,-6.25,0.375,0.0,-11.375,180.125,-0.03353454057679406
2001-05-14,191.5,191.5,191.5,191.5,363,5,False,0.0,1.875,0.0,-11.375,180.125,0.0
2001-05-15,201.5,202.0,201.25,201.5,494,5,False,10.0,-0.125,0.0,-11.375,190.125,0.05551700208188759
2001-05-16,201.75,201.75,200.75,201.25,344,5,False,-0.25,4.875,0.0,-11.375,189.875,-0.0013149243918474385
2001-05-17,201.25,201.5,200.75,201.0,307,5,False,-0.25,0.125,0.0,-11.375,189.625,-0.0013166556945358732
2001-05-18,201.0,201.5,200.75,201.5,344,5,False,0.5,-1.625,0.0,-11.375,190.125,0.002636783124587927
2001-05-21,198.25,198.75,198.25,198.5,345,5,False,-3.0,-2.0,0.0,-11.375,187.125,-0.015779092702169595
2001-05-22,194.0,194.75,194.0,194.0,260,5,False,-4.5,-2.25,0.0,-11.375,182.625,-0.024048096192384794
2001-05-23,191.25,192.75,191.25,192.5,139,5,False,-1.5,-2.0,0.0,-11.375,181.125,-0.008213552361396315
2001-05-24,192.25,193.0,192.25,193.0,275,5,False,0.5,-0.625,0.0,-11.375,181.625,0.002760524499654915
2001-05-25,194.0,194.0,193.25,193.25,505,5,False,0.25,-1.0,0.0,-11.375,181.875,0.0013764624913970014
2001-05-29,191.0,192.5,189.5,190.75,625,5,False,-2.5,-0.625,0.0,-11.375,179.375,-0.013745704467353903
2001-05-30,189.5,190.5,189.25,189.25,651,5,False,-1.5,-0.75,0.0,-11.375,177.875,-0.00836236933797907
2001-05-31,190.0,190.25,188.5,190.25,625,5,False,1.0,0.875,0.0,-11.375,178.875,0.005621925509486925
2001-06-01,192.25,193.5,192.0,193.5,982,6,False,3.25,2.0,0.0,-11.375,182.125,0.018169112508735097
2001-06-04,197.5,197.75,196.5,196.5,617,6,False,3.0,1.875,0.0,-11.375,185.125,0.016472203157172238
2001-06-05,196.25,197.5,196.25,197.0,646,6,False,0.5,0.25,0.0,-11.375,185.625,0.0027008777852801646
2001-06-06,195.0,195.0,194.25,194.5,989,6,False,-2.5,2.875,0.0,-11.375,183.125,-0.013468013468013518
2001-06-07,198.5,199.75,198.25,199.75,747,6,False,5.25,-2.375,0.0,-11.375,188.375,0.028668941979522078
2001-06-08,198.0,198.0,196.0,197.5,444,6,False,-2.25,3.375,0.0,-11.375,186.125,-0.011944260119442607
2001-06-12,198.5,199.0,198.25,199.0,215,6,False,1.5,-1.625,0.0,-11.375,187.625,0.008059100067159264
2001-06-13,197.0,198.0,196.5,198.0,206,6,False,-1.0,-0.5,0.0,-11.375,186.625,-0.00532978014656893
2001-06-14,196.25,196.5,195.5,195.5,215,6,False,-2.5,-1.375,0.0,-11.375,184.125,-0.01339584728734089
2001-06-15,194.75,194.75,193.75,193.75,699,6,False,-1.75,-2.375,0.0,-11.375,182.375,-0.00950441276306857
2001-06-18,191.75,192.25,189.5,191.5,301,6,False,-2.25,-0.875,0.0,-11.375,180.125,-0.012337217272104128
2001-06-19,191.0,192.5,191.0,191.5,699,6,False,0.0,-0.125,0.0,-11.375,180.125,0.0
2001-06-20,192.0,193.5,192.0,193.5,103,6,False,2.0,2.125,0.0,-11.375,182.125,0.011103400416377474
2001-06-21,197.75,198.0,197.75,197.75,150,6,False,4.25,0.625,0.0,-11.375,186.375,0.02333562113932741
2001-06-22,195.5,197.0,195.5,197.0,229,6,False,-0.75,0.75,0.0,-11.375,185.625,-0.004024144869215318
2001-06-25,195.75,195.75,194.25,194.25,84,6,False,-2.75,-1.25,0.0,-11.375,182.875,-0.014814814814814836
2001-06-26,192.25,192.75,192.25,192.5,260,6,False,-1.75,-0.375,0.0,-11.375,181.125,-0.009569377990430672
2001-06-27,193.25,194.5,193.25,194.5,125,6,False,2.0,0.5,0.0,-11.375,183.125,0.01104209799861966
2001-06-28,196.0,197.25,195.75,197.25,297,6,False,2.75,1.0,0.0,-11.375,185.875,0.015017064846416295
2001-06-29,197.0,197.25,196.0,197.25,86,6,False,0.0,1.0,0.0,-11.375,185.875,0.0
2001-07-02,197.0,197.0,196.25,196.5,282,7,True,-0.75,1.0,-1.75,-9.625,186.875,0.005379959650302579
2001-07-03,198.5,199.25,198.5,198.5,252,7,False,2.0,1.125,0.0,-9.625,188.875,0.01070234113712365
2001-07-05,202.0,202.25,199.0,201.5,282,7,False,3.0,3.25,0.0,-9.625,191.875,0.01588352084712108
2001-07-06,205.25,206.0,205.0,206.0,254,7,False,4.5,1.25,0.0,-9.625,196.375,0.02345276872964175
2001-07-09,205.0,206.0,204.25,205.5,916,7,False,-0.5,6.0,0.0,-9.625,195.875,-0.0025461489497136114
2001-07-10,211.0,214.5,210.25,213.0,1957,7,False,7.5,3.25,0.0,-9.625,203.375,0.03828972559029986
2001-07-11,216.0,220.0,216.0,220.0,916,7,False,7.0,6.5,0.0,-9.625,210.375,0.03441917639827907
2001-07-12,223.75,226.0,222.5,225.5,1158,7,False,5.5,6.125,0.0,-9.625,215.875,0.02614379084967311
2001-07-13,233.5,236.0,230.75,230.75,740,7,False,5.25,-3.0,0.0,-9.625,221.125,0.02431962941517085
2001-07-16,222.0,223.5,218.5,219.25,1158,7,False,-11.5,5.5,0.0,-9.625,209.625,-0.05200678349349919
2001-07-17,217.0,226.5,217.0,225.0,740,7,False,5.75,-10.25,0.0,-9.625,215.375,0.027429934406678624
2001-07-18,224.5,225.0,215.0,216.0,643,7,False,-9.0,3.25,0.0,-9.625,206.375,-0.04178757980266978
2001-07-19,216.0,219.25,215.75,216.75,787,7,False,0.75,-5.625,0.0,-9.625,207.125,0.00363416111447612
2001-07-20,216.0,217.0,214.5,214.5,643,7,False,-2.25,-3.125,0.0,-9.625,204.875,-0.010863005431502759
2001-07-23,207.75,207.75,203.5,207.5,187,7,False,-7.0,1.75,0.0,-9.625,197.875,-0.034167175106772474
2001-07-24,215.0,218.75,213.25,213.25,1173,7,False,5.75,-1.375,0.0,-9.625,203.625,0.029058749210360002
2001-07-25,214.5,218.75,214.5,217.5,900,7,False,4.25,4.625,0.0,-9.625,207.875,0.020871700429711426
2001-07-26,219.5,221.0,219.5,221.0,1173,7,False,3.5,1.125,0.0,-9.625,211.375,0.016837041491280846
2001-07-27,218.0,219.5,216.75,219.0,780,7,False,-2.0,1.5,0.0,-9.625,209.375,-0.009461856889414588
2001-07-30,218.75,220.25,218.0,218.5,733,7,False,-0.5,-3.75,0.0,-9.625,208.875,-0.002388059701492584
2001-07-31,213.75,213.75,211.5,213.0,383,7,False,-5.5,2.75,0.0,-9.625,203.375,-0.02633153800119692
2001-08-01,218.5,220.0,215.75,219.0,733,8,False,6.0,-3.5,0.0,-9.625,209.375,0.02950215119852495
2001-08-02,215.75,217.5,215.75,217.5,383,8,False,-1.5,1.5,0.0,-9.625,207.875,-0.0071641791044776415
2001-08-03,213.5,215.75,213.5,214.5,215,8,False,-3.0,-2.5,0.0,-9.625,204.875,-0.014431749849669218
2001-08-06,211.0,212.0,210.5,211.0,312,8,False,-3.5,1.25,0.0,-9.625,201.375,-0.017083587553386237
2001-08-07,215.75,217.0,215.75,216.5,143,8,False,5.5,-2.0,0.0,-9.625,206.875,0.027312228429546836
2001-08-08,216.0,216.5,216.0,216.0,397,8,False,-0.5,3.75,0.0,-9.625,206.375,-0.0024169184290030454
2001-08-09,217.0,218.0,217.0,218.0,143,8,False,2.0,1.75,0.0,-9.625,208.375,0.009691096305269431
2001-08-10,219.25,222.0,219.25,222.0,294,8,False,4.0,1.0,0.0,-9.625,212.375,0.01919616076784636
2001-08-13,222.0,223.5,222.0,222.0,340,8,False,0.0,1.875,0.0,-9.625,212.375,0.0
2001-08-14,224.0,224.0,221.75,221.75,347,8,False,-0.25,0.375,0.0,-9.625,212.125,-0.0011771630370805974
2001-08-15,221.5,222.5,221.5,222.5,340,8,False,0.75,-1.375,0.0,-9.625,212.875,0.003535651149086716
2001-08-16,219.25,220.5,219.25,220.0,192,8,False,-2.5,-1.375,0.0,-9.625,210.375,-0.01174398120963005
2001-08-17,217.0,218.0,216.25,216.5,100,8,False,-3.5,-3.375,0.0,-9.625,206.875,-0.016636957813428443
2001-08-20,211.0,213.25,211.0,212.25,144,8,False,-4.25,-0.125,0.0,-9.625,202.625,-0.020543806646525664
2001-08-21,214.5,215.5,214.0,215.5,247,8,False,3.25,-2.125,0.0,-9.625,205.875,0.01603948180135717
2001-08-22,215.0,215.5,214.75,215.5,214,8,False,0.0,1.375,0.0,-9.625,205.875,0.0
2001-08-23,215.0,215.5,215.0,215.0,295,8,False,-0.5,1.25,0.0,-9.625,205.375,-0.0024286581663630624
2001-08-24,217.75,218.0,217.25,217.5,214,8,False,2.5,-1.875,0.0,-9.625,207.875,0.012172854534388211
2001-08-27,214.5,215.25,214.0,214.25,460,8,False,-3.25,4.0,0.0,-9.625,204.625,-0.015634395670475087
2001-08-28,218.5,219.75,218.5,219.75,161,8,False,5.5,-3.5,0.0,-9.625,210.125,0.026878436163714214
2001-08-29,216.0,216.5,216.0,216.0,125,8,False,-3.75,3.5,0.0,-9.625,206.375,-0.01784651992861397
2001-08-30,217.5,218.0,217.5,217.5,43,8,False,1.5,-2.0,0.0,-9.625,207.875,0.00726832222895224
2001-08-31,216.25,217.25,216.25,217.25,33,8,False,-0.25,0.625,0.0,-9.625,207.625,-0.0012026458208057589
2001-09-04,219.0,219.0,217.0,217.0,94,9,True,-0.25,0.875,-1.125,-8.5,208.5,0.004214328717639937
2001-09-05,219.0,219.0,218.0,219.0,33,9,False,2.0,-1.625,0.0,-8.5,210.5,0.00959232613908867
2001-09-06,216.0,216.25,216.0,216.0,46,9,False,-3.0,0.125,0.0,-8.5,207.5,-0.014251781472684133
2001-09-07,216.0,216.25,216.0,214.25,57,9,False,-1.75,-2.125,0.0,-8.5,205.75,-0.008433734939759074
2001-09-10,213.0,213.0,212.75,213.0,6,9,False,-1.25,-0.125,0.0,-8.5,204.5,-0.0060753341433779084
2001-09-11,214.5,214.5,214.0,214.5,6,9,False,1.5,-0.75,0.0,-8.5,206.0,0.007334963325183352
2001-09-12,214.25,214.25,214.25,214.25,1,9,False,-0.25,3.375,0.0,-8.5,205.75,-0.0012135922330097637
2001-09-14,219.5,219.5,219.5,219.5,5,9,False,5.25,-1.25,0.0,-8.5,211.0,0.025516403402187082
2001-09-18,217.25,217.25,217.25,217.25,5,9,False,-2.25,1.125,0.0,-8.5,208.75,-0.010663507109004766
2001-09-19,214.25,214.25,214.25,214.25,5,9,False,-3.0,-2.625,0.0,-8.5,205.75,-0.014371257485029987
2001-09-20,211.25,211.25,211.25,211.25,5,9,False,-3.0,-0.125,0.0,-8.5,202.75,-0.014580801944106936
2001-09-21,214.0,214.0,214.0,214.0,5,9,False,2.75,-3.25,0.0,-8.5,205.5,0.013563501849568338
2001-09-25,210.5,210.5,210.5,210.5,5,9,False,-3.5,1.5,0.0,-8.5,202.0,-0.01703163017031628
2001-09-26,210.75,210.75,210.75,210.75,5,9,False,0.25,-0.875,0.0,-8.5,202.25,0.0012376237623761277
2001-09-27,212.5,212.5,212.5,212.5,5,9,False,1.75,-0.25,0.0,-8.5,204.0,0.008652657601977642
2001-09-28,211.75,211.75,211.75,211.75,5,9,False,-0.75,0.875,0.0,-8.5,203.25,-0.003676470588235281
2001-10-01,211.75,211.75,211.75,211.75,5,10,False,0.0,-3.375,0.0,-8.5,203.25,0.0
2001-10-02,205.75,205.75,205.75,205.75,5,10,False,-6.0,-0.625,0.0,-8.5,197.25,-0.029520295202952074
2001-10-03,204.5,204.5,204.5,204.5,5,10,False,-1.25,-2.25,0.0,-8.5,196.0,-0.006337135614702172
2001-10-04,206.0,206.0,206.0,206.0,5,10,False,1.5,-0.25,0.0,-8.5,197.5,0.007653061224489832
2001-10-05,206.75,206.75,206.75,206.75,5,10,False,0.75,2.125,0.0,-8.5,198.25,0.0037974683544304
2001-10-08,209.5,209.5,209.5,209.5,5,10,False,2.75,1.125,0.0,-8.5,201.0,0.013871374527112179
2001-10-09,211.0,211.0,211.0,211.0,5,10,False,1.5,0.125,0.0,-8.5,202.5,0.00746268656716409
2001-10-10,208.5,208.5,208.5,208.5,5,10,False,-2.5,1.25,0.0,-8.5,200.0,-0.012345679012345734
2001-10-11,209.5,209.5,209.5,209.5,5,10,False,1.0,-1.875,0.0,-8.5,201.0,0.004999999999999893
2001-10-12,208.25,208.25,208.25,208.25,5,10,False,-1.25,-3.25,0.0,-8.5,199.75,-0.006218905472636815
2001-10-15,200.75,200.75,200.75,200.75,5,10,False,-7.5,-0.125,0.0,-8.5,192.25,-0.03754693366708384
2001-10-17,201.75,201.75,201.75,201.75,5,10,False,1.0,-3.25,0.0,-8.5,193.25,0.005201560468140354
2001-10-18,202.75,202.75,202.75,202.75,5,10,False,1.0,-0.625,0.0,-8.5,194.25,0.005174644243208348
2001-10-19,200.5,200.5,200.5,200.5,5,10,False,-2.25,0.5,0.0,-8.5,192.0,-0.01158301158301156
2001-10-22,200.5,200.5,200.5,200.5,5,10,False,0.0,-1.875,0.0,-8.5,192.0,0.0
2001-10-23,199.0,199.0,199.0,199.0,5,10,False,-1.5,0.125,0.0,-8.5,190.5,-0.0078125
2001-10-24,199.25,199.25,199.25,199.25,5,10,False,0.25,0.625,0.0,-8.5,190.75,0.001312335958005173
2001-10-26,202.0,202.0,202.0,202.0,6,10,False,2.75,-0.625,0.0,-8.5,193.5,0.014416775884665833
2001-10-29,202.0,202.0,200.25,200.5,6,10,False,-1.5,0.375,0.0,-8.5,192.0,-0.007751937984496138
2001-10-30,202.0,202.0,200.5,198.5,6,10,False,-2.0,0.5,0.0,-8.5,190.0,-0.01041666666666663
2001-10-31,201.0,201.0,201.0,201.0,6,10,False,2.5,-1.125,0.0,-8.5,192.5,0.013157894736842035
2001-11-01,200.75,200.75,200.75,200.75,6,11,False,-0.25,0.0,0.0,-8.5,192.25,-0.0012987012987012436
2001-11-02,198.25,198.25,198.25,198.25,6,11,False,-2.5,0.0,0.0,-8.5,189.75,-0.013003901170351106
2001-11-05,198.5,198.5,198.5,198.5,6,11,False,0.25,-1.25,0.0,-8.5,190.0,0.0013175230566535578
2001-11-06,198.5,198.5,198.5,198.5,6,11,False,0.0,0.25,0.0,-8.5,190.0,0.0
2001-11-07,198.75,198.75,198.75,198.75,6,11,False,0.25,0.625,0.0,-8.5,190.25,0.001315789473684159
2001-11-08,200.0,200.0,200.0,200.0,6,11,False,1.25,2.375,0.0,-8.5,191.5,0.006570302233902758
2001-11-09,204.5,204.5,204.5,204.5,6,11,False,4.5,0.875,0.0,-8.5,196.0,0.023498694516971286
2001-11-12,205.0,205.0,205.0,205.0,6,11,False,0.5,1.75,0.0,-8.5,196.5,0.0025510204081633514
2001-11-13,204.0,204.0,204.0,204.0,6,11,False,-1.0,0.25,0.0,-8.5,195.5,-0.0050890585241730735
2001-11-14,204.0,204.0,204.0,204.0,711,11,False,0.0,1.0,0.0,-8.5,195.5,0.0
2001-11-15,206.5,207.0,206.5,207.0,303,11,False,3.0,-0.5,0.0,-8.5,198.5,0.01534526854219953
2001-11-16,206.0,206.5,206.0,206.0,304,11,False,-1.0,2.875,0.0,-8.5,197.5,-0.005037783375314908
2001-11-19,206.75,209.0,206.5,208.75,399,11,False,2.75,-0.375,0.0,-8.5,200.25,0.013924050632911467
2001-11-20,209.0,209.5,209.0,209.0,479,11,False,0.25,1.625,0.0,-8.5,200.5,0.0012484394506866447
2001-11-21,208.25,209.5,208.25,209.5,131,11,False,0.5,-0.125,0.0,-8.5,201.0,0.0024937655860348684
2001-11-23,208.75,209.0,208.5,209.0,147,11,False,-0.5,-0.25,0.0,-8.5,200.5,-0.0024875621890547706
2001-11-26,208.5,208.5,208.0,208.0,228,11,False,-1.0,-2.5,0.0,-8.5,199.5,-0.004987531172069848
2001-11-27,204.0,204.0,203.5,203.5,147,11,False,-4.5,-0.375,0.0,-8.5,195.0,-0.022556390977443663
2001-11-28,203.75,204.0,203.25,203.75,138,11,False,0.25,-4.5,0.0,-8.5,195.25,0.0012820512820512775
2001-11-29,199.0,199.5,198.75,199.25,610,11,False,-4.5,1.5,0.0,-8.5,190.75,-0.023047375160051176
2001-11-30,200.0,203.25,200.0,202.0,139,11,False,2.75,0.875,0.0,-8.5,193.5,0.014416775884665833
2001-12-03,208.5,208.5,207.75,208.25,104,12,True,6.25,2.5,3.75,-12.25,196.0,0.012919896640826822
2001-12-04,210.0,210.5,209.75,210.5,6,12,False,2.25,3.375,0.0,-12.25,198.25,0.011479591836734748
2001-12-05,210.5,211.0,210.5,211.0,6,12,False,0.5,0.5,0.0,-12.25,198.75,0.0025220680958386588
2001-12-06,210.5,211.0,210.5,209.75,6,12,False,-1.25,-1.875,0.0,-12.25,197.5,-0.0062893081761006275
2001-12-07,205.5,205.5,205.5,205.5,6,12,False,-4.25,0.75,0.0,-12.25,193.25,-0.021518987341772156
2001-12-10,208.25,208.25,208.25,208.25,6,12,False,2.75,-1.75,0.0,-12.25,196.0,0.014230271668822736
2001-12-11,209.0,209.0,209.0,209.0,6,12,False,0.75,0.25,0.0,-12.25,196.75,0.003826530612244916
2001-12-12,206.75,206.75,206.75,206.75,6,12,False,-2.25,0.625,0.0,-12.25,194.5,-0.01143583227445999
2001-12-14,207.25,207.25,207.25,207.25,2,12,False,0.5,-0.75,0.0,-12.25,195.0,0.0025706940874035134
2001-12-17,208.0,208.0,208.0,208.0,2,12,False,0.75,-0.5,0.0,-12.25,195.75,0.0038461538461538325
2001-12-18,206.5,206.5,206.5,206.5,2,12,False,-1.5,0.5,0.0,-12.25,194.25,-0.007662835249042099
2001-12-19,206.75,206.75,206.75,206.75,2,12,False,0.25,-1.75,0.0,-12.25,194.5,0.0012870012870012104
2001-12-20,204.75,204.75,204.75,204.75,2,12,False,-2.0,-0.5,0.0,-12.25,192.5,-0.010282776349614386
2001-12-21,203.5,203.5,203.5,203.5,2,12,False,-1.25,-1.0,0.0,-12.25,191.25,-0.00649350649350644
2001-12-24,203.5,203.5,203.5,203.5,2,12,False,0.0,-2.5,0.0,-12.25,191.25,0.0
2001-12-26,199.75,199.75,199.75,199.75,4,12,False,-3.75,1.125,0.0,-12.25,187.5,-0.019607843137254943
2001-12-27,202.0,202.0,201.0,202.0,4,12,False,2.25,-2.5,0.0,-12.25,189.75,0.01200000000000001
2001-12-28,202.0,202.0,202.0,200.75,4,12,False,-1.25,0.625,0.0,-12.25,188.5,-0.006587615283267456
2001-12-31,199.75,199.75,199.75,199.75,4,12,False,-1.0,-0.75,0.0,-12.25,187.5,-0.0053050397877983935
2002-01-02,199.5,199.5,199.5,199.5,4,1,False,-0.25,0.75,0.0,-12.25,187.25,-0.0013333333333332975
2002-01-03,202.0,202.0,202.0,202.0,4,1,False,2.5,0.125,0.0,-12.25,189.75,0.013351134846461887
2002-01-04,202.5,202.5,202.5,202.5,4,1,False,0.5,1.75,0.0,-12.25,190.25,0.0026350461133068936
2002-01-07,203.5,203.5,203.5,203.5,4,1,False,1.0,0.5,0.0,-12.25,191.25,0.005256241787122251
2002-01-08,204.0,204.0,204.0,204.0,4,1,False,0.5,-0.25,0.0,-12.25,191.75,0.002614379084967311
2002-01-09,202.5,202.5,202.5,202.5,4,1,False,-1.5,-0.25,0.0,-12.25,190.25,-0.007822685788787531
2002-01-10,201.5,201.5,201.5,201.5,4,1,False,-1.0,1.25,0.0,-12.25,189.25,-0.005256241787122251
2002-01-11,205.5,205.5,205.5,205.5,4,1,False,4.0,-0.5,0.0,-12.25,193.25,0.021136063408190298
2002-01-14,205.5,205.5,205.5,205.5,659,1,False,0.0,5.0,0.0,-12.25,193.25,0.0
2002-01-15,211.0,211.75,211.0,211.5,354,1,False,6.0,0.75,0.0,-12.25,199.25,0.031047865459249646
2002-01-16,212.5,213.5,212.5,213.0,717,1,False,1.5,4.125,0.0,-12.25,200.75,0.007528230865746499
2002-01-17,214.5,215.75,214.5,215.25,308,1,False,2.25,-0.125,0.0,-12.25,203.0,0.011207970112079746
2002-01-18,213.5,214.25,213.25,213.5,494,1,False,-1.75,0.0,0.0,-12.25,201.25,-0.008620689655172376
2002-01-22,211.5,212.0,211.25,211.25,448,1,False,-2.25,-1.625,0.0,-12.25,199.0,-0.011180124223602483
2002-01-23,209.5,209.75,209.25,209.75,494,1,False,-1.5,-1.5,0.0,-12.25,197.5,-0.007537688442211032
2002-01-24,208.75,209.5,208.75,209.0,274,1,False,-0.75,-0.125,0.0,-12.25,196.75,-0.0037974683544304
2002-01-25,209.5,210.75,209.25,210.25,219,1,False,1.25,-1.75,0.0,-12.25,198.0,0.006353240152477735
2002-01-28,208.5,208.5,207.25,207.5,781,1,False,-2.75,0.625,0.0,-12.25,195.25,-0.01388888888888884
2002-01-29,207.25,207.75,207.0,207.5,778,1,False,0.0,-2.375,0.0,-12.25,195.25,0.0
2002-01-30,206.25,206.5,205.25,205.5,615,1,False,-2.0,0.5,0.0,-12.25,193.25,-0.010243277848911658
2002-01-31,205.75,206.5,205.5,206.5,269,1,False,1.0,-1.5,0.0,-12.25,194.25,0.005174644243208348
2002-02-01,205.75,206.0,205.5,205.5,368,2,False,-1.0,0.75,0.0,-12.25,193.25,-0.005148005148005175
2002-02-04,204.5,207.0,204.5,206.0,129,2,False,0.5,-0.5,0.0,-12.25,193.75,0.002587322121604174
2002-02-05,206.0,206.5,205.75,206.0,161,2,False,0.0,0.5,0.0,-12.25,193.75,0.0
2002-02-06,206.25,206.75,206.25,206.5,173,2,False,0.5,-1.125,0.0,-12.25,194.25,0.002580645161290418
2002-02-07,204.25,204.75,204.25,204.25,278,2,False,-2.25,0.625,0.0,-12.25,192.0,-0.01158301158301156
2002-02-08,204.5,205.25,204.5,205.0,122,2,False,0.75,-1.0,0.0,-12.25,192.75,0.00390625
2002-02-11,205.0,205.25,204.75,205.25,286,2,False,0.25,0.375,0.0,-12.25,193.0,0.0012970168612191912
2002-02-12,205.25,205.75,205.25,205.25,489,2,False,0.0,0.5,0.0,-12.25,193.0,0.0
2002-02-13,205.5,206.25,205.5,206.0,286,2,False,0.75,1.625,0.0,-12.25,193.75,0.0038860103626943143
2002-02-14,208.25,209.5,208.25,209.25,229,2,False,3.25,-0.875,0.0,-12.25,197.0,0.016774193548387162
2002-02-15,206.5,207.0,206.25,206.75,160,2,False,-2.5,1.0,0.0,-12.25,194.5,-0.012690355329949221
2002-02-19,205.0,205.75,205.0,205.5,229,2,False,-1.25,-0.625,0.0,-12.25,193.25,-0.006426735218509005
2002-02-20,206.0,206.75,206.0,206.75,163,2,False,1.25,-0.25,0.0,-12.25,194.5,0.0064683053040104355
2002-02-21,206.75,207.5,206.75,207.5,329,2,False,0.75,0.625,0.0,-12.25,195.25,0.003856041131105492
2002-02-22,206.75,207.5,206.25,207.5,332,2,False,0.0,-1.0,0.0,-12.25,195.25,0.0
2002-02-25,205.0,205.25,204.5,204.75,183,2,False,-2.75,-1.125,0.0,-12.25,192.5,-0.014084507042253502
2002-02-26,202.0,202.5,202.0,202.5,169,2,False,-2.25,-2.625,0.0,-12.25,190.25,-0.011688311688311637
2002-02-27,199.0,200.25,199.0,200.0,114,2,False,-2.5,-1.125,0.0,-12.25,187.75,-0.013140604467805517
2002-02-28,199.75,200.25,199.75,200.0,62,2,False,0.0,-1.5,0.0,-12.25,187.75,0.0
2002-03-01,200.0,200.5,199.5,199.5,62,3,True,-0.5,0.5,-1.0,-11.25,188.25,0.0026631158455392434
2002-03-04,200.0,200.5,199.5,200.5,62,3,False,1.0,-0.875,0.0,-11.25,189.25,0.005312084993359889
2002-03-05,199.25,199.25,199.25,199.25,120,3,False,-1.25,2.125,0.0,-11.25,188.0,-0.006605019815059454
2002-03-06,202.75,202.75,202.5,202.5,120,3,False,3.25,-1.125,0.0,-11.25,191.25,0.017287234042553168
2002-03-07,202.75,202.75,202.5,201.5,120,3,False,-1.0,1.25,0.0,-11.25,190.25,-0.005228758169934622
2002-03-08,200.75,200.75,200.75,200.75,120,3,False,-0.75,0.125,0.0,-11.25,189.5,-0.003942181340341633
2002-03-11,202.0,202.0,202.0,202.0,120,3,False,1.25,0.625,0.0,-11.25,190.75,0.006596306068601621
2002-03-12,204.0,204.0,204.0,204.0,120,3,False,2.0,1.0,0.0,-11.25,192.75,0.010484927916120546
2002-03-13,204.75,204.75,204.75,204.75,120,3,False,0.75,0.125,0.0,-11.25,193.5,0.0038910505836575737
2002-03-14,203.0,203.0,203.0,203.0,275,3,False,-1.75,2.375,0.0,-11.25,191.75,-0.009043927648578864
2002-03-15,207.75,208.0,207.0,207.0,325,3,False,4.0,-1.75,0.0,-11.25,195.75,0.020860495436766602
2002-03-18,205.25,206.0,205.0,205.25,327,3,False,-1.75,2.125,0.0,-11.25,194.0,-0.008939974457215838
2002-03-19,206.0,206.25,205.5,205.5,199,3,False,0.25,-0.25,0.0,-11.25,194.25,0.0012886597938144284
2002-03-20,206.25,206.75,206.25,206.75,180,3,False,1.25,-0.25,0.0,-11.25,195.5,0.006435006435006496
2002-03-21,205.75,206.0,205.75,206.0,296,3,False,-0.75,0.75,0.0,-11.25,194.75,-0.0038363171355498826
2002-03-22,205.5,206.25,205.0,206.25,162,3,False,0.25,-1.125,0.0,-11.25,195.0,0.0012836970474967568
2002-03-25,204.75,205.0,204.5,204.75,511,3,False,-1.5,0.25,0.0,-11.25,193.5,-0.007692307692307665
2002-03-26,203.75,205.0,203.75,205.0,156,3,False,0.25,-1.0,0.0,-11.25,193.75,0.0012919896640826156
2002-03-27,204.5,205.25,204.5,204.5,1161,3,False,-0.5,1.375,0.0,-11.25,193.25,-0.002580645161290307
2002-03-28,206.0,207.25,205.75,207.0,101,3,False,2.5,-2.5,0.0,-11.25,195.75,0.012936610608020649
2002-04-01,202.5,202.75,202.5,202.5,673,4,False,-4.5,2.125,0.0,-11.25,191.25,-0.02298850574712641
2002-04-02,203.5,205.0,203.5,204.25,75,4,False,1.75,-2.375,0.0,-11.25,193.0,0.009150326797385588
2002-04-03,203.75,204.0,203.75,204.0,330,4,False,-0.25,-0.5,0.0,-11.25,192.75,-0.0012953367875647714
2002-04-04,201.25,201.5,201.0,201.25,135,4,False,-2.75,0.0,0.0,-11.25,190.0,-0.014267185473411104
2002-04-05,201.5,201.75,201.25,201.5,219,4,False,0.25,-1.75,0.0,-11.25,190.25,0.001315789473684159
2002-04-08,200.5,200.75,200.25,200.75,243,4,False,-0.75,0.75,0.0,-11.25,189.5,-0.003942181340341633
2002-04-09,201.5,202.0,201.5,202.0,161,4,False,1.25,-0.75,0.0,-11.25,190.75,0.006596306068601621
2002-04-10,201.25,201.5,201.0,201.25,430,4,False,-0.75,-0.625,0.0,-11.25,190.0,-0.003931847968545177
2002-04-11,199.75,200.25,199.75,198.75,134,4,False,-2.5,-0.875,0.0,-11.25,187.5,-0.013157894736842146
2002-04-12,198.75,198.75,198.25,197.75,231,4,False,-1.0,-2.125,0.0,-11.25,186.5,-0.005333333333333301
2002-04-15,197.0,198.0,197.0,196.0,86,4,False,-1.75,0.375,0.0,-11.25,184.75,-0.009383378016085797
2002-04-16,196.0,196.0,195.5,197.75,189,4,False,1.75,0.125,0.0,-11.25,186.5,0.009472259810554773
2002-04-17,197.75,198.25,197.75,199.75,271,4,False,2.0,0.125,0.0,-11.25,188.5,0.01072386058981234
2002-04-18,199.75,200.5,199.75,198.25,126,4,False,-1.5,0.5,0.0,-11.25,187.0,-0.007957559681697646
2002-04-19,198.25,198.75,198.0,197.25,65,4,False,-1.0,0.0,0.0,-11.25,186.0,-0.005347593582887722
2002-04-22,197.25,198.25,197.25,198.75,124,4,False,1.5,-0.5,0.0,-11.25,187.5,0.008064516129032251
2002-04-23,198.5,198.75,198.5,198.75,64,4,False,0.0,0.25,0.0,-11.25,187.5,0.0
2002-04-24,198.75,199.25,198.75,197.75,169,4,False,-1.0,-0.375,0.0,-11.25,186.5,-0.005333333333333301
2002-04-25,198.0,198.75,198.0,197.0,264,4,False,-0.75,-0.875,0.0,-11.25,185.75,-0.004021447721179627
2002-04-26,197.0,198.5,197.0,196.25,600,4,False,-0.75,-2.25,0.0,-11.25,185.0,-0.004037685060565233
2002-04-29,196.25,197.75,196.25,192.5,107,4,False,-3.75,0.125,0.0,-11.25,181.25,-0.020270270270270285
2002-04-30,192.5,193.75,192.5,193.5,139,4,False,1.0,-0.375,0.0,-11.25,182.25,0.0055172413793103114
2002-05-01,193.5,194.5,193.5,196.5,113,5,True,3.0,-0.5,3.5,-14.75,181.75,-0.002743484224965731
2002-05-02,196.25,197.0,196.0,194.5,25,5,False,-2.0,1.625,0.0,-14.75,179.75,-0.011004126547455306
2002-05-03,194.0,194.75,194.0,194.75,18,5,False,0.25,-1.375,0.0,-14.75,180.0,0.0013908205841446364
2002-05-06,193.0,193.0,193.0,194.0,18,5,False,-0.75,2.625,0.0,-14.75,179.25,-0.004166666666666652
2002-05-07,199.0,199.0,199.0,199.0,16,5,False,5.0,-0.625,0.0,-14.75,184.25,0.02789400278940035
2002-05-08,198.0,198.0,197.75,198.5,16,5,False,-0.5,3.375,0.0,-14.75,183.75,-0.0027137042062415073
2002-05-09,200.25,200.25,200.25,200.25,16,5,False,1.75,0.25,0.0,-14.75,185.5,0.00952380952380949
2002-05-10,200.5,200.5,200.5,201.25,8,5,False,1.0,5.125,0.0,-14.75,186.5,0.005390835579514919
2002-05-13,209.75,209.75,209.75,209.75,8,5,False,8.5,0.125,0.0,-14.75,195.0,0.04557640750670244
2002-05-14,209.0,209.0,209.0,209.0,971,5,False,-0.75,7.875,0.0,-14.75,194.25,-0.0038461538461538325
2002-05-15,215.5,216.75,215.5,216.25,1082,5,False,7.25,-1.875,0.0,-14.75,201.5,0.03732303732303732
2002-05-16,216.0,216.0,214.5,213.25,462,5,False,-3.0,1.5,0.0,-14.75,198.5,-0.01488833746898266
2002-05-17,213.25,213.75,212.75,209.0,380,5,False,-4.25,-0.25,0.0,-14.75,194.25,-0.021410579345088165
2002-05-20,208.75,210.0,208.5,211.5,777,5,False,2.5,-2.5,0.0,-14.75,196.75,0.01287001287001277
2002-05-21,212.25,213.5,212.25,210.75,642,5,False,-0.75,-0.375,0.0,-14.75,196.0,-0.003811944091486663
2002-05-22,210.75,212.0,210.25,207.5,310,5,False,-3.25,-0.25,0.0,-14.75,192.75,-0.01658163265306123
2002-05-23,208.25,208.25,207.5,207.75,214,5,False,0.25,-2.0,0.0,-14.75,193.0,0.0012970168612191912
2002-05-24,207.75,208.0,207.0,207.0,1041,5,False,-0.75,0.375,0.0,-14.75,192.25,-0.0038860103626943143
2002-05-28,205.0,205.25,204.25,207.5,817,5,False,0.5,1.625,0.0,-14.75,192.75,0.002600780234070177
2002-05-29,208.25,209.25,207.75,211.5,417,5,False,4.0,0.75,0.0,-14.75,196.75,0.02075226977950706
2002-05-30,211.25,211.5,211.0,212.5,557,5,False,1.0,2.75,0.0,-14.75,197.75,0.0050825921219821435
2002-05-31,212.0,212.5,211.25,214.0,1034,5,False,1.5,-1.75,0.0,-14.75,199.25,0.007585335018963413
2002-06-03,212.0,212.0,209.75,209.5,320,6,False,-4.5,1.25,0.0,-14.75,194.75,-0.02258469259723961
2002-06-04,209.0,210.0,209.0,210.5,349,6,False,1.0,-2.375,0.0,-14.75,195.75,0.005134788189987249
2002-06-05,210.25,210.5,210.0,210.25,248,6,False,-0.25,-0.125,0.0,-14.75,195.5,-0.0012771392081737387
2002-06-06,210.0,210.5,210.0,209.0,341,6,False,-1.25,-1.25,0.0,-14.75,194.25,-0.006393861892583175
2002-06-07,209.0,209.25,208.5,206.75,1074,6,False,-2.25,-0.625,0.0,-14.75,192.0,-0.01158301158301156
2002-06-10,205.5,205.5,204.0,206.75,349,6,False,0.0,-2.375,0.0,-14.75,192.0,0.0
2002-06-11,206.5,206.75,205.5,204.25,216,6,False,-2.5,1.25,0.0,-14.75,189.5,-0.01302083333333337
2002-06-12,204.0,204.5,204.0,206.75,295,6,False,2.5,1.25,0.0,-14.75,192.0,0.013192612137203241
2002-06-13,206.75,207.0,206.0,211.75,395,6,False,5.0,0.0,0.0,-14.75,197.0,0.02604166666666674
2002-06-14,211.5,211.75,211.25,209.25,773,6,False,-2.5,1.875,0.0,-14.75,194.5,-0.012690355329949221
2002-06-17,208.0,208.75,207.5,208.0,178,6,False,-1.25,-1.875,0.0,-14.75,193.25,-0.006426735218509005
2002-06-18,208.0,209.0,207.75,206.75,145,6,False,-1.25,0.375,0.0,-14.75,192.0,-0.0064683053040103244
2002-06-19,206.75,207.5,206.75,208.75,643,6,False,2.0,0.0,0.0,-14.75,194.0,0.01041666666666674
2002-06-20,208.75,211.0,208.75,210.0,235,6,False,1.25,1.125,0.0,-14.75,195.25,0.006443298969072142
2002-06-21,210.0,210.75,210.0,210.25,1763,6,False,0.25,4.5,0.0,-14.75,195.5,0.001280409731113874
2002-06-24,213.25,214.5,213.25,218.0,742,6,False,7.75,1.0,0.0,-14.75,203.25,0.03964194373401542
2002-06-25,217.25,218.75,217.0,219.75,405,6,False,1.75,4.75,0.0,-14.75,205.0,0.008610086100861114
2002-06-26,219.25,219.5,218.25,221.5,394,6,False,1.75,3.125,0.0,-14.75,206.75,0.008536585365853666
2002-06-27,221.0,222.0,221.0,226.0,724,6,False,4.5,0.625,0.0,-14.75,211.25,0.021765417170495738
2002-06-28,225.75,228.5,225.5,225.5,166,6,False,-0.5,5.875,0.0,-14.75,210.75,-0.002366863905325478
2002-07-01,225.0,229.25,225.0,232.75,34,7,True,7.25,-2.75,10.0,-24.75,208.0,-0.013048635824436494
2002-07-02,233.0,235.25,232.75,227.75,82,7,False,-5.0,2.0,0.0,-24.75,203.0,-0.024038461538461564
2002-07-03,227.5,228.25,223.75,224.5,80,7,False,-3.25,0.0,0.0,-24.75,199.75,-0.016009852216748777
2002-07-05,222.0,223.75,221.5,229.5,55,7,False,5.0,-4.75,0.0,-24.75,204.75,0.0250312891113893
2002-07-08,223.0,226.0,223.0,223.25,42,7,False,-6.25,4.0,0.0,-24.75,198.5,-0.030525030525030528
2002-07-09,228.0,229.0,227.25,226.25,35,7,False,3.0,-5.25,0.0,-24.75,201.5,0.015113350125944613
2002-07-10,225.0,225.0,222.5,222.0,1,7,False,-4.25,-1.5,0.0,-24.75,197.25,-0.021091811414392092
2002-07-11,222.5,222.5,222.5,216.0,1,7,False,-6.0,-3.0,0.0,-24.75,191.25,-0.03041825095057038
2002-07-12,214.25,214.25,214.25,214.25,646,7,False,-1.75,3.5,0.0,-24.75,189.5,-0.009150326797385588
2002-07-15,224.0,226.5,224.0,227.25,1036,7,False,13.0,2.875,0.0,-24.75,202.5,0.06860158311345654
2002-07-16,232.0,235.0,232.0,234.75,299,7,False,7.5,4.875,0.0,-24.75,210.0,0.03703703703703698
2002-07-17,234.5,234.5,231.75,231.5,543,7,False,-3.25,4.375,0.0,-24.75,206.75,-0.015476190476190421
2002-07-18,230.0,231.25,228.25,232.75,568,7,False,1.25,-0.625,0.0,-24.75,208.0,0.006045949214026569
2002-07-19,231.5,231.5,229.75,234.75,2742,7,False,2.0,6.25,0.0,-24.75,210.0,0.009615384615384581
2002-07-22,239.0,244.0,239.0,246.0,2349,7,False,11.25,-1.25,0.0,-24.75,221.25,0.0535714285714286
2002-07-23,248.75,249.5,244.5,241.5,610,7,False,-4.5,9.5,0.0,-24.75,216.75,-0.02033898305084747
2002-07-24,241.25,243.75,241.25,249.25,573,7,False,7.75,-4.75,0.0,-24.75,224.5,0.035755478662053086
2002-07-25,248.75,249.0,246.0,244.25,573,7,False,-5.0,3.25,0.0,-24.75,219.5,-0.022271714922049046
2002-07-26,244.75,246.5,244.0,243.0,1177,7,False,-1.25,-8.5,0.0,-24.75,218.25,-0.005694760820045608
2002-07-29,238.0,238.75,233.0,231.0,371,7,False,-12.0,1.875,0.0,-24.75,206.25,-0.054982817869415834
2002-07-30,232.75,233.25,232.0,236.0,696,7,False,5.0,-0.375,0.0,-24.75,211.25,0.024242424242424176
2002-07-31,236.0,241.25,236.0,247.25,1048,7,False,11.25,3.5,0.0,-24.75,222.5,0.053254437869822535
2002-08-01,247.75,251.0,247.75,249.25,432,8,False,2.0,7.375,0.0,-24.75,224.5,0.008988764044943753
2002-08-02,249.25,251.5,249.25,252.75,1185,8,False,3.5,1.375,0.0,-24.75,228.0,0.015590200445434244
2002-08-05,248.75,248.75,244.0,253.5,470,8,False,0.75,0.625,0.0,-24.75,228.75,0.00328947368421062
2002-08-06,253.5,255.5,251.5,251.25,238,8,False,-2.25,-0.75,0.0,-24.75,226.5,-0.00983606557377048
2002-08-07,250.75,250.75,248.75,249.0,222,8,False,-2.25,-2.5,0.0,-24.75,224.25,-0.009933774834437137
2002-08-08,248.5,250.25,248.5,246.25,187,8,False,-2.75,0.875,0.0,-24.75,221.5,-0.012263099219620988
2002-08-09,246.25,247.0,246.0,250.25,587,8,False,4.0,3.875,0.0,-24.75,225.5,0.018058690744920947
2002-08-12,250.0,253.5,250.0,260.75,361,8,False,10.5,5.5,0.0,-24.75,236.0,0.04656319290465638
2002-08-13,260.75,262.25,260.75,267.75,418,8,False,7.0,7.875,0.0,-24.75,243.0,0.029661016949152463
2002-08-14,266.5,268.75,266.0,273.0,473,8,False,5.25,3.125,0.0,-24.75,248.25,0.021604938271605034
2002-08-15,273.0,276.0,272.5,272.25,260,8,False,-0.75,1.875,0.0,-24.75,247.5,-0.0030211480362537513
2002-08-16,272.0,274.0,271.0,270.75,426,8,False,-1.5,-2.75,0.0,-24.75,246.0,-0.0060606060606061
2002-08-19,270.0,272.0,267.75,266.0,393,8,False,-4.75,-4.0,0.0,-24.75,241.25,-0.019308943089430874
2002-08-20,265.25,265.5,263.0,259.5,286,8,False,-6.5,-1.5,0.0,-24.75,234.75,-0.02694300518134718
2002-08-21,259.0,261.0,258.75,261.25,275,8,False,1.75,-3.625,0.0,-24.75,236.5,0.007454739084131967
2002-08-22,261.5,262.0,260.0,260.5,165,8,False,-0.75,1.875,0.0,-24.75,235.75,-0.003171247357293905
2002-08-23,261.0,261.0,260.25,262.5,366,8,False,2.0,0.0,0.0,-24.75,237.75,0.008483563096500557
2002-08-26,262.5,264.75,262.5,263.25,226,8,False,0.75,0.0,0.0,-24.75,238.5,0.003154574132492094
2002-08-27,263.0,263.5,262.0,261.25,248,8,False,-2.0,-0.5,0.0,-24.75,236.5,-0.008385744234800874
2002-08-28,261.0,263.5,261.0,259.5,248,8,False,-1.75,-2.5,0.0,-24.75,234.75,-0.007399577167019
2002-08-29,259.25,259.5,258.5,256.5,331,8,False,-3.0,0.625,0.0,-24.75,231.75,-0.012779552715655007
2002-08-30,256.0,257.5,256.0,259.5,99,8,False,3.0,1.625,0.0,-24.75,234.75,0.012944983818770295
2002-09-03,258.75,264.5,258.75,265.75,22,9,True,6.25,3.875,2.375,-27.125,238.625,0.01650692225772099
2002-09-04,266.5,266.5,265.75,270.5,63,9,False,4.75,3.875,0.0,-27.125,243.375,0.019905709795704496
2002-09-05,270.5,270.5,269.0,272.0,2,9,False,1.5,2.875,0.0,-27.125,244.875,0.006163328197226425
2002-09-06,272.5,272.5,272.5,273.0,51,9,False,1.0,3.625,0.0,-27.125,245.875,0.0040837161817253165
2002-09-09,275.0,277.0,275.0,278.75,78,9,False,5.75,-1.25,0.0,-27.125,251.625,0.023385866802236865
2002-09-10,278.0,279.75,277.5,275.25,4,9,False,-3.5,5.75,0.0,-27.125,248.125,-0.013909587680079438
2002-09-11,275.0,275.0,274.5,281.0,20,9,False,5.75,-5.125,0.0,-27.125,253.875,0.023173803526448378
2002-09-12,281.0,281.0,281.0,274.25,6,9,False,-6.75,-1.0,0.0,-27.125,247.125,-0.026587887740029514
2002-09-13,269.0,269.0,269.0,266.5,594,9,False,-7.75,2.375,0.0,-27.125,239.375,-0.03136064744562472
2002-09-16,275.75,276.25,275.0,278.0,991,9,False,11.5,-4.625,0.0,-27.125,250.875,0.04804177545691912
2002-09-17,277.75,278.75,276.0,276.5,577,9,False,-1.5,3.75,0.0,-27.125,249.375,-0.005979073243647215
2002-09-18,276.25,276.75,275.5,272.5,917,9,False,-4.0,-3.625,0.0,-27.125,245.375,-0.01604010025062652
2002-09-19,272.0,272.25,271.0,266.75,917,9,False,-5.75,-5.0,0.0,-27.125,239.625,-0.023433520122261853
2002-09-20,266.25,266.75,265.75,260.75,1196,9,False,-6.0,-6.125,0.0,-27.125,233.625,-0.025039123630672955
2002-09-23,260.75,260.75,259.0,254.25,747,9,False,-6.5,-0.375,0.0,-27.125,227.125,-0.02782236490101664
2002-09-24,254.5,255.5,254.25,259.5,691,9,False,5.25,-3.75,0.0,-27.125,232.375,0.023115024766098058
2002-09-25,259.75,261.0,259.75,258.5,408,9,False,-1.0,3.625,0.0,-27.125,231.375,-0.004303388918773576
2002-09-26,258.5,259.5,258.25,260.5,334,9,False,2.0,-1.375,0.0,-27.125,233.375,0.00864397622906532
2002-09-27,260.5,261.0,260.25,258.75,512,9,False,-1.75,-2.625,0.0,-27.125,231.625,-0.007498660953401126
2002-09-30,258.0,258.25,257.75,251.5,568,9,False,-7.25,1.25,0.0,-27.125,224.375,-0.03130059363194815
2002-10-01,251.75,252.5,251.5,255.75,289,10,False,4.25,-3.0,0.0,-27.125,228.625,0.018941504178273005
2002-10-02,256.0,256.75,255.75,257.0,510,10,False,1.25,0.875,0.0,-27.125,229.875,0.005467468562055711
2002-10-03,257.0,257.0,255.0,254.5,268,10,False,-2.5,2.25,0.0,-27.125,227.375,-0.010875475802066381
2002-10-04,253.75,255.0,253.75,257.75,347,10,False,3.25,-0.125,0.0,-27.125,230.625,0.014293567894447579
2002-10-07,257.75,258.5,257.25,260.0,438,10,False,2.25,0.375,0.0,-27.125,232.875,0.009756097560975618
2002-10-08,260.0,260.0,258.75,257.5,107,10,False,-2.5,0.375,0.0,-27.125,230.375,-0.010735373054213682
2002-10-09,257.5,257.5,257.0,256.0,418,10,False,-1.5,-3.5,0.0,-27.125,228.875,-0.00651112316874658
2002-10-10,255.75,256.0,255.0,251.5,976,10,False,-4.5,-3.125,0.0,-27.125,224.375,-0.01966138722009836
2002-10-11,251.5,252.75,251.5,246.75,663,10,False,-4.75,-2.875,0.0,-27.125,219.625,-0.02116991643454036
2002-10-14,246.75,247.0,245.25,245.5,264,10,False,-1.25,1.875,0.0,-27.125,218.375,-0.00569151963574277
2002-10-15,245.5,246.75,245.5,254.0,1801,10,False,8.5,-1.0,0.0,-27.125,226.875,0.03892386949055515
2002-10-16,254.0,257.5,253.75,253.25,564,10,False,-0.75,5.375,0.0,-27.125,226.125,-0.0033057851239669533
2002-10-17,252.75,253.0,252.0,255.5,553,10,False,2.25,-1.0,0.0,-27.125,228.375,0.00995024875621886
2002-10-18,255.25,257.5,255.25,254.25,392,10,False,-1.25,1.125,0.0,-27.125,227.125,-0.005473453749315849
2002-10-21,253.5,255.25,253.5,254.25,392,10,False,0.0,-2.0,0.0,-27.125,227.125,0.0
2002-10-22,253.75,253.75,251.5,251.5,807,10,False,-2.75,-0.625,0.0,-27.125,224.375,-0.012107870115575126
2002-10-23,251.0,252.5,250.75,250.25,608,10,False,-1.25,-1.375,0.0,-27.125,223.125,-0.005571030640668551
2002-10-24,250.25,250.5,250.0,250.25,463,10,False,0.0,-0.625,0.0,-27.125,223.125,0.0
2002-10-25,250.0,250.25,249.5,250.25,460,10,False,0.0,-1.375,0.0,-27.125,223.125,0.0
2002-10-28,250.25,250.25,249.25,247.5,728,10,False,-2.75,0.75,0.0,-27.125,220.375,-0.012324929971988752
2002-10-29,247.25,248.0,247.0,249.0,629,10,False,1.5,-2.875,0.0,-27.125,221.875,0.006806579693704018
2002-10-30,249.0,251.0,248.5,246.0,1299,10,False,-3.0,1.5,0.0,-27.125,218.875,-0.013521126760563384
2002-10-31,246.0,246.0,245.0,247.5,730,10,False,1.5,-1.5,0.0,-27.125,220.375,0.006853226727584261
2002-11-01,247.75,247.75,246.0,247.5,435,11,False,0.0,-0.875,0.0,-27.125,220.375,0.0
2002-11-04,247.0,248.0,246.75,244.25,643,11,False,-3.25,-1.125,0.0,-27.125,217.125,-0.014747589336358446
2002-11-05,244.25,244.5,244.0,242.0,527,11,False,-2.25,-1.125,0.0,-27.125,214.875,-0.010362694300518172
2002-11-06,242.25,242.5,242.0,243.0,428,11,False,1.0,-2.125,0.0,-27.125,215.875,0.0046538685282140335
2002-11-07,243.0,243.5,242.5,241.0,428,11,False,-2.0,-2.125,0.0,-27.125,213.875,-0.00926462072958889
2002-11-08,241.0,241.0,240.25,235.75,416,11,False,-5.25,-1.0,0.0,-27.125,208.625,-0.02454704850964351
2002-11-11,235.75,235.75,235.25,235.75,555,11,False,0.0,-1.375,0.0,-27.125,208.625,0.0
2002-11-12,235.75,236.5,235.0,238.25,521,11,False,2.5,1.125,0.0,-27.125,211.125,0.011983223487118
2002-11-13,237.75,238.0,237.0,240.5,521,11,False,2.25,3.0,0.0,-27.125,213.375,0.010657193605683846
2002-11-14,240.5,241.5,240.5,244.0,510,11,False,3.5,0.125,0.0,-27.125,216.875,0.016403046280023537
2002-11-15,244.0,244.5,243.5,242.0,251,11,False,-2.0,2.625,0.0,-27.125,214.875,-0.009221902017291117
2002-11-18,242.0,242.0,241.75,243.75,528,11,False,1.75,0.875,0.0,-27.125,216.625,0.008144269924374559
2002-11-19,243.25,244.25,243.25,247.5,528,11,False,3.75,1.125,0.0,-27.125,220.375,0.017311021350259637
2002-11-20,247.25,248.0,246.75,248.0,310,11,False,0.5,1.125,0.0,-27.125,220.875,0.0022688598979012653
2002-11-21,248.0,248.0,247.25,246.5,147,11,False,-1.5,0.875,0.0,-27.125,219.375,-0.006791171477079749
2002-11-22,246.5,247.0,246.25,247.75,216,11,False,1.25,-3.0,0.0,-27.125,220.625,0.005698005698005604
2002-11-25,247.5,247.5,246.75,243.25,223,11,False,-4.5,0.125,0.0,-27.125,216.125,-0.02039660056657222
2002-11-26,244.0,244.0,243.25,242.25,155,11,False,-1.0,-3.0,0.0,-27.125,215.125,-0.0046269519953729965
2002-11-27,242.25,242.75,242.25,240.75,150,11,False,-1.5,-0.75,0.0,-27.125,213.625,-0.00697269029633929
2002-11-29,241.25,242.5,241.25,240.25,25,11,False,-0.5,-0.75,0.0,-27.125,213.125,-0.002340550029256927
2002-12-02,240.25,241.75,240.25,240.25,97,12,True,0.0,-1.5,1.5,-28.625,211.625,-0.007038123167155463
2002-12-03,240.5,240.5,240.0,237.75,16,12,False,-2.5,0.0,0.0,-28.625,209.125,-0.011813349084465408
2002-12-04,238.0,238.0,237.25,237.75,56,12,False,0.0,-3.125,0.0,-28.625,209.125,0.0
2002-12-05,237.75,237.75,237.75,234.0,303,12,False,-3.75,-0.375,0.0,-28.625,205.375,-0.017931858936042988
2002-12-06,234.0,234.0,234.0,233.25,9,12,False,-0.75,-2.5,0.0,-28.625,204.625,-0.0036518563603165077
2002-12-09,231.75,233.75,231.75,232.0,11,12,False,-1.25,0.875,0.0,-28.625,203.375,-0.00610873549175317
2002-12-10,232.5,232.5,232.0,234.5,7,12,False,2.5,1.0,0.0,-28.625,205.875,0.012292562999385304
2002-12-11,235.0,235.0,235.0,237.75,7,12,False,3.25,0.375,0.0,-28.625,209.125,0.015786278081360017
2002-12-12,236.0,236.0,236.0,236.0,2,12,False,-1.75,1.875,0.0,-28.625,207.375,-0.008368200836820106
2002-12-13,237.0,237.0,237.0,236.5,362,12,False,0.5,0.25,0.0,-28.625,207.875,0.0024110910186858625
2002-12-16,240.0,241.0,239.25,238.75,313,12,False,2.25,0.0,0.0,-28.625,210.125,0.010823812387251941
2002-12-17,238.75,239.5,238.5,238.25,290,12,False,-0.5,2.0,0.0,-28.625,209.625,-0.002379535990481907
2002-12-18,238.25,238.75,238.25,240.0,281,12,False,1.75,-0.375,0.0,-28.625,211.375,0.008348240906380422
2002-12-19,240.0,240.5,239.5,239.75,282,12,False,-0.25,0.625,0.0,-28.625,211.125,-0.0011827321111768097
2002-12-20,239.75,240.25,239.75,239.25,216,12,False,-0.5,1.625,0.0,-28.625,210.625,-0.002368265245707546
2002-12-23,239.0,239.75,239.0,242.75,216,12,False,3.5,-0.25,0.0,-28.625,214.125,0.016617210682492667
2002-12-24,242.75,242.75,242.75,242.75,216,12,False,0.0,1.75,0.0,-28.625,214.125,0.0
2002-12-26,242.75,242.75,242.75,242.75,141,12,False,0.0,-1.5,0.0,-28.625,214.125,0.0
2002-12-27,242.75,242.75,242.25,239.75,206,12,False,-3.0,-2.0,0.0,-28.625,211.125,-0.014010507880910628
2002-12-30,239.0,239.5,238.75,235.75,276,12,False,-4.0,-1.5,0.0,-28.625,207.125,-0.018946121965660145
2002-12-31,235.75,236.25,235.75,235.75,92,12,False,0.0,-1.375,0.0,-28.625,207.125,0.0
2003-01-02,235.75,236.25,235.5,237.0,257,1,False,1.25,-0.5,0.0,-28.625,208.375,0.0060350030175015945
2003-01-03,237.0,237.0,236.5,236.0,345,1,False,-1.0,0.5,0.0,-28.625,207.375,-0.0047990401919616454
2003-01-06,236.0,237.0,235.5,235.75,267,1,False,-0.25,1.625,0.0,-28.625,207.125,-0.0012055455093429313
2003-01-07,235.75,236.25,235.75,240.0,1256,1,False,4.25,2.5,0.0,-28.625,211.375,0.0205190102595052
2003-01-08,240.0,242.0,240.0,245.25,1123,1,False,5.25,1.25,0.0,-28.625,216.625,0.024837374334713225
2003-01-09,245.0,245.25,244.25,243.5,700,1,False,-1.75,-1.75,0.0,-28.625,214.875,-0.008078476630121179
2003-01-10,243.0,244.0,242.5,234.75,303,1,False,-8.75,-3.0,0.0,-28.625,206.125,-0.04072134962187324
2003-01-13,235.0,235.0,234.25,230.5,534,1,False,-4.25,-4.0,0.0,-28.625,201.875,-0.020618556701030966
2003-01-14,230.75,232.0,230.75,231.25,526,1,False,0.75,-2.125,0.0,-28.625,202.625,0.0037151702786377694
2003-01-15,231.75,232.0,231.0,231.25,203,1,False,0.0,0.125,0.0,-28.625,202.625,0.0
2003-01-16,231.0,231.5,230.75,230.75,539,1,False,-0.5,0.875,0.0,-28.625,202.125,-0.002467612584824197
2003-01-17,230.5,230.5,229.75,232.5,227,1,False,1.75,0.375,0.0,-28.625,203.875,0.008658008658008587
2003-01-21,232.0,232.25,231.75,233.75,227,1,False,1.25,1.375,0.0,-28.625,205.125,0.006131207847946074
2003-01-22,233.5,234.25,233.5,234.75,416,1,False,1.0,1.0,0.0,-28.625,206.125,0.0048750761730651515
2003-01-23,235.0,235.5,234.75,235.5,284,1,False,0.75,0.5,0.0,-28.625,206.875,0.0036385688295936802
2003-01-24,234.75,235.25,234.5,235.5,802,1,False,0.0,0.125,0.0,-28.625,206.875,0.0
2003-01-27,235.0,238.25,235.0,235.0,802,1,False,-0.5,1.75,0.0,-28.625,206.375,-0.0024169184290030454
2003-01-28,235.0,235.25,234.75,238.5,291,1,False,3.5,-1.75,0.0,-28.625,209.875,0.01695941853422167
2003-01-29,238.0,239.0,238.0,235.5,149,1,False,-3.0,2.5,0.0,-28.625,206.875,-0.01429422275163783
2003-01-30,235.5,236.0,235.5,237.0,421,1,False,1.5,-0.875,0.0,-28.625,208.375,0.007250755287009136
2003-01-31,236.75,237.0,236.5,238.25,421,1,False,1.25,0.0,0.0,-28.625,209.625,0.005998800239952029
2003-02-03,237.25,237.25,236.0,236.75,108,2,False,-1.5,1.125,0.0,-28.625,208.125,-0.007155635062611854
2003-02-04,236.25,236.75,236.25,237.75,108,2,False,1.0,-1.25,0.0,-28.625,209.125,0.00480480480480483
2003-02-05,237.75,238.0,237.5,236.75,291,2,False,-1.0,1.625,0.0,-28.625,208.125,-0.004781829049611441
2003-02-06,236.5,236.5,236.0,239.0,550,2,False,2.25,-0.125,0.0,-28.625,210.375,0.0108108108108107
2003-02-07,238.75,239.75,238.75,239.75,1206,2,False,0.75,2.0,0.0,-28.625,211.125,0.0035650623885918886
2003-02-10,239.75,242.5,239.5,241.5,561,2,False,1.75,0.375,0.0,-28.625,212.875,0.0082889283599763
2003-02-11,241.0,241.75,241.0,241.5,561,2,False,0.0,-0.25,0.0,-28.625,212.875,0.0
2003-02-12,241.75,243.0,241.75,239.25,739,2,False,-2.25,0.25,0.0,-28.625,210.625,-0.010569583088667067
2003-02-13,239.5,240.0,239.5,239.75,265,2,False,0.5,-0.875,0.0,-28.625,211.125,0.002373887240356032
2003-02-14,239.5,239.75,239.5,240.25,305,2,False,0.5,-0.75,0.0,-28.625,211.625,0.002368265245707546
2003-02-18,239.5,240.0,239.25,238.25,305,2,False,-2.0,-1.25,0.0,-28.625,209.625,-0.00945067926757237
2003-02-19,238.0,238.0,237.5,235.25,637,2,False,-3.0,-0.875,0.0,-28.625,206.625,-0.014311270125223596
2003-02-20,235.0,235.0,234.25,235.5,1019,2,False,0.25,-3.375,0.0,-28.625,206.875,0.001209921355111998
2003-02-21,235.5,236.75,235.25,231.75,526,2,False,-3.75,-0.375,0.0,-28.625,203.125,-0.01812688821752262
2003-02-24,232.0,232.0,231.0,230.75,214,2,False,-1.0,-1.25,0.0,-28.625,202.125,-0.004923076923076919
2003-02-25,230.75,231.5,230.75,232.0,214,2,False,1.25,-0.625,0.0,-28.625,203.375,0.006184291898577721
2003-02-26,231.75,232.5,231.75,231.75,284,2,False,-0.25,-0.125,0.0,-28.625,203.125,-0.0012292562999385304
2003-02-27,231.5,232.5,231.5,230.25,284,2,False,-1.5,0.625,0.0,-28.625,201.625,-0.007384615384615434
2003-02-28,230.0,231.5,230.0,231.75,34,2,False,1.5,0.125,0.0,-28.625,203.125,0.007439553626782391
2003-03-03,231.75,232.25,231.75,233.5,34,3,True,1.75,2.0,-0.25,-28.375,205.125,0.009846153846153838
2003-03-04,233.5,234.25,233.5,236.0,32,3,False,2.5,1.25,0.0,-28.375,207.625,0.01218769043266299
2003-03-05,236.25,237.0,236.25,236.75,280,3,False,0.75,2.75,0.0,-28.375,208.375,0.0036122817579771205
2003-03-06,236.25,236.25,236.0,239.75,215,3,False,3.0,0.375,0.0,-28.375,211.375,0.014397120575884825
2003-03-07,239.5,239.5,239.25,239.75,21,3,False,0.0,0.25,0.0,-28.375,211.375,0.0
2003-03-10,238.75,239.25,238.75,237.25,21,3,False,-2.5,0.0,0.0,-28.375,208.875,-0.011827321111768208
2003-03-11,238.75,239.25,238.75,237.25,21,3,False,0.0,-1.125,0.0,-28.375,208.875,0.0
2003-03-12,237.5,237.5,237.5,237.5,3,3,False,0.25,-1.125,0.0,-28.375,209.125,0.0011968880909634105
2003-03-13,237.0,237.0,237.0,235.25,3,3,False,-2.25,-2.5,0.0,-28.375,206.875,-0.01075911536162577
2003-03-14,230.0,230.0,230.0,230.0,293,3,False,-5.25,-1.25,0.0,-28.375,201.625,-0.025377643504531755
2003-03-17,232.75,233.5,232.75,229.75,293,3,False,-0.25,-2.625,0.0,-28.375,201.375,-0.001239925604463732
2003-03-18,229.75,230.5,229.5,229.75,262,3,False,0.0,0.75,0.0,-28.375,201.375,0.0
2003-03-19,230.0,230.75,230.0,231.5,265,3,False,1.75,1.125,0.0,-28.375,203.125,0.008690254500310468
2003-03-20,231.5,232.5,231.5,233.75,265,3,False,2.25,-0.25,0.0,-28.375,205.375,0.011076923076922984
2003-03-21,233.5,233.75,233.5,231.5,194,3,False,-2.25,-0.125,0.0,-28.375,203.125,-0.010955569080949523
2003-03-24,231.0,231.0,230.0,229.0,100,3,False,-2.5,-1.5,0.0,-28.375,200.625,-0.012307692307692353
2003-03-25,229.0,229.5,229.0,228.25,287,3,False,-0.75,-1.375,0.0,-28.375,199.875,-0.0037383177570093906
2003-03-26,228.25,229.5,228.25,228.0,146,3,False,-0.25,0.0,0.0,-28.375,199.625,-0.001250781738586615
2003-03-27,228.25,229.0,228.25,228.75,240,3,False,0.75,-0.625,0.0,-28.375,200.375,0.0037570444583594487
2003-03-28,228.75,229.5,228.75,227.75,461,3,False,-1.0,4.75,0.0,-28.375,199.375,-0.004990642545227741
2003-03-31,227.75,228.5,227.75,236.5,887,3,False,8.75,1.0,0.0,-28.375,208.125,0.043887147335423204
2003-04-01,236.25,238.0,236.25,239.5,463,4,False,3.0,4.75,0.0,-28.375,211.125,0.01441441441441449
2003-04-02,239.25,239.5,238.5,240.25,454,4,False,0.75,0.75,0.0,-28.375,211.875,0.003552397868561208
2003-04-03,239.75,239.75,238.75,238.75,280,4,False,-1.5,0.5,0.0,-28.375,210.375,-0.0070796460176991705
2003-04-04,238.5,238.75,238.0,239.0,680,4,False,0.25,1.375,0.0,-28.375,210.625,0.0011883541295305555
2003-04-07,238.5,241.5,238.5,243.25,680,4,False,4.25,-0.125,0.0,-28.375,214.875,0.020178041543026604
2003-04-08,243.0,243.0,242.5,242.75,171,4,False,-0.5,1.75,0.0,-28.375,214.375,-0.0023269342641070168
2003-04-09,242.25,242.5,241.75,242.0,425,4,False,-0.75,-1.875,0.0,-28.375,213.625,-0.0034985422740524408
2003-04-10,242.0,242.25,241.5,238.75,143,4,False,-3.25,-0.125,0.0,-28.375,210.375,-0.015213575190169637
2003-04-11,238.5,238.75,238.25,239.25,212,4,False,0.5,-1.625,0.0,-28.375,210.875,0.002376708259061111
2003-04-14,239.25,240.5,239.25,239.25,112,4,False,0.0,1.5,0.0,-28.375,210.875,0.0
2003-04-15,239.25,240.0,239.25,241.75,278,4,False,2.5,-1.25,0.0,-28.375,213.375,0.011855364552459946
2003-04-16,241.75,242.5,241.5,239.25,242,4,False,-2.5,2.0,0.0,-28.375,210.875,-0.011716461628588193
2003-04-17,239.25,239.25,238.25,240.75,175,4,False,1.5,-2.25,0.0,-28.375,212.375,0.007113218731475968
2003-04-21,240.5,240.5,239.5,238.75,160,4,False,-2.0,0.75,0.0,-28.375,210.375,-0.009417304296645113
2003-04-22,238.75,239.25,238.5,238.75,159,4,False,0.0,-1.0,0.0,-28.375,210.375,0.0
2003-04-23,238.75,239.0,238.75,238.75,281,4,False,0.0,-0.75,0.0,-28.375,210.375,0.0
2003-04-24,238.5,239.5,238.5,237.25,237,4,False,-1.5,-1.25,0.0,-28.375,208.875,-0.007130124777183555
2003-04-25,237.0,237.25,236.5,234.75,339,4,False,-2.5,-2.25,0.0,-28.375,206.375,-0.011968880909634994
2003-04-28,234.75,235.25,234.75,231.75,109,4,False,-3.0,-1.25,0.0,-28.375,203.375,-0.014536644457904258
2003-04-29,232.0,233.0,232.0,231.75,206,4,False,0.0,-1.0,0.0,-28.375,203.375,0.0
2003-04-30,231.75,232.25,231.5,232.75,22,4,False,1.0,0.25,0.0,-28.375,204.375,0.0049170251997541214
2003-05-01,232.5,232.75,232.5,233.25,15,5,True,0.5,1.25,-0.75,-27.625,205.625,0.006116207951070374
2003-05-02,233.25,233.25,233.25,234.75,15,5,False,1.5,2.375,0.0,-27.625,207.125,0.007294832826747699
2003-05-05,239.0,239.0,239.0,239.0,22,5,False,4.25,1.5,0.0,-27.625,211.375,0.0205190102595052
2003-05-06,239.0,239.0,238.0,240.5,153,5,False,1.5,4.75,0.0,-27.625,212.875,0.007096392667060858
2003-05-07,241.0,241.5,241.0,245.75,63,5,False,5.25,0.75,0.0,-27.625,218.125,0.024662360540223194
2003-05-08,245.75,245.75,245.25,245.75,9,5,False,0.0,7.125,0.0,-27.625,218.125,0.0
2003-05-09,246.0,246.0,245.75,254.75,35,5,False,9.0,-1.0,0.0,-27.625,227.125,0.04126074498567345
2003-05-12,249.75,252.25,249.75,252.75,26,5,False,-2.0,4.5,0.0,-27.625,225.125,-0.008805723720418324
2003-05-13,252.0,252.0,251.0,252.75,8,5,False,0.0,-1.125,0.0,-27.625,225.125,0.0
2003-05-14,253.0,253.0,252.5,252.5,333,5,False,-0.25,1.625,0.0,-27.625,224.875,-0.001110494169905607
2003-05-15,251.0,251.75,251.0,255.75,677,5,False,3.25,-0.875,0.0,-27.625,228.125,0.014452473596442417
2003-05-16,255.0,255.5,254.0,254.25,1110,5,False,-1.5,-2.125,0.0,-27.625,226.625,-0.00657534246575342
2003-05-19,252.25,252.5,250.5,246.75,477,5,False,-7.5,-0.75,0.0,-27.625,219.125,-0.03309431880860447
2003-05-20,246.75,247.25,246.0,246.75,280,5,False,0.0,-4.375,0.0,-27.625,219.125,0.0
2003-05-21,246.75,247.75,246.5,245.5,187,5,False,-1.25,-0.875,0.0,-27.625,217.875,-0.00570450656018251
2003-05-22,245.5,246.0,245.25,243.75,366,5,False,-1.75,-0.625,0.0,-27.625,216.125,-0.008032128514056214
2003-05-23,243.75,244.5,243.5,243.75,1004,5,False,0.0,-1.75,0.0,-27.625,216.125,0.0
2003-05-27,243.0,243.0,240.25,242.0,330,5,False,-1.75,-0.375,0.0,-27.625,214.375,-0.0080971659919028
2003-05-28,242.25,243.75,242.25,241.25,505,5,False,-0.75,1.0,0.0,-27.625,213.625,-0.0034985422740524408
2003-05-29,241.0,241.75,240.5,245.0,284,5,False,3.75,-0.75,0.0,-27.625,217.375,0.017554125219426675
2003-05-30,245.0,245.5,244.5,244.25,535,5,False,-0.75,0.5,0.0,-27.625,216.625,-0.0034502587694077436
2003-06-02,243.25,243.25,241.5,241.5,829,6,False,-2.75,-1.125,0.0,-27.625,213.875,-0.012694748990190408
2003-06-03,240.75,240.75,239.5,240.0,202,6,False,-1.5,-2.625,0.0,-27.625,212.375,-0.007013442431326733
2003-06-04,239.75,240.25,239.5,237.5,202,6,False,-2.5,-1.625,0.0,-27.625,209.875,-0.011771630370806307
2003-06-05,237.5,238.5,237.5,235.75,270,6,False,-1.75,0.25,0.0,-27.625,208.125,-0.008338296605122086
2003-06-06,235.75,237.25,235.75,238.75,270,6,False,3.0,-2.125,0.0,-27.625,211.125,0.01441441441441449
2003-06-09,236.25,237.25,236.0,236.25,368,6,False,-2.5,3.0,0.0,-27.625,208.625,-0.011841326228537619
2003-06-10,236.0,236.75,236.0,239.25,368,6,False,3.0,1.125,0.0,-27.625,211.625,0.014379868184541733
2003-06-11,238.5,240.5,238.5,244.0,304,6,False,4.75,3.0,0.0,-27.625,216.375,0.022445363260484408
2003-06-12,243.75,244.25,243.5,247.0,462,6,False,3.0,-0.25,0.0,-27.625,219.375,0.013864818024263537
2003-06-13,246.0,246.25,245.5,241.75,649,6,False,-5.25,0.875,0.0,-27.625,214.125,-0.023931623931623958
2003-06-16,240.5,241.0,239.25,240.5,461,6,False,-1.25,-1.875,0.0,-27.625,212.875,-0.00583771161704616
2003-06-17,239.75,240.25,239.25,242.0,347,6,False,1.5,0.5,0.0,-27.625,214.375,0.007046388725778119
2003-06-18,242.0,244.0,242.0,244.25,609,6,False,2.25,0.875,0.0,-27.625,216.625,0.010495626822157433
2003-06-19,244.0,245.5,244.0,244.5,214,6,False,0.25,0.25,0.0,-27.625,216.875,0.0011540680900172795
2003-06-20,243.5,243.5,241.5,242.75,214,6,False,-1.75,-1.5,0.0,-27.625,215.125,-0.008069164265129714
2003-06-23,242.0,242.5,240.5,239.5,491,6,False,-3.25,-1.0,0.0,-27.625,211.875,-0.015107495642068591
2003-06-24,239.5,240.0,239.0,239.25,379,6,False,-0.25,-1.875,0.0,-27.625,211.625,-0.0011799410029498247
2003-06-25,239.25,239.75,238.75,238.75,1285,6,False,-0.5,-3.0,0.0,-27.625,211.125,-0.002362669816893037
2003-06-26,238.5,238.5,237.25,233.0,373,6,False,-5.75,0.0,0.0,-27.625,205.375,-0.027235050325636445
2003-06-27,233.5,234.0,233.0,233.5,373,6,False,0.5,-5.375,0.0,-27.625,205.875,0.002434570906877598
2003-06-30,233.0,233.25,231.5,228.5,194,6,False,-5.0,0.75,0.0,-27.625,200.875,-0.024286581663630846
2003-07-01,228.75,228.75,228.0,229.5,205,7,True,1.0,-2.875,3.875,-31.5,198.0,-0.01431238332296203
2003-07-02,229.75,229.75,228.0,228.75,109,7,False,-0.75,0.5,0.0,-31.5,197.25,-0.0037878787878787845
2003-07-03,228.75,230.0,228.25,228.75,393,7,False,0.0,-1.25,0.0,-31.5,197.25,0.0
2003-07-07,227.75,227.75,225.0,227.0,26,7,False,-1.75,1.5,0.0,-31.5,195.5,-0.008871989860583018
2003-07-08,227.75,228.25,227.75,230.0,26,7,False,3.0,-2.25,0.0,-31.5,198.5,0.01534526854219953
2003-07-09,230.5,233.0,230.5,227.25,13,7,False,-2.75,-0.125,0.0,-31.5,195.75,-0.013853904282115859
2003-07-10,227.25,228.25,225.0,224.0,1,7,False,-3.25,-1.375,0.0,-31.5,192.5,-0.016602809706257937
2003-07-11,223.75,223.75,223.75,224.0,5,7,False,0.0,-2.125,0.0,-31.5,192.5,0.0
2003-07-14,224.0,224.0,224.0,223.0,453,7,False,-1.0,-7.25,0.0,-31.5,191.5,-0.0051948051948051965
2003-07-15,211.5,212.75,211.25,208.5,297,7,False,-14.5,-0.75,0.0,-31.5,177.0,-0.07571801566579639
2003-07-16,208.5,208.75,208.0,208.0,202,7,False,-0.5,-7.625,0.0,-31.5,176.5,-0.0028248587570621764
2003-07-17,208.0,209.0,208.0,207.25,273,7,False,-0.75,-0.875,0.0,-31.5,175.75,-0.004249291784702569
2003-07-18,207.0,207.25,206.5,206.0,399,7,False,-1.25,0.75,0.0,-31.5,174.5,-0.007112375533428139
2003-07-21,206.0,207.5,206.0,208.25,482,7,False,2.25,-0.5,0.0,-31.5,176.75,0.012893982808023008
2003-07-22,208.0,209.5,208.0,208.5,305,7,False,0.25,-0.375,0.0,-31.5,177.0,0.0014144271570013522
2003-07-23,208.25,209.0,208.25,205.5,509,7,False,-3.0,0.125,0.0,-31.5,174.0,-0.016949152542372836
2003-07-24,205.5,206.5,205.5,205.5,161,7,False,0.0,-1.0,0.0,-31.5,174.0,0.0
2003-07-25,205.5,205.5,205.0,206.5,330,7,False,1.0,1.625,0.0,-31.5,175.0,0.005747126436781658
2003-07-28,207.0,209.25,207.0,209.75,600,7,False,3.25,0.625,0.0,-31.5,178.25,0.01857142857142846
2003-07-29,210.25,212.0,210.25,210.0,144,7,False,0.25,0.5,0.0,-31.5,178.5,0.0014025245441795509
2003-07-30,210.0,210.0,209.0,207.75,205,7,False,-2.25,-0.75,0.0,-31.5,176.25,-0.012605042016806678
2003-07-31,207.75,208.5,207.5,206.0,205,7,False,-1.75,-0.75,0.0,-31.5,174.5,-0.009929078014184411
2003-08-01,206.0,207.0,206.0,206.75,252,8,False,0.75,0.5,0.0,-31.5,175.25,0.004297994269341077
2003-08-04,207.25,208.0,206.5,209.5,252,8,False,2.75,0.375,0.0,-31.5,178.0,0.015691868758915817
2003-08-05,209.75,211.25,209.5,209.5,243,8,False,0.0,2.375,0.0,-31.5,178.0,0.0
2003-08-06,209.75,210.75,209.5,211.5,243,8,False,2.0,0.375,0.0,-31.5,180.0,0.011235955056179803
2003-08-07,211.5,211.75,211.25,212.25,163,8,False,0.75,1.25,0.0,-31.5,180.75,0.004166666666666652
2003-08-08,212.25,213.0,212.25,212.75,151,8,False,0.5,-1.25,0.0,-31.5,181.25,0.0027662517289073207
2003-08-11,212.25,212.25,211.25,209.5,151,8,False,-3.25,5.375,0.0,-31.5,178.0,-0.017931034482758568
2003-08-12,209.0,210.25,209.0,219.75,316,8,False,10.25,-1.5,0.0,-31.5,188.25,0.057584269662921406
2003-08-13,219.25,220.25,218.75,220.0,169,8,False,0.25,5.125,0.0,-31.5,188.5,0.0013280212483399723
2003-08-14,219.0,220.5,219.0,220.0,205,8,False,0.0,0.25,0.0,-31.5,188.5,0.0
2003-08-15,220.0,220.25,219.75,220.25,1565,8,False,0.25,4.25,0.0,-31.5,188.75,0.0013262599469496816
2003-08-18,222.0,226.0,222.0,228.75,656,8,False,8.5,-2.75,0.0,-31.5,197.25,0.04503311258278142
2003-08-19,228.75,228.75,224.5,223.0,324,8,False,-5.75,6.125,0.0,-31.5,191.5,-0.0291508238276299
2003-08-20,223.0,226.0,223.0,226.75,638,8,False,3.75,-4.0,0.0,-31.5,195.25,0.019582245430809442
2003-08-21,226.5,229.0,226.5,224.5,149,8,False,-2.25,3.0,0.0,-31.5,193.0,-0.011523687580025643
2003-08-22,224.5,226.0,224.0,226.75,360,8,False,2.25,-0.875,0.0,-31.5,195.25,0.011658031088082943
2003-08-25,227.0,227.75,224.75,227.25,1433,8,False,0.5,1.375,0.0,-31.5,195.75,0.00256081946222797
2003-08-26,231.0,234.5,231.0,227.75,1433,8,False,0.5,0.875,0.0,-31.5,196.25,0.0025542784163474774
2003-08-27,227.0,228.5,227.0,229.0,176,8,False,1.25,0.75,0.0,-31.5,197.5,0.006369426751592355
2003-08-28,228.75,229.0,228.0,230.0,515,8,False,1.0,2.25,0.0,-31.5,198.5,0.005063291139240533
2003-08-29,229.5,230.0,228.5,233.25,101,8,False,3.25,0.125,0.0,-31.5,201.75,0.016372795969773257
2003-09-02,230.25,230.25,228.5,232.5,75,9,True,-0.75,4.25,-5.0,-26.5,206.0,0.02106567534076831
2003-09-03,233.0,233.25,233.0,237.75,6,9,False,5.25,2.0,0.0,-26.5,211.25,0.025485436893203817
2003-09-04,237.0,237.5,236.75,242.5,70,9,False,4.75,0.25,0.0,-26.5,216.0,0.022485207100591653
2003-09-05,242.5,243.5,242.25,237.75,70,9,False,-4.75,0.0,0.0,-26.5,211.25,-0.0219907407407407
2003-09-08,233.0,233.0,233.0,233.0,3,9,False,-4.75,-1.75,0.0,-26.5,206.5,-0.022485207100591764
2003-09-09,234.0,234.0,234.0,234.25,13,9,False,1.25,-2.0,0.0,-26.5,207.75,0.006053268765133124
2003-09-10,234.5,234.5,234.25,235.0,272,9,False,0.75,-3.125,0.0,-26.5,208.5,0.0036101083032491488
2003-09-11,235.0,235.0,234.0,227.5,272,9,False,-7.5,0.125,0.0,-26.5,201.0,-0.03597122302158273
2003-09-12,227.0,227.0,227.0,227.0,356,9,False,-0.5,-3.75,0.0,-26.5,200.5,-0.0024875621890547706
2003-09-15,228.0,228.5,227.5,227.0,679,9,False,0.0,-1.625,0.0,-26.5,200.5,0.0
2003-09-16,227.0,228.25,227.0,224.25,516,9,False,-2.75,-0.25,0.0,-26.5,197.75,-0.013715710723191998
2003-09-17,224.0,225.0,224.0,223.75,632,9,False,-0.5,-1.375,0.0,-26.5,197.25,-0.0025284450063211006
2003-09-18,223.75,224.75,223.75,223.75,400,9,False,0.0,0.875,0.0,-26.5,197.25,0.0
2003-09-19,223.75,224.0,223.5,226.0,400,9,False,2.25,0.875,0.0,-26.5,199.5,0.011406844106463865
2003-09-22,225.5,228.0,225.5,227.75,685,9,False,1.75,-0.875,0.0,-26.5,201.25,0.00877192982456143
2003-09-23,227.75,227.75,226.5,223.75,850,9,False,-4.0,1.125,0.0,-26.5,197.25,-0.019875776397515477
2003-09-24,223.75,223.75,222.75,224.25,365,9,False,0.5,-1.0,0.0,-26.5,197.75,0.0025348542458809575
2003-09-25,224.25,226.0,224.25,226.25,692,9,False,2.0,0.25,0.0,-26.5,199.75,0.010113780025284402
2003-09-26,226.0,227.5,225.0,226.25,786,9,False,0.0,0.875,0.0,-26.5,199.75,0.0
2003-09-29,226.0,228.0,225.5,226.0,583,9,False,-0.25,-2.875,0.0,-26.5,199.5,-0.0012515644555695093
2003-09-30,226.0,226.0,225.0,220.25,995,9,False,-5.75,-0.125,0.0,-26.5,193.75,-0.028822055137844638
2003-10-01,220.25,220.5,219.5,220.25,1259,10,False,0.0,-2.875,0.0,-26.5,193.75,0.0
2003-10-02,220.0,223.5,220.0,220.25,1119,10,False,0.0,1.375,0.0,-26.5,193.75,0.0
2003-10-03,220.0,220.5,219.75,223.0,655,10,False,2.75,-0.875,0.0,-26.5,196.5,0.014193548387096744
2003-10-06,221.5,222.0,221.0,221.25,240,10,False,-1.75,2.5,0.0,-26.5,194.75,-0.008905852417302795
2003-10-07,221.0,222.0,221.0,223.5,282,10,False,2.25,-1.875,0.0,-26.5,197.0,0.011553273427471034
2003-10-08,223.25,224.0,223.25,221.5,168,10,False,-2.0,1.25,0.0,-26.5,195.0,-0.010152284263959421
2003-10-09,221.5,222.0,221.25,221.75,719,10,False,0.25,-3.75,0.0,-26.5,195.25,0.0012820512820512775
2003-10-10,221.25,221.5,220.25,216.25,568,10,False,-5.5,0.75,0.0,-26.5,189.75,-0.028169014084507005
2003-10-13,216.0,216.5,215.5,217.5,812,10,False,1.25,-2.25,0.0,-26.5,191.0,0.006587615283267567
2003-10-14,217.5,218.5,217.5,218.5,1118,10,False,1.0,-0.375,0.0,-26.5,192.0,0.005235602094240788
2003-10-15,218.0,218.5,217.5,216.5,255,10,False,-2.0,-0.375,0.0,-26.5,190.0,-0.01041666666666663
2003-10-16,216.25,216.75,216.25,214.75,634,10,False,-1.75,-1.25,0.0,-26.5,188.25,-0.009210526315789447
2003-10-17,215.0,215.5,215.0,214.25,688,10,False,-0.5,-1.125,0.0,-26.5,187.75,-0.0026560424966799445
2003-10-20,214.0,214.5,213.75,213.75,634,10,False,-0.5,0.75,0.0,-26.5,187.25,-0.0026631158455392434
2003-10-21,213.5,214.0,213.25,215.75,1271,10,False,2.0,2.0,0.0,-26.5,189.25,0.010680907877169465
2003-10-22,215.0,216.5,215.0,220.25,1670,10,False,4.5,8.375,0.0,-26.5,193.75,0.023778071334213946
2003-10-23,220.25,223.75,220.25,235.0,2714,10,False,14.75,2.25,0.0,-26.5,208.5,0.07612903225806456
2003-10-24,233.5,235.0,233.0,235.0,2487,10,False,0.0,7.5,0.0,-26.5,208.5,0.0
2003-10-27,234.75,240.0,234.5,235.25,1449,10,False,0.25,2.5,0.0,-26.5,208.75,0.0011990407673860837
2003-10-28,234.5,236.0,233.75,240.25,2720,10,False,5.0,4.125,0.0,-26.5,213.75,0.0239520958083832
2003-10-29,240.0,243.75,239.5,248.25,4853,10,False,8.0,2.25,0.0,-26.5,221.75,0.037426900584795364
2003-10-30,248.0,249.75,246.75,247.75,1473,10,False,-0.5,3.75,0.0,-26.5,221.25,-0.0022547914317925244
2003-10-31,247.0,248.0,246.0,247.25,1185,10,False,-0.5,-3.875,0.0,-26.5,220.75,-0.002259887005649719
2003-11-03,246.0,247.25,245.5,240.0,1185,11,False,-7.25,-4.125,0.0,-26.5,213.5,-0.0328425821064553
2003-11-04,239.0,239.75,238.0,232.25,2194,11,False,-7.75,-1.375,0.0,-26.5,205.75,-0.03629976580796257
2003-11-05,231.75,231.75,229.0,236.75,1118,11,False,4.5,-5.125,0.0,-26.5,210.25,0.021871202916160293
2003-11-06,237.25,239.0,237.25,234.25,431,11,False,-2.5,2.75,0.0,-26.5,207.75,-0.01189060642092743
2003-11-07,233.25,233.75,232.75,235.25,478,11,False,1.0,-2.5,0.0,-26.5,208.75,0.004813477737665384
2003-11-10,234.25,235.0,234.25,232.75,629,11,False,-2.5,0.375,0.0,-26.5,206.25,-0.0119760479041916
2003-11-11,232.5,234.25,232.5,232.5,827,11,False,-0.25,2.625,0.0,-26.5,206.0,-0.00121212121212122
2003-11-12,232.0,233.25,232.0,240.25,1124,11,False,7.75,0.125,0.0,-26.5,213.75,0.03762135922330101
2003-11-13,240.25,243.5,240.25,240.75,726,11,False,0.5,3.75,0.0,-26.5,214.25,0.002339181286549641
2003-11-14,240.5,241.5,240.0,240.5,515,11,False,-0.25,-0.875,0.0,-26.5,214.0,-0.001166861143523934
2003-11-17,240.0,241.75,240.0,238.25,489,11,False,-2.25,-1.375,0.0,-26.5,211.75,-0.010514018691588745
2003-11-18,237.5,239.25,237.5,235.75,421,11,False,-2.5,-3.375,0.0,-26.5,209.25,-0.011806375442739103
2003-11-19,235.5,236.25,235.0,231.25,956,11,False,-4.5,0.75,0.0,-26.5,204.75,-0.021505376344086002
2003-11-20,231.25,232.0,230.5,235.25,1057,11,False,4.0,-1.875,0.0,-26.5,208.75,0.019536019536019467
2003-11-21,234.5,236.5,234.5,236.0,46097,11,False,0.75,1.375,0.0,-26.5,209.5,0.00359281437125758
2003-11-24,234.75,236.25,233.75,234.75,55731,11,False,-1.25,2.75,0.0,-26.5,208.25,-0.005966587112171795
2003-11-25,234.0,240.0,233.25,239.5,38138,11,False,4.75,0.875,0.0,-26.5,213.0,0.02280912364945986
2003-11-26,240.5,243.25,240.25,242.5,21015,11,False,3.0,3.625,0.0,-26.5,216.0,0.014084507042253502
2003-11-28,244.0,245.5,242.75,245.0,21146,11,False,2.5,2.25,0.0,-26.5,218.5,0.011574074074074181
2003-12-01,247.0,247.5,244.5,246.5,15464,12,True,1.5,0.875,0.625,-27.125,219.375,0.004004576659038861
2003-12-02,245.75,247.0,244.25,245.75,21295,12,False,-0.75,2.5,0.0,-27.125,218.625,-0.0034188034188034067
2003-12-03,246.5,250.0,246.0,249.25,9727,12,False,3.5,-1.625,0.0,-27.125,222.125,0.01600914808461984
2003-12-04,249.75,250.75,246.5,246.75,7660,12,False,-2.5,1.625,0.0,-27.125,219.625,-0.011254924029262758
2003-12-05,245.5,247.0,243.75,246.5,8080,12,False,-0.25,-1.125,0.0,-27.125,219.375,-0.0011383039271485318
2003-12-08,245.75,249.0,245.5,246.75,9041,12,False,0.25,1.375,0.0,-27.125,219.625,0.0011396011396012096
2003-12-09,248.5,250.0,247.0,249.75,7247,12,False,3.0,0.125,0.0,-27.125,222.625,0.013659647125782604
2003-12-10,250.75,250.75,248.5,249.75,6536,12,False,0.0,2.625,0.0,-27.125,222.625,0.0
2003-12-11,250.5,253.0,247.0,252.0,0,12,False,2.25,1.375,0.0,-27.125,224.875,0.010106681639528325
2003-12-12,253.5,255.0,251.0,254.75,47572,12,False,2.75,0.5,0.0,-27.125,227.625,0.01222901612006666
2003-12-15,253.75,254.5,248.5,253.5,36580,12,False,-1.25,0.625,0.0,-27.125,226.375,-0.0054914881933003645
2003-12-16,253.0,254.0,249.75,252.0,26767,12,False,-1.5,-0.875,0.0,-27.125,224.875,-0.00662617338487026
2003-12-17,251.5,252.25,250.0,251.5,29851,12,False,-0.5,-1.75,0.0,-27.125,224.375,-0.0022234574763757564
2003-12-18,251.0,251.0,248.25,249.5,34669,12,False,-2.0,-0.375,0.0,-27.125,222.375,-0.008913649025069637
2003-12-19,251.5,251.75,246.5,249.25,25729,12,False,-0.25,-2.5,0.0,-27.125,222.125,-0.0011242270938729426
2003-12-22,248.0,248.0,246.0,246.25,40115,12,False,-3.0,-1.375,0.0,-27.125,219.125,-0.013505908835115377
2003-12-23,245.0,245.5,243.5,243.75,97419,12,False,-2.5,-5.5,0.0,-27.125,216.625,-0.01140901312036513
2003-12-24,229.0,238.5,229.0,235.75,62585,12,False,-8.0,0.75,0.0,-27.125,208.625,-0.03693017888055394
2003-12-26,234.0,240.5,232.75,239.75,39987,12,False,4.0,-2.5,0.0,-27.125,212.625,0.019173157579388755
2003-12-29,241.0,244.0,239.5,242.75,1127,12,False,3.0,1.125,0.0,-27.125,215.625,0.014109347442680775
2003-12-30,240.5,242.25,240.5,241.0,1127,12,False,-1.75,4.0,0.0,-27.125,213.875,-0.008115942028985468
2003-12-31,240.5,246.0,240.5,246.0,109,12,False,5.0,2.75,0.0,-27.125,218.875,0.02337814143775563
2004-01-02,246.0,247.0,245.75,253.25,745,1,False,7.25,2.375,0.0,-27.125,226.125,0.03312392918332385
2004-01-05,252.0,253.0,250.5,253.0,513,1,False,-0.25,2.875,0.0,-27.125,225.875,-0.001105583195135429
2004-01-06,252.75,254.25,252.5,251.5,580,1,False,-1.5,-0.875,0.0,-27.125,224.375,-0.006640841173215284
2004-01-07,251.0,251.75,250.75,250.0,617,1,False,-1.5,0.125,0.0,-27.125,222.875,-0.006685236768802283
2004-01-08,249.75,249.75,248.5,251.75,421,1,False,1.75,-1.125,0.0,-27.125,224.625,0.007851934941110583
2004-01-09,251.25,252.75,251.25,251.0,481,1,False,-0.75,8.125,0.0,-27.125,223.875,-0.0033388981636059967
2004-01-12,251.0,251.0,249.25,265.5,1760,1,False,14.5,1.125,0.0,-27.125,238.375,0.06476828587381345
2004-01-13,263.75,265.5,263.75,268.5,1006,1,False,3.0,7.375,0.0,-27.125,241.375,0.012585212375458843
2004-01-14,268.0,268.0,266.5,268.75,849,1,False,0.25,1.5,0.0,-27.125,241.625,0.0010357327809424888
2004-01-15,268.0,268.5,267.75,268.75,1287,1,False,0.0,2.0,0.0,-27.125,241.625,0.0
2004-01-16,268.5,268.5,266.5,272.5,801,1,False,3.75,1.375,0.0,-27.125,245.375,0.015519917227108104
2004-01-20,272.0,272.0,270.75,275.25,674,1,False,2.75,2.875,0.0,-27.125,248.125,0.011207335710647026
2004-01-21,274.75,274.75,273.5,277.25,1671,1,False,2.0,0.75,0.0,-27.125,250.125,0.008060453400503764
2004-01-22,277.5,278.5,276.25,276.0,1016,1,False,-1.25,1.5,0.0,-27.125,248.875,-0.004997501249375258
2004-01-23,275.0,275.25,273.25,277.0,745,1,False,1.0,1.5,0.0,-27.125,249.875,0.004018081366147674
2004-01-26,276.25,279.5,276.25,281.25,626,1,False,4.25,-2.0,0.0,-27.125,254.125,0.017008504252125967
2004-01-27,281.0,281.0,279.75,276.25,1828,1,False,-5.0,-0.625,0.0,-27.125,249.125,-0.019675356615838635
2004-01-28,276.0,276.0,272.0,270.75,887,1,False,-5.5,-2.875,0.0,-27.125,243.625,-0.022077270446562935
2004-01-29,269.75,270.75,269.75,270.0,813,1,False,-0.75,0.375,0.0,-27.125,242.875,-0.0030785017957927208
2004-01-30,270.25,272.25,270.25,276.25,1030,1,False,6.25,-2.875,0.0,-27.125,249.125,0.025733401955738477
2004-02-02,274.75,275.5,273.25,271.25,789,2,False,-5.0,4.0,0.0,-27.125,244.125,-0.02007024586051176
2004-02-03,271.5,272.0,270.75,273.0,368,2,False,1.75,-3.875,0.0,-27.125,245.875,0.007168458781362075
2004-02-04,273.25,273.75,273.25,270.25,592,2,False,-2.75,3.375,0.0,-27.125,243.125,-0.011184544992374201
2004-02-05,270.25,271.0,269.75,275.25,1045,2,False,5.0,0.5,0.0,-27.125,248.125,0.020565552699228773
2004-02-06,275.0,277.75,274.75,279.0,2383,2,False,3.75,5.125,0.0,-27.125,251.875,0.015113350125944613
2004-02-09,276.5,276.5,273.5,284.25,1232,2,False,5.25,-0.25,0.0,-27.125,257.125,0.0208436724565757
2004-02-10,284.0,284.75,283.5,280.0,976,2,False,-4.25,4.75,0.0,-27.125,252.875,-0.016528925619834656
2004-02-11,279.75,280.5,278.75,284.25,431,2,False,4.25,-3.625,0.0,-27.125,257.125,0.01680672268907557
2004-02-12,284.0,285.75,284.0,281.25,410,2,False,-3.0,2.75,0.0,-27.125,254.125,-0.011667476908118646
2004-02-13,281.25,281.5,279.25,282.5,723,2,False,1.25,-0.75,0.0,-27.125,255.375,0.004918839153959631
2004-02-17,282.5,285.25,282.5,284.0,454,2,False,1.5,-1.5,0.0,-27.125,256.875,0.005873715124816492
2004-02-18,284.0,284.0,283.0,279.75,1171,2,False,-4.25,3.25,0.0,-27.125,252.625,-0.016545012165450124
2004-02-19,279.75,280.5,279.5,284.75,1180,2,False,5.0,-2.125,0.0,-27.125,257.625,0.019792182088075316
2004-02-20,284.25,286.75,284.0,284.75,743,2,False,0.0,3.75,0.0,-27.125,257.625,0.0
2004-02-23,285.5,288.25,285.5,287.25,249,2,False,2.5,1.75,0.0,-27.125,260.125,0.009704027171276053
2004-02-24,287.25,287.25,285.5,290.75,501,2,False,3.5,1.75,0.0,-27.125,263.625,0.013455069678039333
2004-02-25,290.0,294.0,290.0,291.75,187,2,False,1.0,3.875,0.0,-27.125,264.625,0.003793266951161778
2004-02-26,291.25,292.0,291.0,296.0,642,2,False,4.25,0.625,0.0,-27.125,268.875,0.01606046291922536
2004-02-27,295.75,295.75,294.0,296.25,52,2,False,0.25,2.0,0.0,-27.125,269.125,0.0009298000929800487
2004-03-01,296.0,298.0,296.0,296.0,63,3,True,-0.25,-3.125,2.875,-30.0,266.0,-0.011611704598235018
2004-03-02,296.0,296.0,295.5,289.5,500,3,False,-6.5,0.375,0.0,-30.0,259.5,-0.024436090225563922
2004-03-03,288.0,290.0,287.0,290.5,220,3,False,1.0,-3.125,0.0,-30.0,260.5,0.003853564547206201
2004-03-04,291.0,292.5,290.5,290.75,44,3,False,0.25,0.375,0.0,-30.0,260.75,0.0009596928982724684
2004-03-05,291.25,291.25,291.25,290.5,138,3,False,-0.25,-1.875,0.0,-30.0,260.5,-0.0009587727708533222
2004-03-08,289.25,289.25,287.5,286.5,56,3,False,-4.0,4.125,0.0,-30.0,256.5,-0.015355086372360827
2004-03-09,286.5,286.5,286.5,295.0,17,3,False,8.5,-3.625,0.0,-30.0,265.0,0.033138401559454245
2004-03-10,295.0,296.25,295.0,291.75,10,3,False,-3.25,4.875,0.0,-30.0,261.75,-0.01226415094339628
2004-03-11,293.5,293.75,293.5,293.0,45,3,False,1.25,-0.375,0.0,-30.0,263.0,0.0047755491881567025
2004-03-12,294.25,294.5,294.25,295.5,619,3,False,2.5,6.625,0.0,-30.0,265.5,0.009505703422053147
2004-03-15,300.25,304.25,300.25,307.5,504,3,False,12.0,0.125,0.0,-30.0,277.5,0.04519774011299438
2004-03-16,307.0,307.25,306.5,305.25,681,3,False,-2.25,7.5,0.0,-30.0,275.25,-0.008108108108108136
2004-03-17,305.25,307.0,303.75,308.25,1003,3,False,3.0,0.75,0.0,-30.0,278.25,0.01089918256130784
2004-03-18,308.0,309.5,307.5,312.0,871,3,False,3.75,1.5,0.0,-30.0,282.0,0.013477088948786964
2004-03-19,311.75,312.0,310.75,312.0,1413,3,False,0.0,5.125,0.0,-30.0,282.0,0.0
2004-03-22,313.25,315.75,313.25,318.5,852,3,False,6.5,-1.375,0.0,-30.0,288.5,0.023049645390070816
2004-03-23,318.0,318.0,316.25,315.75,772,3,False,-2.75,0.125,0.0,-30.0,285.75,-0.00953206239168114
2004-03-24,315.25,318.25,315.25,309.5,601,3,False,-6.25,-2.75,0.0,-30.0,279.5,-0.02187226596675418
2004-03-25,309.5,310.25,309.0,306.75,562,3,False,-2.75,-3.75,0.0,-30.0,276.75,-0.009838998211091243
2004-03-26,307.0,308.75,306.75,305.5,558,3,False,-1.25,-1.625,0.0,-30.0,275.5,-0.004516711833784992
2004-03-29,305.0,306.5,304.5,305.0,349,3,False,-0.5,3.0,0.0,-30.0,275.0,-0.001814882032667886
2004-03-30,305.0,305.75,304.75,312.25,623,3,False,7.25,3.625,0.0,-30.0,282.25,0.026363636363636367
2004-03-31,311.5,312.0,311.25,320.0,1512,3,False,7.75,6.5,0.0,-30.0,290.0,0.027457927369353374
2004-04-01,319.75,322.25,319.25,325.75,1756,4,False,5.75,6.25,0.0,-30.0,295.75,0.01982758620689662
2004-04-02,325.25,327.5,325.25,330.5,732,4,False,4.75,2.375,0.0,-30.0,300.5,0.01606086221470826
2004-04-05,330.75,335.0,330.75,329.5,585,4,False,-1.0,1.0,0.0,-30.0,299.5,-0.0033277870216306127
2004-04-06,329.0,329.5,327.5,326.75,466,4,False,-2.75,1.125,0.0,-30.0,296.75,-0.00918196994991649
2004-04-07,327.0,331.5,327.0,330.0,744,4,False,3.25,-1.125,0.0,-30.0,300.0,0.010951979780960297
2004-04-08,330.5,333.0,330.5,330.5,687,4,False,0.5,-2.5,0.0,-30.0,300.5,0.0016666666666667052
2004-04-12,330.0,331.25,324.5,322.25,957,4,False,-8.25,-5.0,0.0,-30.0,292.25,-0.027454242928452555
2004-04-13,322.25,322.25,319.75,311.75,579,4,False,-10.5,-1.75,0.0,-30.0,281.75,-0.0359281437125748
2004-04-14,311.25,311.75,310.25,316.5,892,4,False,4.75,-9.75,0.0,-30.0,286.5,0.01685891748003554
2004-04-15,317.0,319.5,316.75,307.5,1269,4,False,-9.0,5.875,0.0,-30.0,277.5,-0.03141361256544506
2004-04-16,307.5,310.5,307.0,314.5,420,4,False,7.0,-6.125,0.0,-30.0,284.5,0.02522522522522519
2004-04-19,314.75,317.0,312.0,311.25,327,4,False,-3.25,2.5,0.0,-30.0,281.25,-0.011423550087873435
2004-04-20,311.25,311.5,309.5,309.25,461,4,False,-2.0,-4.25,0.0,-30.0,279.25,-0.007111111111111068
2004-04-21,309.5,309.75,305.75,304.0,271,4,False,-5.25,-1.0,0.0,-30.0,274.0,-0.018800358102059045
2004-04-22,304.0,306.0,304.0,304.0,162,4,False,0.0,-2.875,0.0,-30.0,274.0,0.0
2004-04-23,304.0,307.0,304.0,303.5,174,4,False,-0.5,-1.125,0.0,-30.0,273.5,-0.0018248175182481452
2004-04-26,303.0,303.0,301.0,301.25,384,4,False,-2.25,3.75,0.0,-30.0,271.25,-0.00822669104204754
2004-04-27,301.0,303.0,301.0,309.25,205,4,False,8.0,-1.625,0.0,-30.0,279.25,0.029493087557603603
2004-04-28,309.0,310.5,308.25,308.25,67,4,False,-1.0,6.875,0.0,-30.0,278.25,-0.0035810205908684
2004-04-29,308.25,308.5,307.0,314.0,61,4,False,5.75,0.75,0.0,-30.0,284.0,0.020664869721473522
2004-04-30,313.5,316.0,313.5,316.5,91,4,False,2.5,3.625,0.0,-30.0,286.5,0.008802816901408494
2004-05-03,315.75,318.5,314.0,318.0,92,5,True,1.5,1.125,0.375,-30.375,287.625,0.003926701570680535
2004-05-04,317.75,317.75,316.0,317.75,3,5,False,-0.25,-1.0,0.0,-30.375,287.375,-0.0008691873098652936
2004-05-05,318.0,318.0,317.75,314.25,72,5,False,-3.5,-4.375,0.0,-30.375,283.875,-0.012179208351457138
2004-05-06,314.0,314.0,312.5,305.75,53,5,False,-8.5,-1.125,0.0,-30.375,275.375,-0.029942756494936162
2004-05-07,306.25,306.25,303.75,307.0,43,5,False,1.25,-10.0,0.0,-30.375,276.625,0.00453926463912846
2004-05-10,304.0,304.0,304.0,295.5,25,5,False,-11.5,0.875,0.0,-30.375,265.125,-0.04157252598282879
2004-05-11,296.5,296.5,296.5,296.0,4,5,False,0.5,-6.5,0.0,-30.375,265.625,0.001885902876001877
2004-05-12,296.5,296.5,296.5,294.5,25,5,False,-1.5,-2.125,0.0,-30.375,264.125,-0.0056470588235294494
2004-05-13,294.25,294.25,294.25,289.75,4,5,False,-4.75,-2.375,0.0,-30.375,259.375,-0.017983909133932774
2004-05-14,292.5,292.5,289.0,286.5,1198,5,False,-3.25,2.0,0.0,-30.375,256.125,-0.012530120481927698
2004-05-17,291.25,292.75,288.25,295.25,854,5,False,8.75,-3.25,0.0,-30.375,264.875,0.03416300634455838
2004-05-18,295.5,298.0,294.0,292.0,308,5,False,-3.25,7.625,0.0,-30.375,261.625,-0.012269938650306789
2004-05-19,292.5,293.5,292.0,298.5,765,5,False,6.5,-4.75,0.0,-30.375,268.125,0.024844720496894457
2004-05-20,298.5,300.0,296.25,292.25,438,5,False,-6.25,2.125,0.0,-30.375,261.875,-0.023310023310023298
2004-05-21,292.25,293.5,290.5,290.0,821,5,False,-2.25,-0.125,0.0,-30.375,259.625,-0.008591885441527447
2004-05-24,290.25,293.0,290.25,296.0,796,5,False,6.0,2.75,0.0,-30.375,265.625,0.023110255175734284
2004-05-25,296.0,301.25,296.0,303.75,509,5,False,7.75,1.5,0.0,-30.375,273.375,0.02917647058823536
2004-05-26,304.0,305.0,302.75,300.75,382,5,False,-3.0,2.875,0.0,-30.375,270.375,-0.010973936899862813
2004-05-27,299.75,301.75,298.25,298.75,378,5,False,-2.0,1.125,0.0,-30.375,268.375,-0.0073971336107258034
2004-05-28,298.75,300.5,296.25,304.0,2370,5,False,5.25,9.0,0.0,-30.375,273.625,0.01956217978574748
2004-06-01,307.5,318.0,307.5,324.0,2596,6,False,20.0,1.5,0.0,-30.375,293.625,0.07309273640931924
2004-06-02,325.5,326.5,322.0,321.75,1172,6,False,-2.25,4.5,0.0,-30.375,291.375,-0.007662835249042099
2004-06-03,320.0,320.5,314.0,310.75,414,6,False,-11.0,-2.375,0.0,-30.375,280.375,-0.037752037752037726
2004-06-04,310.0,313.0,309.25,308.25,876,6,False,-2.5,-9.5,0.0,-30.375,277.875,-0.008916629514043706
2004-06-07,304.0,304.0,297.25,300.25,678,6,False,-8.0,-2.875,0.0,-30.375,269.875,-0.02878992352676568
2004-06-08,299.75,301.25,297.5,297.0,778,6,False,-3.25,-3.75,0.0,-30.375,266.625,-0.01204261232051873
2004-06-09,297.75,299.0,296.0,297.5,320,6,False,0.5,-7.5,0.0,-30.375,267.125,0.0018752930145335966
2004-06-10,298.75,298.75,297.5,285.75,464,6,False,-11.75,0.25,0.0,-30.375,255.375,-0.04398689751988771
2004-06-11,287.25,287.25,284.75,285.75,729,6,False,0.0,-4.625,0.0,-30.375,255.375,0.0
2004-06-14,288.25,289.0,284.25,288.25,804,6,False,2.5,-4.0,0.0,-30.375,257.875,0.009789525208027339
2004-06-15,286.25,287.25,282.0,280.25,780,6,False,-8.0,1.875,0.0,-30.375,249.875,-0.03102278235579259
2004-06-16,280.75,283.0,280.75,281.5,432,6,False,1.25,-5.875,0.0,-30.375,251.125,0.005002501250625402
2004-06-17,281.5,283.5,281.5,277.75,378,6,False,-3.75,-1.0,0.0,-30.375,247.375,-0.014932802389248434
2004-06-18,277.0,277.0,275.75,274.5,578,6,False,-3.25,-1.875,0.0,-30.375,244.125,-0.01313794845881755
2004-06-21,272.75,273.0,270.0,274.5,296,6,False,0.0,-5.0,0.0,-30.375,244.125,0.0
2004-06-22,274.75,275.5,273.5,267.75,361,6,False,-6.75,3.375,0.0,-30.375,237.375,-0.027649769585253448
2004-06-23,267.5,268.75,265.5,274.5,291,6,False,6.75,-4.0,0.0,-30.375,244.125,0.028436018957346043
2004-06-24,275.5,277.5,274.5,273.25,461,6,False,-1.25,4.875,0.0,-30.375,242.875,-0.005120327700972815
2004-06-25,273.0,274.5,273.0,276.25,504,6,False,3.0,-3.125,0.0,-30.375,245.875,0.012352032938754531
2004-06-28,274.75,274.75,272.5,271.25,170,6,False,-5.0,-0.125,0.0,-30.375,240.875,-0.020335536349771255
2004-06-29,271.25,274.0,271.25,268.0,839,6,False,-3.25,-7.75,0.0,-30.375,237.625,-0.013492475350285416
2004-06-30,267.75,268.0,266.0,257.5,58,6,False,-10.5,-1.625,0.0,-30.375,227.125,-0.0441872698579695
2004-07-01,257.5,259.25,257.0,257.5,339,7,True,0.0,-6.375,6.375,-36.75,220.75,-0.02806824435883326
2004-07-02,257.0,257.0,254.5,255.25,116,7,False,-2.25,-2.875,0.0,-36.75,218.5,-0.010192525481313663
2004-07-06,253.5,253.5,250.0,249.5,37,7,False,-5.75,-1.125,0.0,-36.75,212.75,-0.02631578947368418
2004-07-07,250.25,250.25,249.5,249.5,37,7,False,0.0,-5.375,0.0,-36.75,212.75,0.0
2004-07-08,244.5,244.5,244.5,244.5,3,7,False,-5.0,-1.125,0.0,-36.75,207.75,-0.023501762632197387
2004-07-09,242.25,242.25,242.25,242.25,3,7,False,-2.25,-1.375,0.0,-36.75,205.5,-0.010830324909747335
2004-07-12,244.5,244.5,244.5,244.5,2,7,False,2.25,-2.5,0.0,-36.75,207.75,0.010948905109489093
2004-07-13,244.0,244.0,244.0,241.75,2,7,False,-2.75,1.25,0.0,-36.75,205.0,-0.013237063778580027
2004-07-14,242.0,242.0,242.0,242.0,181,7,False,0.25,-1.125,0.0,-36.75,205.25,0.0012195121951219523
2004-07-15,246.5,246.75,246.0,242.5,440,7,False,0.5,-1.625,0.0,-36.75,205.75,0.0024360535931791105
2004-07-16,242.0,242.0,240.0,239.0,380,7,False,-3.5,-0.75,0.0,-36.75,202.25,-0.017010935601458055
2004-07-19,238.25,238.5,236.75,237.0,315,7,False,-2.0,-3.25,0.0,-36.75,200.25,-0.00988875154511748
2004-07-20,236.5,237.5,235.75,234.0,587,7,False,-3.0,-4.875,0.0,-36.75,197.25,-0.014981273408239737
2004-07-21,233.5,234.0,231.0,226.25,389,7,False,-7.75,-5.0,0.0,-36.75,189.5,-0.0392902408111534
2004-07-22,226.0,226.25,225.0,219.25,652,7,False,-7.0,-1.625,0.0,-36.75,182.5,-0.03693931398416883
2004-07-23,219.25,222.0,219.25,223.75,446,7,False,4.5,-3.75,0.0,-36.75,187.0,0.024657534246575352
2004-07-26,223.5,223.5,219.5,223.25,163,7,False,-0.5,1.75,0.0,-36.75,186.5,-0.002673796791443861
2004-07-27,223.0,223.0,221.25,222.25,200,7,False,-1.0,-2.125,0.0,-36.75,185.5,-0.00536193029490617
2004-07-28,222.0,223.25,221.75,218.5,232,7,False,-3.75,-0.5,0.0,-36.75,181.75,-0.020215633423180557
2004-07-29,218.5,219.5,218.5,218.5,211,7,False,0.0,-2.5,0.0,-36.75,181.75,0.0
2004-07-30,218.75,219.75,218.0,217.25,149,7,False,-1.25,0.5,0.0,-36.75,180.5,-0.00687757909215958
2004-08-02,218.0,219.0,217.25,218.25,166,8,False,1.0,-0.125,0.0,-36.75,181.5,0.005540166204986097
2004-08-03,218.5,219.5,218.5,219.25,320,8,False,1.0,1.5,0.0,-36.75,182.5,0.005509641873278293
2004-08-04,219.0,220.0,219.0,221.25,236,8,False,2.0,1.875,0.0,-36.75,184.5,0.010958904109588996
2004-08-05,221.25,222.25,220.5,224.0,403,8,False,2.75,1.875,0.0,-36.75,187.25,0.01490514905149043
2004-08-06,224.5,226.0,224.0,225.75,698,8,False,1.75,2.0,0.0,-36.75,189.0,0.009345794392523255
2004-08-09,226.25,228.25,226.0,227.0,535,8,False,1.25,-0.375,0.0,-36.75,190.25,0.006613756613756516
2004-08-10,226.75,226.75,224.0,224.5,201,8,False,-2.5,-1.25,0.0,-36.75,187.75,-0.013140604467805517
2004-08-11,224.5,225.75,224.5,220.75,540,8,False,-3.75,-2.625,0.0,-36.75,184.0,-0.01997336884154466
2004-08-12,221.0,222.5,220.5,218.0,235,8,False,-2.75,-2.0,0.0,-36.75,181.25,-0.014945652173913082
2004-08-13,218.0,218.0,216.5,217.75,233,8,False,-0.25,0.875,0.0,-36.75,181.0,-0.0013793103448276334
2004-08-16,217.0,217.0,215.5,222.25,434,8,False,4.5,3.0,0.0,-36.75,185.5,0.024861878453038777
2004-08-17,223.0,224.75,223.0,228.5,135,8,False,6.25,0.75,0.0,-36.75,191.75,0.03369272237196763
2004-08-18,228.0,228.0,226.5,225.5,109,8,False,-3.0,5.0,0.0,-36.75,188.75,-0.01564537157757495
2004-08-19,225.5,226.0,225.0,229.25,146,8,False,3.75,-0.5,0.0,-36.75,192.5,0.019867549668874274
2004-08-20,229.0,229.25,228.0,231.25,104,8,False,2.0,3.375,0.0,-36.75,194.5,0.010389610389610393
2004-08-23,230.75,230.75,228.75,234.25,583,8,False,3.0,0.0,0.0,-36.75,197.5,0.015424164524421524
2004-08-24,233.25,234.0,233.0,232.25,190,8,False,-2.0,-0.625,0.0,-36.75,195.5,-0.010126582278481067
2004-08-25,231.75,232.5,231.5,228.0,206,8,False,-4.25,-2.375,0.0,-36.75,191.25,-0.021739130434782594
2004-08-26,227.5,228.5,227.0,225.25,206,8,False,-2.75,-4.625,0.0,-36.75,188.5,-0.01437908496732021
2004-08-27,225.0,226.75,225.0,220.25,357,8,False,-5.0,0.75,0.0,-36.75,183.5,-0.02652519893899208
2004-08-30,220.0,222.0,219.75,224.5,453,8,False,4.25,-0.875,0.0,-36.75,187.75,0.023160762942779245
2004-08-31,225.0,227.5,225.0,227.75,1,8,False,3.25,5.0,0.0,-36.75,191.0,0.017310252996005415
2004-09-01,233.5,233.5,233.5,233.5,463,9,True,5.75,-1.25,7.0,-43.75,189.75,-0.00654450261780104
2004-09-02,233.0,234.0,231.0,227.75,41,9,False,-5.75,0.75,0.0,-43.75,184.0,-0.030303030303030276
2004-09-03,227.0,227.0,226.0,223.5,50,9,False,-4.25,-5.0,0.0,-43.75,179.75,-0.02309782608695654
2004-09-07,221.5,221.5,218.0,219.25,40,9,False,-4.25,-3.25,0.0,-43.75,175.5,-0.02364394993045893
2004-09-08,219.0,220.0,219.0,217.0,17,9,False,-2.25,-1.875,0.0,-43.75,173.25,-0.012820512820512775
2004-09-09,217.75,217.75,217.5,217.5,5,9,False,0.5,-4.5,0.0,-43.75,173.75,0.0028860028860029363
2004-09-10,216.25,216.25,216.25,210.75,5,9,False,-6.75,0.0,0.0,-43.75,167.0,-0.03884892086330938
2004-09-13,211.25,211.25,211.25,210.25,2,9,False,-0.5,-5.25,0.0,-43.75,166.5,-0.0029940119760478723
2004-09-14,210.0,210.0,210.0,206.5,699,9,False,-3.75,5.75,0.0,-43.75,162.75,-0.022522522522522515
2004-09-15,217.5,218.0,217.5,218.5,762,9,False,12.0,-3.0,0.0,-43.75,174.75,0.07373271889400912
2004-09-16,218.25,219.5,218.0,216.25,857,9,False,-2.25,5.5,0.0,-43.75,172.5,-0.012875536480686733
2004-09-17,216.25,217.5,216.0,215.25,1851,9,False,-1.0,-2.375,0.0,-43.75,171.5,-0.005797101449275366
2004-09-20,215.0,215.25,214.5,212.75,1160,9,False,-2.5,-0.5,0.0,-43.75,169.0,-0.014577259475218707
2004-09-21,212.5,214.0,212.5,212.75,810,9,False,0.0,-2.5,0.0,-43.75,169.0,0.0
2004-09-22,212.75,213.75,212.75,210.25,1554,9,False,-2.5,-1.25,0.0,-43.75,166.5,-0.014792899408283988
2004-09-23,210.0,210.25,209.25,207.75,565,9,False,-2.5,-2.5,0.0,-43.75,164.0,-0.01501501501501501
2004-09-24,207.75,208.0,207.25,205.25,1735,9,False,-2.5,0.0,0.0,-43.75,161.5,-0.015243902439024404
2004-09-27,205.0,206.25,205.0,207.75,1159,9,False,2.5,-0.875,0.0,-43.75,164.0,0.015479876160990669
2004-09-28,207.25,207.5,206.5,208.5,566,9,False,0.75,0.625,0.0,-43.75,164.75,0.004573170731707377
2004-09-29,208.5,209.5,208.25,207.25,921,9,False,-1.25,-0.5,0.0,-43.75,163.5,-0.007587253414264028
2004-09-30,207.0,207.0,205.5,205.5,729,9,False,-1.75,-0.375,0.0,-43.75,161.75,-0.010703363914373099
2004-10-01,205.5,206.0,205.0,206.0,1598,10,False,0.5,-2.5,0.0,-43.75,162.25,0.0030911901081915882
2004-10-04,205.25,206.0,204.0,202.75,1777,10,False,-3.25,1.125,0.0,-43.75,159.0,-0.02003081664098616
2004-10-05,203.0,203.5,202.5,204.5,1113,10,False,1.75,-0.25,0.0,-43.75,160.75,0.011006289308176154
2004-10-06,204.25,204.5,203.0,207.25,890,10,False,2.75,0.25,0.0,-43.75,163.5,0.01710730948678063
2004-10-07,207.0,208.25,207.0,206.0,689,10,False,-1.25,0.625,0.0,-43.75,162.25,-0.007645259938837912
2004-10-08,205.75,206.0,205.25,204.5,725,10,False,-1.5,-0.5,0.0,-43.75,160.75,-0.009244992295839749
2004-10-11,204.0,204.25,203.75,204.75,729,10,False,0.25,-1.875,0.0,-43.75,161.0,0.0015552099533437946
2004-10-12,204.5,204.75,204.0,202.5,1349,10,False,-2.25,1.5,0.0,-43.75,158.75,-0.013975155279503104
2004-10-13,202.5,204.0,202.0,205.25,1882,10,False,2.75,-1.625,0.0,-43.75,161.5,0.017322834645669305
2004-10-14,205.0,207.25,204.75,204.25,959,10,False,-1.0,2.625,0.0,-43.75,160.5,-0.006191950464396245
2004-10-15,204.0,204.75,203.0,206.75,1019,10,False,2.5,-1.875,0.0,-43.75,163.0,0.015576323987538832
2004-10-18,206.0,206.0,205.0,204.0,1342,10,False,-2.75,2.75,0.0,-43.75,160.25,-0.016871165644171793
2004-10-19,204.0,204.0,203.25,207.0,1048,10,False,3.0,-1.875,0.0,-43.75,163.25,0.018720748829953227
2004-10-20,206.75,207.5,206.5,206.0,556,10,False,-1.0,0.625,0.0,-43.75,162.25,-0.006125574272588086
2004-10-21,206.25,207.25,206.25,204.25,1392,10,False,-1.75,-1.75,0.0,-43.75,160.5,-0.01078582434514641
2004-10-22,204.25,204.5,203.0,201.75,1082,10,False,-2.5,0.875,0.0,-43.75,158.0,-0.015576323987538943
2004-10-25,201.5,202.5,201.0,205.25,1290,10,False,3.5,-0.5,0.0,-43.75,161.5,0.02215189873417711
2004-10-26,204.75,205.5,204.5,206.75,536,10,False,1.5,1.5,0.0,-43.75,163.0,0.009287925696594534
2004-10-27,206.5,207.0,205.75,206.25,579,10,False,-0.5,0.75,0.0,-43.75,162.5,-0.0030674846625766694
2004-10-28,206.0,207.25,206.0,206.25,919,10,False,0.0,-2.125,0.0,-43.75,162.5,0.0
2004-10-29,206.0,207.25,205.5,202.5,845,10,False,-3.75,-1.25,0.0,-43.75,158.75,-0.023076923076923106
2004-11-01,202.0,202.25,201.75,200.0,286,11,False,-2.5,-2.0,0.0,-43.75,156.25,-0.015748031496062964
2004-11-02,200.0,200.5,200.0,199.75,550,11,False,-0.25,-1.625,0.0,-43.75,156.0,-0.0016000000000000458
2004-11-03,199.75,200.0,199.5,199.0,1142,11,False,-0.75,-0.875,0.0,-43.75,155.25,-0.004807692307692291
2004-11-04,199.0,199.0,198.0,197.5,591,11,False,-1.5,0.625,0.0,-43.75,153.75,-0.009661835748792313
2004-11-05,197.75,198.0,197.25,199.5,1408,11,False,2.0,-1.5,0.0,-43.75,155.75,0.01300813008130075
2004-11-08,198.5,199.0,197.25,198.0,662,11,False,-1.5,1.0,0.0,-43.75,154.25,-0.009630818619582704
2004-11-09,198.0,198.0,197.5,198.0,489,11,False,0.0,-0.625,0.0,-43.75,154.25,0.0
2004-11-10,198.0,198.5,198.0,198.25,1667,11,False,0.25,-0.5,0.0,-43.75,154.5,0.0016207455429497752
2004-11-11,198.0,198.5,197.5,197.25,1269,11,False,-1.0,1.5,0.0,-43.75,153.5,-0.006472491909385147
2004-11-12,197.0,197.5,196.5,200.0,1622,11,False,2.75,0.75,0.0,-43.75,156.25,0.01791530944625408
2004-11-15,199.25,201.75,199.25,202.5,974,11,False,2.5,1.625,0.0,-43.75,158.75,0.016000000000000014
2004-11-16,202.25,203.0,202.0,203.0,1155,11,False,0.5,2.625,0.0,-43.75,159.25,0.0031496062992126816
2004-11-17,203.0,204.5,203.0,205.75,1086,11,False,2.75,-0.625,0.0,-43.75,162.0,0.017268445839874413
2004-11-18,205.25,205.75,205.0,204.0,392,11,False,-1.75,-1.0,0.0,-43.75,160.25,-0.010802469135802517
2004-11-19,203.5,204.0,203.25,199.25,637,11,False,-4.75,-1.75,0.0,-43.75,155.5,-0.029641185647425905
2004-11-22,199.5,200.5,199.5,197.5,1157,11,False,-1.75,-2.125,0.0,-43.75,153.75,-0.0112540192926045
2004-11-23,197.5,198.25,197.5,198.0,653,11,False,0.5,-1.0,0.0,-43.75,154.25,0.003252032520325132
2004-11-24,198.0,198.75,197.75,197.75,518,11,False,-0.25,-0.125,0.0,-43.75,154.0,-0.0016207455429497752
2004-11-26,197.75,199.0,197.75,197.0,400,11,False,-0.75,-2.0,0.0,-43.75,153.25,-0.004870129870129913
2004-11-29,197.0,197.0,196.5,193.25,1312,11,False,-3.75,-0.75,0.0,-43.75,149.5,-0.024469820554649302
2004-11-30,193.25,193.25,192.5,192.5,385,11,False,-0.75,-2.375,0.0,-43.75,148.75,-0.0050167224080267525
2004-12-01,192.5,193.75,192.5,191.5,373,12,True,-1.0,0.125,-1.125,-42.625,148.875,0.0008403361344537785
2004-12-02,191.5,192.5,191.5,192.5,59,12,False,1.0,1.375,0.0,-42.625,149.875,0.0067170445004198776
2004-12-03,192.75,194.0,192.75,196.25,35,12,False,3.75,1.25,0.0,-42.625,153.625,0.025020850708924014
2004-12-06,197.0,197.25,197.0,197.75,36,12,False,1.5,-0.125,0.0,-42.625,155.125,0.009764035801464566
2004-12-07,197.75,198.25,197.75,193.75,17,12,False,-4.0,1.625,0.0,-42.625,151.125,-0.025785656728444795
2004-12-08,193.5,193.5,193.5,195.5,65,12,False,1.75,-2.375,0.0,-42.625,152.875,0.011579818031431044
2004-12-09,197.75,197.75,195.0,194.75,16,12,False,-0.75,0.25,0.0,-42.625,152.125,-0.004905968928863413
2004-12-10,195.75,195.75,193.75,193.5,83,12,False,-1.25,1.5,0.0,-42.625,150.875,-0.008216926869350827
2004-12-13,193.75,193.75,193.75,197.25,33,12,False,3.75,-1.75,0.0,-42.625,154.625,0.024855012427506207
2004-12-14,197.5,197.5,196.0,195.0,985,12,False,-2.25,6.875,0.0,-42.625,152.375,-0.014551333872271588
2004-12-15,205.5,207.0,205.5,205.0,785,12,False,10.0,-1.875,0.0,-42.625,162.375,0.0656275635767023
2004-12-16,205.0,205.0,204.5,203.5,458,12,False,-1.5,5.5,0.0,-42.625,160.875,-0.009237875288683584
2004-12-17,203.25,203.5,202.5,204.5,1055,12,False,1.0,0.25,0.0,-42.625,161.875,0.0062160062160061536
2004-12-20,204.5,206.5,204.5,206.5,360,12,False,2.0,0.125,0.0,-42.625,163.875,0.01235521235521242
2004-12-21,206.0,206.0,205.25,205.75,1030,12,False,-0.75,0.875,0.0,-42.625,163.125,-0.004576659038901587
2004-12-22,205.25,205.5,204.75,205.5,162,12,False,-0.25,0.375,0.0,-42.625,162.875,-0.0015325670498084198
2004-12-23,205.25,205.75,205.25,207.0,1979,12,False,1.5,0.125,0.0,-42.625,164.375,0.009209516500383819
2004-12-27,206.75,208.25,206.75,207.5,555,12,False,0.5,0.5,0.0,-42.625,164.875,0.003041825095057016
2004-12-28,207.0,207.25,205.25,207.0,236,12,False,-0.5,-1.625,0.0,-42.625,164.375,-0.0030326004548900665
2004-12-29,206.75,206.75,206.25,203.25,421,12,False,-3.75,0.5,0.0,-42.625,160.625,-0.02281368821292773
2004-12-30,203.25,203.75,203.0,204.75,421,12,False,1.5,-1.875,0.0,-42.625,162.125,0.009338521400778177
2004-12-31,204.75,204.75,204.75,204.75,760,12,False,0.0,-0.75,0.0,-42.625,162.125,0.0
2005-01-03,203.5,203.5,203.0,201.75,1743,1,False,-3.0,-0.375,0.0,-42.625,159.125,-0.018504240555127227
2005-01-04,201.25,201.25,200.25,201.0,1357,1,False,-0.75,-1.25,0.0,-42.625,158.375,-0.004713275726630051
2005-01-05,201.0,201.25,200.5,201.5,1159,1,False,0.5,3.25,0.0,-42.625,158.875,0.0031570639305444903
2005-01-06,201.5,203.25,201.5,208.75,7093,1,False,7.25,-0.75,0.0,-42.625,166.125,0.045633359559402065
2005-01-07,207.5,208.75,207.5,206.75,1307,1,False,-2.0,3.625,0.0,-42.625,164.125,-0.012039127163280705
2005-01-10,206.5,206.5,204.5,206.75,998,1,False,0.0,-1.0,0.0,-42.625,164.125,0.0
2005-01-11,206.75,207.5,206.25,206.75,1091,1,False,0.0,-3.125,0.0,-42.625,164.125,0.0
2005-01-12,206.25,206.5,205.5,200.5,1427,1,False,-6.25,-0.25,0.0,-42.625,157.875,-0.03808073115003807
2005-01-13,200.5,201.0,199.5,200.0,1189,1,False,-0.5,-4.5,0.0,-42.625,157.375,-0.0031670625494854
2005-01-14,200.0,200.25,199.25,197.25,3171,1,False,-2.75,-0.875,0.0,-42.625,154.625,-0.017474185861795055
2005-01-18,197.5,197.5,195.25,196.0,867,1,False,-1.25,-1.0,0.0,-42.625,153.375,-0.00808407437348424
2005-01-19,196.0,196.5,196.0,196.75,594,1,False,0.75,-0.125,0.0,-42.625,154.125,0.004889975550122161
2005-01-20,196.75,197.25,196.5,197.75,401,1,False,1.0,0.0,0.0,-42.625,155.125,0.006488240064882467
2005-01-21,198.0,198.25,197.5,197.0,1033,1,False,-0.75,0.875,0.0,-42.625,154.375,-0.00483481063658342
2005-01-24,197.0,198.5,197.0,197.75,505,1,False,0.75,0.25,0.0,-42.625,155.125,0.004858299595141613
2005-01-25,197.5,198.0,197.25,199.0,1975,1,False,1.25,0.25,0.0,-42.625,156.375,0.008058017727639033
2005-01-26,199.0,199.75,198.75,198.75,829,1,False,-0.25,-0.875,0.0,-42.625,156.125,-0.001598721023181482
2005-01-27,198.0,198.25,197.5,195.75,1176,1,False,-3.0,-0.125,0.0,-42.625,153.125,-0.019215372297838318
2005-01-28,195.5,196.5,195.5,195.75,1612,1,False,0.0,-0.875,0.0,-42.625,153.125,0.0
2005-01-31,195.5,195.75,195.0,197.0,1051,1,False,1.25,0.0,0.0,-42.625,154.375,0.008163265306122547
2005-02-01,197.25,197.5,197.0,197.0,702,2,False,0.0,-0.25,0.0,-42.625,154.375,0.0
2005-02-02,196.5,196.75,196.0,195.25,525,2,False,-1.75,-0.125,0.0,-42.625,152.625,-0.011336032388663986
2005-02-03,195.0,195.5,194.75,195.0,386,2,False,-0.25,-0.875,0.0,-42.625,152.375,-0.0016380016380016515
2005-02-04,195.0,195.25,194.75,195.0,588,2,False,0.0,0.5,0.0,-42.625,152.375,0.0
2005-02-07,194.75,195.75,194.75,196.25,934,2,False,1.25,-0.75,0.0,-42.625,153.625,0.008203445447087843
2005-02-08,196.0,196.75,196.0,194.75,879,2,False,-1.5,0.75,0.0,-42.625,152.125,-0.009764035801464566
2005-02-09,194.5,194.75,194.0,195.0,830,2,False,0.25,0.875,0.0,-42.625,152.375,0.0016433853738702098
2005-02-10,195.25,196.5,195.25,198.25,875,2,False,3.25,0.125,0.0,-42.625,155.625,0.021328958162428302
2005-02-11,197.75,198.5,197.5,198.25,2785,2,False,0.0,2.75,0.0,-42.625,155.625,0.0
2005-02-14,198.0,200.75,198.0,200.5,1029,2,False,2.25,-0.25,0.0,-42.625,157.875,0.014457831325301207
2005-02-15,200.25,200.5,200.0,200.0,930,2,False,-0.5,-0.375,0.0,-42.625,157.375,-0.0031670625494854
2005-02-16,199.75,200.0,198.75,197.0,1193,2,False,-3.0,0.875,0.0,-42.625,154.375,-0.019062748212867353
2005-02-17,197.0,198.25,196.75,199.25,998,2,False,2.25,-1.125,0.0,-42.625,156.625,0.014574898785425061
2005-02-18,198.75,200.0,198.5,200.0,2883,2,False,0.75,4.875,0.0,-42.625,157.375,0.004788507581803714
2005-02-22,200.25,204.0,200.25,207.5,863,2,False,7.5,-0.5,0.0,-42.625,164.875,0.047656870532168494
2005-02-23,205.5,205.5,204.5,205.75,820,2,False,-1.75,3.75,0.0,-42.625,163.125,-0.010614101592115288
2005-02-24,205.75,206.0,205.0,205.75,1268,2,False,0.0,2.0,0.0,-42.625,163.125,0.0
2005-02-25,205.0,208.25,205.0,211.5,915,2,False,5.75,1.5,0.0,-42.625,168.875,0.03524904214559377
2005-02-28,210.75,215.5,210.75,214.5,441,2,False,3.0,1.125,0.0,-42.625,171.875,0.0177646188008882
2005-03-01,211.5,211.75,210.25,211.0,9,3,True,-3.5,1.125,-4.625,-38.0,173.0,0.006545454545454632
2005-03-02,210.0,210.75,210.0,210.25,212,3,False,-0.75,-2.125,0.0,-38.0,172.25,-0.00433526011560692
2005-03-03,209.25,209.25,208.0,209.5,348,3,False,-0.75,-0.625,0.0,-38.0,171.5,-0.004354136429608135
2005-03-04,209.0,210.0,208.0,209.0,66,3,False,-0.5,-2.125,0.0,-38.0,171.0,-0.002915451895043719
2005-03-07,208.0,210.0,208.0,205.5,65,3,False,-3.5,0.375,0.0,-38.0,167.5,-0.020467836257309968
2005-03-08,205.0,205.0,204.5,206.75,78,3,False,1.25,-0.5,0.0,-38.0,168.75,0.00746268656716409
2005-03-09,206.75,207.75,206.75,209.25,42,3,False,2.5,2.25,0.0,-38.0,171.25,0.014814814814814836
2005-03-10,208.5,208.5,207.0,212.5,42,3,False,3.25,3.75,0.0,-38.0,174.5,0.01897810218978102
2005-03-11,217.5,217.5,217.5,217.5,2,3,False,5.0,0.125,0.0,-38.0,179.5,0.02865329512893977
2005-03-14,215.75,215.75,214.25,214.5,2819,3,False,-3.0,9.5,0.0,-38.0,176.5,-0.01671309192200554
2005-03-15,221.0,225.75,220.75,228.5,2985,3,False,14.0,-3.0,0.0,-38.0,190.5,0.07932011331444766
2005-03-16,228.0,229.75,227.75,225.5,2897,3,False,-3.0,6.0,0.0,-38.0,187.5,-0.015748031496062964
2005-03-17,225.25,226.25,221.0,223.5,2679,3,False,-2.0,-3.375,0.0,-38.0,185.5,-0.010666666666666713
2005-03-18,223.75,225.5,222.75,219.75,1046,3,False,-3.75,-3.625,0.0,-38.0,181.75,-0.020215633423180557
2005-03-21,218.75,219.5,217.5,214.5,1016,3,False,-5.25,-2.125,0.0,-38.0,176.5,-0.028885832187070193
2005-03-22,214.75,215.5,214.5,214.0,3881,3,False,-0.5,-4.25,0.0,-38.0,176.0,-0.0028328611898017497
2005-03-23,214.0,214.0,210.25,210.75,1220,3,False,-3.25,-0.375,0.0,-38.0,172.75,-0.01846590909090906
2005-03-24,210.75,210.75,209.5,210.5,933,3,False,-0.25,-0.5,0.0,-38.0,172.5,-0.0014471780028944004
2005-03-28,210.0,210.5,209.25,212.75,568,3,False,2.25,0.0,0.0,-38.0,174.75,0.01304347826086949
2005-03-29,212.25,212.75,211.75,213.0,792,3,False,0.25,0.875,0.0,-38.0,175.0,0.0014306151645206988
2005-03-30,212.75,214.0,212.75,212.5,915,3,False,-0.5,0.375,0.0,-38.0,174.5,-0.0028571428571428914
2005-03-31,212.0,212.75,210.75,213.0,1856,3,False,0.5,-0.375,0.0,-38.0,175.0,0.002865329512893977
2005-04-01,213.75,214.5,212.75,212.75,760,4,False,-0.25,-1.25,0.0,-38.0,174.75,-0.0014285714285714457
2005-04-04,212.0,213.0,211.25,209.75,693,4,False,-3.0,-2.25,0.0,-38.0,171.75,-0.01716738197424894
2005-04-05,209.75,209.75,209.0,205.5,464,4,False,-4.25,-0.625,0.0,-38.0,167.5,-0.024745269286754024
2005-04-06,205.75,206.0,205.5,207.25,799,4,False,1.75,-3.0,0.0,-38.0,169.25,0.010447761194029903
2005-04-07,207.0,208.0,207.0,205.5,623,4,False,-1.75,0.125,0.0,-38.0,167.5,-0.010339734121122546
2005-04-08,205.75,206.5,205.25,204.0,873,4,False,-1.5,0.0,0.0,-38.0,166.0,-0.008955223880596996
2005-04-11,204.0,205.25,204.0,205.75,3102,4,False,1.75,-0.25,0.0,-38.0,167.75,0.010542168674698704
2005-04-12,206.0,208.0,206.0,206.75,657,4,False,1.0,0.375,0.0,-38.0,168.75,0.005961251862891315
2005-04-13,206.5,206.75,205.75,205.75,718,4,False,-1.0,1.375,0.0,-38.0,167.75,-0.00592592592592589
2005-04-14,206.5,206.75,206.0,207.5,706,4,False,1.75,-1.125,0.0,-38.0,169.5,0.010432190760059523
2005-04-15,207.25,208.25,207.25,206.25,766,4,False,-1.25,-0.125,0.0,-38.0,168.25,-0.007374631268436627
2005-04-18,206.25,206.25,204.75,204.25,364,4,False,-2.0,2.0,0.0,-38.0,166.25,-0.011887072808320909
2005-04-19,204.75,205.25,204.5,209.5,966,4,False,5.25,-0.375,0.0,-38.0,171.5,0.03157894736842115
2005-04-20,209.0,210.5,208.75,210.75,723,4,False,1.25,2.875,0.0,-38.0,172.75,0.007288629737609353
2005-04-21,210.5,211.5,209.5,211.25,222,4,False,0.5,-0.375,0.0,-38.0,173.25,0.0028943560057888007
2005-04-22,210.75,211.25,210.5,209.25,983,4,False,-2.0,2.25,0.0,-38.0,171.25,-0.011544011544011523
2005-04-25,210.25,214.75,210.25,213.25,319,4,False,4.0,-1.125,0.0,-38.0,175.25,0.023357664233576658
2005-04-26,212.25,213.5,212.25,213.0,403,4,False,-0.25,-0.375,0.0,-38.0,175.0,-0.0014265335235378318
2005-04-27,213.0,213.75,213.0,208.25,307,4,False,-4.75,-2.0,0.0,-38.0,170.25,-0.027142857142857135
2005-04-28,208.25,210.0,208.25,204.5,737,4,False,-3.75,-2.25,0.0,-38.0,166.5,-0.022026431718061623
2005-04-29,204.5,205.0,204.25,204.75,564,4,False,0.25,-4.0,0.0,-38.0,166.75,0.0015015015015014122
2005-05-02,205.0,205.0,202.0,200.5,37,5,True,-4.25,-1.625,-2.625,-35.375,165.125,-0.009745127436281864
2005-05-03,201.25,201.25,200.0,197.0,9,5,False,-3.5,-1.625,0.0,-35.375,161.625,-0.021196063588190817
2005-05-04,197.0,197.25,197.0,198.0,153,5,False,1.0,-0.875,0.0,-35.375,162.625,0.006187161639597871
2005-05-05,200.0,200.0,200.0,199.75,39,5,False,1.75,0.875,0.0,-35.375,164.375,0.010760953112989968
2005-05-06,200.0,200.0,198.75,200.5,10,5,False,0.75,0.5,0.0,-35.375,165.125,0.004562737642585635
2005-05-09,201.5,201.5,201.5,199.75,11,5,False,-0.75,0.625,0.0,-35.375,164.375,-0.004542013626040897
2005-05-10,200.25,200.25,200.25,200.25,11,5,False,0.5,-1.375,0.0,-35.375,164.875,0.003041825095057016
2005-05-11,198.25,198.25,198.25,198.25,17,5,False,-2.0,-0.75,0.0,-35.375,162.875,-0.012130401819560266
2005-05-12,198.0,198.0,198.0,196.25,17,5,False,-2.0,-1.5,0.0,-35.375,160.875,-0.012279355333844943
2005-05-13,195.25,195.25,195.25,195.25,1159,5,False,-1.0,4.875,0.0,-35.375,159.875,-0.006216006216006265
2005-05-16,204.0,205.75,204.0,207.0,2258,5,False,11.75,-0.25,0.0,-35.375,171.625,0.07349491790461293
2005-05-17,207.25,207.75,206.0,207.5,586,5,False,0.5,7.5,0.0,-35.375,172.125,0.0029133284777858037
2005-05-18,207.5,208.0,206.75,210.75,2424,5,False,3.25,-0.375,0.0,-35.375,175.375,0.01888162672476401
2005-05-19,210.75,212.5,210.25,209.5,1128,5,False,-1.25,3.5,0.0,-35.375,174.125,-0.0071275837491090455
2005-05-20,208.75,211.25,208.75,213.25,3051,5,False,3.75,5.0,0.0,-35.375,177.875,0.02153625269203152
2005-05-23,214.0,217.25,214.0,224.5,4699,5,False,11.25,0.25,0.0,-35.375,189.125,0.06324666198172868
2005-05-24,223.0,223.5,221.25,221.25,2236,5,False,-3.25,6.375,0.0,-35.375,185.875,-0.017184401850627862
2005-05-25,220.75,223.0,220.75,222.75,834,5,False,1.5,-0.5,0.0,-35.375,187.375,0.00806993947545398
2005-05-26,222.0,222.75,220.75,225.0,4868,5,False,2.25,-1.125,0.0,-35.375,189.625,0.01200800533689117
2005-05-27,225.0,227.0,222.5,221.25,4972,5,False,-3.75,1.5,0.0,-35.375,185.875,-0.019775873434410007
2005-05-31,226.0,228.0,226.0,222.0,1942,5,False,0.75,-0.625,0.0,-35.375,186.625,0.004034969737726879
2005-06-01,221.25,222.0,220.25,224.5,2138,6,False,2.5,-3.375,0.0,-35.375,189.125,0.013395847287341
2005-06-02,223.0,223.75,220.25,217.0,2803,6,False,-7.5,1.875,0.0,-35.375,181.625,-0.03965631196298747
2005-06-03,216.5,218.5,215.25,218.25,4651,6,False,1.25,-2.5,0.0,-35.375,182.875,0.006882312456985451
2005-06-06,220.75,224.0,220.75,220.75,2515,6,False,2.5,0.375,0.0,-35.375,185.375,0.0136705399863295
2005-06-07,219.25,222.75,218.75,220.25,3645,6,False,-0.5,-0.875,0.0,-35.375,184.875,-0.0026972353337828547
2005-06-08,218.75,219.25,217.25,216.0,3120,6,False,-4.25,-0.5,0.0,-35.375,180.625,-0.02298850574712641
2005-06-09,213.25,214.5,212.5,215.5,1106,6,False,-0.5,-4.875,0.0,-35.375,180.125,-0.0027681660899654403
2005-06-10,215.0,216.5,214.5,210.0,3192,6,False,-5.5,2.25,0.0,-35.375,174.625,-0.03053435114503822
2005-06-13,211.75,214.0,211.5,215.0,3055,6,False,5.0,-0.75,0.0,-35.375,179.625,0.02863278453829632
2005-06-14,213.0,214.5,212.25,219.0,2258,6,False,4.0,5.125,0.0,-35.375,183.625,0.022268615170494055
2005-06-15,219.0,222.25,218.25,224.25,1788,6,False,5.25,2.75,0.0,-35.375,188.875,0.028590878148400334
2005-06-16,223.75,226.75,223.75,225.75,2133,6,False,1.5,4.25,0.0,-35.375,190.375,0.00794176042356054
2005-06-17,225.25,228.5,225.0,229.0,7407,6,False,3.25,4.0,0.0,-35.375,193.625,0.01707156927117537
2005-06-20,231.25,235.25,231.0,235.5,2895,6,False,6.5,0.0,0.0,-35.375,200.125,0.033570045190445486
2005-06-21,234.0,235.0,231.0,232.25,2076,6,False,-3.25,1.875,0.0,-35.375,196.875,-0.016239850093691444
2005-06-22,232.5,237.5,232.5,229.5,1827,6,False,-2.75,-3.125,0.0,-35.375,194.125,-0.013968253968253963
2005-06-23,229.0,230.5,228.5,226.5,3683,6,False,-3.0,1.75,0.0,-35.375,191.125,-0.015453960077269846
2005-06-24,226.25,230.0,225.5,232.75,3917,6,False,6.25,-7.125,0.0,-35.375,197.375,0.03270111183780244
2005-06-27,233.25,233.5,226.0,221.5,842,6,False,-11.25,1.625,0.0,-35.375,186.125,-0.05699810006333117
2005-06-28,222.0,222.25,217.5,218.5,450,6,False,-3.0,-6.625,0.0,-35.375,183.125,-0.016118200134318306
2005-06-29,218.25,221.0,218.25,216.5,717,6,False,-2.0,-3.625,0.0,-35.375,181.125,-0.010921501706484649
2005-06-30,216.25,216.25,213.75,212.25,258,6,False,-4.25,1.125,0.0,-35.375,176.875,-0.02346445824706689
2005-07-01,215.0,215.0,214.25,216.5,190,7,True,4.25,5.125,-0.875,-34.5,182.0,0.028975265017667784
2005-07-05,220.25,221.0,219.5,231.0,495,7,False,14.5,2.0,0.0,-34.5,196.5,0.07967032967032961
2005-07-06,231.0,232.0,231.0,230.75,59,7,False,-0.25,8.75,0.0,-34.5,196.25,-0.0012722646310432406
2005-07-07,229.0,229.0,226.0,233.75,6,7,False,3.0,-3.875,0.0,-34.5,199.25,0.015286624203821653
2005-07-08,233.75,233.75,229.0,226.25,4,7,False,-7.5,1.75,0.0,-34.5,191.75,-0.03764115432873272
2005-07-11,223.75,223.75,223.75,226.75,3,7,False,0.5,-3.625,0.0,-34.5,192.25,0.0026075619295957697
2005-07-12,226.5,226.5,226.5,227.0,45,7,False,0.25,5.375,0.0,-34.5,192.5,0.0013003901170351995
2005-07-13,225.0,225.0,225.0,237.25,7,7,False,10.25,4.125,0.0,-34.5,202.75,0.05324675324675332
2005-07-14,237.0,239.5,237.0,245.25,1071,7,False,8.0,11.375,0.0,-34.5,210.75,0.039457459926017346
2005-07-15,249.5,253.0,248.5,257.75,3851,7,False,12.5,5.125,0.0,-34.5,223.25,0.059311981020166105
2005-07-18,260.0,263.25,251.75,260.0,1063,7,False,2.25,0.5,0.0,-34.5,225.5,0.010078387458006821
2005-07-19,258.5,260.0,258.0,248.5,956,7,False,-11.5,-2.375,0.0,-34.5,214.0,-0.0509977827050998
2005-07-20,248.0,249.0,241.5,241.5,1390,7,False,-7.0,-9.5,0.0,-34.5,207.0,-0.032710280373831724
2005-07-21,241.75,243.0,235.25,234.0,1493,7,False,-7.5,-3.75,0.0,-34.5,199.5,-0.036231884057971064
2005-07-22,234.25,238.0,234.0,233.5,1449,7,False,-0.5,-5.25,0.0,-34.5,199.0,-0.0025062656641604564
2005-07-25,233.75,234.25,230.0,230.5,484,7,False,-3.0,1.625,0.0,-34.5,196.0,-0.015075376884422065
2005-07-26,231.5,235.0,230.75,234.25,527,7,False,3.75,-0.375,0.0,-34.5,199.75,0.01913265306122458
2005-07-27,233.25,235.5,232.0,236.5,652,7,False,2.25,4.125,0.0,-34.5,202.0,0.01126408010012514
2005-07-28,236.5,240.0,236.5,241.0,557,7,False,4.5,-1.125,0.0,-34.5,206.5,0.022277227722772297
2005-07-29,241.0,243.0,240.5,236.5,1175,7,False,-4.5,-0.125,0.0,-34.5,202.0,-0.021791767554479424
2005-08-01,238.0,239.5,233.5,231.75,932,8,False,-4.75,-1.875,0.0,-34.5,197.25,-0.023514851485148536
2005-08-02,233.75,235.5,233.75,232.5,577,8,False,0.75,-5.125,0.0,-34.5,198.0,0.0038022813688212143
2005-08-03,232.5,232.5,229.0,227.0,1109,8,False,-5.5,-0.875,0.0,-34.5,192.5,-0.02777777777777779
2005-08-04,227.0,227.0,224.25,224.5,709,8,False,-2.5,-4.75,0.0,-34.5,190.0,-0.012987012987012991
2005-08-05,224.5,226.25,223.75,220.5,758,8,False,-4.0,-0.5,0.0,-34.5,186.0,-0.021052631578947323
2005-08-08,225.75,227.0,224.5,222.0,1225,8,False,1.5,-3.625,0.0,-34.5,187.5,0.008064516129032251
2005-08-09,222.5,223.0,219.25,218.75,784,8,False,-3.25,2.875,0.0,-34.5,184.25,-0.01733333333333331
2005-08-10,219.0,220.5,218.75,223.0,1538,8,False,4.25,-0.625,0.0,-34.5,188.5,0.023066485753052923
2005-08-11,223.0,225.0,223.0,225.0,1360,8,False,2.0,-1.5,0.0,-34.5,190.5,0.010610079575596787
2005-08-12,224.25,225.0,223.25,217.75,1674,8,False,-7.25,-2.625,0.0,-34.5,183.25,-0.03805774278215224
2005-08-15,217.25,217.5,214.0,210.5,399,8,False,-7.25,-4.125,0.0,-34.5,176.0,-0.0395634379263301
2005-08-16,210.5,211.5,210.25,209.5,387,8,False,-1.0,-1.875,0.0,-34.5,175.0,-0.005681818181818232
2005-08-17,209.25,210.25,209.0,213.0,351,8,False,3.5,-1.375,0.0,-34.5,178.5,0.020000000000000018
2005-08-18,212.75,214.25,212.5,211.25,391,8,False,-1.75,1.25,0.0,-34.5,176.75,-0.009803921568627416
2005-08-19,211.25,211.25,210.0,210.25,114,8,False,-1.0,0.25,0.0,-34.5,175.75,-0.005657708628005631
2005-08-22,210.75,212.0,210.25,212.5,343,8,False,2.25,-1.5,0.0,-34.5,178.0,0.012802275960170695
2005-08-23,212.75,215.75,212.75,210.5,301,8,False,-2.0,0.25,0.0,-34.5,176.0,-0.011235955056179803
2005-08-24,210.5,210.5,209.5,208.75,505,8,False,-1.75,-2.25,0.0,-34.5,174.25,-0.009943181818181768
2005-08-25,208.5,208.75,208.0,206.25,369,8,False,-2.5,-2.125,0.0,-34.5,171.75,-0.01434720229555242
2005-08-26,206.0,206.5,205.75,203.75,1845,8,False,-2.5,-0.75,0.0,-34.5,169.25,-0.01455604075691408
2005-08-29,203.75,208.75,203.75,204.75,807,8,False,1.0,-1.875,0.0,-34.5,170.25,0.005908419497784312
2005-08-30,204.25,204.25,203.25,203.5,1184,8,False,-1.25,-0.5,0.0,-34.5,169.0,-0.007342143906020504
2005-08-31,203.0,204.5,203.0,201.5,145,8,False,-2.0,2.5,0.0,-34.5,167.0,-0.011834319526627168
2005-09-01,201.5,204.0,201.5,207.75,54,9,True,6.25,-3.125,9.375,-43.875,163.875,-0.018712574850299424
2005-09-02,207.75,208.75,207.5,203.5,209,9,False,-4.25,5.125,0.0,-43.875,159.625,-0.025934401220442438
2005-09-06,203.5,204.5,203.5,207.5,209,9,False,4.0,-3.75,0.0,-43.875,163.625,0.025058731401722767
2005-09-07,204.25,204.25,204.25,204.25,107,9,False,-3.25,1.25,0.0,-43.875,160.375,-0.019862490450725745
2005-09-08,203.75,204.5,203.75,202.75,37,9,False,-1.5,-1.5,0.0,-43.875,158.875,-0.009353078721745955
2005-09-09,204.0,204.0,204.0,203.0,10,9,False,0.25,-3.0,0.0,-43.875,159.125,0.0015735641227379027
2005-09-12,203.0,203.0,203.0,198.5,67,9,False,-4.5,0.125,0.0,-43.875,154.625,-0.028279654359780082
2005-09-13,200.0,200.0,198.75,198.5,1,9,False,0.0,-4.0,0.0,-43.875,154.625,0.0
2005-09-14,197.5,197.5,197.5,195.0,2067,9,False,-3.5,5.75,0.0,-43.875,151.125,-0.022635408245755828
2005-09-15,207.5,207.75,206.25,206.5,729,9,False,11.5,-1.875,0.0,-43.875,162.625,0.07609594706368905
2005-09-16,206.0,206.5,206.0,206.25,588,9,False,-0.25,5.75,0.0,-43.875,162.375,-0.001537279016141424
2005-09-19,205.75,206.5,205.5,206.25,1043,9,False,0.0,0.125,0.0,-43.875,162.375,0.0
2005-09-20,206.25,207.0,206.0,206.75,682,9,False,0.5,-0.125,0.0,-43.875,162.875,0.003079291762894565
2005-09-21,206.75,206.75,206.25,206.5,1896,9,False,-0.25,1.125,0.0,-43.875,162.625,-0.0015349194167306734
2005-09-22,206.5,207.0,205.5,208.25,590,9,False,1.75,-0.625,0.0,-43.875,164.375,0.010760953112989968
2005-09-23,208.0,209.0,207.75,207.25,574,9,False,-1.0,-0.5,0.0,-43.875,163.375,-0.006083650190114032
2005-09-26,206.5,207.0,206.5,204.5,530,9,False,-2.75,-1.125,0.0,-43.875,160.625,-0.016832440703902107
2005-09-27,204.5,204.5,204.0,203.25,464,9,False,-1.25,-1.375,0.0,-43.875,159.375,-0.0077821011673151474
2005-09-28,203.0,203.5,203.0,203.25,854,9,False,0.0,-0.5,0.0,-43.875,159.375,0.0
2005-09-29,203.5,204.0,203.25,203.5,678,9,False,0.25,1.0,0.0,-43.875,159.625,0.0015686274509802978
2005-09-30,203.25,204.25,203.0,205.5,1737,9,False,2.0,1.75,0.0,-43.875,161.625,0.012529365700861383
2005-10-03,205.25,207.0,205.0,208.75,2323,10,False,3.25,-0.5,0.0,-43.875,164.875,0.02010827532869297
2005-10-04,207.75,208.25,206.5,205.75,1506,10,False,-3.0,1.125,0.0,-43.875,161.875,-0.0181956027293404
2005-10-05,205.75,207.75,205.5,204.75,996,10,False,-1.0,-1.75,0.0,-43.875,160.875,-0.00617760617760621
2005-10-06,204.75,206.75,204.75,204.25,620,10,False,-0.5,-1.375,0.0,-43.875,160.375,-0.0031080031080030768
2005-10-07,204.25,205.0,204.25,202.5,660,10,False,-1.75,-0.5,0.0,-43.875,158.625,-0.010911925175370207
2005-10-10,202.5,202.75,202.0,202.0,1470,10,False,-0.5,-0.625,0.0,-43.875,158.125,-0.0031520882584712417
2005-10-11,202.0,204.5,201.75,202.5,2079,10,False,0.5,1.375,0.0,-43.875,158.625,0.003162055335968361
2005-10-12,202.5,203.5,201.75,205.75,1980,10,False,3.25,-0.875,0.0,-43.875,161.875,0.02048857368006307
2005-10-13,205.0,205.5,204.25,203.5,789,10,False,-2.25,1.625,0.0,-43.875,159.625,-0.013899613899613916
2005-10-14,203.0,203.75,202.75,203.5,823,10,False,0.0,-1.0,0.0,-43.875,159.625,0.0
2005-10-17,203.0,203.5,202.5,203.75,1337,10,False,0.25,-0.875,0.0,-43.875,159.875,0.001566170712607784
2005-10-18,203.25,204.25,202.75,202.0,666,10,False,-1.75,0.0,0.0,-43.875,158.125,-0.0109460516028147
2005-10-19,202.0,202.25,201.75,201.75,1898,10,False,-0.25,-0.375,0.0,-43.875,157.875,-0.0015810276679841806
2005-10-20,201.75,202.0,201.0,202.75,1481,10,False,1.0,-0.75,0.0,-43.875,158.875,0.0063341250989708
2005-10-21,202.25,202.5,201.25,201.5,1095,10,False,-1.25,-0.5,0.0,-43.875,157.625,-0.007867820613689958
2005-10-24,201.25,201.25,200.75,199.5,1455,10,False,-2.0,-0.625,0.0,-43.875,155.625,-0.012688342585249757
2005-10-25,199.5,199.5,199.0,199.5,850,10,False,0.0,-1.625,0.0,-43.875,155.625,0.0
2005-10-26,199.0,199.5,199.0,198.25,557,10,False,-1.25,-0.25,0.0,-43.875,154.375,-0.008032128514056214
2005-10-27,198.25,198.5,198.0,197.75,1007,10,False,-0.5,-1.0,0.0,-43.875,153.875,-0.0032388663967611864
2005-10-28,197.5,198.25,197.5,197.0,636,10,False,-0.75,-0.625,0.0,-43.875,153.125,-0.004874086108854536
2005-10-31,197.0,197.25,196.75,196.25,2138,10,False,-0.75,-0.125,0.0,-43.875,152.375,-0.004897959183673417
2005-11-01,196.25,196.75,196.0,196.75,1630,11,False,0.5,-0.75,0.0,-43.875,152.875,0.003281378178835004
2005-11-02,196.25,196.5,195.5,196.0,978,11,False,-0.75,0.375,0.0,-43.875,152.125,-0.004905968928863413
2005-11-03,196.0,197.0,196.0,196.25,951,11,False,0.25,-0.75,0.0,-43.875,152.375,0.0016433853738702098
2005-11-04,196.25,197.0,196.25,195.5,886,11,False,-0.75,-0.25,0.0,-43.875,151.625,-0.004922067268252617
2005-11-07,195.25,195.5,195.0,194.75,1012,11,False,-0.75,-0.125,0.0,-43.875,150.875,-0.004946413849958753
2005-11-08,194.5,195.25,194.25,195.25,1179,11,False,0.5,-0.375,0.0,-43.875,151.375,0.003314001657000798
2005-11-09,195.0,195.5,194.75,195.25,2847,11,False,0.0,-0.5,0.0,-43.875,151.375,0.0
2005-11-10,195.0,195.5,194.75,193.75,397,11,False,-1.5,0.875,0.0,-43.875,149.875,-0.009909165978530088
2005-11-11,193.75,194.0,193.5,195.5,1739,11,False,1.75,-0.125,0.0,-43.875,151.625,0.011676396997498006
2005-11-14,195.75,197.75,195.75,196.75,746,11,False,1.25,0.375,0.0,-43.875,152.875,0.008244023083264551
2005-11-15,196.5,197.5,196.5,195.75,463,11,False,-1.0,-0.875,0.0,-43.875,151.875,-0.006541291905151292
2005-11-16,195.75,196.5,195.5,192.75,1489,11,False,-3.0,-0.75,0.0,-43.875,148.875,-0.01975308641975304
2005-11-17,192.5,192.75,192.0,192.25,744,11,False,-0.5,-2.0,0.0,-43.875,148.375,-0.0033585222502099388
2005-11-18,192.0,192.0,191.25,191.25,579,11,False,-1.0,-0.125,0.0,-43.875,147.375,-0.006739679865206405
2005-11-21,191.25,192.0,191.25,191.5,830,11,False,0.25,-0.5,0.0,-43.875,147.625,0.0016963528413909135
2005-11-22,191.5,192.75,191.25,191.5,2023,11,False,0.0,-0.25,0.0,-43.875,147.625,0.0
2005-11-23,191.5,191.5,191.25,190.75,2023,11,False,-0.75,0.0,0.0,-43.875,146.875,-0.005080440304826461
2005-11-24,190.75,190.75,190.75,190.75,370,11,False,0.0,-0.875,0.0,-43.875,146.875,0.0
2005-11-25,190.75,191.25,190.25,189.75,2291,11,False,-1.0,-1.0,0.0,-43.875,145.875,-0.006808510638297904
2005-11-28,190.0,190.25,188.5,187.75,2115,11,False,-2.0,-1.25,0.0,-43.875,143.875,-0.013710368466152478
2005-11-29,187.75,188.0,186.75,186.25,988,11,False,-1.5,-0.375,0.0,-43.875,142.375,-0.010425716768027837
2005-11-30,186.25,187.0,185.75,187.5,189,11,False,1.25,0.125,0.0,-43.875,143.625,0.008779631255487308
2005-12-01,188.0,189.25,188.0,189.25,246,12,True,1.75,0.875,0.875,-44.75,144.5,0.006092254134029584
2005-12-02,189.0,190.25,188.75,189.75,168,12,False,0.5,2.75,0.0,-44.75,145.0,0.0034602076124568004
2005-12-05,189.75,190.75,189.25,193.5,89,12,False,3.75,-1.125,0.0,-44.75,148.75,0.02586206896551735
2005-12-06,193.0,193.5,193.0,190.75,24,12,False,-2.75,0.0,0.0,-44.75,146.0,-0.01848739495798324
2005-12-07,190.0,190.5,190.0,187.0,22,12,False,-3.75,-0.75,0.0,-44.75,142.25,-0.025684931506849362
2005-12-08,187.0,188.0,187.0,188.25,97,12,False,1.25,-1.125,0.0,-44.75,143.5,0.008787346221441172
2005-12-09,188.0,189.5,188.0,189.75,37,12,False,1.5,2.875,0.0,-44.75,145.0,0.010452961672473782
2005-12-12,190.75,192.0,190.75,194.25,37,12,False,4.5,1.375,0.0,-44.75,149.5,0.03103448275862064
2005-12-13,195.5,195.5,195.5,195.5,0,12,False,1.25,1.625,0.0,-44.75,150.75,0.008361204013378032
2005-12-14,194.25,194.25,194.25,194.25,573,12,False,-1.25,5.875,0.0,-44.75,149.5,-0.008291873963515717
2005-12-15,206.5,206.75,206.0,204.75,1449,12,False,10.5,0.75,0.0,-44.75,160.0,0.07023411371237454
2005-12-16,204.5,206.25,204.0,207.5,1548,12,False,2.75,5.875,0.0,-44.75,162.75,0.01718749999999991
2005-12-19,207.0,209.0,207.0,208.75,1881,12,False,1.25,1.875,0.0,-44.75,164.0,0.007680491551459223
2005-12-20,208.5,209.5,208.25,209.75,1229,12,False,1.0,0.75,0.0,-44.75,165.0,0.0060975609756097615
2005-12-21,209.25,209.25,208.5,210.0,2481,12,False,0.25,1.875,0.0,-44.75,165.25,0.0015151515151514694
2005-12-22,209.5,211.0,209.5,212.75,1381,12,False,2.75,0.75,0.0,-44.75,168.0,0.016641452344931862
2005-12-23,212.5,212.75,212.0,214.0,3407,12,False,1.25,2.125,0.0,-44.75,169.25,0.007440476190476275
2005-12-27,213.25,215.5,213.25,215.5,1376,12,False,1.5,1.0,0.0,-44.75,170.75,0.008862629246676468
2005-12-28,215.0,215.75,215.0,216.25,1312,12,False,0.75,-1.875,0.0,-44.75,171.5,0.004392386530014614
2005-12-29,216.0,216.0,215.25,211.0,1671,12,False,-5.25,2.75,0.0,-44.75,166.25,-0.030612244897959218
2005-12-30,210.75,211.25,210.25,215.75,4756,12,False,4.75,-0.5,0.0,-44.75,171.0,0.02857142857142847
2006-01-03,215.25,218.0,215.0,220.0,2672,1,False,4.25,1.5,0.0,-44.75,175.25,0.024853801169590684
2006-01-04,219.0,219.5,218.75,218.25,1703,1,False,-1.75,0.75,0.0,-44.75,173.5,-0.0099857346647646
2006-01-05,218.0,218.0,216.75,215.5,1097,1,False,-2.75,-1.5,0.0,-44.75,170.75,-0.015850144092218965
2006-01-06,215.0,216.5,214.75,214.25,3455,1,False,-1.25,-3.0,0.0,-44.75,169.5,-0.007320644216691097
2006-01-09,213.0,213.0,211.5,211.0,2717,1,False,-3.25,0.5,0.0,-44.75,166.25,-0.019174041297935096
2006-01-10,211.5,213.25,211.5,213.25,1500,1,False,2.25,-1.0,0.0,-44.75,168.5,0.013533834586466176
2006-01-11,213.0,214.0,212.75,214.5,2310,1,False,1.25,0.25,0.0,-44.75,169.75,0.007418397626112849
2006-01-12,214.0,214.0,212.75,212.75,1444,1,False,-1.75,1.0,0.0,-44.75,168.0,-0.010309278350515427
2006-01-13,212.75,213.0,211.75,213.5,1779,1,False,0.75,-3.25,0.0,-44.75,168.75,0.0044642857142858094
2006-01-17,210.25,213.5,212.25,208.75,2882,1,False,-4.75,-1.125,0.0,-44.75,164.0,-0.028148148148148144
2006-01-18,208.75,208.75,206.75,205.75,1292,1,False,-3.0,-2.75,0.0,-44.75,161.0,-0.018292682926829285
2006-01-19,206.0,206.75,205.75,205.0,919,1,False,-0.75,-1.5,0.0,-44.75,160.25,-0.004658385093167738
2006-01-20,205.0,205.75,205.0,205.0,3265,1,False,0.0,1.25,0.0,-44.75,160.25,0.0
2006-01-23,204.75,207.0,204.75,208.25,1010,1,False,3.25,2.5,0.0,-44.75,163.5,0.020280811232449292
2006-01-24,208.5,209.0,208.0,213.25,4639,1,False,5.0,3.25,0.0,-44.75,168.5,0.030581039755351647
2006-01-25,212.5,214.5,212.5,216.5,2308,1,False,3.25,2.75,0.0,-44.75,171.75,0.01928783382789323
2006-01-26,215.5,215.75,214.5,217.0,3797,1,False,0.5,2.5,0.0,-44.75,172.25,0.0029112081513829047
2006-01-27,216.25,218.25,216.25,218.75,6283,1,False,1.75,-0.25,0.0,-44.75,174.0,0.010159651669085612
2006-01-30,218.25,222.0,218.0,217.75,2030,1,False,-1.0,1.375,0.0,-44.75,173.0,-0.005747126436781658
2006-01-31,217.25,218.0,216.5,218.75,4187,1,False,1.0,-1.625,0.0,-44.75,174.0,0.005780346820809301
2006-02-01,217.75,218.5,216.5,216.5,898,2,False,-2.25,2.5,0.0,-44.75,171.75,-0.012931034482758674
2006-02-02,216.0,216.5,215.5,220.5,5533,2,False,4.0,1.25,0.0,-44.75,175.75,0.02328966521106257
2006-02-03,220.0,222.5,220.0,225.25,6383,2,False,4.75,0.75,0.0,-44.75,180.5,0.027027027027026973
2006-02-06,224.0,227.0,224.25,222.75,3126,2,False,-2.5,0.0,0.0,-44.75,178.0,-0.013850415512465353
2006-02-07,222.5,224.75,222.0,218.0,5016,2,False,-4.75,0.375,0.0,-44.75,173.25,-0.026685393258427004
2006-02-08,218.0,218.0,216.0,221.25,4792,2,False,3.25,-0.25,0.0,-44.75,176.5,0.018759018759018753
2006-02-09,222.0,224.75,222.0,225.5,7552,2,False,4.25,-0.5,0.0,-44.75,180.75,0.024079320113314484
2006-02-10,226.0,226.75,222.25,221.25,4553,2,False,-4.25,1.875,0.0,-44.75,176.5,-0.023513139695712337
2006-02-13,222.0,223.5,219.75,220.75,1444,2,False,-0.5,-3.125,0.0,-44.75,176.0,-0.0028328611898017497
2006-02-14,221.0,221.25,219.25,218.75,1549,2,False,-2.0,1.375,0.0,-44.75,174.0,-0.011363636363636354
2006-02-15,218.5,219.5,217.75,222.0,5895,2,False,3.25,-0.25,0.0,-44.75,177.25,0.018678160919540332
2006-02-16,221.5,223.5,221.0,223.5,1132,2,False,1.5,3.125,0.0,-44.75,178.75,0.008462623413258097
2006-02-17,223.0,224.0,222.75,226.5,2877,2,False,3.0,0.5,0.0,-44.75,181.75,0.016783216783216703
2006-02-21,225.5,227.0,225.25,226.0,971,2,False,-0.5,-0.75,0.0,-44.75,181.25,-0.0027510316368638543
2006-02-22,226.0,227.0,225.25,221.5,844,2,False,-4.5,0.5,0.0,-44.75,176.75,-0.024827586206896513
2006-02-23,221.5,222.25,221.0,223.0,2059,2,False,1.5,0.125,0.0,-44.75,178.25,0.008486562942008558
2006-02-24,223.0,223.75,222.5,227.75,3750,2,False,4.75,0.625,0.0,-44.75,183.0,0.026647966339411022
2006-02-27,228.0,228.5,225.5,227.5,1347,2,False,-0.25,2.625,0.0,-44.75,182.75,-0.001366120218579181
2006-02-28,227.0,227.75,226.5,228.0,486,2,False,0.5,-2.0,0.0,-44.75,183.25,0.002735978112175186
2006-03-01,227.25,227.5,225.5,224.25,1273,3,True,-3.75,2.375,-6.125,-38.625,185.625,0.012960436562073685
2006-03-02,224.0,224.25,223.5,228.5,175,3,False,4.25,-1.75,0.0,-38.625,189.875,0.02289562289562297
2006-03-03,228.5,228.75,227.0,228.75,447,3,False,0.25,-0.75,0.0,-38.625,190.125,0.0013166556945358732
2006-03-06,228.0,228.0,225.5,223.0,534,3,False,-5.75,-0.875,0.0,-38.625,184.375,-0.03024326101249175
2006-03-07,223.0,223.0,221.75,221.0,197,3,False,-2.0,-3.875,0.0,-38.625,182.375,-0.010847457627118695
2006-03-08,221.0,221.5,220.5,219.0,68,3,False,-2.0,1.125,0.0,-38.625,180.375,-0.010966415352981485
2006-03-09,219.0,221.0,219.0,223.25,194,3,False,4.25,0.375,0.0,-38.625,184.625,0.023562023562023526
2006-03-10,223.25,223.5,221.5,226.0,140,3,False,2.75,-0.625,0.0,-38.625,187.375,0.014895057549086044
2006-03-13,223.5,223.5,222.25,220.5,41,3,False,-5.5,0.5,0.0,-38.625,181.875,-0.029352901934623032
2006-03-14,219.75,220.0,219.75,218.75,1258,3,False,-1.75,2.5,0.0,-38.625,180.125,-0.009621993127147732
2006-03-15,231.5,232.0,230.75,229.25,813,3,False,10.5,-3.25,0.0,-38.625,190.625,0.058292852185982014
2006-03-16,229.0,229.5,228.25,224.5,1722,3,False,-4.75,3.75,0.0,-38.625,185.875,-0.024918032786885203
2006-03-17,224.75,225.25,224.0,221.5,3537,3,False,-3.0,-4.0,0.0,-38.625,182.875,-0.01613987895090785
2006-03-20,221.5,222.0,220.0,218.25,1847,3,False,-3.25,1.125,0.0,-38.625,179.625,-0.017771701982228327
2006-03-21,218.25,218.75,217.75,223.5,3088,3,False,5.25,-2.125,0.0,-38.625,184.875,0.029227557411273475
2006-03-22,223.0,224.5,223.0,222.5,1341,3,False,-1.0,1.0,0.0,-38.625,183.875,-0.005409060175794456
2006-03-23,222.0,222.25,221.25,219.25,867,3,False,-3.25,-0.75,0.0,-38.625,180.625,-0.017675050985723972
2006-03-24,219.5,220.25,219.25,218.75,12515,3,False,-0.5,-0.125,0.0,-38.625,180.125,-0.0027681660899654403
2006-03-27,219.0,221.25,218.25,221.75,1054,3,False,3.0,0.0,0.0,-38.625,183.125,0.01665510062456632
2006-03-28,221.25,222.75,221.0,222.25,1944,3,False,0.5,2.5,0.0,-38.625,183.625,0.0027303754266212454
2006-03-29,222.0,223.25,222.0,224.25,716,3,False,2.0,2.0,0.0,-38.625,185.625,0.010891763104152519
2006-03-30,224.0,224.75,223.75,227.75,2082,3,False,3.5,5.125,0.0,-38.625,189.125,0.018855218855218903
2006-03-31,227.25,228.25,226.75,236.0,5105,3,False,8.25,2.0,0.0,-38.625,197.375,0.043621943159286136
2006-04-03,235.25,236.75,234.0,236.5,1691,4,False,0.5,3.125,0.0,-38.625,197.875,0.002533248891703588
2006-04-04,236.0,236.25,235.0,234.5,1140,4,False,-2.0,1.125,0.0,-38.625,195.875,-0.010107391029690493
2006-04-05,234.0,234.5,233.5,236.25,1783,4,False,1.75,1.625,0.0,-38.625,197.625,0.00893426930440322
2006-04-06,236.25,238.25,236.0,241.5,1992,4,False,5.25,1.625,0.0,-38.625,202.875,0.026565464895635715
2006-04-07,241.25,241.25,240.0,243.0,2807,4,False,1.5,1.75,0.0,-38.625,204.375,0.007393715341959428
2006-04-10,243.0,244.0,242.0,241.25,1345,4,False,-1.75,1.125,0.0,-38.625,202.625,-0.008562691131498434
2006-04-11,240.75,241.25,240.0,242.0,1755,4,False,0.75,-3.375,0.0,-38.625,203.375,0.0037014188772361845
2006-04-12,242.0,242.5,241.75,237.0,3471,4,False,-5.0,0.0,0.0,-38.625,198.375,-0.024585125998770718
2006-04-13,237.0,237.25,235.0,236.25,3236,4,False,-0.75,-2.375,0.0,-38.625,197.625,-0.003780718336483968
2006-04-17,237.5,240.75,237.5,236.5,869,4,False,0.25,1.0,0.0,-38.625,197.875,0.0012650221378873727
2006-04-18,236.5,238.75,236.0,239.25,1706,4,False,2.75,-0.25,0.0,-38.625,200.625,0.013897662665824484
2006-04-19,239.25,242.25,239.0,238.5,572,4,False,-0.75,0.0,0.0,-38.625,199.875,-0.0037383177570093906
2006-04-20,238.25,239.25,237.0,235.75,1555,4,False,-2.75,0.0,0.0,-38.625,197.125,-0.013758599124452764
2006-04-21,235.25,235.75,234.5,236.5,1508,4,False,0.75,-3.25,0.0,-38.625,197.875,0.0038046924540267035
2006-04-24,236.5,240.0,236.25,232.75,1085,4,False,-3.75,-0.5,0.0,-38.625,194.125,-0.01895135818066962
2006-04-25,232.5,233.0,231.75,231.0,620,4,False,-1.75,-1.625,0.0,-38.625,192.375,-0.009014810045074095
2006-04-26,231.0,231.5,230.75,231.5,2388,4,False,0.5,-1.0,0.0,-38.625,192.875,0.002599090318388564
2006-04-27,231.5,232.0,229.75,231.25,1161,4,False,-0.25,3.75,0.0,-38.625,192.625,-0.0012961762799740262
2006-04-28,231.25,235.0,230.5,238.25,441,4,False,7.0,-0.25,0.0,-38.625,199.625,0.03634003893575599
2006-05-01,237.25,239.0,236.75,238.0,682,5,True,-0.25,1.125,-1.375,-37.25,200.75,0.005635566687539173
2006-05-02,237.5,237.5,235.25,233.25,649,5,False,-4.75,-0.625,0.0,-37.25,196.0,-0.023661270236612686
2006-05-03,233.25,235.0,233.25,232.25,201,5,False,-1.0,-3.625,0.0,-37.25,195.0,-0.005102040816326481
2006-05-04,231.25,231.25,231.25,229.75,76,5,False,-2.5,0.0,0.0,-37.25,192.5,-0.012820512820512775
2006-05-05,230.75,230.75,230.75,230.75,76,5,False,1.0,-3.125,0.0,-37.25,193.5,0.0051948051948051965
2006-05-08,230.5,230.75,227.5,227.0,22,5,False,-3.75,1.25,0.0,-37.25,189.75,-0.019379844961240345
2006-05-09,227.25,230.5,227.25,228.5,25,5,False,1.5,-1.125,0.0,-37.25,191.25,0.007905138339920903
2006-05-10,230.0,230.0,230.0,230.0,25,5,False,1.5,4.625,0.0,-37.25,192.75,0.007843137254901933
2006-05-11,237.75,237.75,237.75,237.75,4,5,False,7.75,6.0,0.0,-37.25,200.5,0.04020752269779515
2006-05-12,236.5,236.5,236.5,248.25,11367,5,False,10.5,9.75,0.0,-37.25,211.0,0.052369077306733125
2006-05-15,259.25,261.5,256.75,260.0,4837,5,False,11.75,4.75,0.0,-37.25,222.75,0.0556872037914693
2006-05-16,259.5,260.0,256.5,259.0,5448,5,False,-1.0,7.875,0.0,-37.25,221.75,-0.004489337822671136
2006-05-17,259.0,263.0,258.75,263.0,4661,5,False,4.0,-1.875,0.0,-37.25,225.75,0.018038331454340417
2006-05-18,263.5,264.25,261.5,260.25,2636,5,False,-2.75,-1.75,0.0,-37.25,223.0,-0.01218161683277963
2006-05-19,259.5,259.75,257.5,252.75,7033,5,False,-7.5,-0.5,0.0,-37.25,215.5,-0.03363228699551568
2006-05-22,254.25,255.0,248.0,254.5,2284,5,False,1.75,-4.5,0.0,-37.25,217.25,0.008120649651972123
2006-05-23,254.0,255.75,253.75,253.0,1785,5,False,-1.5,-0.875,0.0,-37.25,215.75,-0.0069044879171461515
2006-05-24,252.0,252.25,251.0,249.5,4467,5,False,-3.5,1.125,0.0,-37.25,212.25,-0.016222479721900385
2006-05-25,250.0,250.25,247.5,253.25,9252,5,False,3.75,-1.375,0.0,-37.25,216.0,0.0176678445229681
2006-05-26,253.25,257.25,253.25,254.0,6588,5,False,0.75,2.125,0.0,-37.25,216.75,0.003472222222222321
2006-05-30,254.0,257.25,252.5,254.5,2242,5,False,0.5,-1.25,0.0,-37.25,217.25,0.0023068050749712743
2006-05-31,254.25,255.25,250.0,251.25,5588,5,False,-3.25,1.875,0.0,-37.25,214.0,-0.014959723820483273
2006-06-01,251.25,252.75,248.5,254.5,3352,6,False,3.25,0.875,0.0,-37.25,217.25,0.015186915887850372
2006-06-02,254.5,255.75,252.25,259.5,5311,6,False,5.0,-1.625,0.0,-37.25,222.25,0.023014959723820505
2006-06-05,255.5,258.0,255.25,253.0,2235,6,False,-6.5,-0.125,0.0,-37.25,215.75,-0.02924634420697414
2006-06-06,252.0,252.75,251.5,247.75,5124,6,False,-5.25,-1.625,0.0,-37.25,210.5,-0.024333719582850466
2006-06-07,247.75,249.25,245.5,251.0,2499,6,False,3.25,-5.375,0.0,-37.25,213.75,0.015439429928741033
2006-06-08,251.0,251.75,248.5,245.5,3553,6,False,-5.5,-0.125,0.0,-37.25,208.25,-0.025730994152046827
2006-06-09,245.75,246.75,244.5,242.0,11446,6,False,-3.5,0.0,0.0,-37.25,204.75,-0.01680672268907568
2006-06-12,249.0,250.0,246.5,247.5,2762,6,False,5.5,-3.875,0.0,-37.25,210.25,0.026862026862026767
2006-06-13,247.75,248.0,243.25,243.25,3270,6,False,-4.25,-0.375,0.0,-37.25,206.0,-0.02021403091557672
2006-06-14,244.0,245.25,240.75,237.0,2120,6,False,-6.25,-4.125,0.0,-37.25,199.75,-0.03033980582524276
2006-06-15,237.5,238.5,237.0,233.0,8277,6,False,-4.0,-1.875,0.0,-37.25,195.75,-0.020025031289111372
2006-06-16,234.0,237.25,234.0,235.5,4230,6,False,2.5,-4.875,0.0,-37.25,198.25,0.012771392081736943
2006-06-19,234.0,235.0,229.75,229.75,2326,6,False,-5.75,1.25,0.0,-37.25,192.5,-0.0290037831021438
2006-06-20,230.25,231.0,227.75,229.75,1794,6,False,0.0,-1.375,0.0,-37.25,192.5,0.0
2006-06-21,229.75,231.75,229.5,232.75,2066,6,False,3.0,-1.125,0.0,-37.25,195.5,0.01558441558441559
2006-06-22,232.75,234.0,232.25,230.5,656,6,False,-2.25,0.375,0.0,-37.25,193.25,-0.011508951406649648
2006-06-23,230.5,231.25,229.5,228.25,1211,6,False,-2.25,-3.75,0.0,-37.25,191.0,-0.011642949547218673
2006-06-26,227.0,227.0,223.75,223.0,1570,6,False,-5.25,0.0,0.0,-37.25,185.75,-0.027486910994764413
2006-06-27,223.25,223.25,221.5,225.25,1075,6,False,2.25,-2.25,0.0,-37.25,188.0,0.01211305518169592
2006-06-28,225.25,225.75,222.75,226.0,2069,6,False,0.75,2.375,0.0,-37.25,188.75,0.003989361702127603
2006-06-29,225.5,228.0,225.25,228.5,863,6,False,2.5,3.875,0.0,-37.25,191.25,0.013245033112582849
2006-06-30,229.5,232.25,229.5,235.5,515,6,False,7.0,5.125,0.0,-37.25,198.25,0.036601307189542576
2006-07-03,239.25,241.25,238.5,243.25,684,7,True,7.75,1.625,6.125,-43.375,199.875,0.008196721311475308
2006-07-05,246.0,247.0,240.5,239.5,1440,7,False,-3.75,6.75,0.0,-43.375,196.125,-0.018761726078799223
2006-07-06,240.0,240.25,239.0,245.25,955,7,False,5.75,-4.0,0.0,-43.375,201.875,0.029318036966220484
2006-07-07,246.75,246.75,240.5,241.0,666,7,False,-4.25,6.25,0.0,-43.375,197.625,-0.021052631578947323
2006-07-10,246.5,246.5,243.0,247.75,1248,7,False,6.75,0.875,0.0,-43.375,204.375,0.034155597722960174
2006-07-11,250.0,254.25,250.0,253.75,2905,7,False,6.0,6.125,0.0,-43.375,210.375,0.029357798165137616
2006-07-12,253.5,255.75,253.5,259.25,20,7,False,5.5,-0.375,0.0,-43.375,215.875,0.02614379084967311
2006-07-13,256.75,256.75,256.75,252.5,5,7,False,-6.75,3.25,0.0,-43.375,209.125,-0.03126809496236249
2006-07-14,248.5,248.75,248.5,253.5,2543,7,False,1.0,-4.25,0.0,-43.375,210.125,0.004781829049611552
2006-07-17,259.5,259.5,256.0,251.75,2672,7,False,-1.75,-2.125,0.0,-43.375,208.375,-0.008328375966686452
2006-07-18,252.0,253.75,251.0,246.5,1932,7,False,-5.25,-1.75,0.0,-43.375,203.125,-0.02519496100779839
2006-07-19,246.75,247.25,242.75,244.75,2213,7,False,-1.75,-3.75,0.0,-43.375,201.375,-0.00861538461538458
2006-07-20,243.25,248.25,243.25,242.5,1815,7,False,-2.25,-3.5,0.0,-43.375,199.125,-0.011173184357541888
2006-07-21,242.0,243.25,239.25,237.25,1578,7,False,-5.25,-0.25,0.0,-43.375,193.875,-0.026365348399246757
2006-07-24,237.25,238.75,235.25,239.0,2130,7,False,1.75,-2.375,0.0,-43.375,195.625,0.009026434558349505
2006-07-25,240.5,243.5,240.5,239.5,1261,7,False,0.5,-0.875,0.0,-43.375,196.125,0.002555910543130979
2006-07-26,240.0,242.25,239.75,236.0,1771,7,False,-3.5,1.125,0.0,-43.375,192.625,-0.017845761631612445
2006-07-27,236.0,237.0,235.5,237.75,662,7,False,1.75,-2.0,0.0,-43.375,194.375,0.009085009733938998
2006-07-28,238.0,239.0,238.0,237.25,9034,7,False,-0.5,1.75,0.0,-43.375,193.875,-0.0025723472668810476
2006-07-31,239.25,240.0,238.0,239.0,7737,7,False,1.75,0.5,0.0,-43.375,195.625,0.009026434558349505
2006-08-01,239.75,242.0,237.25,240.5,24311,8,False,1.5,4.25,0.0,-43.375,197.125,0.007667731629392938
2006-08-02,240.75,248.5,240.75,247.25,7227,8,False,6.75,-0.375,0.0,-43.375,203.875,0.034242232086239666
2006-08-03,246.0,247.25,244.0,245.0,2997,8,False,-2.25,3.375,0.0,-43.375,201.625,-0.011036174126302867
2006-08-04,245.0,248.75,244.0,245.0,8863,8,False,0.0,-3.75,0.0,-43.375,201.625,0.0
2006-08-07,243.0,243.0,238.75,239.75,10314,8,False,-5.25,-2.0,0.0,-43.375,196.375,-0.02603843769373837
2006-08-08,239.25,239.5,235.0,235.75,12956,8,False,-4.0,-0.625,0.0,-43.375,192.375,-0.020369191597708447
2006-08-09,236.0,240.25,235.5,239.75,7844,8,False,4.0,-2.5,0.0,-43.375,196.375,0.02079272254710851
2006-08-10,240.0,240.75,238.5,238.75,21355,8,False,-1.0,-5.0,0.0,-43.375,195.375,-0.005092297899427112
2006-08-11,238.75,240.0,224.25,224.75,25436,8,False,-14.0,-1.875,0.0,-43.375,181.375,-0.07165706973768393
2006-08-14,224.75,224.75,218.0,222.0,10494,8,False,-2.75,-7.0,0.0,-43.375,178.625,-0.015161957270847681
2006-08-15,222.0,223.25,216.75,222.0,11555,8,False,0.0,-1.625,0.0,-43.375,178.625,0.0
2006-08-16,222.0,225.25,221.5,221.5,15165,8,False,-0.5,-1.25,0.0,-43.375,178.125,-0.002799160251924393
2006-08-17,221.25,223.75,217.75,219.0,5027,8,False,-2.5,0.125,0.0,-43.375,175.625,-0.01403508771929829
2006-08-18,219.0,220.75,217.0,219.75,4058,8,False,0.75,-0.625,0.0,-43.375,176.375,0.004270462633451988
2006-08-21,219.75,221.5,219.0,221.0,9263,8,False,1.25,-0.375,0.0,-43.375,177.625,0.00708717221828481
2006-08-22,221.0,221.75,218.5,219.5,6076,8,False,-1.5,2.625,0.0,-43.375,176.125,-0.008444757213230125
2006-08-23,219.5,225.0,218.75,223.5,6558,8,False,4.0,1.25,0.0,-43.375,180.125,0.02271114265436469
2006-08-24,223.5,228.0,223.5,227.5,7026,8,False,4.0,0.75,0.0,-43.375,184.125,0.022206800832754947
2006-08-25,227.0,228.0,223.5,225.0,4181,8,False,-2.5,1.75,0.0,-43.375,181.625,-0.013577732518669339
2006-08-28,225.0,227.5,224.0,224.5,7539,8,False,-0.5,-2.125,0.0,-43.375,181.125,-0.002752924982794225
2006-08-29,224.0,225.5,222.5,222.75,12446,8,False,-1.75,2.625,0.0,-43.375,179.375,-0.009661835748792313
2006-08-30,222.5,229.25,222.0,228.5,7294,8,False,5.75,0.875,0.0,-43.375,185.125,0.03205574912891995
2006-08-31,228.0,232.25,227.0,232.0,5094,8,False,3.5,1.875,0.0,-43.375,188.625,0.018906144496961597
2006-09-01,231.5,232.0,229.5,230.0,2355,9,True,-2.0,1.125,-3.125,-40.25,189.75,0.005964214711729587
2006-09-05,231.5,234.0,228.25,228.75,4178,9,False,-1.25,-2.25,0.0,-40.25,188.5,-0.006587615283267456
2006-09-06,228.0,231.75,226.0,226.25,2905,9,False,-2.5,1.625,0.0,-40.25,186.0,-0.01326259946949604
2006-09-07,226.25,231.75,224.25,230.75,661,9,False,4.5,-0.75,0.0,-40.25,190.5,0.024193548387096753
2006-09-08,231.5,233.0,230.5,231.75,1360,9,False,1.0,0.75,0.0,-40.25,191.5,0.005249343832020914
2006-09-11,232.0,232.25,225.5,228.75,102,9,False,-3.0,-2.125,0.0,-40.25,188.5,-0.015665796344647487
2006-09-12,228.25,228.25,224.0,223.5,889,9,False,-5.25,-1.25,0.0,-40.25,183.25,-0.02785145888594165
2006-09-13,224.0,225.5,222.25,224.0,138,9,False,0.5,-3.125,0.0,-40.25,183.75,0.0027285129604366354
2006-09-14,224.75,224.75,224.0,223.0,59636,9,False,-1.0,9.625,0.0,-40.25,182.75,-0.0054421768707483276
2006-09-15,236.0,242.75,236.0,241.75,63173,9,False,18.75,2.5,0.0,-40.25,201.5,0.10259917920656636
2006-09-18,242.75,248.75,242.25,247.75,42998,9,False,6.0,8.75,0.0,-40.25,207.5,0.02977667493796532
2006-09-19,247.25,249.5,244.5,246.5,47159,9,False,-1.25,4.25,0.0,-40.25,206.25,-0.0060240963855421326
2006-09-20,246.5,249.75,245.5,249.0,76465,9,False,2.5,3.5,0.0,-40.25,208.75,0.0121212121212122
2006-09-21,248.75,257.75,248.25,257.25,56463,9,False,8.25,0.25,0.0,-40.25,217.0,0.03952095808383227
2006-09-22,256.5,257.75,254.5,255.25,58408,9,False,-2.0,3.875,0.0,-40.25,215.0,-0.009216589861751112
2006-09-25,253.5,255.75,252.75,254.75,48440,9,False,-0.5,1.125,0.0,-40.25,214.5,-0.0023255813953488857
2006-09-26,254.5,260.0,254.5,259.0,55144,9,False,4.25,-2.875,0.0,-40.25,218.75,0.019813519813519864
2006-09-27,259.0,261.0,253.5,253.75,98585,9,False,-5.25,7.375,0.0,-40.25,213.5,-0.02400000000000002
2006-09-28,254.0,265.0,253.75,264.25,85184,9,False,10.5,-3.5,0.0,-40.25,224.0,0.049180327868852514
2006-09-29,264.0,268.0,261.5,262.5,49229,9,False,-1.75,7.875,0.0,-40.25,222.25,-0.0078125
2006-10-02,263.25,270.0,263.25,267.75,14712,10,False,5.25,-2.75,0.0,-40.25,227.5,0.023622047244094446
2006-10-03,267.25,267.25,261.75,264.0,71352,10,False,-3.75,7.75,0.0,-40.25,223.75,-0.016483516483516536
2006-10-04,264.0,276.0,261.5,274.25,92135,10,False,10.25,-3.125,0.0,-40.25,234.0,0.045810055865921795
2006-10-05,273.0,276.25,269.25,271.75,51348,10,False,-2.5,4.75,0.0,-40.25,231.5,-0.010683760683760646
2006-10-06,271.0,276.0,269.75,271.0,67919,10,False,-0.75,8.0,0.0,-40.25,230.75,-0.003239740820734305
2006-10-09,271.25,291.0,270.0,289.5,92572,10,False,18.5,-7.375,0.0,-40.25,249.25,0.08017334777898166
2006-10-10,288.5,293.0,275.25,275.5,74865,10,False,-14.0,13.5,0.0,-40.25,235.25,-0.056168505516549616
2006-10-11,275.5,289.5,275.25,284.0,82688,10,False,8.5,0.125,0.0,-40.25,243.75,0.036131774707757636
2006-10-12,284.0,304.0,279.5,298.25,71882,10,False,14.25,12.375,0.0,-40.25,258.0,0.058461538461538565
2006-10-13,298.25,317.0,298.25,314.5,74653,10,False,16.25,8.25,0.0,-40.25,274.25,0.0629844961240309
2006-10-16,313.75,317.75,309.25,316.75,61264,10,False,2.25,10.25,0.0,-40.25,276.5,0.008204193254329972
2006-10-17,316.5,324.5,315.75,321.0,52273,10,False,4.25,-1.625,0.0,-40.25,280.75,0.015370705244122984
2006-10-18,319.75,320.5,313.75,315.5,51228,10,False,-5.5,2.375,0.0,-40.25,275.25,-0.019590382902938575
2006-10-19,315.0,321.75,314.0,316.0,37537,10,False,0.5,-4.375,0.0,-40.25,275.75,0.0018165304268846771
2006-10-20,316.0,319.0,311.5,312.75,63178,10,False,-3.25,3.0,0.0,-40.25,272.5,-0.011786038077969185
2006-10-23,311.5,320.5,307.0,318.25,57230,10,False,5.5,1.375,0.0,-40.25,278.0,0.020183486238532167
2006-10-24,318.0,326.75,316.0,324.25,56534,10,False,6.0,4.125,0.0,-40.25,284.0,0.021582733812949728
2006-10-25,324.75,334.0,324.25,327.0,51145,10,False,2.75,3.0,0.0,-40.25,286.75,0.009683098591549255
2006-10-26,326.0,328.25,321.75,327.0,43104,10,False,0.0,4.125,0.0,-40.25,286.75,0.0
2006-10-27,327.0,334.0,326.5,332.5,55413,10,False,5.5,-1.5,0.0,-40.25,292.25,0.019180470793374038
2006-10-30,330.0,333.0,327.25,329.5,73819,10,False,-3.0,-1.625,0.0,-40.25,289.25,-0.010265183917878562
2006-10-31,329.25,330.25,320.25,320.75,71410,10,False,-8.75,4.875,0.0,-40.25,280.5,-0.030250648228176358
2006-11-01,320.75,335.0,320.5,333.5,102255,11,False,12.75,1.25,0.0,-40.25,293.25,0.045454545454545414
2006-11-02,335.25,353.5,335.25,344.75,72973,11,False,11.25,5.125,0.0,-40.25,304.5,0.038363171355498826
2006-11-03,343.75,347.75,339.75,342.25,60824,11,False,-2.5,6.25,0.0,-40.25,302.0,-0.008210180623973717
2006-11-06,342.25,346.5,338.75,343.5,68781,11,False,1.25,2.5,0.0,-40.25,303.25,0.004139072847682224
2006-11-07,344.0,352.5,341.25,351.0,111316,11,False,7.5,4.0,0.0,-40.25,310.75,0.024732069249793875
2006-11-08,351.25,367.0,350.75,357.75,102325,11,False,6.75,-0.125,0.0,-40.25,317.5,0.021721641190667773
2006-11-09,358.75,362.25,349.0,350.0,67298,11,False,-7.75,0.0,0.0,-40.25,309.75,-0.024409448818897617
2006-11-10,349.5,350.25,342.0,343.25,88073,11,False,-6.75,-4.25,0.0,-40.25,303.0,-0.021791767554479424
2006-11-13,341.0,352.25,340.25,342.5,103624,11,False,-0.75,4.25,0.0,-40.25,302.25,-0.0024752475247524774
2006-11-14,342.0,361.75,341.5,357.75,98320,11,False,15.25,-0.125,0.0,-40.25,317.5,0.05045492142266328
2006-11-15,358.0,366.0,354.0,358.25,77118,11,False,0.5,4.25,0.0,-40.25,318.0,0.0015748031496063408
2006-11-16,356.75,365.0,349.5,351.5,62703,11,False,-6.75,2.125,0.0,-40.25,311.25,-0.021226415094339646
2006-11-17,351.25,355.75,345.5,355.25,62407,11,False,3.75,-1.0,0.0,-40.25,315.0,0.012048192771084265
2006-11-20,356.75,371.5,356.75,360.0,31441,11,False,4.75,2.5,0.0,-40.25,319.75,0.015079365079365026
2006-11-21,359.5,362.0,357.0,361.25,24843,11,False,1.25,3.125,0.0,-40.25,321.0,0.00390930414386248
2006-11-22,361.5,365.75,357.5,362.75,24843,11,False,1.5,0.625,0.0,-40.25,322.5,0.004672897196261738
2006-11-23,362.75,362.75,362.75,362.75,14094,11,False,0.0,4.0,0.0,-40.25,322.5,0.0
2006-11-24,362.5,370.0,362.0,369.25,31676,11,False,6.5,1.125,0.0,-40.25,329.0,0.020155038759689825
2006-11-27,369.25,376.75,366.5,371.5,14893,11,False,2.25,1.875,0.0,-40.25,331.25,0.006838905775075954
2006-11-28,371.5,373.5,364.5,368.75,20316,11,False,-2.75,1.875,0.0,-40.25,328.5,-0.008301886792452806
2006-11-29,368.5,371.5,361.25,370.25,14728,11,False,1.5,2.0,0.0,-40.25,330.0,0.004566210045662045
2006-11-30,371.0,378.0,363.0,377.0,7473,11,False,6.75,-0.75,0.0,-40.25,336.75,0.020454545454545503
2006-12-01,376.75,377.75,371.0,374.0,8080,12,True,-3.0,-2.25,-0.75,-39.5,334.5,-0.006681514476614692
2006-12-04,369.5,369.5,359.5,362.75,5194,12,False,-11.25,0.25,0.0,-39.5,323.25,-0.03363228699551568
2006-12-05,361.5,366.25,358.0,366.25,5328,12,False,3.5,-12.25,0.0,-39.5,326.75,0.010827532869296164
2006-12-06,365.5,365.5,351.5,353.0,3597,12,False,-13.25,4.5,0.0,-39.5,313.5,-0.04055087987758221
2006-12-07,350.75,359.5,349.25,358.5,2924,12,False,5.5,-8.75,0.0,-39.5,319.0,0.01754385964912286
2006-12-08,355.75,359.75,353.25,354.25,2354,12,False,-4.25,3.375,0.0,-39.5,314.75,-0.013322884012539227
2006-12-11,353.0,359.75,349.0,355.5,2331,12,False,1.25,-0.375,0.0,-39.5,316.0,0.003971405877680745
2006-12-12,356.25,360.25,355.5,359.0,2808,12,False,3.5,-1.625,0.0,-39.5,319.5,0.011075949367088667
2006-12-13,359.0,359.0,351.25,354.5,816,12,False,-4.5,3.875,0.0,-39.5,315.0,-0.014084507042253502
2006-12-14,354.0,358.5,352.0,358.75,42698,12,False,4.25,2.875,0.0,-39.5,319.25,0.013492063492063444
2006-12-15,371.75,372.5,366.5,369.0,44609,12,False,10.25,0.5,0.0,-39.5,329.5,0.03210649960845724
2006-12-18,368.75,369.75,362.0,365.75,55673,12,False,-3.25,8.75,0.0,-39.5,326.25,-0.009863429438543236
2006-12-19,365.25,373.25,364.0,373.0,44745,12,False,7.25,-1.75,0.0,-39.5,333.5,0.022222222222222143
2006-12-20,372.75,376.0,370.0,372.75,44129,12,False,-0.25,6.125,0.0,-39.5,333.25,-0.0007496251874062887
2006-12-21,373.0,378.5,372.75,377.75,29643,12,False,5.0,3.0,0.0,-39.5,338.25,0.015003750937734539
2006-12-22,377.75,384.25,377.75,384.0,32368,12,False,6.25,4.5,0.0,-39.5,344.5,0.018477457501847816
2006-12-26,385.0,389.0,384.5,388.0,29944,12,False,4.0,2.5,0.0,-39.5,348.5,0.011611030478954953
2006-12-27,388.0,389.0,383.5,386.75,32477,12,False,-1.25,2.875,0.0,-39.5,347.25,-0.0035868005738880493
2006-12-28,386.25,392.0,385.5,388.5,27251,12,False,1.75,0.25,0.0,-39.5,349.0,0.005039596832253412
2006-12-29,388.25,391.0,387.5,390.25,91431,12,False,1.75,-9.0,0.0,-39.5,350.75,0.005014326647564404
2007-01-03,388.0,388.25,370.25,370.5,94238,1,False,-19.75,-3.25,0.0,-39.5,331.0,-0.05630791161796156
2007-01-04,371.0,372.5,360.5,362.25,71276,1,False,-8.25,-6.875,0.0,-39.5,322.75,-0.024924471299093698
2007-01-05,361.25,368.75,359.0,368.25,64095,1,False,6.0,-6.5,0.0,-39.5,328.75,0.018590240123934842
2007-01-08,369.0,369.75,361.25,363.5,109010,1,False,-4.75,-1.5,0.0,-39.5,324.0,-0.01444866920152088
2007-01-09,362.0,363.0,354.0,354.5,101093,1,False,-9.0,0.5,0.0,-39.5,315.0,-0.02777777777777779
2007-01-10,354.0,363.5,352.5,360.25,112790,1,False,5.75,3.625,0.0,-39.5,320.75,0.01825396825396819
2007-01-11,362.0,380.25,362.0,376.5,3478,1,False,16.25,12.875,0.0,-39.5,337.0,0.05066250974279041
2007-01-12,377.0,396.5,374.25,396.5,146893,1,False,20.0,11.375,0.0,-39.5,357.0,0.05934718100890213
2007-01-16,416.5,416.5,403.0,403.0,103560,1,False,6.5,12.5,0.0,-39.5,363.5,0.0182072829131652
2007-01-17,402.75,420.5,402.5,408.0,101734,1,False,5.0,5.375,0.0,-39.5,368.5,0.01375515818431916
2007-01-18,411.5,418.0,405.25,412.25,81188,1,False,4.25,-0.25,0.0,-39.5,372.75,0.011533242876526462
2007-01-19,412.5,414.5,405.75,406.75,76853,1,False,-5.5,0.875,0.0,-39.5,367.25,-0.014755197853789426
2007-01-22,405.0,409.25,399.0,404.25,85482,1,False,-2.5,-0.375,0.0,-39.5,364.75,-0.006807351940095296
2007-01-23,404.75,410.75,404.75,409.0,76575,1,False,4.75,-5.375,0.0,-39.5,369.5,0.013022618231665506
2007-01-24,409.0,411.0,397.25,400.75,82213,1,False,-8.25,5.5,0.0,-39.5,361.25,-0.022327469553450663
2007-01-25,402.25,407.5,398.75,407.0,58266,1,False,6.25,-4.875,0.0,-39.5,367.5,0.01730103806228378
2007-01-26,407.75,408.75,402.0,405.5,71176,1,False,-1.5,0.375,0.0,-39.5,366.0,-0.004081632653061273
2007-01-29,406.0,407.75,396.0,400.0,73303,1,False,-5.5,1.625,0.0,-39.5,360.5,-0.015027322404371546
2007-01-30,400.0,405.75,396.0,404.75,72004,1,False,4.75,-3.125,0.0,-39.5,365.25,0.013176144244105403
2007-01-31,405.25,409.25,402.5,404.0,76019,1,False,-0.75,-0.625,0.0,-39.5,364.5,-0.002053388090349051
2007-02-01,404.25,408.5,396.5,398.0,63365,2,False,-6.0,1.625,0.0,-39.5,358.5,-0.016460905349794275
2007-02-02,398.0,405.75,394.5,402.0,48860,2,False,4.0,-3.0,0.0,-39.5,362.5,0.01115760111576014
2007-02-05,404.0,407.0,397.75,402.0,62946,2,False,0.0,-0.75,0.0,-39.5,362.5,0.0
2007-02-06,402.0,403.25,396.25,396.5,102888,2,False,-5.5,-2.125,0.0,-39.5,357.0,-0.015172413793103412
2007-02-07,396.5,399.75,391.5,392.25,92477,2,False,-4.25,1.0,0.0,-39.5,352.75,-0.011904761904761862
2007-02-08,393.0,401.25,392.75,399.75,100437,2,False,7.5,1.125,0.0,-39.5,360.25,0.02126151665485465
2007-02-09,400.25,409.5,397.25,406.25,69079,2,False,6.5,3.0,0.0,-39.5,366.75,0.018043025676613533
2007-02-12,406.25,409.5,403.0,404.75,69196,2,False,-1.5,6.375,0.0,-39.5,365.25,-0.004089979550102263
2007-02-13,404.25,411.75,403.25,411.0,80090,2,False,6.25,-2.125,0.0,-39.5,371.5,0.017111567419575646
2007-02-14,412.0,414.0,405.25,408.25,78194,2,False,-2.75,2.75,0.0,-39.5,368.75,-0.007402422611036297
2007-02-15,408.75,412.75,404.75,407.5,64332,2,False,-0.75,3.375,0.0,-39.5,368.0,-0.0020338983050847137
2007-02-16,408.75,417.75,405.75,417.0,76131,2,False,9.5,-1.25,0.0,-39.5,377.5,0.025815217391304435
2007-02-20,416.75,420.0,414.0,415.25,55388,2,False,-1.75,10.25,0.0,-39.5,375.75,-0.004635761589403931
2007-02-21,415.5,428.25,413.25,426.25,43649,2,False,11.0,3.25,0.0,-39.5,386.75,0.029274783765801837
2007-02-22,425.5,435.25,425.0,434.5,36109,2,False,8.25,3.375,0.0,-39.5,395.0,0.02133160956690361
2007-02-23,433.0,434.5,428.0,430.25,38281,2,False,-4.25,1.75,0.0,-39.5,390.75,-0.010759493670886022
2007-02-26,430.25,437.25,425.25,425.5,32802,2,False,-4.75,-9.375,0.0,-39.5,386.0,-0.012156110044785673
2007-02-27,425.25,425.75,405.75,411.0,21962,2,False,-14.5,4.75,0.0,-39.5,371.5,-0.03756476683937826
2007-02-28,411.0,425.0,409.25,425.25,15509,2,False,14.25,-11.25,0.0,-39.5,385.75,0.03835800807537004
2007-03-01,425.75,428.5,405.75,417.25,13347,3,True,-8.0,4.0,-12.0,-27.5,389.75,0.010369410239792654
2007-03-02,417.25,419.25,408.25,411.0,6440,3,False,-6.25,-0.875,0.0,-27.5,383.5,-0.016035920461834552
2007-03-05,410.0,417.75,402.5,417.25,4383,3,False,6.25,-5.5,0.0,-27.5,389.75,0.01629726205997395
2007-03-06,417.25,420.25,412.0,412.5,2668,3,False,-4.75,4.75,0.0,-27.5,385.0,-0.01218729955099418
2007-03-07,410.5,418.0,409.25,415.75,6179,3,False,3.25,-4.25,0.0,-27.5,388.25,0.008441558441558472
2007-03-08,415.5,419.0,411.0,412.0,3312,3,False,-3.75,-0.25,0.0,-27.5,384.5,-0.00965872504829357
2007-03-09,412.5,413.5,407.0,408.25,2528,3,False,-3.75,-6.125,0.0,-27.5,380.75,-0.00975292587776333
2007-03-12,408.25,408.25,397.0,399.75,2528,3,False,-8.5,-3.25,0.0,-27.5,372.25,-0.022324359816152328
2007-03-13,398.5,402.5,392.5,397.0,955,3,False,-2.75,-8.0,0.0,-27.5,369.5,-0.007387508394895881
2007-03-14,395.5,396.0,389.0,389.5,97638,3,False,-7.5,2.75,0.0,-27.5,362.0,-0.020297699594046037
2007-03-15,405.0,408.75,397.25,397.75,70682,3,False,8.25,-2.875,0.0,-27.5,370.25,0.02279005524861888
2007-03-16,397.0,405.5,392.25,399.5,104538,3,False,1.75,3.375,0.0,-27.5,372.0,0.004726536124240344
2007-03-19,400.25,404.0,393.25,398.0,77249,3,False,-1.5,4.5,0.0,-27.5,370.5,-0.0040322580645161255
2007-03-20,398.5,406.0,395.0,405.25,80994,3,False,7.25,1.5,0.0,-27.5,377.75,0.019568151147098423
2007-03-21,406.25,411.5,403.75,409.75,75619,3,False,4.5,3.5,0.0,-27.5,382.25,0.011912640635340921
2007-03-22,409.75,410.5,406.0,409.5,40090,3,False,-0.25,-0.875,0.0,-27.5,382.0,-0.0006540222367560355
2007-03-23,410.0,412.5,402.5,403.25,61263,3,False,-6.25,-6.25,0.0,-27.5,375.75,-0.0163612565445026
2007-03-26,400.5,403.0,385.0,391.0,82187,3,False,-12.25,-2.375,0.0,-27.5,363.5,-0.03260146373918826
2007-03-27,391.75,394.0,388.0,392.5,59601,3,False,1.5,-8.125,0.0,-27.5,365.0,0.004126547455295837
2007-03-28,392.75,396.25,384.5,388.5,74599,3,False,-4.0,3.75,0.0,-27.5,361.0,-0.010958904109588996
2007-03-29,388.0,398.0,385.0,394.5,68599,3,False,6.0,-12.0,0.0,-27.5,367.0,0.016620498614958512
2007-03-30,394.0,397.75,374.5,374.5,33619,3,False,-20.0,-6.875,0.0,-27.5,347.0,-0.05449591280653954
2007-04-02,357.0,359.5,354.5,354.75,69692,4,False,-19.75,-14.25,0.0,-27.5,327.25,-0.056916426512968354
2007-04-03,356.0,359.25,343.0,346.25,105031,4,False,-8.5,-3.375,0.0,-27.5,318.75,-0.025974025974025983
2007-04-04,347.0,363.75,347.0,359.25,86821,4,False,13.0,-0.875,0.0,-27.5,331.75,0.040784313725490184
2007-04-05,359.75,367.5,357.25,366.0,63866,4,False,6.75,5.25,0.0,-27.5,338.5,0.02034664657121321
2007-04-09,375.5,385.25,360.75,363.5,94542,4,False,-2.5,6.125,0.0,-27.5,336.0,-0.00738552437223039
2007-04-10,364.75,374.25,357.25,369.0,95110,4,False,5.5,-5.375,0.0,-27.5,341.5,0.016369047619047672
2007-04-11,368.25,372.5,359.0,360.75,73134,4,False,-8.25,1.75,0.0,-27.5,333.25,-0.024158125915080486
2007-04-12,359.5,361.5,349.0,358.75,122051,4,False,-2.0,1.0,0.0,-27.5,331.25,-0.006001500375093727
2007-04-13,360.75,369.75,355.0,369.0,74868,4,False,10.25,-3.375,0.0,-27.5,341.5,0.030943396226415176
2007-04-16,366.5,369.0,360.75,364.25,42803,4,False,-4.75,-0.375,0.0,-27.5,336.75,-0.013909224011713017
2007-04-17,369.0,369.75,352.25,353.25,36971,4,False,-11.0,2.75,0.0,-27.5,325.75,-0.03266518188567191
2007-04-18,354.0,366.5,351.0,363.5,49367,4,False,10.25,-1.625,0.0,-27.5,336.0,0.031465848042977695
2007-04-19,363.75,373.0,361.5,371.25,39043,4,False,7.75,-0.25,0.0,-27.5,343.75,0.023065476190476275
2007-04-20,371.0,376.0,358.5,360.5,34509,4,False,-10.75,-0.25,0.0,-27.5,333.0,-0.03127272727272723
2007-04-23,358.25,358.5,349.25,352.25,23700,4,False,-8.25,-1.25,0.0,-27.5,324.75,-0.024774774774774744
2007-04-24,354.5,361.75,352.0,360.5,25180,4,False,8.25,1.25,0.0,-27.5,333.0,0.025404157043879882
2007-04-25,361.0,380.5,361.0,371.25,32945,4,False,10.75,0.875,0.0,-27.5,343.75,0.03228228228228236
2007-04-26,373.5,378.75,359.5,364.75,22618,4,False,-6.5,5.125,0.0,-27.5,337.25,-0.018909090909090875
2007-04-27,365.75,366.0,357.25,364.25,24996,4,False,-0.5,-6.375,0.0,-27.5,336.75,-0.001482579688658281
2007-04-30,362.5,362.5,352.25,358.0,17422,4,False,-6.25,4.5,0.0,-27.5,330.5,-0.018559762435040872
2007-05-01,364.75,367.75,353.75,367.5,12195,5,True,9.5,-0.875,10.375,-37.875,329.625,-0.002647503782148286
2007-05-02,366.75,373.75,365.0,372.0,8228,5,False,4.5,8.625,0.0,-37.875,334.125,0.013651877133105783
2007-05-03,370.75,386.75,370.0,379.75,7391,5,False,7.75,3.0,0.0,-37.875,341.875,0.023194912083800867
2007-05-04,380.0,382.75,376.5,381.25,7263,5,False,1.5,-2.0,0.0,-37.875,343.375,0.004387568555758614
2007-05-07,382.0,390.0,367.5,369.5,4001,5,False,-11.75,-7.125,0.0,-37.875,331.625,-0.03421914816163085
2007-05-08,365.25,365.25,352.0,353.75,5118,5,False,-15.75,-4.125,0.0,-37.875,315.875,-0.0474934036939314
2007-05-09,352.0,357.75,351.75,357.25,4642,5,False,3.5,-13.625,0.0,-37.875,319.375,0.011080332409972193
2007-05-10,359.25,360.0,345.0,345.75,2358,5,False,-11.5,9.375,0.0,-37.875,307.875,-0.03600782778864975
2007-05-11,345.25,361.75,343.5,361.0,2921,5,False,15.25,-7.25,0.0,-37.875,323.125,0.04953308972797399
2007-05-14,361.0,362.5,357.0,358.0,55739,5,False,-3.0,14.375,0.0,-37.875,320.125,-0.00928433268858797
2007-05-15,358.5,374.5,355.25,371.5,72271,5,False,13.5,0.75,0.0,-37.875,333.625,0.042171026942600554
2007-05-16,370.5,377.75,368.5,376.0,87194,5,False,4.5,5.25,0.0,-37.875,338.125,0.013488197826901471
2007-05-17,376.5,378.75,371.25,373.0,87046,5,False,-3.0,1.375,0.0,-37.875,335.125,-0.008872458410351225
2007-05-18,377.25,381.25,370.25,371.25,58452,5,False,-1.75,3.375,0.0,-37.875,333.375,-0.005221932114882533
2007-05-21,370.25,382.75,368.25,381.0,61268,5,False,9.75,-6.625,0.0,-37.875,343.125,0.02924634420697414
2007-05-22,377.0,380.5,367.75,369.5,78761,5,False,-11.5,4.375,0.0,-37.875,331.625,-0.03351548269581062
2007-05-23,369.25,374.75,367.25,368.5,59358,5,False,-1.0,-1.75,0.0,-37.875,330.625,-0.0030154542027892584
2007-05-24,369.5,378.25,369.25,376.5,64546,5,False,8.0,-0.75,0.0,-37.875,338.625,0.024196597353497218
2007-05-25,376.0,379.75,370.75,376.0,59977,5,False,-0.5,-1.625,0.0,-37.875,338.125,-0.0014765596160944972
2007-05-29,374.25,376.0,363.25,364.75,66616,5,False,-11.25,8.5,0.0,-37.875,326.875,-0.03327171903881698
2007-05-30,364.0,384.75,363.5,382.25,103212,5,False,17.5,-1.625,0.0,-37.875,344.375,0.053537284894837445
2007-05-31,383.0,395.75,380.5,390.25,101657,5,False,8.0,7.0,0.0,-37.875,352.375,0.02323049001814881
2007-06-01,390.0,395.0,385.5,386.75,70489,6,False,-3.5,2.5,0.0,-37.875,348.875,-0.00993260021284148
2007-06-04,388.25,389.5,383.25,383.75,51525,6,False,-3.0,-3.5,0.0,-37.875,345.875,-0.008599068434252954
2007-06-05,384.0,390.0,377.0,380.25,87179,6,False,-3.5,-4.25,0.0,-37.875,342.375,-0.01011926273942898
2007-06-06,380.25,384.0,371.25,374.75,78594,6,False,-5.5,3.25,0.0,-37.875,336.875,-0.016064257028112428
2007-06-07,375.25,386.5,372.0,384.75,76862,6,False,10.0,-4.125,0.0,-37.875,346.875,0.029684601113172615
2007-06-08,385.5,388.5,376.5,382.0,79461,6,False,-2.75,12.0,0.0,-37.875,344.125,-0.007927927927927958
2007-06-11,396.75,400.75,389.5,396.0,99534,6,False,14.0,-2.625,0.0,-37.875,358.125,0.04068289139120962
2007-06-12,393.5,397.25,387.5,393.5,94992,6,False,-2.5,12.5,0.0,-37.875,355.625,-0.006980802792321161
2007-06-13,393.5,406.5,389.5,404.5,114261,6,False,11.0,1.25,0.0,-37.875,366.625,0.03093145869947267
2007-06-14,404.0,414.0,402.5,409.5,87081,6,False,5.0,10.25,0.0,-37.875,371.625,0.013637913399249912
2007-06-15,409.0,423.5,409.0,419.0,65519,6,False,9.5,1.0,0.0,-37.875,381.125,0.025563403969054876
2007-06-18,424.25,428.75,414.0,416.0,51126,6,False,-3.0,-5.25,0.0,-37.875,378.125,-0.007871433256805505
2007-06-19,416.5,417.5,396.0,396.0,74694,6,False,-20.0,-2.375,0.0,-37.875,358.125,-0.05289256198347103
2007-06-20,392.0,401.0,388.0,394.25,63079,6,False,-1.75,-14.625,0.0,-37.875,356.375,-0.00488656195462478
2007-06-21,397.0,402.0,382.5,385.0,53631,6,False,-9.25,-9.625,0.0,-37.875,347.125,-0.025955804980708486
2007-06-22,386.0,387.75,366.0,367.5,69035,6,False,-17.5,-9.5,0.0,-37.875,329.625,-0.0504141159524667
2007-06-25,366.0,367.75,357.0,357.75,46804,6,False,-9.75,-9.375,0.0,-37.875,319.875,-0.029579067121729197
2007-06-26,358.75,363.75,356.0,356.5,39410,6,False,-1.25,-11.25,0.0,-37.875,318.625,-0.003907776475185587
2007-06-27,356.0,359.0,340.75,343.75,30305,6,False,-12.75,-2.75,0.0,-37.875,305.875,-0.040015692428403304
2007-06-28,344.0,346.25,338.0,339.5,32678,6,False,-4.25,-11.375,0.0,-37.875,301.625,-0.01389456477319162
2007-06-29,340.0,347.5,323.25,329.5,18398,6,False,-10.0,-1.625,0.0,-37.875,291.625,-0.03315375051802738
2007-07-02,330.0,337.5,325.0,330.5,12944,7,True,1.0,-10.25,11.25,-49.125,281.375,-0.035147878268323995
2007-07-03,330.75,330.75,317.25,320.0,14621,7,False,-10.5,2.5,0.0,-49.125,270.875,-0.03731674811195029
2007-07-05,324.75,326.5,320.5,324.0,9169,7,False,4.0,0.0,0.0,-49.125,274.875,0.014766958929395502
2007-07-06,323.25,334.0,323.25,334.5,6105,7,False,10.5,1.0,0.0,-49.125,285.375,0.038199181446111785
2007-07-09,334.0,334.0,325.25,332.5,1712,7,False,-2.0,8.0,0.0,-49.125,283.375,-0.007008322382829557
2007-07-10,329.0,339.25,327.25,338.0,2649,7,False,5.5,-2.0,0.0,-49.125,288.875,0.019408910454344896
2007-07-11,338.0,338.5,334.5,336.0,1698,7,False,-2.0,6.75,0.0,-49.125,286.875,-0.00692340977931627
2007-07-12,336.25,343.75,332.5,344.0,1005,7,False,8.0,-2.25,0.0,-49.125,294.875,0.02788671023965139
2007-07-13,341.75,341.75,338.75,341.5,33060,7,False,-2.5,0.625,0.0,-49.125,292.375,-0.0084781687155574
2007-07-16,347.0,348.25,334.75,334.75,17461,7,False,-6.75,-7.375,0.0,-49.125,285.625,-0.023086789226165028
2007-07-17,331.5,334.5,317.5,322.5,50805,7,False,-12.25,-1.125,0.0,-49.125,273.375,-0.04288840262582061
2007-07-18,322.75,328.25,321.5,327.0,42783,7,False,4.5,-9.0,0.0,-49.125,277.875,0.016460905349794164
2007-07-19,327.5,329.5,316.25,321.25,27122,7,False,-5.75,0.75,0.0,-49.125,272.125,-0.02069275753486277
2007-07-20,322.0,327.5,315.25,318.25,28250,7,False,-3.0,-7.0,0.0,-49.125,269.125,-0.011024345429490157
2007-07-23,317.0,317.0,308.5,310.0,26082,7,False,-8.25,-0.75,0.0,-49.125,260.875,-0.03065490013934047
2007-07-24,311.5,316.5,309.5,311.5,27978,7,False,1.5,-4.125,0.0,-49.125,262.375,0.005749880210828895
2007-07-25,311.5,316.5,310.75,311.5,18794,7,False,0.0,3.75,0.0,-49.125,262.375,0.0
2007-07-26,312.25,326.0,311.5,317.5,42394,7,False,6.0,1.75,0.0,-49.125,268.375,0.022868032396379245
2007-07-27,318.0,322.25,315.0,321.0,23449,7,False,3.5,4.25,0.0,-49.125,271.875,0.01304145319049832
2007-07-30,323.5,324.75,313.5,323.5,25315,7,False,2.5,2.875,0.0,-49.125,274.375,0.009195402298850519
2007-07-31,324.75,326.5,321.5,325.75,30891,7,False,2.25,-2.125,0.0,-49.125,276.625,0.008200455580865684
2007-08-01,327.0,328.0,316.75,319.0,25569,8,False,-6.75,3.625,0.0,-49.125,269.875,-0.024401265250790782
2007-08-02,324.0,328.0,322.25,324.0,20120,8,False,5.0,-2.125,0.0,-49.125,274.875,0.018527095877721278
2007-08-03,324.0,330.0,322.0,326.5,24814,8,False,2.5,2.125,0.0,-49.125,277.375,0.009095043201455155
2007-08-06,323.5,327.0,316.5,325.75,27710,8,False,-0.75,6.0,0.0,-49.125,276.625,-0.002703920684993255
2007-08-07,324.75,335.75,323.5,335.25,33438,8,False,9.5,2.5,0.0,-49.125,286.125,0.034342521464076015
2007-08-08,334.75,342.75,333.25,341.0,58250,8,False,5.75,0.375,0.0,-49.125,291.875,0.0200961118392311
2007-08-09,339.25,342.5,330.75,332.25,61152,8,False,-8.75,3.25,0.0,-49.125,283.125,-0.02997858672376874
2007-08-10,331.0,337.0,324.75,333.0,44512,8,False,0.75,-5.375,0.0,-49.125,283.875,0.0026490066225166586
2007-08-13,336.5,340.5,330.5,331.0,41508,8,False,-2.0,-1.375,0.0,-49.125,281.875,-0.007045354469396692
2007-08-14,331.0,335.0,324.25,327.5,47755,8,False,-3.5,-0.75,0.0,-49.125,278.375,-0.012416851441241716
2007-08-15,327.75,333.5,324.25,328.0,27016,8,False,0.5,-5.0,0.0,-49.125,278.875,0.0017961383026492417
2007-08-16,326.75,326.75,309.5,321.5,48238,8,False,-6.5,3.75,0.0,-49.125,272.375,-0.023307933662034985
2007-08-17,320.0,329.5,317.25,328.5,22039,8,False,7.0,-1.625,0.0,-49.125,279.375,0.025699862322166034
2007-08-20,327.0,332.5,324.5,331.75,17876,8,False,3.25,6.875,0.0,-49.125,282.625,0.011633109619686888
2007-08-21,329.75,340.75,329.75,338.5,20696,8,False,6.75,6.125,0.0,-49.125,289.375,0.023883237505528454
2007-08-22,338.0,348.0,337.25,347.5,28109,8,False,9.0,2.25,0.0,-49.125,298.375,0.031101511879049637
2007-08-23,346.5,353.0,344.0,345.25,7979,8,False,-2.25,2.625,0.0,-49.125,296.125,-0.007540846250523647
2007-08-24,344.5,345.5,341.0,341.5,17508,8,False,-3.75,-4.0,0.0,-49.125,292.375,-0.012663571127057849
2007-08-27,338.5,340.75,323.0,335.75,17725,8,False,-5.75,-6.125,0.0,-49.125,286.625,-0.01966652415562209
2007-08-28,334.25,336.5,325.25,327.25,23196,8,False,-8.5,-5.125,0.0,-49.125,278.125,-0.02965547317924122
2007-08-29,326.25,329.5,321.75,322.75,19722,8,False,-4.5,-4.25,0.0,-49.125,273.625,-0.016179775280898867
2007-08-30,322.75,331.0,316.0,322.75,25108,8,False,0.0,-1.625,0.0,-49.125,273.625,0.0
2007-08-31,322.75,330.5,321.25,324.0,17760,8,False,1.25,6.375,0.0,-49.125,274.875,0.004568296025582397
2007-09-04,327.5,340.25,324.75,336.75,7902,9,True,12.75,-3.375,16.125,-65.25,271.5,-0.012278308321964526
2007-09-05,339.5,339.75,328.25,328.75,13851,9,False,-8.0,3.625,0.0,-65.25,263.5,-0.029465930018416242
2007-09-06,329.0,330.75,321.0,323.25,14671,9,False,-5.5,0.0,0.0,-65.25,258.0,-0.020872865275142316
2007-09-07,323.25,332.25,319.75,331.25,9559,9,False,8.0,-3.5,0.0,-65.25,266.0,0.03100775193798455
2007-09-10,331.25,336.75,326.0,329.75,6347,9,False,-1.5,1.375,0.0,-65.25,264.5,-0.005639097744360888
2007-09-11,329.75,330.0,322.0,324.5,7101,9,False,-5.25,6.875,0.0,-65.25,259.25,-0.01984877126654061
2007-09-12,323.5,341.75,321.75,339.75,4458,9,False,15.25,-7.125,0.0,-65.25,274.5,0.05882352941176472
2007-09-13,340.5,342.0,327.5,330.75,3087,9,False,-9.0,10.5,0.0,-65.25,265.5,-0.032786885245901676
2007-09-14,330.75,337.0,329.5,336.5,52666,9,False,5.75,3.375,0.0,-65.25,271.25,0.021657250470809686
2007-09-17,348.25,354.25,347.75,352.25,48349,9,False,15.75,2.875,0.0,-65.25,287.0,0.058064516129032295
2007-09-18,351.75,354.25,344.25,352.25,68121,9,False,0.0,10.875,0.0,-65.25,287.0,0.0
2007-09-19,352.0,358.75,347.0,358.25,65955,9,False,6.0,5.5,0.0,-65.25,293.0,0.020905923344947785
2007-09-20,357.5,375.5,357.0,369.25,114757,9,False,11.0,6.625,0.0,-65.25,304.0,0.03754266211604085
2007-09-21,369.25,377.0,367.75,376.5,60791,9,False,7.25,4.0,0.0,-65.25,311.25,0.023848684210526327
2007-09-24,375.25,380.5,370.5,373.5,89555,9,False,-3.0,2.75,0.0,-65.25,308.25,-0.009638554216867434
2007-09-25,372.5,375.5,370.75,371.75,65812,9,False,-1.75,0.125,0.0,-65.25,306.5,-0.005677210056772131
2007-09-26,370.75,376.0,368.25,375.0,67962,9,False,3.25,5.0,0.0,-65.25,309.75,0.010603588907014627
2007-09-27,376.0,389.5,374.5,386.75,107139,9,False,11.75,-5.25,0.0,-65.25,321.5,0.037933817594834496
2007-09-28,386.25,387.5,370.0,373.0,115779,9,False,-13.75,3.75,0.0,-65.25,307.75,-0.0427682737169518
2007-10-01,373.0,376.5,368.0,368.75,66527,10,False,-4.25,-16.875,0.0,-65.25,303.5,-0.01380991064175463
2007-10-02,368.25,368.75,348.75,348.75,94201,10,False,-20.0,-4.25,0.0,-65.25,283.5,-0.0658978583196046
2007-10-03,347.25,351.5,342.25,344.5,111649,10,False,-4.25,-11.125,0.0,-65.25,279.25,-0.014991181657848296
2007-10-04,346.0,349.75,341.0,342.25,63328,10,False,-2.25,-2.125,0.0,-65.25,277.0,-0.008057296329453845
2007-10-05,342.25,343.75,339.5,342.25,52201,10,False,0.0,-2.375,0.0,-65.25,277.0,0.0
2007-10-08,342.25,342.5,335.0,339.75,51793,10,False,-2.5,1.375,0.0,-65.25,274.5,-0.009025270758122761
2007-10-09,339.0,348.75,338.25,342.5,72638,10,False,2.75,1.125,0.0,-65.25,277.25,0.010018214936247771
2007-10-10,343.5,348.5,343.25,347.25,40439,10,False,4.75,-0.375,0.0,-65.25,282.0,0.017132551848512145
2007-10-11,347.0,349.75,341.25,343.75,63356,10,False,-3.5,6.0,0.0,-65.25,278.5,-0.012411347517730542
2007-10-12,343.0,358.0,340.75,351.0,90955,10,False,7.25,3.75,0.0,-65.25,285.75,0.026032315978456122
2007-10-15,351.25,362.5,350.0,362.0,73324,10,False,11.0,2.875,0.0,-65.25,296.75,0.03849518810148722
2007-10-16,361.75,362.0,354.75,360.5,63523,10,False,-1.5,4.25,0.0,-65.25,295.25,-0.005054759898904804
2007-10-17,360.0,360.75,355.75,358.0,65181,10,False,-2.5,3.875,0.0,-65.25,292.75,-0.008467400508044065
2007-10-18,357.75,367.5,356.5,367.25,64566,10,False,9.25,0.25,0.0,-65.25,302.0,0.0315969257045261
2007-10-19,366.5,371.25,363.75,370.25,73620,10,False,3.0,1.75,0.0,-65.25,305.0,0.009933774834437026
2007-10-22,367.75,368.75,359.0,364.5,67678,10,False,-5.75,-0.25,0.0,-65.25,299.25,-0.01885245901639343
2007-10-23,364.25,368.75,359.5,361.0,63626,10,False,-3.5,-5.125,0.0,-65.25,295.75,-0.011695906432748537
2007-10-24,361.0,362.5,355.75,356.5,62805,10,False,-4.5,3.125,0.0,-65.25,291.25,-0.015215553677092153
2007-10-25,356.5,367.5,356.25,366.25,59070,10,False,9.75,0.625,0.0,-65.25,301.0,0.033476394849785374
2007-10-26,365.75,374.5,365.0,372.0,76836,10,False,5.75,6.875,0.0,-65.25,306.75,0.01910299003322269
2007-10-29,372.0,379.0,371.25,376.0,76702,10,False,4.0,0.0,0.0,-65.25,310.75,0.013039934800326058
2007-10-30,375.25,375.75,368.75,370.25,76315,10,False,-5.75,4.625,0.0,-65.25,305.0,-0.018503620273531807
2007-10-31,369.25,380.0,368.0,375.5,77029,10,False,5.25,-6.25,0.0,-65.25,310.25,0.01721311475409837
2007-11-01,375.5,379.5,366.5,368.75,72482,11,False,-6.75,6.75,0.0,-65.25,303.5,-0.021756647864625278
2007-11-02,368.75,380.75,368.25,377.0,93632,11,False,8.25,-4.25,0.0,-65.25,311.75,0.027182866556836993
2007-11-05,374.5,377.75,372.0,375.25,75478,11,False,-1.75,9.375,0.0,-65.25,310.0,-0.005613472333600655
2007-11-06,374.75,387.75,374.25,385.75,104257,11,False,10.5,-1.625,0.0,-65.25,320.5,0.03387096774193554
2007-11-07,385.25,393.0,382.25,384.25,138022,11,False,-1.5,7.875,0.0,-65.25,319.0,-0.004680187207488307
2007-11-08,383.75,390.0,382.5,389.5,86448,11,False,5.25,-2.125,0.0,-65.25,324.25,0.016457680250783646
2007-11-09,388.75,389.5,380.5,386.75,124592,11,False,-2.75,-1.25,0.0,-65.25,321.5,-0.008481110254433322
2007-11-12,385.25,385.5,377.75,379.0,91074,11,False,-7.75,-3.5,0.0,-65.25,313.75,-0.024105754276827374
2007-11-13,378.25,382.0,374.0,374.75,75180,11,False,-4.25,0.25,0.0,-65.25,309.5,-0.013545816733067761
2007-11-14,374.5,385.0,373.75,383.0,76552,11,False,8.25,-6.25,0.0,-65.25,317.75,0.026655896607431284
2007-11-15,382.5,383.5,374.25,374.75,121281,11,False,-8.25,6.5,0.0,-65.25,309.5,-0.02596380802517706
2007-11-16,374.75,381.5,374.25,379.5,71443,11,False,4.75,-5.125,0.0,-65.25,314.25,0.015347334410339197
2007-11-19,379.25,385.0,376.5,377.5,60103,11,False,-2.0,4.25,0.0,-65.25,312.25,-0.006364359586316648
2007-11-20,377.5,386.25,374.0,381.25,81828,11,False,3.75,-0.625,0.0,-65.25,316.0,0.012009607686148893
2007-11-21,381.25,383.0,377.5,382.0,35892,11,False,0.75,5.375,0.0,-65.25,316.75,0.002373417721518889
2007-11-23,381.75,389.75,381.0,389.0,42014,11,False,7.0,-1.25,0.0,-65.25,323.75,0.022099447513812098
2007-11-26,388.75,394.0,382.0,385.75,61077,11,False,-3.25,2.375,0.0,-65.25,320.5,-0.010038610038610063
2007-11-27,384.75,386.0,381.25,383.5,34931,11,False,-2.25,0.25,0.0,-65.25,318.25,-0.0070202808112324044
2007-11-28,383.5,387.75,380.0,387.25,36755,11,False,3.75,-3.0,0.0,-65.25,322.0,0.01178318931657496
2007-11-29,388.0,390.0,382.5,383.5,50763,11,False,-3.75,2.375,0.0,-65.25,318.25,-0.01164596273291929
2007-11-30,383.5,387.5,378.0,384.5,37211,11,False,1.0,-1.125,0.0,-65.25,319.25,0.003142183817753441
2007-12-03,383.75,392.25,382.25,386.0,25723,12,True,1.5,4.5,-3.0,-62.25,323.75,0.014095536413469167
2007-12-04,388.25,395.75,385.5,394.0,23373,12,False,8.0,0.75,0.0,-62.25,331.75,0.024710424710424617
2007-12-05,393.75,395.25,390.5,394.0,17685,12,False,0.0,4.375,0.0,-62.25,331.75,0.0
2007-12-06,393.5,395.5,391.0,394.75,15869,12,False,0.75,2.375,0.0,-62.25,332.5,0.0022607385079125297
2007-12-07,394.5,400.0,394.25,399.5,15056,12,False,4.75,0.875,0.0,-62.25,337.25,0.014285714285714235
2007-12-10,399.5,402.25,398.25,400.5,11858,12,False,1.0,5.375,0.0,-62.25,338.25,0.002965159377316562
2007-12-11,399.5,407.5,398.25,406.5,11367,12,False,6.0,5.625,0.0,-62.25,344.25,0.017738359201773912
2007-12-12,404.75,416.75,402.0,416.75,11674,12,False,10.25,4.0,0.0,-62.25,354.5,0.02977487291212788
2007-12-13,417.0,422.0,412.0,418.75,8114,12,False,2.0,5.75,0.0,-62.25,356.5,0.005641748942172065
2007-12-14,417.5,421.0,416.25,420.0,72390,12,False,1.25,10.375,0.0,-62.25,357.75,0.003506311360448766
2007-12-17,437.75,443.25,431.5,438.75,90303,12,False,18.75,-2.75,0.0,-62.25,376.5,0.052410901467505155
2007-12-18,438.0,438.5,431.25,432.0,63135,12,False,-6.75,10.75,0.0,-62.25,369.75,-0.017928286852589626
2007-12-19,430.5,436.5,430.25,434.75,62765,12,False,2.75,-2.0,0.0,-62.25,372.5,0.007437457741717335
2007-12-20,434.25,438.0,431.75,437.5,48133,12,False,2.75,4.375,0.0,-62.25,375.25,0.007382550335570448
2007-12-21,437.0,447.75,436.5,443.5,66495,12,False,6.0,1.625,0.0,-62.25,381.25,0.0159893404397069
2007-12-24,442.75,444.5,440.25,444.0,16576,12,False,0.5,7.125,0.0,-62.25,381.75,0.0013114754098360049
2007-12-26,446.75,455.0,446.75,452.25,44885,12,False,8.25,1.5,0.0,-62.25,390.0,0.0216110019646365
2007-12-27,451.75,455.0,450.5,454.75,46167,12,False,2.5,2.75,0.0,-62.25,392.5,0.0064102564102563875
2007-12-28,453.5,457.0,451.75,452.0,43141,12,False,-2.75,3.0,0.0,-62.25,389.75,-0.007006369426751591
2007-12-31,450.0,457.0,447.75,455.5,42243,12,False,3.5,2.125,0.0,-62.25,393.25,0.008980115458627314
2008-01-02,456.25,469.5,456.0,462.5,82995,1,False,7.0,3.5,0.0,-62.25,400.25,0.017800381436745116
2008-01-03,462.5,469.0,460.75,466.0,70759,1,False,3.5,3.875,0.0,-62.25,403.75,0.008744534665833914
2008-01-04,466.0,469.0,459.0,466.75,71387,1,False,0.75,1.5,0.0,-62.25,404.5,0.0018575851393189957
2008-01-07,466.0,468.5,462.0,466.25,65254,1,False,-0.5,6.625,0.0,-62.25,404.0,-0.0012360939431397266
2008-01-08,465.5,480.0,465.5,478.75,86301,1,False,12.5,-1.0,0.0,-62.25,416.5,0.030940594059405857
2008-01-09,477.75,482.0,475.5,477.25,77906,1,False,-1.5,5.125,0.0,-62.25,415.0,-0.0036014405762304635
2008-01-10,476.25,478.25,471.0,475.0,91060,1,False,-2.25,9.25,0.0,-62.25,412.75,-0.005421686746987953
2008-01-11,474.0,495.0,473.5,495.0,91060,1,False,20.0,7.375,0.0,-62.25,432.75,0.0484554815263476
2008-01-14,505.0,515.0,503.0,512.0,91060,1,False,17.0,8.5,0.0,-62.25,449.75,0.03928365106874643
2008-01-15,510.25,519.25,505.0,509.0,91060,1,False,-3.0,5.25,0.0,-62.25,446.75,-0.006670372429127269
2008-01-16,507.25,509.0,496.0,502.5,91060,1,False,-6.5,-1.75,0.0,-62.25,440.25,-0.014549524342473474
2008-01-17,502.5,513.75,500.25,502.0,91060,1,False,-0.5,-5.125,0.0,-62.25,439.75,-0.0011357183418512218
2008-01-18,500.75,502.5,494.75,498.25,99913,1,False,-3.75,-4.875,0.0,-62.25,436.0,-0.008527572484366086
2008-01-22,491.5,498.5,478.25,489.0,139381,1,False,-9.25,-11.75,0.0,-62.25,426.75,-0.021215596330275255
2008-01-23,487.75,493.75,469.0,469.25,162660,1,False,-19.75,5.375,0.0,-62.25,407.0,-0.046280023432923256
2008-01-24,474.25,489.25,473.25,489.25,116624,1,False,20.0,-5.375,0.0,-62.25,427.0,0.0491400491400491
2008-01-25,491.25,504.5,491.25,498.25,126215,1,False,9.0,12.0,0.0,-62.25,436.0,0.021077283372365363
2008-01-28,496.75,503.75,490.0,502.25,91721,1,False,4.0,3.875,0.0,-62.25,440.0,0.00917431192660545
2008-01-29,503.25,507.5,497.0,501.0,95856,1,False,-1.25,0.75,0.0,-62.25,438.75,-0.0028409090909090606
2008-01-30,501.5,502.5,494.25,498.5,89969,1,False,-2.5,0.75,0.0,-62.25,436.25,-0.005698005698005715
2008-01-31,497.75,505.25,492.0,501.25,107158,1,False,2.75,-1.625,0.0,-62.25,439.0,0.006303724928366838
2008-02-01,503.0,509.75,499.25,500.5,124049,2,False,-0.75,6.375,0.0,-62.25,438.25,-0.0017084282460136935
2008-02-04,501.25,511.0,501.25,510.5,90090,2,False,10.0,-1.0,0.0,-62.25,448.25,0.02281802624073026
2008-02-05,510.0,512.0,505.0,509.25,109290,2,False,-1.25,1.125,0.0,-62.25,447.0,-0.002788622420524245
2008-02-06,510.0,528.75,500.0,501.5,184644,2,False,-7.75,-1.625,0.0,-62.25,439.25,-0.017337807606264022
2008-02-07,500.0,504.5,491.0,499.5,192244,2,False,-2.0,0.375,0.0,-62.25,437.25,-0.004553215708594238
2008-02-08,502.0,519.0,501.5,508.0,197095,2,False,8.5,-3.25,0.0,-62.25,445.75,0.019439679817038202
2008-02-11,510.5,512.75,491.25,503.5,139958,2,False,-4.5,1.375,0.0,-62.25,441.25,-0.010095344924284877
2008-02-12,503.5,506.5,495.0,497.75,146545,2,False,-5.75,-2.625,0.0,-62.25,435.5,-0.013031161473087804
2008-02-13,496.0,498.75,492.5,497.0,111991,2,False,-0.75,4.125,0.0,-62.25,434.75,-0.001722158438576371
2008-02-14,497.0,512.5,496.5,511.0,108007,2,False,14.0,1.5,0.0,-62.25,448.75,0.032202415181138644
2008-02-15,511.75,517.0,509.75,514.75,110936,2,False,3.75,9.625,0.0,-62.25,452.5,0.008356545961002881
2008-02-19,514.5,524.75,514.25,520.0,128426,2,False,5.25,3.625,0.0,-62.25,457.75,0.011602209944751474
2008-02-20,520.0,524.0,513.25,523.5,120374,2,False,3.5,3.125,0.0,-62.25,461.25,0.007646095030038325
2008-02-21,523.5,529.0,516.5,524.5,110252,2,False,1.0,0.625,0.0,-62.25,462.25,0.0021680216802169028
2008-02-22,524.0,525.0,518.75,522.25,65603,2,False,-2.25,6.0,0.0,-62.25,460.0,-0.004867495943753353
2008-02-25,522.0,542.0,521.25,533.25,113708,2,False,11.0,-2.5,0.0,-62.25,471.0,0.023913043478260843
2008-02-26,533.0,539.25,513.25,530.5,75866,2,False,-2.75,2.75,0.0,-62.25,468.25,-0.0058386411889597145
2008-02-27,530.25,532.5,518.0,525.0,72140,2,False,-5.5,7.75,0.0,-62.25,462.75,-0.01174586225306995
2008-02-28,525.0,544.0,520.5,543.25,110033,2,False,18.25,-1.375,0.0,-62.25,481.0,0.03943814154511083
2008-02-29,540.75,547.75,539.5,546.0,40847,2,False,2.75,13.875,0.0,-62.25,483.75,0.005717255717255787
2008-03-03,546.0,562.0,544.0,555.5,30123,3,True,9.5,-4.875,14.375,-76.625,478.875,-0.010077519379844913
2008-03-04,555.0,560.5,530.0,543.0,27331,3,False,-12.5,11.75,0.0,-76.625,466.375,-0.026102845210127956
2008-03-05,545.5,564.0,540.0,557.0,14329,3,False,14.0,-6.25,0.0,-76.625,480.375,0.030018761726078758
2008-03-06,561.75,562.75,546.0,557.0,11671,3,False,0.0,-4.75,0.0,-76.625,480.375,0.0
2008-03-07,556.25,556.25,528.0,533.5,9314,3,False,-23.5,11.0,0.0,-76.625,456.875,-0.048920114493885
2008-03-10,530.0,555.25,516.5,555.5,3850,3,False,22.0,-7.5,0.0,-76.625,478.875,0.048153214774281805
2008-03-11,556.0,572.0,549.75,564.0,3808,3,False,8.5,7.375,0.0,-76.625,487.375,0.017749934742886886
2008-03-12,559.5,562.0,551.0,556.75,4692,3,False,-7.25,5.75,0.0,-76.625,480.125,-0.014875609130546308
2008-03-13,557.75,568.0,553.25,559.75,2440,3,False,3.0,-10.75,0.0,-76.625,483.125,0.00624837281957813
2008-03-14,559.75,563.5,541.5,545.5,120026,3,False,-14.25,-1.625,0.0,-76.625,468.875,-0.02949547218628723
2008-03-17,559.0,567.25,539.25,539.25,67780,3,False,-6.25,-3.125,0.0,-76.625,462.625,-0.013329778725673203
2008-03-18,533.25,549.5,528.0,547.25,90844,3,False,8.0,-13.125,0.0,-76.625,470.625,0.01729262361523909
2008-03-19,547.0,548.75,527.25,527.25,117481,3,False,-20.0,-5.875,0.0,-76.625,450.625,-0.04249667994687911
2008-03-20,525.0,526.5,507.25,507.5,149989,3,False,-19.75,-1.375,0.0,-76.625,430.875,-0.04382801664355063
2008-03-24,509.75,525.5,503.25,524.75,100968,3,False,17.25,0.125,0.0,-76.625,448.125,0.040034812880765935
2008-03-25,526.0,544.75,524.75,544.75,67708,3,False,20.0,12.375,0.0,-76.625,468.125,0.04463040446304034
2008-03-26,548.0,561.0,541.5,552.25,101068,3,False,7.5,11.625,0.0,-76.625,475.625,0.01602136181575431
2008-03-27,550.25,557.5,546.5,555.5,66816,3,False,3.25,6.25,0.0,-76.625,478.875,0.006833114323258949
2008-03-28,553.75,562.75,547.25,560.5,78064,3,False,5.0,5.0,0.0,-76.625,483.875,0.010441138084051227
2008-03-31,561.25,588.0,557.0,567.25,169084,3,False,6.75,10.875,0.0,-76.625,490.625,0.013949883750968839
2008-04-01,570.5,587.75,561.25,584.0,146412,4,False,16.75,9.25,0.0,-76.625,507.375,0.03414012738853511
2008-04-02,584.25,599.25,582.0,595.75,122521,4,False,11.75,10.5,0.0,-76.625,519.125,0.023158413402315947
2008-04-03,595.75,602.75,590.25,600.0,114646,4,False,4.25,4.875,0.0,-76.625,523.375,0.008186852877438033
2008-04-04,599.75,601.5,595.5,598.0,81488,4,False,-2.0,-1.875,0.0,-76.625,521.375,-0.0038213518032004234
2008-04-07,595.25,601.0,587.0,590.0,135414,4,False,-8.0,-0.375,0.0,-76.625,513.375,-0.01534404219611607
2008-04-08,588.25,594.25,586.5,591.25,122427,4,False,1.25,2.875,0.0,-76.625,514.625,0.0024348672997320797
2008-04-09,592.75,616.0,592.0,605.0,171693,4,False,13.75,-4.75,0.0,-76.625,528.375,0.026718484333252412
2008-04-10,605.0,612.25,593.0,594.25,156007,4,False,-10.75,1.875,0.0,-76.625,517.625,-0.02034539862786844
2008-04-11,595.25,598.0,583.0,584.25,142072,4,False,-10.0,-1.625,0.0,-76.625,507.625,-0.01931900507123885
2008-04-14,587.5,594.75,579.25,591.75,129003,4,False,7.5,2.125,0.0,-76.625,515.125,0.014774686037921647
2008-04-15,593.25,609.5,592.75,606.0,133875,4,False,14.25,2.5,0.0,-76.625,529.375,0.02766318854646932
2008-04-16,606.0,609.0,599.75,603.5,87590,4,False,-2.5,7.125,0.0,-76.625,526.875,-0.0047225501770956635
2008-04-17,603.5,609.5,598.5,603.5,72470,4,False,0.0,-3.25,0.0,-76.625,526.875,0.0
2008-04-18,603.25,606.0,590.5,599.5,51173,4,False,-4.0,-9.625,0.0,-76.625,522.875,-0.0075919335705813
2008-04-21,597.0,597.5,569.5,580.25,84710,4,False,-19.25,5.0,0.0,-76.625,503.625,-0.036815682524503957
2008-04-22,582.75,601.25,577.25,594.25,61316,4,False,14.0,-12.875,0.0,-76.625,517.625,0.02779846115661444
2008-04-23,594.75,597.0,586.0,587.75,42514,4,False,-6.5,1.25,0.0,-76.625,511.125,-0.012557353296305251
2008-04-24,587.75,590.75,572.25,576.25,115119,4,False,-11.5,-2.75,0.0,-76.625,499.625,-0.02249938860357059
2008-04-25,576.25,593.0,566.0,577.25,83646,4,False,1.0,5.625,0.0,-76.625,500.625,0.002001501125844296
2008-04-28,585.25,601.0,583.0,600.0,87752,4,False,22.75,-3.875,0.0,-76.625,523.375,0.04544319600499369
2008-04-29,606.0,610.25,586.75,591.25,129006,4,False,-8.75,15.875,0.0,-76.625,514.625,-0.01671841413900166
2008-04-30,592.5,603.0,591.0,600.25,62554,4,False,9.0,-1.75,0.0,-76.625,523.625,0.017488462472674327
2008-05-01,602.0,606.5,591.25,605.5,46310,5,True,5.25,2.75,2.5,-79.125,526.375,0.005251850083552112
2008-05-02,603.25,612.75,600.0,602.0,33106,5,False,-3.5,-7.375,0.0,-79.125,522.875,-0.006649251959154556
2008-05-05,605.0,606.5,572.0,582.0,39786,5,False,-20.0,4.625,0.0,-79.125,502.875,-0.03825005976571838
2008-05-06,586.5,610.5,583.75,594.75,23576,5,False,12.75,-6.625,0.0,-79.125,515.625,0.025354213273676374
2008-05-07,599.5,606.0,596.0,601.5,15268,5,False,6.75,15.0,0.0,-79.125,522.375,0.013090909090909042
2008-05-08,602.5,621.75,602.25,618.75,12287,5,False,17.25,3.25,0.0,-79.125,539.625,0.033022254127781814
2008-05-09,618.25,627.0,613.0,618.5,9011,5,False,-0.25,1.125,0.0,-79.125,539.375,-0.00046328468844103465
2008-05-12,616.0,618.75,603.0,603.5,7839,5,False,-15.0,-3.125,0.0,-79.125,524.375,-0.02780996523754342
2008-05-13,602.0,602.0,585.0,597.5,5197,5,False,-6.0,-11.375,0.0,-79.125,518.375,-0.011442193087008334
2008-05-14,598.0,598.0,586.75,589.75,94813,5,False,-7.75,1.625,0.0,-79.125,510.625,-0.014950566674704624
2008-05-15,596.25,599.75,585.25,599.0,113564,5,False,9.25,-7.875,0.0,-79.125,519.875,0.01811505507955946
2008-05-16,599.5,608.5,587.5,591.0,89515,5,False,-8.0,2.5,0.0,-79.125,511.875,-0.015388314498677613
2008-05-19,587.0,593.5,582.0,586.75,86677,5,False,-4.25,-2.5,0.0,-79.125,507.625,-0.008302808302808273
2008-05-20,590.0,603.5,586.25,589.75,102239,5,False,3.0,6.625,0.0,-79.125,510.625,0.005909874415168659
2008-05-21,589.25,608.75,589.0,607.25,98638,5,False,17.5,-4.25,0.0,-79.125,528.125,0.03427172582619331
2008-05-22,608.0,611.25,595.25,595.75,115412,5,False,-11.5,10.75,0.0,-79.125,516.625,-0.021775147928994043
2008-05-23,594.75,602.0,593.0,599.75,73062,5,False,4.0,-6.625,0.0,-79.125,520.625,0.007742559883861633
2008-05-27,604.75,607.0,592.5,598.0,68636,5,False,-1.75,-0.75,0.0,-79.125,518.875,-0.003361344537815114
2008-05-28,593.0,596.75,585.0,592.5,108666,5,False,-5.5,-6.0,0.0,-79.125,513.375,-0.010599855456516538
2008-05-29,592.5,594.75,572.75,582.25,154670,5,False,-10.25,5.75,0.0,-79.125,503.125,-0.01996591185780372
2008-05-30,580.0,603.25,577.0,599.25,124124,5,False,17.0,3.125,0.0,-79.125,520.125,0.03378881987577631
2008-06-02,597.0,618.0,595.75,615.75,149080,6,False,16.5,4.625,0.0,-79.125,536.625,0.03172314347512617
2008-06-03,610.0,618.75,601.75,608.0,157427,6,False,-7.75,11.5,0.0,-79.125,528.875,-0.014442115071045869
2008-06-04,608.5,615.0,602.25,614.5,110818,6,False,6.5,10.5,0.0,-79.125,535.375,0.012290238714252055
2008-06-05,615.0,643.5,614.5,643.25,168510,6,False,28.75,7.0,0.0,-79.125,564.125,0.053700677095493754
2008-06-06,643.0,663.25,641.75,650.75,199759,6,False,7.5,17.625,0.0,-79.125,571.625,0.01329492576999769
2008-06-09,660.75,673.0,650.0,657.25,136730,6,False,6.5,11.75,0.0,-79.125,578.125,0.011371091187404314
2008-06-10,657.0,673.75,655.25,673.25,164566,6,False,16.0,18.25,0.0,-79.125,594.125,0.02767567567567575
2008-06-11,674.0,703.25,673.25,703.25,108001,6,False,30.0,10.875,0.0,-79.125,624.125,0.05049442457395337
2008-06-12,715.5,725.5,696.5,709.0,231280,6,False,5.75,26.375,0.0,-79.125,629.875,0.009212898057280094
2008-06-13,712.0,737.5,701.0,731.75,153347,6,False,22.75,3.25,0.0,-79.125,652.625,0.03611827743599916
2008-06-16,737.75,758.0,724.0,732.5,154553,6,False,0.75,16.25,0.0,-79.125,653.375,0.0011492051331163378
2008-06-17,730.0,743.75,725.25,742.25,106113,6,False,9.75,2.375,0.0,-79.125,663.125,0.014922517696575488
2008-06-18,745.0,755.0,732.75,746.25,99079,6,False,4.0,-4.375,0.0,-79.125,667.125,0.00603204524033929
2008-06-19,746.5,754.0,717.75,727.75,172707,6,False,-18.5,-1.25,0.0,-79.125,648.625,-0.027730934982199695
2008-06-20,728.0,738.0,717.75,721.25,116525,6,False,-6.5,-7.75,0.0,-79.125,642.125,-0.010021198689535549
2008-06-23,715.0,726.5,703.5,724.25,98434,6,False,3.0,-9.125,0.0,-79.125,645.125,0.004671987541366551
2008-06-24,725.5,728.75,709.0,712.5,130898,6,False,-11.75,10.25,0.0,-79.125,633.375,-0.018213524510753754
2008-06-25,711.0,731.0,708.5,730.0,82036,6,False,17.5,6.0,0.0,-79.125,650.875,0.027629761199921
2008-06-26,732.0,760.0,730.5,753.75,114392,6,False,23.75,9.25,0.0,-79.125,674.625,0.03648934127136538
2008-06-27,753.25,765.0,746.0,754.75,104541,6,False,1.0,-3.125,0.0,-79.125,675.625,0.0014823049842505043
2008-06-30,753.75,761.0,715.5,724.75,77225,6,False,-30.0,-2.125,0.0,-79.125,645.625,-0.044403330249768724
2008-07-01,722.0,722.25,703.5,719.5,39107,7,True,-5.25,-0.375,-4.875,-74.25,645.25,-0.0005808325266214442
2008-07-02,720.5,749.75,714.75,748.75,35992,7,False,29.25,-4.0,0.0,-74.25,674.5,0.04533126695079437
2008-07-03,751.5,751.5,730.25,746.0,25562,7,False,-2.75,-0.125,0.0,-74.25,671.75,-0.004077094143810189
2008-07-07,730.0,730.0,692.25,716.5,39180,7,False,-29.5,-13.25,0.0,-74.25,642.25,-0.043915147004093824
2008-07-08,704.0,704.0,672.5,692.75,14808,7,False,-23.75,-19.625,0.0,-74.25,618.5,-0.03697936940443758
2008-07-09,694.0,695.0,675.25,683.0,8957,7,False,-9.75,-15.75,0.0,-74.25,608.75,-0.015763945028294257
2008-07-10,684.0,684.0,673.0,675.25,4867,7,False,-7.75,-2.5,0.0,-74.25,601.0,-0.012731006160164315
2008-07-11,679.75,685.25,666.25,680.0,2685,7,False,4.75,-15.375,0.0,-74.25,605.75,0.007903494176372705
2008-07-14,671.0,671.0,650.0,657.0,54918,7,False,-23.0,-2.0,0.0,-74.25,582.75,-0.037969459347915846
2008-07-15,661.5,672.5,643.25,648.25,64517,7,False,-8.75,-6.375,0.0,-74.25,574.0,-0.01501501501501501
2008-07-16,647.25,660.25,639.0,658.5,64939,7,False,10.25,-18.0,0.0,-74.25,584.25,0.017857142857142794
2008-07-17,658.5,663.5,629.25,631.25,56941,7,False,-27.25,-5.75,0.0,-74.25,557.0,-0.04664099272571676
2008-07-18,630.5,637.25,608.25,609.5,60867,7,False,-21.75,-23.75,0.0,-74.25,535.25,-0.03904847396768407
2008-07-21,606.25,610.0,584.0,589.25,50636,7,False,-20.25,-18.75,0.0,-74.25,515.0,-0.03783278841662774
2008-07-22,589.0,594.0,571.25,573.5,65580,7,False,-15.75,-11.125,0.0,-74.25,499.25,-0.030582524271844713
2008-07-23,574.0,589.0,543.75,571.5,70462,7,False,-2.0,-7.125,0.0,-74.25,497.25,-0.0040060090135203286
2008-07-24,571.5,584.0,561.75,573.0,40898,7,False,1.5,1.125,0.0,-74.25,498.75,0.003016591251885359
2008-07-25,573.25,585.5,569.0,577.25,40878,7,False,4.25,3.125,0.0,-74.25,503.0,0.008521303258145263
2008-07-28,584.5,590.75,574.75,582.0,48579,7,False,4.75,8.125,0.0,-74.25,507.75,0.009443339960238495
2008-07-29,582.5,596.75,570.75,594.0,45821,7,False,12.0,6.125,0.0,-74.25,519.75,0.02363367799113747
2008-07-30,598.5,605.0,586.75,601.5,46615,7,False,7.5,-1.0,0.0,-74.25,527.25,0.01443001443001446
2008-07-31,602.5,603.25,585.0,587.5,62035,7,False,-14.0,-7.5,0.0,-74.25,513.25,-0.02655286865813178
2008-08-01,589.0,589.5,561.5,565.0,58123,8,False,-22.5,-21.75,0.0,-74.25,490.75,-0.043838285435947366
2008-08-04,560.75,565.25,535.0,535.5,48767,8,False,-29.5,-16.375,0.0,-74.25,461.25,-0.060112073357106444
2008-08-05,532.5,547.5,516.5,525.25,76493,8,False,-10.25,-23.375,0.0,-74.25,451.0,-0.022222222222222254
2008-08-06,524.75,529.75,502.75,508.0,70443,8,False,-17.25,2.0,0.0,-74.25,433.75,-0.0382483370288248
2008-08-07,509.75,524.75,503.5,522.25,67250,8,False,14.25,-20.5,0.0,-74.25,448.0,0.032853025936599334
2008-08-08,523.5,526.5,494.25,498.5,63919,8,False,-23.75,6.5,0.0,-74.25,424.25,-0.053013392857142905
2008-08-11,500.75,504.75,492.75,497.25,66873,8,False,-1.25,-6.0,0.0,-74.25,423.0,-0.0029463759575721893
2008-08-12,498.25,516.0,485.25,509.0,98323,8,False,11.75,14.375,0.0,-74.25,434.75,0.02777777777777768
2008-08-13,511.0,539.0,509.5,539.0,67616,8,False,30.0,15.25,0.0,-74.25,464.75,0.0690051753881542
2008-08-14,548.0,559.5,530.0,557.75,83099,8,False,18.75,1.0,0.0,-74.25,483.5,0.040344271113501806
2008-08-15,556.5,557.0,527.75,529.75,48093,8,False,-28.0,21.0,0.0,-74.25,455.5,-0.05791106514994826
2008-08-18,536.0,559.25,529.0,553.0,31620,8,False,23.25,-8.125,0.0,-74.25,478.75,0.051042810098792524
2008-08-19,551.25,573.75,541.5,564.75,40421,8,False,11.75,16.875,0.0,-74.25,490.5,0.024543080939947837
2008-08-20,564.0,577.75,564.0,575.25,39300,8,False,10.5,17.125,0.0,-74.25,501.0,0.021406727828746197
2008-08-21,575.5,605.25,574.25,597.75,55365,8,False,22.5,-0.375,0.0,-74.25,523.5,0.04491017964071853
2008-08-22,597.25,597.25,581.75,586.5,49624,8,False,-11.25,8.125,0.0,-74.25,512.25,-0.021489971346704828
2008-08-25,595.0,608.75,578.5,580.25,57551,8,False,-6.25,-8.125,0.0,-74.25,506.0,-0.012201073694485087
2008-08-26,581.0,583.25,568.25,575.25,77554,8,False,-5.0,-2.0,0.0,-74.25,501.0,-0.00988142292490124
2008-08-27,575.0,585.25,567.25,577.5,88627,8,False,2.25,-6.25,0.0,-74.25,503.25,0.004491017964071808
2008-08-28,578.0,578.5,563.75,570.0,78569,8,False,-7.5,0.25,0.0,-74.25,495.75,-0.014903129657228065
2008-08-29,569.75,582.5,564.75,568.25,37432,8,False,-1.75,-11.375,0.0,-74.25,494.0,-0.0035300050428643814
2008-09-02,560.25,560.25,536.5,553.0,16671,9,True,-15.25,-4.125,-11.125,-63.125,489.875,-0.008350202429149745
2008-09-03,559.0,559.0,534.0,546.5,14672,9,False,-6.5,-6.25,0.0,-63.125,483.375,-0.013268690992600196
2008-09-04,547.0,556.5,540.0,549.25,10636,9,False,2.75,-12.125,0.0,-63.125,486.125,0.005689164727178619
2008-09-05,548.5,548.5,526.75,531.5,7542,9,False,-17.75,2.125,0.0,-63.125,468.375,-0.03651324247878629
2008-09-08,540.75,542.0,528.0,533.0,5411,9,False,1.5,-10.625,0.0,-63.125,469.875,0.0032025620496396456
2008-09-09,530.0,534.0,516.0,529.5,2676,9,False,-3.5,-2.75,0.0,-63.125,466.375,-0.007448789571694592
2008-09-10,525.0,529.75,520.75,522.5,2783,9,False,-7.0,-1.875,0.0,-63.125,459.375,-0.015009380863039379
2008-09-11,522.5,526.0,519.0,522.25,2360,9,False,-0.25,9.125,0.0,-63.125,459.125,-0.0005442176870747994
2008-09-12,522.0,551.5,522.0,547.5,125790,9,False,25.25,7.125,0.0,-63.125,484.375,0.054995916144840784
2008-09-15,570.0,579.75,545.75,562.0,155947,9,False,14.5,-2.25,0.0,-63.125,498.875,0.029935483870967783
2008-09-16,561.5,565.0,532.0,532.25,156918,9,False,-29.75,18.125,0.0,-63.125,469.125,-0.05963417689802053
2008-09-17,532.25,560.0,526.0,554.0,192345,9,False,21.75,-28.25,0.0,-63.125,490.875,0.0463629096722622
2008-09-18,552.5,560.0,524.0,527.25,176651,9,False,-26.75,18.375,0.0,-63.125,464.125,-0.054494525082760426
2008-09-19,530.25,548.0,527.25,542.25,107830,9,False,15.0,-5.25,0.0,-63.125,479.125,0.03231887961217339
2008-09-22,541.25,564.5,535.25,558.5,125398,9,False,16.25,8.375,0.0,-63.125,495.375,0.033915992695016994
2008-09-23,557.75,561.75,549.5,560.25,109990,9,False,1.75,9.5,0.0,-63.125,497.125,0.003532677264698414
2008-09-24,561.0,574.0,555.0,563.0,94573,9,False,2.75,-1.5,0.0,-63.125,499.875,0.005531807895398533
2008-09-25,563.0,565.5,555.0,558.25,103299,9,False,-4.75,-6.25,0.0,-63.125,495.125,-0.009502375593898438
2008-09-26,557.75,559.0,539.25,543.0,106618,9,False,-15.25,-17.375,0.0,-63.125,479.875,-0.03080030295379954
2008-09-29,541.25,542.25,513.0,513.0,112025,9,False,-30.0,-20.375,0.0,-63.125,449.875,-0.06251628028132328
2008-09-30,507.0,524.75,485.5,487.5,216889,9,False,-25.5,-16.75,0.0,-63.125,424.375,-0.05668241178105027
2008-10-01,494.0,500.0,482.75,484.0,141925,10,False,-3.5,-27.75,0.0,-63.125,420.875,-0.008247422680412342
2008-10-02,485.0,488.0,454.0,454.0,150592,10,False,-30.0,-1.75,0.0,-63.125,390.875,-0.0712800712800713
2008-10-03,454.0,468.5,453.0,454.0,119134,10,False,0.0,-30.0,0.0,-63.125,390.875,0.0
2008-10-06,444.0,460.0,424.0,424.0,137525,10,False,-30.0,-3.5,0.0,-63.125,360.875,-0.07675087943716019
2008-10-07,418.5,429.75,412.75,417.0,154002,10,False,-7.0,-9.75,0.0,-63.125,353.875,-0.01939729823346037
2008-10-08,417.75,432.5,407.0,427.5,139482,10,False,10.5,1.875,0.0,-63.125,364.375,0.029671494171670698
2008-10-09,426.5,442.5,425.0,438.25,119918,10,False,10.75,-9.75,0.0,-63.125,375.125,0.029502572898799206
2008-10-10,427.75,429.0,408.25,408.25,39848,10,False,-30.0,7.0,0.0,-63.125,345.125,-0.07997334221926022
2008-10-13,405.0,423.0,398.25,411.5,105583,10,False,3.25,-15.125,0.0,-63.125,348.375,0.009416877942774349
2008-10-14,418.25,428.5,410.5,411.25,99419,10,False,-0.25,-10.0,0.0,-63.125,348.125,-0.0007176175098672077
2008-10-15,412.0,416.0,384.75,388.0,130944,10,False,-23.25,-1.875,0.0,-63.125,324.875,-0.06678635547576306
2008-10-16,385.25,391.75,371.0,384.5,137828,10,False,-3.5,-2.375,0.0,-63.125,321.375,-0.010773374374759559
2008-10-17,392.0,410.0,387.0,403.0,107661,10,False,18.5,6.0,0.0,-63.125,339.875,0.05756514974718008
2008-10-20,404.0,420.0,404.0,418.5,99746,10,False,15.5,5.5,0.0,-63.125,355.375,0.04560500183891136
2008-10-21,421.75,427.75,406.5,411.0,147870,10,False,-7.5,-5.25,0.0,-63.125,347.875,-0.021104467112205372
2008-10-22,412.5,414.0,381.75,385.0,127533,10,False,-26.0,-1.125,0.0,-63.125,321.875,-0.0747394897592526
2008-10-23,386.25,401.75,379.0,390.25,125163,10,False,5.25,-21.75,0.0,-63.125,327.125,0.016310679611650558
2008-10-24,395.25,407.5,372.0,372.75,133207,10,False,-17.5,8.875,0.0,-63.125,309.625,-0.053496369889186046
2008-10-27,380.0,387.0,364.0,385.25,114823,10,False,12.5,-6.0,0.0,-63.125,322.125,0.04037141703673797
2008-10-28,387.0,409.75,385.75,390.75,144318,10,False,5.5,21.25,0.0,-63.125,327.625,0.017074117190531535
2008-10-29,400.5,420.75,396.25,420.75,107041,10,False,30.0,-2.875,0.0,-63.125,357.625,0.09156810377718427
2008-10-30,420.75,433.0,402.25,409.5,182927,10,False,-11.25,11.0,0.0,-63.125,346.375,-0.03145753233135262
2008-10-31,408.5,410.5,395.5,401.5,140875,10,False,-8.0,-4.875,0.0,-63.125,338.375,-0.0230963551064598
2008-11-03,398.0,418.0,394.5,403.0,127418,11,False,1.5,1.0,0.0,-63.125,339.875,0.0044329516069450126
2008-11-04,401.0,422.0,398.0,413.0,125971,11,False,10.0,-10.625,0.0,-63.125,349.875,0.02942258183155566
2008-11-05,412.5,416.0,390.0,390.25,139558,11,False,-22.75,-1.125,0.0,-63.125,327.125,-0.06502322257949267
2008-11-06,390.25,391.5,374.5,378.0,163866,11,False,-12.25,-12.625,0.0,-63.125,314.875,-0.03744745892243029
2008-11-07,379.25,388.0,375.0,375.5,124495,11,False,-2.5,-2.125,0.0,-63.125,312.375,-0.007939658594680377
2008-11-10,383.25,390.0,372.75,383.5,144708,11,False,8.0,-5.875,0.0,-63.125,320.375,0.025610244097639123
2008-11-11,383.0,384.0,360.25,374.25,162316,11,False,-9.25,1.625,0.0,-63.125,311.125,-0.028872415138509577
2008-11-12,370.5,389.5,363.25,369.5,175006,11,False,-4.75,-0.875,0.0,-63.125,306.375,-0.01526717557251911
2008-11-13,365.75,379.0,363.0,377.0,141034,11,False,7.5,-0.75,0.0,-63.125,313.875,0.02447980416156681
2008-11-14,384.75,386.25,370.5,380.25,105148,11,False,3.25,6.5,0.0,-63.125,317.125,0.010354440461967318
2008-11-17,375.0,389.5,375.0,385.75,109970,11,False,5.5,-1.25,0.0,-63.125,322.625,0.017343318880567615
2008-11-18,384.25,386.75,378.5,380.0,100584,11,False,-5.75,2.125,0.0,-63.125,316.875,-0.0178225493994576
2008-11-19,379.75,385.0,375.0,378.75,104901,11,False,-1.25,-10.375,0.0,-63.125,315.625,-0.0039447731755424265
2008-11-20,372.5,375.0,360.25,363.75,95876,11,False,-15.0,-13.25,0.0,-63.125,300.625,-0.04752475247524757
2008-11-21,357.75,362.5,336.5,338.5,149304,11,False,-25.25,0.5,0.0,-63.125,275.375,-0.083991683991684
2008-11-24,343.5,361.75,337.25,354.5,137794,11,False,16.0,-13.125,0.0,-63.125,291.375,0.058102587380844284
2008-11-25,354.25,357.0,347.0,353.5,131047,11,False,-1.0,8.25,0.0,-63.125,290.375,-0.00343200343200345
2008-11-26,353.5,358.0,350.25,354.0,124950,11,False,0.5,-2.75,0.0,-63.125,290.875,0.0017219113215669601
2008-11-28,353.0,359.0,345.75,349.5,39707,11,False,-4.5,-8.125,0.0,-63.125,286.375,-0.015470562956596434
2008-12-01,350.0,352.25,328.75,332.75,50202,12,True,-16.75,-2.375,-14.375,-48.75,284.0,-0.008293321693583544
2008-12-02,330.25,338.0,330.0,332.5,45168,12,False,-0.25,-8.625,0.0,-48.75,283.75,-0.0008802816901408717
2008-12-03,332.5,338.5,329.0,332.0,32940,12,False,-0.5,-7.0,0.0,-48.75,283.25,-0.0017621145374449032
2008-12-04,332.5,332.75,317.5,318.25,22612,12,False,-13.75,-12.625,0.0,-48.75,269.5,-0.04854368932038833
2008-12-05,317.5,317.5,290.0,293.5,19576,12,False,-24.75,3.5,0.0,-48.75,244.75,-0.09183673469387754
2008-12-08,296.75,319.0,296.75,314.25,10605,12,False,20.75,-13.375,0.0,-48.75,265.5,0.08478038815117461
2008-12-09,314.25,320.75,310.25,312.25,8412,12,False,-2.0,17.625,0.0,-48.75,263.5,-0.007532956685499026
2008-12-10,311.75,329.0,311.75,326.75,7112,12,False,14.5,4.625,0.0,-48.75,278.0,0.05502846299810238
2008-12-11,326.75,342.75,323.75,338.0,3501,12,False,11.25,18.0,0.0,-48.75,289.25,0.04046762589928066
2008-12-12,335.75,365.0,325.0,359.5,155696,12,False,21.5,13.5,0.0,-48.75,310.75,0.0743301642178047
2008-12-15,374.0,393.25,371.0,375.25,104152,12,False,15.75,20.125,0.0,-48.75,326.5,0.05068382944489147
2008-12-16,373.0,399.0,370.25,394.0,127605,12,False,18.75,5.625,0.0,-48.75,345.25,0.057427258805512915
2008-12-17,397.75,402.75,381.75,389.5,132993,12,False,-4.5,9.375,0.0,-48.75,340.75,-0.01303403330919628
2008-12-18,388.0,394.5,380.0,389.5,73190,12,False,0.0,-6.625,0.0,-48.75,340.75,0.0
2008-12-19,385.5,385.75,375.25,380.75,77698,12,False,-8.75,0.5,0.0,-48.75,332.0,-0.025678650036683792
2008-12-22,380.0,386.25,376.25,381.75,68015,12,False,1.0,2.125,0.0,-48.75,333.0,0.003012048192771122
2008-12-23,380.5,395.0,377.75,394.75,66192,12,False,13.0,2.125,0.0,-48.75,346.0,0.039039039039038936
2008-12-24,393.0,398.25,391.25,398.0,29930,12,False,3.25,13.625,0.0,-48.75,349.25,0.009393063583815087
2008-12-26,398.75,414.5,398.25,412.25,48090,12,False,14.25,-7.75,0.0,-48.75,363.5,0.040801717967072326
2008-12-29,413.75,423.75,390.0,393.5,83438,12,False,-18.75,8.5,0.0,-48.75,344.75,-0.05158184319119674
2008-12-30,392.25,400.75,385.0,396.25,61557,12,False,2.75,-4.0,0.0,-48.75,347.5,0.00797679477882518
2008-12-31,395.25,407.75,389.0,407.0,72613,12,False,10.75,4.0,0.0,-48.75,358.25,0.030935251798561048
2009-01-02,404.0,415.5,399.5,412.25,62516,1,False,5.25,4.875,0.0,-48.75,363.5,0.014654570830425762
2009-01-05,412.25,416.0,402.0,411.25,92204,1,False,-1.0,10.75,0.0,-48.75,362.5,-0.0027510316368638543
2009-01-06,410.25,429.0,407.25,427.5,127908,1,False,16.25,-6.0,0.0,-48.75,378.75,0.04482758620689653
2009-01-07,424.25,427.0,413.25,416.5,108227,1,False,-11.0,3.25,0.0,-48.75,367.75,-0.029042904290428995
2009-01-08,413.5,418.5,405.75,406.75,103424,1,False,-9.75,-3.5,0.0,-48.75,358.0,-0.02651257647858596
2009-01-09,408.0,418.25,407.5,410.75,126302,1,False,4.0,-19.875,0.0,-48.75,362.0,0.011173184357541999
2009-01-12,411.0,415.75,380.75,380.75,77022,1,False,-30.0,-7.125,0.0,-48.75,332.0,-0.08287292817679559
2009-01-13,373.0,379.25,361.75,362.5,148744,1,False,-18.25,-13.0,0.0,-48.75,313.75,-0.05496987951807231
2009-01-14,364.75,369.5,358.75,366.5,96607,1,False,4.0,-9.75,0.0,-48.75,317.75,0.012749003984063645
2009-01-15,366.5,369.25,359.75,365.25,91411,1,False,-1.25,14.875,0.0,-48.75,316.5,-0.003933910306844979
2009-01-16,365.25,393.0,365.25,391.0,105581,1,False,25.75,-4.375,0.0,-48.75,342.25,0.08135860979462883
2009-01-20,389.0,407.0,376.25,383.5,148423,1,False,-7.5,16.25,0.0,-48.75,334.75,-0.021913805697589495
2009-01-21,382.25,391.75,378.0,390.25,116622,1,False,6.75,-5.125,0.0,-48.75,341.5,0.020164301717699784
2009-01-22,389.75,394.75,378.5,387.5,88256,1,False,-2.75,4.875,0.0,-48.75,338.75,-0.008052708638360162
2009-01-23,385.0,401.0,380.5,390.5,94688,1,False,3.0,0.25,0.0,-48.75,341.75,0.008856088560885711
2009-01-26,393.75,402.5,383.75,393.75,87724,1,False,3.25,-6.625,0.0,-48.75,345.0,0.009509875640087762
2009-01-27,392.75,396.25,376.75,377.5,107667,1,False,-16.25,5.125,0.0,-48.75,328.75,-0.047101449275362306
2009-01-28,378.0,386.0,372.5,384.5,88637,1,False,7.0,-9.5,0.0,-48.75,335.75,0.021292775665399333
2009-01-29,384.0,384.25,378.0,381.75,84486,1,False,-2.75,2.125,0.0,-48.75,333.0,-0.008190618019359608
2009-01-30,382.0,385.75,377.5,379.0,84486,1,False,-2.75,-5.625,0.0,-48.75,330.25,-0.008258258258258211
2009-02-02,378.0,378.0,363.0,370.5,119323,2,False,-8.5,-5.75,0.0,-48.75,321.75,-0.025738077214231603
2009-02-03,370.0,372.25,356.0,361.75,115473,2,False,-8.75,-6.0,0.0,-48.75,313.0,-0.0271950271950272
2009-02-04,361.25,369.25,355.75,358.25,129510,2,False,-3.5,2.125,0.0,-48.75,309.5,-0.011182108626198062
2009-02-05,358.0,372.25,356.5,371.25,119519,2,False,13.0,1.25,0.0,-48.75,322.5,0.042003231017770704
2009-02-06,370.75,380.75,369.75,377.25,112285,2,False,6.0,6.625,0.0,-48.75,328.5,0.018604651162790642
2009-02-09,375.0,383.0,372.5,377.5,105968,2,False,0.25,2.625,0.0,-48.75,328.75,0.0007610350076103778
2009-02-10,374.5,380.0,368.0,376.75,143000,2,False,-0.75,-4.0,0.0,-48.75,328.0,-0.0022813688212928174
2009-02-11,373.25,376.5,368.0,368.5,104800,2,False,-8.25,-1.5,0.0,-48.75,319.75,-0.02515243902439024
2009-02-12,368.75,377.75,366.0,366.25,153366,2,False,-2.25,-5.625,0.0,-48.75,317.5,-0.0070367474589523304
2009-02-13,367.25,371.0,363.0,363.25,81286,2,False,-3.0,-8.125,0.0,-48.75,314.5,-0.009448818897637823
2009-02-17,362.75,365.5,346.25,349.25,112378,2,False,-14.0,-1.5,0.0,-48.75,300.5,-0.04451510333863273
2009-02-18,349.0,352.25,346.0,349.25,129407,2,False,0.0,-5.0,0.0,-48.75,300.5,0.0
2009-02-19,349.0,356.25,348.5,353.25,121888,2,False,4.0,-1.5,0.0,-48.75,304.5,0.01331114808652245
2009-02-20,353.25,354.75,342.0,350.25,124200,2,False,-3.0,2.75,0.0,-48.75,301.5,-0.009852216748768461
2009-02-23,350.0,359.75,349.5,351.75,101502,2,False,1.5,-0.25,0.0,-48.75,303.0,0.004975124378109541
2009-02-24,350.5,354.75,345.25,354.25,95818,2,False,2.5,5.5,0.0,-48.75,305.5,0.008250825082508184
2009-02-25,354.25,369.0,351.0,363.75,104121,2,False,9.5,0.375,0.0,-48.75,315.0,0.03109656301145658
2009-02-26,362.5,372.0,357.25,362.0,83466,2,False,-1.75,-0.875,0.0,-48.75,313.25,-0.005555555555555536
2009-02-27,361.25,361.25,348.5,350.75,49652,2,False,-11.25,-4.5,0.0,-48.75,302.0,-0.03591380686352752
2009-03-02,350.0,355.75,337.25,343.5,30207,3,True,-7.25,-5.625,-1.625,-47.125,296.375,-0.018625827814569562
2009-03-03,343.0,347.5,340.25,343.5,20612,3,False,0.0,2.25,0.0,-47.125,296.375,0.0
2009-03-04,343.0,357.0,340.0,355.25,15130,3,False,11.75,-3.0,0.0,-47.125,308.125,0.039645719105862565
2009-03-05,355.0,356.5,347.0,349.25,13239,3,False,-6.0,7.625,0.0,-47.125,302.125,-0.01947261663286004
2009-03-06,349.75,356.25,349.75,352.75,9840,3,False,3.5,-0.75,0.0,-47.125,305.625,0.01158460901944558
2009-03-09,355.25,361.5,355.25,357.25,9345,3,False,4.5,6.5,0.0,-47.125,310.125,0.014723926380368013
2009-03-10,356.75,375.5,356.5,366.75,7757,3,False,9.5,-3.125,0.0,-47.125,319.625,0.030632809351068158
2009-03-11,366.25,372.0,354.0,356.0,4757,3,False,-10.75,15.125,0.0,-47.125,308.875,-0.033633163863903026
2009-03-12,356.25,377.75,356.25,376.75,2298,3,False,20.75,-6.25,0.0,-47.125,329.625,0.06717927964386883
2009-03-13,375.75,380.5,375.0,375.0,118179,3,False,-1.75,18.625,0.0,-47.125,327.875,-0.005309063329541175
2009-03-16,384.5,397.5,381.5,391.5,113918,3,False,16.5,-1.375,0.0,-47.125,344.375,0.050324056423942
2009-03-17,389.0,395.25,388.0,390.5,79442,3,False,-1.0,7.125,0.0,-47.125,343.375,-0.0029038112522685733
2009-03-18,389.5,391.25,384.75,388.25,73467,3,False,-2.25,3.625,0.0,-47.125,341.125,-0.006552602839461241
2009-03-19,395.25,402.5,393.5,396.5,111298,3,False,8.25,-1.125,0.0,-47.125,349.375,0.02418468303407839
2009-03-20,395.0,398.0,393.5,396.5,51087,3,False,0.0,3.625,0.0,-47.125,349.375,0.0
2009-03-23,395.75,403.75,392.5,395.5,90415,3,False,-1.0,-0.875,0.0,-47.125,348.375,-0.002862254025044697
2009-03-24,395.5,398.0,392.0,393.75,70924,3,False,-1.75,-4.5,0.0,-47.125,346.625,-0.005023322569070676
2009-03-25,393.5,394.25,384.5,385.75,70537,3,False,-8.0,1.625,0.0,-47.125,338.625,-0.023079697078975836
2009-03-26,386.0,392.0,386.0,390.75,61476,3,False,5.0,-5.875,0.0,-47.125,343.625,0.014765596160944972
2009-03-27,390.5,390.75,385.0,387.0,54159,3,False,-3.75,2.125,0.0,-47.125,339.875,-0.010913059294288874
2009-03-30,387.75,389.5,376.75,386.25,83103,3,False,-0.75,7.375,0.0,-47.125,339.125,-0.0022066936373666968
2009-03-31,386.0,406.0,381.25,404.75,180515,3,False,18.5,-4.75,0.0,-47.125,357.625,0.0545521562845559
2009-04-01,401.5,402.25,393.0,396.0,139809,4,False,-8.75,12.5,0.0,-47.125,348.875,-0.0244669695910521
2009-04-02,395.0,407.5,394.5,402.5,123632,4,False,6.5,-3.375,0.0,-47.125,355.375,0.018631314940881438
2009-04-03,401.0,405.0,397.5,404.5,75048,4,False,2.0,3.75,0.0,-47.125,357.375,0.00562785789658804
2009-04-06,404.5,407.25,399.75,405.5,71344,4,False,1.0,-3.625,0.0,-47.125,358.375,0.0027981811822315183
2009-04-07,403.75,404.75,395.5,396.25,105583,4,False,-9.25,0.875,0.0,-47.125,349.125,-0.02581095221485874
2009-04-08,396.0,402.5,390.0,397.0,126860,4,False,0.75,-8.0,0.0,-47.125,349.875,0.002148227712137407
2009-04-09,396.5,405.0,389.25,390.25,143212,4,False,-6.75,-1.0,0.0,-47.125,343.125,-0.019292604501607746
2009-04-13,390.0,390.5,383.0,387.5,85714,4,False,-2.75,0.0,0.0,-47.125,340.375,-0.008014571948998128
2009-04-14,387.0,399.0,385.25,394.25,151057,4,False,6.75,-6.25,0.0,-47.125,347.125,0.019831068674256436
2009-04-15,394.0,394.75,384.0,384.5,88280,4,False,-9.75,4.0,0.0,-47.125,337.375,-0.028087864602088564
2009-04-16,385.25,389.5,380.75,385.75,77507,4,False,1.25,-9.625,0.0,-47.125,338.625,0.003705075954057113
2009-04-17,385.75,387.75,376.0,376.25,85624,4,False,-9.5,-2.75,0.0,-47.125,329.125,-0.028054632705795446
2009-04-20,374.75,384.0,360.5,369.5,112679,4,False,-6.75,-2.5,0.0,-47.125,322.375,-0.020508925180402593
2009-04-21,370.0,379.0,368.5,374.0,91117,4,False,4.5,-3.625,0.0,-47.125,326.875,0.013958898797983732
2009-04-22,374.5,378.25,370.0,373.5,73485,4,False,-0.5,6.0,0.0,-47.125,326.375,-0.001529636711281035
2009-04-23,373.5,381.75,369.5,381.0,60457,4,False,7.5,-2.25,0.0,-47.125,333.875,0.02297970126388349
2009-04-24,380.0,386.25,374.5,377.0,66402,4,False,-4.0,1.375,0.0,-47.125,329.875,-0.011980531636091363
2009-04-27,375.0,375.5,362.0,372.25,58255,4,False,-4.75,-0.625,0.0,-47.125,325.125,-0.014399393709738528
2009-04-28,372.0,377.75,368.25,375.0,66836,4,False,2.75,6.625,0.0,-47.125,327.875,0.008458285274894228
2009-04-29,375.0,394.0,375.0,393.0,85783,4,False,18.0,3.0,0.0,-47.125,345.875,0.05489897064430038
2009-04-30,391.5,400.75,388.5,396.25,39603,4,False,3.25,14.0,0.0,-47.125,349.125,0.009396458258041251
2009-05-01,395.0,408.0,394.25,406.25,15039,5,True,10.0,-2.5,12.5,-59.625,346.625,-0.00716075904045832
2009-05-04,400.0,405.0,393.25,398.0,13704,5,False,-8.25,5.25,0.0,-59.625,338.375,-0.023800937612693862
2009-05-05,400.0,401.5,390.0,398.5,7754,5,False,0.5,-3.0,0.0,-59.625,338.875,0.0014776505356484115
2009-05-06,397.25,402.25,396.0,400.75,6446,5,False,2.25,2.25,0.0,-59.625,341.125,0.006639616377720481
2009-05-07,400.5,413.0,400.5,404.75,4562,5,False,4.0,5.75,0.0,-59.625,345.125,0.011725906925613705
2009-05-08,404.5,414.0,404.5,414.0,2725,5,False,9.25,1.75,0.0,-59.625,354.375,0.02680188337558853
2009-05-11,408.75,414.25,407.25,413.5,2725,5,False,-0.5,7.625,0.0,-59.625,353.875,-0.001410934744268122
2009-05-12,414.75,423.25,413.0,419.5,3612,5,False,6.0,-0.25,0.0,-59.625,359.875,0.01695513952666894
2009-05-13,420.5,425.75,416.25,419.5,2387,5,False,0.0,4.0,0.0,-59.625,359.875,0.0
2009-05-14,416.75,422.25,414.25,421.5,78977,5,False,2.0,-2.125,0.0,-59.625,361.875,0.005557485237929871
2009-05-15,427.25,431.0,416.0,417.25,102586,5,False,-4.25,3.125,0.0,-59.625,357.625,-0.011744386873920543
2009-05-18,413.25,428.5,406.25,421.5,131371,5,False,4.25,0.0,0.0,-59.625,361.875,0.011883956658510941
2009-05-19,421.25,429.0,420.75,425.75,102845,5,False,4.25,2.25,0.0,-59.625,366.125,0.011744386873920654
2009-05-20,425.0,434.75,423.0,426.0,105441,5,False,0.25,1.125,0.0,-59.625,366.375,0.0006828269033800627
2009-05-21,425.5,429.0,417.25,424.0,79881,5,False,-2.0,3.25,0.0,-59.625,364.375,-0.0054588877516206225
2009-05-22,424.0,434.0,423.5,430.25,103102,5,False,6.25,-2.375,0.0,-59.625,370.625,0.0171526586620927
2009-05-26,426.25,433.75,421.75,427.5,135844,5,False,-2.75,2.375,0.0,-59.625,367.875,-0.00741989881956151
2009-05-27,428.0,432.25,424.25,426.0,118637,5,False,-1.5,0.0,0.0,-59.625,366.375,-0.004077471967380175
2009-05-28,425.0,434.75,422.5,428.75,167229,5,False,2.75,3.0,0.0,-59.625,369.125,0.007505970658478356
2009-05-29,428.25,437.0,427.0,436.25,105255,5,False,7.5,6.125,0.0,-59.625,376.625,0.02031832035218417
2009-06-01,434.25,445.75,434.25,445.75,122160,6,False,9.5,5.625,0.0,-59.625,386.125,0.025224029206770693
2009-06-02,443.25,450.0,440.5,449.5,100667,6,False,3.75,-3.75,0.0,-59.625,389.875,0.009711880867594669
2009-06-03,448.5,450.0,430.25,432.5,154837,6,False,-17.0,9.875,0.0,-59.625,372.875,-0.04360371914075023
2009-06-04,433.75,449.0,430.0,448.5,111775,6,False,16.0,-10.75,0.0,-59.625,388.875,0.042909822326516966
2009-06-05,447.5,448.5,440.0,444.0,96614,6,False,-4.5,3.5,0.0,-59.625,384.375,-0.011571841851494735
2009-06-08,443.0,446.75,433.25,435.0,132762,6,False,-9.0,2.25,0.0,-59.625,375.375,-0.023414634146341484
2009-06-09,435.5,445.75,434.5,444.0,145124,6,False,9.0,-8.625,0.0,-59.625,384.375,0.023976023976024052
2009-06-10,442.75,449.75,434.75,435.75,154056,6,False,-8.25,7.125,0.0,-59.625,376.125,-0.02146341463414636
2009-06-11,437.25,447.5,436.0,441.0,144658,6,False,5.25,-11.875,0.0,-59.625,381.375,0.013958125623130702
2009-06-12,439.5,442.75,420.75,425.5,146802,6,False,-15.5,-7.125,0.0,-59.625,365.875,-0.04064241232382826
2009-06-15,422.5,424.75,405.5,406.0,136456,6,False,-19.5,-8.75,0.0,-59.625,346.375,-0.05329689101469082
2009-06-16,406.75,411.0,403.0,404.0,118283,6,False,-2.0,-7.875,0.0,-59.625,344.375,-0.005774088776614894
2009-06-17,404.5,408.75,397.75,407.75,105737,6,False,3.75,-3.25,0.0,-59.625,348.125,0.010889292196007316
2009-06-18,408.0,408.75,401.75,403.25,75335,6,False,-4.5,-0.125,0.0,-59.625,343.625,-0.0129263913824057
2009-06-19,403.0,407.5,398.0,399.25,93048,6,False,-4.0,-9.25,0.0,-59.625,339.625,-0.011640596580574702
2009-06-22,396.0,399.0,380.0,385.25,129737,6,False,-14.0,-0.125,0.0,-59.625,325.625,-0.0412219359587781
2009-06-23,387.0,389.75,380.5,389.0,91428,6,False,3.75,-8.25,0.0,-59.625,329.375,0.011516314779270731
2009-06-24,387.75,391.0,381.0,386.5,91222,6,False,-2.5,-0.125,0.0,-59.625,326.875,-0.007590132827324458
2009-06-25,386.75,389.0,381.0,382.5,95144,6,False,-4.0,-0.375,0.0,-59.625,322.875,-0.012237093690248613
2009-06-26,382.0,386.75,379.75,384.25,90795,6,False,1.75,-5.625,0.0,-59.625,324.625,0.005420054200542035
2009-06-29,383.0,384.5,375.75,377.0,94883,6,False,-7.25,-13.75,0.0,-59.625,317.375,-0.022333461686561362
2009-06-30,377.25,381.75,337.75,347.75,54514,6,False,-29.25,-1.625,0.0,-59.625,288.125,-0.0921622686096889
2009-07-01,346.0,354.5,343.0,351.75,32074,7,True,4.0,-17.625,21.625,-81.25,270.5,-0.061171366594360066
2009-07-02,350.75,352.5,342.0,345.75,14566,7,False,-6.0,0.75,0.0,-81.25,264.5,-0.02218114602587795
2009-07-06,344.25,346.75,339.0,343.25,16979,7,False,-2.5,-6.875,0.0,-81.25,262.0,-0.009451795841209809
2009-07-07,346.0,358.75,335.0,335.5,8966,7,False,-7.75,0.625,0.0,-81.25,254.25,-0.029580152671755733
2009-07-08,336.75,345.5,335.25,339.25,2466,7,False,3.75,-1.75,0.0,-81.25,258.0,0.014749262536873253
2009-07-09,341.25,345.5,338.75,343.5,1491,7,False,4.25,2.875,0.0,-81.25,262.25,0.016472868217054293
2009-07-10,343.5,347.75,337.0,345.5,1121,7,False,2.0,8.875,0.0,-81.25,264.25,0.007626310772163913
2009-07-13,348.5,356.5,339.0,359.0,1390,7,False,13.5,-3.5,0.0,-81.25,277.75,0.0510879848628194
2009-07-14,369.0,369.0,348.75,350.0,67018,7,False,-9.0,-3.5,0.0,-81.25,268.75,-0.03240324032403241
2009-07-15,338.5,342.25,328.0,329.5,70109,7,False,-20.5,-10.875,0.0,-81.25,248.25,-0.07627906976744181
2009-07-16,330.0,330.75,316.25,316.75,69617,7,False,-12.75,-7.5,0.0,-81.25,235.5,-0.051359516616314216
2009-07-17,317.25,322.75,316.0,322.25,45879,7,False,5.5,-5.875,0.0,-81.25,241.0,0.023354564755838636
2009-07-20,322.0,325.0,318.25,323.25,77223,7,False,1.0,-3.125,0.0,-81.25,242.0,0.004149377593360981
2009-07-21,323.0,324.5,310.25,311.5,69592,7,False,-11.75,-1.25,0.0,-81.25,230.25,-0.04855371900826444
2009-07-22,311.25,312.75,304.0,308.0,63580,7,False,-3.5,3.625,0.0,-81.25,226.75,-0.015200868621064068
2009-07-23,311.5,327.75,311.5,327.0,61132,7,False,19.0,-7.125,0.0,-81.25,245.75,0.08379272326350606
2009-07-24,326.75,328.25,314.75,316.25,47360,7,False,-10.75,12.5,0.0,-81.25,235.0,-0.043743641912512676
2009-07-27,317.0,323.0,311.25,322.25,52231,7,False,6.0,-6.25,0.0,-81.25,241.0,0.025531914893617058
2009-07-28,322.0,327.0,320.25,320.5,88869,7,False,-1.75,3.125,0.0,-81.25,239.25,-0.007261410788381717
2009-07-29,321.5,322.5,315.25,320.75,67359,7,False,0.25,4.875,0.0,-81.25,239.5,0.0010449320794148065
2009-07-30,321.0,336.25,320.75,332.25,53689,7,False,11.5,3.75,0.0,-81.25,251.0,0.04801670146137793
2009-07-31,331.75,340.0,329.5,339.5,61754,7,False,7.25,15.0,0.0,-81.25,258.25,0.028884462151394397
2009-08-03,342.0,365.0,338.0,358.0,79905,8,False,18.5,1.875,0.0,-81.25,276.75,0.07163601161665056
2009-08-04,355.75,361.25,352.75,354.5,55168,8,False,-3.5,5.5,0.0,-81.25,273.25,-0.012646793134598044
2009-08-05,354.0,359.0,339.25,347.0,75758,8,False,-7.5,-9.0,0.0,-81.25,265.75,-0.027447392497712664
2009-08-06,346.5,347.5,331.5,332.5,84753,8,False,-14.5,-9.0,0.0,-81.25,251.25,-0.054562558795860805
2009-08-07,332.0,334.0,321.5,322.0,91180,8,False,-10.5,-6.125,0.0,-81.25,240.75,-0.04179104477611939
2009-08-10,318.75,334.5,317.25,324.25,99696,8,False,2.25,-4.125,0.0,-81.25,243.0,0.009345794392523255
2009-08-11,324.0,329.0,323.75,326.5,98630,8,False,2.25,3.25,0.0,-81.25,245.25,0.0092592592592593
2009-08-12,325.5,335.5,319.0,330.75,99513,8,False,4.25,-2.0,0.0,-81.25,249.5,0.017329255861366022
2009-08-13,330.0,338.5,324.5,324.5,100230,8,False,-6.25,-0.5,0.0,-81.25,243.25,-0.02505010020040077
2009-08-14,325.0,328.0,318.0,319.25,59297,8,False,-5.25,-5.625,0.0,-81.25,238.0,-0.021582733812949617
2009-08-17,317.25,318.0,304.25,314.25,70690,8,False,-5.0,-2.5,0.0,-81.25,233.0,-0.021008403361344574
2009-08-18,313.5,317.5,311.0,314.5,46943,8,False,0.25,0.25,0.0,-81.25,233.25,0.0010729613733906351
2009-08-19,315.25,321.75,310.25,320.0,45718,8,False,5.5,-0.625,0.0,-81.25,238.75,0.023579849946409492
2009-08-20,320.0,321.5,316.5,318.5,34627,8,False,-1.5,4.375,0.0,-81.25,237.25,-0.006282722513089034
2009-08-21,318.25,328.5,317.75,321.75,43812,8,False,3.25,3.125,0.0,-81.25,240.5,0.013698630136986356
2009-08-24,321.75,329.75,319.75,329.5,52786,8,False,7.75,-2.375,0.0,-81.25,248.25,0.032224532224532254
2009-08-25,325.0,331.75,317.75,321.5,48731,8,False,-8.0,3.375,0.0,-81.25,240.25,-0.03222557905337364
2009-08-26,321.25,324.0,318.0,320.5,43896,8,False,-1.0,-2.75,0.0,-81.25,239.25,-0.004162330905306932
2009-08-27,320.0,324.5,315.0,323.0,57229,8,False,2.5,-1.5,0.0,-81.25,241.75,0.010449320794148287
2009-08-28,323.0,326.0,317.25,321.0,77099,8,False,-2.0,3.875,0.0,-81.25,239.75,-0.008273009307135482
2009-08-31,320.0,326.0,315.0,326.25,36359,8,False,5.25,-8.0,0.0,-81.25,245.0,0.021897810218978186
2009-09-01,325.0,326.0,311.25,312.25,30264,9,True,-14.0,3.125,-17.125,-64.125,248.125,0.012755102040816313
2009-09-02,312.5,313.5,309.5,313.25,12833,9,False,1.0,-8.125,0.0,-64.125,249.125,0.004030226700251882
2009-09-03,312.75,315.5,307.0,311.0,9587,9,False,-2.25,-4.75,0.0,-64.125,246.875,-0.009031610637230347
2009-09-04,311.0,311.0,300.0,300.5,5911,9,False,-10.5,0.0,0.0,-64.125,236.375,-0.0425316455696203
2009-09-08,300.75,306.0,296.75,302.75,6103,9,False,2.25,-3.875,0.0,-64.125,238.625,0.009518773135906988
2009-09-09,302.75,307.5,300.75,305.5,2829,9,False,2.75,3.125,0.0,-64.125,241.375,0.011524358302776427
2009-09-10,305.25,313.25,305.0,309.5,2027,9,False,4.0,3.875,0.0,-64.125,245.375,0.016571724495080264
2009-09-11,309.0,314.75,300.0,314.5,3882,9,False,5.0,-2.75,0.0,-64.125,250.375,0.02037697401935823
2009-09-14,312.0,316.5,305.25,305.0,66066,9,False,-9.5,23.25,0.0,-64.125,240.875,-0.03794308537194213
2009-09-15,317.0,347.75,316.0,346.5,252221,9,False,41.5,-9.875,0.0,-64.125,282.375,0.17228853139595235
2009-09-16,344.25,347.75,324.0,336.25,164737,9,False,-10.25,17.125,0.0,-64.125,272.125,-0.03629924745462598
2009-09-17,335.25,341.5,322.75,329.0,104433,9,False,-7.25,-10.625,0.0,-64.125,264.875,-0.02664216812126785
2009-09-18,328.0,329.25,316.75,318.0,75982,9,False,-11.0,-4.625,0.0,-64.125,253.875,-0.041529023124115105
2009-09-21,316.0,317.5,310.0,316.0,88758,9,False,-2.0,-0.625,0.0,-64.125,251.875,-0.007877892663712416
2009-09-22,316.25,326.25,315.25,325.75,94155,9,False,9.75,1.25,0.0,-64.125,261.625,0.03870967741935494
2009-09-23,325.0,337.0,319.0,330.25,104604,9,False,4.5,8.0,0.0,-64.125,266.125,0.017200191113234675
2009-09-24,327.0,338.0,322.5,336.5,117260,9,False,6.25,1.0,0.0,-64.125,272.375,0.023485204321277653
2009-09-25,334.75,340.75,328.75,334.0,124796,9,False,-2.5,5.5,0.0,-64.125,269.875,-0.009178522257916488
2009-09-28,334.0,340.75,329.0,338.75,71776,9,False,4.75,-0.125,0.0,-64.125,274.625,0.017600741083835025
2009-09-29,338.75,347.0,336.25,341.0,118176,9,False,2.25,3.875,0.0,-64.125,276.875,0.008192990441511228
2009-09-30,340.5,344.25,335.5,344.0,99522,9,False,3.0,-0.625,0.0,-64.125,279.875,0.010835214446952568
2009-10-01,341.25,346.0,337.5,340.5,86479,10,False,-3.5,-2.0,0.0,-64.125,276.375,-0.01250558284948633
2009-10-02,339.25,340.5,331.75,333.5,89988,10,False,-7.0,2.25,0.0,-64.125,269.375,-0.025327905924920846
2009-10-05,332.75,350.0,327.5,341.5,152341,10,False,8.0,4.875,0.0,-64.125,277.375,0.029698375870069516
2009-10-06,342.0,370.0,342.0,358.25,213787,10,False,16.75,4.75,0.0,-64.125,294.125,0.06038756196484907
2009-10-07,357.5,364.0,354.0,359.75,102821,10,False,1.5,10.5,0.0,-64.125,295.625,0.0050998725031874415
2009-10-08,359.0,370.0,358.75,364.0,155035,10,False,4.25,-0.125,0.0,-64.125,299.875,0.014376321353065435
2009-10-09,363.0,373.0,358.75,362.25,133104,10,False,-1.75,11.625,0.0,-64.125,298.125,-0.005835764902042517
2009-10-12,364.75,383.5,361.75,381.25,130709,10,False,19.0,-0.625,0.0,-64.125,317.125,0.06373165618448628
2009-10-13,379.0,386.75,374.25,381.75,151836,10,False,0.5,10.125,0.0,-64.125,317.625,0.0015766653527788943
2009-10-14,381.25,388.75,377.5,383.0,137988,10,False,1.25,-4.75,0.0,-64.125,318.875,0.003935458480913034
2009-10-15,382.0,383.0,368.5,373.0,129292,10,False,-10.0,0.125,0.0,-64.125,308.875,-0.031360250882007
2009-10-16,372.5,377.75,369.0,372.0,79581,10,False,-1.0,2.125,0.0,-64.125,307.875,-0.0032375556454876664
2009-10-19,371.5,387.75,369.25,386.25,108197,10,False,14.25,-1.375,0.0,-64.125,322.125,0.04628501827040199
2009-10-20,386.0,389.5,379.25,384.5,110048,10,False,-1.75,14.0,0.0,-64.125,320.375,-0.005432673651532771
2009-10-21,384.25,403.75,381.25,398.25,181615,10,False,13.75,1.75,0.0,-64.125,334.125,0.0429184549356223
2009-10-22,396.25,405.0,393.25,403.5,121943,10,False,5.25,4.0,0.0,-64.125,339.375,0.015712682379348974
2009-10-23,403.25,413.5,397.0,397.75,162324,10,False,-5.75,-7.25,0.0,-64.125,333.625,-0.01694290976058932
2009-10-26,397.75,402.75,376.5,378.0,159136,10,False,-19.75,-6.5,0.0,-64.125,313.875,-0.0591982015736231
2009-10-27,378.25,380.75,369.25,370.75,144291,10,False,-7.25,-10.75,0.0,-64.125,306.625,-0.023098367184388735
2009-10-28,371.5,375.0,363.75,369.0,126299,10,False,-1.75,1.625,0.0,-64.125,304.875,-0.005707297187117821
2009-10-29,369.0,381.75,367.0,379.5,121926,10,False,10.5,-7.625,0.0,-64.125,315.375,0.03444034440344401
2009-10-30,379.25,383.5,363.0,366.0,135037,10,False,-13.5,13.375,0.0,-64.125,301.875,-0.0428061831153389
2009-11-02,362.0,383.75,359.25,382.25,164534,11,False,16.25,-2.875,0.0,-64.125,318.125,0.053830227743271175
2009-11-03,380.25,396.5,375.25,390.0,171348,11,False,7.75,5.125,0.0,-64.125,325.875,0.024361493123772116
2009-11-04,388.25,398.75,383.0,384.0,141437,11,False,-6.0,0.125,0.0,-64.125,319.875,-0.018411967779056404
2009-11-05,383.75,387.5,376.0,376.5,125299,11,False,-7.5,-7.75,0.0,-64.125,312.375,-0.023446658851113744
2009-11-06,376.25,378.75,366.0,367.0,147125,11,False,-9.5,5.75,0.0,-64.125,302.875,-0.030412164865946334
2009-11-09,365.5,388.25,365.25,386.0,174312,11,False,19.0,-0.5,0.0,-64.125,321.875,0.0627321502269913
2009-11-10,384.0,397.0,379.25,394.5,202202,11,False,8.5,9.25,0.0,-64.125,330.375,0.026407766990291348
2009-11-11,393.25,403.0,391.5,394.0,246000,11,False,-0.5,2.5,0.0,-64.125,329.875,-0.001513431706394286
2009-11-12,392.0,398.25,382.5,390.5,186124,11,False,-3.5,-0.25,0.0,-64.125,326.375,-0.010610079575596787
2009-11-13,390.0,394.75,385.5,390.5,100914,11,False,0.0,4.125,0.0,-64.125,326.375,0.0
2009-11-16,393.0,402.5,390.75,402.25,125197,11,False,11.75,-0.125,0.0,-64.125,338.125,0.036001531980084156
2009-11-17,400.5,404.25,396.75,402.0,111075,11,False,-0.25,3.875,0.0,-64.125,337.875,-0.0007393715341958984
2009-11-18,401.25,409.5,397.5,398.0,127149,11,False,-4.0,-1.625,0.0,-64.125,333.875,-0.011838697743248194
2009-11-19,398.0,400.5,390.0,395.0,104244,11,False,-3.0,-4.0,0.0,-64.125,330.875,-0.008985398727068494
2009-11-20,394.75,399.0,390.25,391.0,114564,11,False,-4.0,-3.375,0.0,-64.125,326.875,-0.01208915753683415
2009-11-23,391.0,403.0,385.0,387.25,156963,11,False,-3.75,-7.625,0.0,-64.125,323.125,-0.01147227533460804
2009-11-24,386.0,387.25,374.5,376.0,160900,11,False,-11.25,6.125,0.0,-64.125,311.875,-0.03481624758220503
2009-11-25,377.25,393.75,377.0,392.0,129798,11,False,16.0,-3.0,0.0,-64.125,327.875,0.05130260521042085
2009-11-27,386.0,398.5,379.0,397.25,137816,11,False,5.25,10.75,0.0,-64.125,333.125,0.016012199771254343
2009-11-30,396.75,405.25,392.25,402.75,67469,11,False,5.5,1.125,0.0,-64.125,338.625,0.016510318949343405
2009-12-01,400.75,406.25,397.25,399.75,36952,12,True,-3.0,-1.25,-1.75,-62.375,337.375,-0.0036913990402362984
2009-12-02,398.0,399.0,390.0,391.75,37070,12,False,-8.0,-4.75,0.0,-62.375,329.375,-0.023712486105965214
2009-12-03,391.75,397.5,385.0,385.25,41326,12,False,-6.5,-9.75,0.0,-62.375,322.875,-0.01973434535104368
2009-12-04,385.25,386.5,373.25,373.75,28400,12,False,-11.5,-5.75,0.0,-62.375,311.375,-0.03561749903213318
2009-12-07,373.5,378.0,367.75,368.75,26026,12,False,-5.0,-5.375,0.0,-62.375,306.375,-0.016057808109193106
2009-12-08,370.0,375.0,367.5,369.5,20497,12,False,0.75,-3.25,0.0,-62.375,307.125,0.00244798041615657
2009-12-09,370.5,373.25,363.75,368.0,18140,12,False,-1.5,5.0,0.0,-62.375,305.625,-0.004884004884004867
2009-12-10,368.0,380.75,365.5,377.25,13306,12,False,9.25,5.25,0.0,-62.375,314.875,0.030265848670756546
2009-12-11,377.75,391.0,374.5,389.25,12518,12,False,12.0,6.0,0.0,-62.375,326.875,0.038110361254465985
2009-12-14,387.25,395.25,385.0,392.0,94622,12,False,2.75,13.75,0.0,-62.375,329.625,0.008413001912045859
2009-12-15,407.5,410.0,405.0,407.5,87687,12,False,15.5,2.75,0.0,-62.375,345.125,0.04702313234736444
2009-12-16,406.5,413.75,403.25,410.25,95967,12,False,2.75,1.125,0.0,-62.375,347.875,0.007968127490039834
2009-12-17,409.5,410.0,393.25,397.0,107646,12,False,-13.25,1.75,0.0,-62.375,334.625,-0.03808839381961915
2009-12-18,397.0,401.25,391.0,397.75,82084,12,False,0.75,-5.5,0.0,-62.375,335.375,0.0022413149047442182
2009-12-21,397.75,406.75,395.75,400.0,73421,12,False,2.25,-0.25,0.0,-62.375,337.625,0.006708907938874464
2009-12-22,399.25,402.0,393.5,398.75,63154,12,False,-1.25,4.125,0.0,-62.375,336.375,-0.003702332469455727
2009-12-23,398.0,405.25,397.25,404.75,47989,12,False,6.0,1.25,0.0,-62.375,342.375,0.01783723522853964
2009-12-24,403.25,409.0,403.0,408.5,23834,12,False,3.75,6.75,0.0,-62.375,346.125,0.010952902519167473
2009-12-28,409.0,418.75,408.0,416.0,75665,12,False,7.5,2.375,0.0,-62.375,353.625,0.021668472372697645
2009-12-29,415.0,418.0,413.25,417.0,68013,12,False,1.0,2.125,0.0,-62.375,354.625,0.0028278543655002597
2009-12-30,416.0,416.75,400.5,413.75,81483,12,False,-3.25,0.875,0.0,-62.375,351.375,-0.009164610504053594
2009-12-31,413.0,418.25,412.0,414.5,56667,12,False,0.75,0.375,0.0,-62.375,352.125,0.002134471718249653
2010-01-04,415.75,426.25,413.25,418.5,140553,1,False,4.0,0.5,0.0,-62.375,356.125,0.011359602413915537
2010-01-05,417.25,420.0,415.25,418.75,80967,1,False,0.25,3.5,0.0,-62.375,356.375,0.0007020007020006602
2010-01-06,418.0,422.0,416.0,421.75,96453,1,False,3.0,-2.0,0.0,-62.375,359.375,0.00841809891266232
2010-01-07,421.0,424.0,414.5,417.5,137395,1,False,-4.25,4.25,0.0,-62.375,355.125,-0.011826086956521764
2010-01-08,417.5,423.75,415.0,423.0,137395,1,False,5.5,-2.375,0.0,-62.375,360.625,0.015487504399859242
2010-01-11,421.75,425.0,418.0,422.5,137395,1,False,-0.5,-12.25,0.0,-62.375,360.125,-0.001386481802426398
2010-01-12,419.0,419.0,392.5,392.5,137395,1,False,-30.0,-4.5,0.0,-62.375,330.125,-0.08330440819160012
2010-01-13,384.5,385.25,368.0,384.0,301566,1,False,-8.5,-16.5,0.0,-62.375,321.625,-0.025747822794396025
2010-01-14,382.25,382.75,376.5,381.0,150818,1,False,-3.0,-9.0,0.0,-62.375,318.625,-0.009327633113097589
2010-01-15,379.0,379.75,369.5,371.5,164273,1,False,-9.5,-2.625,0.0,-62.375,309.125,-0.029815613966261312
2010-01-19,371.5,375.25,367.75,369.25,125418,1,False,-2.25,-5.375,0.0,-62.375,306.875,-0.007278608976951095
2010-01-20,369.25,370.5,362.25,368.0,117028,1,False,-1.25,0.875,0.0,-62.375,305.625,-0.004073319755600768
2010-01-21,369.0,372.0,364.0,372.0,117638,1,False,4.0,-4.25,0.0,-62.375,309.625,0.013087934560327197
2010-01-22,372.5,372.75,363.5,364.75,116246,1,False,-7.25,3.5,0.0,-62.375,302.375,-0.023415421881308074
2010-01-25,366.75,369.25,365.25,367.75,83425,1,False,3.0,-6.375,0.0,-62.375,305.375,0.009921455146754798
2010-01-26,367.75,369.0,360.25,362.25,106613,1,False,-5.5,-0.5,0.0,-62.375,299.875,-0.018010642652476427
2010-01-27,362.25,363.5,358.25,358.25,86413,1,False,-4.0,-1.0,0.0,-62.375,295.875,-0.01333889120466858
2010-01-28,359.0,363.0,357.75,361.75,104224,1,False,3.5,-4.625,0.0,-62.375,299.375,0.011829319814110617
2010-01-29,361.75,363.5,355.25,356.5,131890,1,False,-5.25,3.0,0.0,-62.375,294.125,-0.017536534446764063
2010-02-01,356.25,360.75,355.5,359.0,112634,2,False,2.5,0.375,0.0,-62.375,296.625,0.008499787505312328
2010-02-02,359.0,367.25,358.75,365.0,146992,2,False,6.0,-4.75,0.0,-62.375,302.625,0.020227560050568805
2010-02-03,365.0,368.25,352.75,353.0,171750,2,False,-12.0,3.5,0.0,-62.375,290.625,-0.039653035935563796
2010-02-04,355.75,359.0,349.0,354.0,163425,2,False,1.0,-7.25,0.0,-62.375,291.625,0.0034408602150537426
2010-02-05,354.25,355.5,347.5,351.5,164659,2,False,-2.5,2.75,0.0,-62.375,289.125,-0.00857265323617662
2010-02-08,354.0,362.0,353.5,356.0,148576,2,False,4.5,0.0,0.0,-62.375,293.625,0.015564202334630295
2010-02-09,355.75,363.5,354.75,358.5,196600,2,False,2.5,3.875,0.0,-62.375,296.125,0.008514261387824629
2010-02-10,358.75,365.5,355.25,361.75,169470,2,False,3.25,2.0,0.0,-62.375,299.375,0.010975094976783506
2010-02-11,361.75,365.0,359.5,363.25,134275,2,False,1.5,0.75,0.0,-62.375,300.875,0.005010438413361129
2010-02-12,363.5,364.25,357.5,361.5,101557,2,False,-1.75,3.625,0.0,-62.375,299.125,-0.005816368923971749
2010-02-16,362.25,368.75,362.0,367.25,126169,2,False,5.75,-4.5,0.0,-62.375,304.875,0.019222732971165835
2010-02-17,367.0,368.0,359.5,360.0,86665,2,False,-7.25,1.5,0.0,-62.375,297.625,-0.023780237802378035
2010-02-18,360.5,361.5,355.5,357.25,98889,2,False,-2.75,-2.25,0.0,-62.375,294.875,-0.009239815203695878
2010-02-19,355.0,360.5,353.25,360.0,97358,2,False,2.75,4.375,0.0,-62.375,297.625,0.009325985587113284
2010-02-22,360.0,376.75,360.0,371.5,192526,2,False,11.5,-0.5,0.0,-62.375,309.125,0.03863922721545565
2010-02-23,370.0,373.0,367.25,367.75,113231,2,False,-3.75,9.5,0.0,-62.375,305.375,-0.012131014961585085
2010-02-24,367.75,376.0,367.5,375.25,73542,2,False,7.5,-3.375,0.0,-62.375,312.875,0.024559967253376946
2010-02-25,374.75,375.0,369.25,372.25,77961,2,False,-3.0,6.625,0.0,-62.375,309.875,-0.009588493807431098
2010-02-26,372.0,380.0,372.0,378.0,47785,2,False,5.75,-5.125,0.0,-62.375,315.625,0.01855586930213793
2010-03-01,378.0,381.0,369.25,370.75,32859,3,True,-7.25,2.75,-10.0,-52.375,318.375,0.00871287128712872
2010-03-02,371.0,373.5,365.25,370.5,28409,3,False,-0.25,-1.0,0.0,-52.375,318.125,-0.0007852375343541107
2010-03-03,370.0,377.75,366.75,375.75,24319,3,False,5.25,-2.0,0.0,-52.375,323.375,0.01650294695481347
2010-03-04,375.0,375.0,369.25,372.0,20347,3,False,-3.75,-1.0,0.0,-52.375,319.625,-0.011596443757247776
2010-03-05,373.0,377.0,364.25,364.75,16347,3,False,-7.25,-2.0,0.0,-52.375,312.375,-0.02268283144309735
2010-03-08,367.0,367.75,362.25,364.5,11798,3,False,-0.25,-6.5,0.0,-52.375,312.125,-0.0008003201280512018
2010-03-09,364.5,364.5,358.0,358.75,11569,3,False,-5.75,-1.75,0.0,-52.375,306.375,-0.018422106527833382
2010-03-10,359.0,360.5,352.5,355.5,6883,3,False,-3.25,-2.875,0.0,-52.375,303.125,-0.010607915136678914
2010-03-11,356.75,357.75,352.0,355.5,4818,3,False,0.0,-2.375,0.0,-52.375,303.125,0.0
2010-03-12,356.25,357.25,353.25,354.0,71322,3,False,-1.5,4.625,0.0,-52.375,301.625,-0.004948453608247472
2010-03-15,365.0,366.25,362.0,363.25,74189,3,False,9.25,1.0,0.0,-52.375,310.875,0.030667219229175258
2010-03-16,363.75,369.0,363.0,366.75,75425,3,False,3.5,8.25,0.0,-52.375,314.375,0.01125854443104135
2010-03-17,367.75,374.5,365.0,374.0,87013,3,False,7.25,2.75,0.0,-52.375,321.625,0.0230616302186879
2010-03-18,373.0,376.5,369.0,376.0,83044,3,False,2.0,2.875,0.0,-52.375,323.625,0.0062184220753984665
2010-03-19,375.25,376.25,371.5,374.5,58909,3,False,-1.5,-0.875,0.0,-52.375,322.125,-0.004634994206257237
2010-03-22,373.5,376.25,370.5,370.75,73826,3,False,-3.75,-4.75,0.0,-52.375,318.375,-0.011641443538998875
2010-03-23,371.0,372.25,362.5,362.75,104624,3,False,-8.0,-0.75,0.0,-52.375,310.375,-0.02512760109933254
2010-03-24,363.25,366.5,359.0,365.0,77811,3,False,2.25,-9.0,0.0,-52.375,312.625,0.007249295207410356
2010-03-25,364.5,366.5,354.0,355.0,102042,3,False,-10.0,1.75,0.0,-52.375,302.625,-0.03198720511795283
2010-03-26,355.25,358.0,355.0,356.25,67136,3,False,1.25,-4.625,0.0,-52.375,303.875,0.0041305245766212195
2010-03-29,356.0,360.0,354.75,357.0,89062,3,False,0.75,-0.625,0.0,-52.375,304.625,0.002468120115178829
2010-03-30,356.5,359.0,351.75,354.5,134295,3,False,-2.5,-4.375,0.0,-52.375,302.125,-0.008206811653672541
2010-03-31,353.75,354.5,344.25,345.0,126262,3,False,-9.5,-1.5,0.0,-52.375,292.625,-0.03144393876706664
2010-04-01,345.25,349.0,343.5,344.5,589,4,False,-0.5,-4.125,0.0,-52.375,292.125,-0.0017086715079026593
2010-04-05,344.75,347.25,343.75,345.75,79432,4,False,1.25,0.125,0.0,-52.375,293.375,0.004278990158322671
2010-04-06,345.75,349.75,344.25,346.5,89924,4,False,0.75,5.625,0.0,-52.375,294.125,0.002556455048998707
2010-04-07,346.75,359.0,343.75,356.5,186180,4,False,10.0,-3.75,0.0,-52.375,304.125,0.033999150021249536
2010-04-08,355.0,355.75,346.25,348.25,146831,4,False,-8.25,3.75,0.0,-52.375,295.875,-0.027127003699136898
2010-04-09,348.25,352.0,344.0,345.75,112702,4,False,-2.5,-2.875,0.0,-52.375,293.375,-0.008449514152936155
2010-04-12,346.5,351.25,345.5,348.25,138115,4,False,2.5,0.875,0.0,-52.375,295.875,0.00852151682999569
2010-04-13,347.75,353.5,345.25,352.5,183842,4,False,4.25,4.0,0.0,-52.375,300.125,0.014364174059991575
2010-04-14,352.0,363.75,351.5,358.0,223855,4,False,5.5,4.75,0.0,-52.375,305.625,0.018325697625989124
2010-04-15,357.5,363.75,356.0,363.25,115369,4,False,5.25,3.125,0.0,-52.375,310.875,0.01717791411042935
2010-04-16,362.0,365.0,358.5,364.0,109384,4,False,0.75,-5.5,0.0,-52.375,311.625,0.0024125452352230514
2010-04-19,362.5,363.0,347.75,347.75,107934,4,False,-16.25,4.25,0.0,-52.375,295.375,-0.05214600882470921
2010-04-20,349.25,356.5,349.25,355.5,96888,4,False,7.75,-6.25,0.0,-52.375,303.125,0.02623783326280149
2010-04-21,355.25,363.25,355.25,359.25,104079,4,False,3.75,5.375,0.0,-52.375,306.875,0.012371134020618513
2010-04-22,358.75,363.0,356.0,362.25,73359,4,False,3.0,-2.75,0.0,-52.375,309.875,0.009775967413441888
2010-04-23,360.75,362.5,352.0,353.0,98676,4,False,-9.25,1.125,0.0,-52.375,300.625,-0.02985074626865669
2010-04-26,353.0,359.5,352.0,352.25,92137,4,False,-0.75,-7.0,0.0,-52.375,299.875,-0.002494802494802495
2010-04-27,352.25,353.5,345.0,347.5,85029,4,False,-4.75,4.375,0.0,-52.375,295.125,-0.015839933305544007
2010-04-28,348.5,361.75,348.25,357.0,71517,4,False,9.5,-0.625,0.0,-52.375,304.625,0.03218975010588743
2010-04-29,356.75,370.0,356.75,360.5,78456,4,False,3.5,7.625,0.0,-52.375,308.125,0.011489536315141491
2010-04-30,361.0,366.75,360.25,366.25,26530,4,False,5.75,0.0,0.0,-52.375,313.875,0.018661257606490844
2010-05-03,366.0,369.0,360.5,362.75,17483,5,True,-3.5,1.5,-5.0,-47.375,315.375,0.004778972520907976
2010-05-04,362.25,362.75,353.5,360.0,16371,5,False,-2.75,0.625,0.0,-47.375,312.625,-0.008719778042013515
2010-05-05,360.0,364.75,354.5,364.75,14167,5,False,4.75,-1.75,0.0,-47.375,317.375,0.015193922431027573
2010-05-06,365.0,372.75,361.0,364.0,10329,5,False,-0.75,2.75,0.0,-47.375,316.625,-0.0023631350925561456
2010-05-07,362.25,367.75,360.75,364.75,5188,5,False,0.75,-1.25,0.0,-47.375,317.375,0.0023687327279904302
2010-05-10,363.75,369.75,361.75,363.0,4549,5,False,-1.75,3.75,0.0,-47.375,315.625,-0.0055139818826309694
2010-05-11,362.0,370.0,358.0,369.75,1923,5,False,6.75,0.125,0.0,-47.375,322.375,0.021386138613861405
2010-05-12,369.5,379.0,367.75,371.75,3604,5,False,2.0,0.75,0.0,-47.375,324.375,0.006203955021326202
2010-05-13,370.25,373.75,365.75,366.5,1326,5,False,-5.25,-3.875,0.0,-47.375,319.125,-0.016184971098265888
2010-05-14,366.5,366.5,356.0,356.75,127487,5,False,-9.75,-3.0,0.0,-47.375,309.375,-0.03055229142185667
2010-05-17,364.0,364.5,355.5,356.0,112705,5,False,-0.75,-3.0,0.0,-47.375,308.625,-0.00242424242424244
2010-05-18,358.0,362.75,357.0,359.75,104868,5,False,3.75,-0.625,0.0,-47.375,312.375,0.012150668286755817
2010-05-19,359.75,363.25,353.5,359.25,115468,5,False,-0.5,3.25,0.0,-47.375,311.875,-0.0016006402561024036
2010-05-20,360.0,363.0,354.25,362.0,112279,5,False,2.75,3.25,0.0,-47.375,314.625,0.008817635270541135
2010-05-21,362.0,372.5,359.0,369.0,147199,5,False,7.0,2.375,0.0,-47.375,321.625,0.022248708780294058
2010-05-24,368.5,372.75,367.75,371.0,96250,5,False,2.0,0.125,0.0,-47.375,323.625,0.0062184220753984665
2010-05-25,369.0,370.25,362.5,364.25,122528,5,False,-6.75,4.625,0.0,-47.375,316.875,-0.02085747392815762
2010-05-26,367.25,372.0,366.25,371.5,97015,5,False,7.25,-2.5,0.0,-47.375,324.125,0.02287968441814603
2010-05-27,369.5,373.75,368.25,373.25,97272,5,False,1.75,-3.5,0.0,-47.375,325.875,0.005399151561897408
2010-05-28,372.0,373.0,358.25,359.0,150749,5,False,-14.25,-1.625,0.0,-47.375,311.625,-0.04372842347525896
2010-06-01,358.75,361.0,353.0,354.0,137372,6,False,-5.0,-9.875,0.0,-47.375,306.625,-0.016044925792218168
2010-06-02,354.25,357.5,347.75,348.5,127867,6,False,-5.5,-2.0,0.0,-47.375,301.125,-0.017937219730941756
2010-06-03,349.0,351.5,344.5,349.5,141195,6,False,1.0,-7.5,0.0,-47.375,302.125,0.0033208800332087396
2010-06-04,350.0,350.75,339.75,340.0,139239,6,False,-9.5,-1.625,0.0,-47.375,292.625,-0.03144393876706664
2010-06-07,340.75,341.0,335.5,335.75,140946,6,False,-4.25,-4.0,0.0,-47.375,288.375,-0.01452370781717216
2010-06-08,336.5,340.25,335.0,337.25,171038,6,False,1.5,-1.625,0.0,-47.375,289.875,0.005201560468140354
2010-06-09,338.0,341.25,336.5,338.25,144352,6,False,1.0,3.25,0.0,-47.375,290.875,0.0034497628288054916
2010-06-10,338.0,348.0,336.0,343.25,161773,6,False,5.0,3.625,0.0,-47.375,295.875,0.01718951439621841
2010-06-11,343.25,349.75,342.75,349.5,106329,6,False,6.25,4.625,0.0,-47.375,302.125,0.0211237853823405
2010-06-14,349.0,354.5,348.5,353.75,112712,6,False,4.25,3.125,0.0,-47.375,306.375,0.014067025237898267
2010-06-15,352.0,355.0,350.75,353.75,99101,6,False,0.0,3.375,0.0,-47.375,306.375,0.0
2010-06-16,353.5,360.5,352.75,356.25,117993,6,False,2.5,0.625,0.0,-47.375,308.875,0.008159934720522344
2010-06-17,356.25,360.0,354.25,357.5,101835,6,False,1.25,2.875,0.0,-47.375,310.125,0.004046944556859611
2010-06-18,356.75,364.25,355.75,360.75,116128,6,False,3.25,-2.25,0.0,-47.375,313.375,0.010479645304312779
2010-06-21,363.0,367.25,351.25,355.0,149983,6,False,-5.75,-0.125,0.0,-47.375,307.625,-0.01834862385321101
2010-06-22,355.0,356.25,348.25,351.5,106443,6,False,-3.5,-5.375,0.0,-47.375,304.125,-0.01137748882568057
2010-06-23,351.25,351.75,345.75,346.5,100134,6,False,-5.0,-2.625,0.0,-47.375,299.125,-0.016440608302507154
2010-06-24,346.5,348.75,342.25,344.75,125609,6,False,-1.75,-4.625,0.0,-47.375,297.375,-0.00585039699122436
2010-06-25,344.75,346.25,339.5,340.5,102191,6,False,-4.25,-4.25,0.0,-47.375,293.125,-0.01429171920975203
2010-06-28,339.5,339.75,332.0,333.75,123243,6,False,-6.75,-6.5,0.0,-47.375,286.375,-0.023027718550106657
2010-06-29,333.5,334.5,324.5,325.0,116715,6,False,-8.75,11.25,0.0,-47.375,277.625,-0.030554343081623747
2010-06-30,325.25,358.0,325.0,354.25,65209,6,False,29.25,1.25,0.0,-47.375,306.875,0.10535794687077882
2010-07-01,354.0,367.25,351.5,365.5,17351,7,True,11.25,13.875,-2.625,-44.75,320.75,0.04521384928716898
2010-07-02,363.5,366.25,361.5,364.0,19278,7,False,-1.5,3.625,0.0,-44.75,319.25,-0.004676539360872978
2010-07-06,362.25,371.25,359.25,360.0,17886,7,False,-4.0,4.625,0.0,-44.75,315.25,-0.012529365700861383
2010-07-07,360.0,371.25,359.75,370.75,8953,7,False,10.75,1.375,0.0,-44.75,326.0,0.03409992069785894
2010-07-08,370.75,378.5,370.0,377.5,7471,7,False,6.75,4.25,0.0,-44.75,332.75,0.020705521472392574
2010-07-09,375.75,378.0,374.25,375.25,7015,7,False,-2.25,1.375,0.0,-44.75,330.5,-0.006761833208114187
2010-07-12,375.0,376.5,370.0,371.25,6507,7,False,-4.0,-3.375,0.0,-44.75,326.5,-0.012102874432677768
2010-07-13,369.5,374.25,366.0,366.75,4930,7,False,-4.5,2.25,0.0,-44.75,322.0,-0.013782542113323082
2010-07-14,366.0,376.75,365.75,375.25,70640,7,False,8.5,6.375,0.0,-44.75,330.5,0.026397515527950333
2010-07-15,383.5,397.75,383.0,392.5,87390,7,False,17.25,5.375,0.0,-44.75,347.75,0.05219364599092291
2010-07-16,391.25,395.75,387.5,394.75,69731,7,False,2.25,2.0,0.0,-44.75,350.0,0.006470165348670065
2010-07-19,386.25,391.25,376.75,381.5,72718,7,False,-13.25,-2.625,0.0,-44.75,336.75,-0.03785714285714281
2010-07-20,379.75,380.25,373.25,374.0,64362,7,False,-7.5,-3.75,0.0,-44.75,329.25,-0.022271714922049046
2010-07-21,374.0,381.5,373.25,379.75,47803,7,False,5.75,-5.375,0.0,-44.75,335.0,0.01746393318147299
2010-07-22,379.0,387.0,374.0,376.5,68229,7,False,-3.25,0.25,0.0,-44.75,331.75,-0.00970149253731345
2010-07-23,375.25,379.5,369.75,371.25,58696,7,False,-5.25,-5.25,0.0,-44.75,326.5,-0.01582516955538804
2010-07-26,369.0,371.75,361.75,364.0,75192,7,False,-7.25,-3.25,0.0,-44.75,319.25,-0.022205206738131755
2010-07-27,363.5,369.5,362.0,362.75,48460,7,False,-1.25,3.125,0.0,-44.75,318.0,-0.003915426781519238
2010-07-28,362.75,379.5,362.25,376.25,75851,7,False,13.5,0.875,0.0,-44.75,331.5,0.04245283018867929
2010-07-29,376.0,385.5,375.5,379.25,76118,7,False,3.0,13.5,0.0,-44.75,334.5,0.009049773755656076
2010-07-30,378.5,393.0,378.25,392.75,91621,7,False,13.5,0.375,0.0,-44.75,348.0,0.04035874439461873
2010-08-02,391.5,404.25,389.25,390.5,96441,8,False,-2.25,6.25,0.0,-44.75,345.75,-0.006465517241379337
2010-08-03,390.0,394.5,385.25,389.5,58900,8,False,-1.0,4.25,0.0,-44.75,344.75,-0.002892263195950817
2010-08-04,388.75,402.0,387.5,400.25,69440,8,False,10.75,1.125,0.0,-44.75,355.5,0.031182015953589604
2010-08-05,398.75,425.0,395.5,403.5,136368,8,False,3.25,6.125,0.0,-44.75,358.75,0.00914205344585084
2010-08-06,401.25,408.25,392.0,405.0,99928,8,False,1.5,0.625,0.0,-44.75,360.25,0.004181184668989646
2010-08-09,402.75,411.0,401.0,403.0,97009,8,False,-2.0,-4.0,0.0,-44.75,358.25,-0.005551700208188737
2010-08-10,402.5,402.75,392.75,393.5,92894,8,False,-9.5,0.0,0.0,-44.75,348.75,-0.026517794836008357
2010-08-11,393.5,400.5,390.5,395.5,115740,8,False,2.0,0.625,0.0,-44.75,350.75,0.005734767025089571
2010-08-12,394.75,414.0,394.75,406.25,135452,8,False,10.75,3.75,0.0,-44.75,361.5,0.03064861012116893
2010-08-13,406.0,413.75,406.0,411.75,59859,8,False,5.5,3.125,0.0,-44.75,367.0,0.015214384508990264
2010-08-16,409.0,417.5,405.75,407.25,51487,8,False,-4.5,6.5,0.0,-44.75,362.5,-0.012261580381471404
2010-08-17,407.0,416.25,406.25,414.75,87596,8,False,7.5,-0.375,0.0,-44.75,370.0,0.020689655172413834
2010-08-18,414.0,419.75,409.0,418.5,72344,8,False,3.75,1.625,0.0,-44.75,373.75,0.010135135135135087
2010-08-19,417.5,422.75,411.25,414.25,62710,8,False,-4.25,5.375,0.0,-44.75,369.5,-0.011371237458194017
2010-08-20,414.0,422.0,409.0,421.25,57238,8,False,7.0,-4.125,0.0,-44.75,376.5,0.018944519621109546
2010-08-23,420.0,422.25,415.0,417.25,57138,8,False,-4.0,-2.5,0.0,-44.75,372.5,-0.010624169986719778
2010-08-24,416.0,416.0,399.75,405.25,90835,8,False,-12.0,-2.25,0.0,-44.75,360.5,-0.03221476510067112
2010-08-25,404.75,408.75,400.25,404.75,48914,8,False,-0.5,-0.125,0.0,-44.75,360.0,-0.001386962552011095
2010-08-26,405.0,419.75,405.0,416.5,78744,8,False,11.75,2.0,0.0,-44.75,371.75,0.032638888888888884
2010-08-27,416.0,425.0,416.0,421.0,79140,8,False,4.5,8.125,0.0,-44.75,376.25,0.012104909213180859
2010-08-30,423.25,429.25,422.75,425.5,104483,8,False,4.5,1.75,0.0,-44.75,380.75,0.01196013289036535
2010-08-31,424.75,429.5,416.25,424.5,52358,8,False,-1.0,6.125,0.0,-44.75,379.75,-0.0026263952724885353
2010-09-01,424.75,432.75,423.25,432.25,23058,9,True,7.75,-0.125,7.875,-52.625,379.625,-0.0003291639236340238
2010-09-02,432.25,433.25,428.5,433.0,22155,9,False,0.75,12.25,0.0,-52.625,380.375,0.0019756338491931924
2010-09-03,432.5,452.0,430.75,449.75,22227,9,False,16.75,1.25,0.0,-52.625,397.125,0.04403549129148865
2010-09-07,449.75,459.0,443.25,451.5,16446,9,False,1.75,6.375,0.0,-52.625,398.875,0.00440667296191366
2010-09-08,450.75,453.0,447.0,447.5,12495,9,False,-4.0,5.25,0.0,-52.625,394.875,-0.010028204324663115
2010-09-09,447.75,456.25,445.0,456.25,10735,9,False,8.75,1.875,0.0,-52.625,403.625,0.02215891104779999
2010-09-10,456.0,465.5,448.25,464.0,9982,9,False,7.75,7.0,0.0,-52.625,411.375,0.019200991018891278
2010-09-13,463.25,471.75,462.5,469.25,7972,9,False,5.25,8.25,0.0,-52.625,416.625,0.012762078395624377
2010-09-14,470.0,481.5,466.5,478.0,206323,9,False,8.75,11.25,0.0,-52.625,425.375,0.021002100210020913
2010-09-15,494.0,498.5,491.75,495.25,154188,9,False,17.25,4.75,0.0,-52.625,442.625,0.04055245371730831
2010-09-16,495.0,497.5,489.5,496.0,161285,9,False,0.75,17.25,0.0,-52.625,443.375,0.0016944365998305955
2010-09-17,497.0,517.25,496.5,513.25,263306,9,False,17.25,-2.125,0.0,-52.625,460.625,0.03890611784606701
2010-09-20,513.25,523.75,507.75,508.25,228169,9,False,-5.0,7.125,0.0,-52.625,455.625,-0.01085481682496603
2010-09-21,507.5,517.25,503.5,505.25,187400,9,False,-3.0,-2.625,0.0,-52.625,452.625,-0.006584362139917643
2010-09-22,504.5,512.0,500.25,505.0,187576,9,False,-0.25,-4.375,0.0,-52.625,452.375,-0.000552333609500133
2010-09-23,506.25,507.0,495.25,499.25,192998,9,False,-5.75,11.125,0.0,-52.625,446.625,-0.012710693561757358
2010-09-24,498.75,523.5,496.5,521.75,201964,9,False,22.5,-7.375,0.0,-52.625,469.125,0.05037783375314864
2010-09-27,522.0,528.75,511.25,512.75,176759,9,False,-9.0,4.875,0.0,-52.625,460.125,-0.01918465227817745
2010-09-28,512.0,513.5,499.5,500.0,151856,9,False,-12.75,-2.0,0.0,-52.625,447.375,-0.027709861450692763
2010-09-29,500.0,506.0,486.0,505.0,209526,9,False,5.0,-11.0,0.0,-52.625,452.375,0.0111763062307908
2010-09-30,505.0,508.25,478.5,495.75,307752,9,False,-9.25,-12.5,0.0,-52.625,443.125,-0.020447637468914093
2010-10-01,494.75,494.75,465.75,465.75,304420,10,False,-30.0,-1.75,0.0,-52.625,413.125,-0.06770098730606489
2010-10-04,460.5,473.75,454.25,471.5,217559,10,False,5.75,-5.25,0.0,-52.625,418.875,0.013918305597579339
2010-10-05,471.25,493.5,464.75,491.0,213718,10,False,19.5,1.625,0.0,-52.625,438.375,0.0465532676812892
2010-10-06,491.0,496.0,487.25,488.5,136692,10,False,-2.5,14.625,0.0,-52.625,435.875,-0.005702879954376905
2010-10-07,488.25,502.5,487.75,498.25,205680,10,False,9.75,13.75,0.0,-52.625,445.625,0.02236879839403505
2010-10-08,497.75,528.25,496.0,528.25,85717,10,False,30.0,18.625,0.0,-52.625,475.625,0.06732117812061711
2010-10-11,573.25,573.25,555.0,555.75,275238,10,False,27.5,26.625,0.0,-52.625,503.125,0.05781865965834432
2010-10-12,555.0,584.25,554.5,579.0,284555,10,False,23.25,8.875,0.0,-52.625,526.375,0.04621118012422354
2010-10-13,578.0,588.0,565.5,569.25,247192,10,False,-9.75,10.625,0.0,-52.625,516.625,-0.018522916171930692
2010-10-14,569.0,579.75,565.75,567.25,189203,10,False,-2.0,-7.0,0.0,-52.625,514.625,-0.0038712799419308164
2010-10-15,568.0,575.0,562.0,563.0,160433,10,False,-4.25,-3.875,0.0,-52.625,510.375,-0.00825844061209624
2010-10-18,561.5,563.0,553.0,557.25,146179,10,False,-5.75,-7.75,0.0,-52.625,504.625,-0.011266225814352215
2010-10-19,557.25,562.0,542.75,546.0,232701,10,False,-11.25,10.875,0.0,-52.625,493.375,-0.02229378251176617
2010-10-20,546.0,576.0,544.0,573.5,222193,10,False,27.5,-10.25,0.0,-52.625,520.875,0.05573853559665576
2010-10-21,573.0,579.5,561.75,564.25,187133,10,False,-9.25,11.625,0.0,-52.625,511.625,-0.017758579313654876
2010-10-22,564.0,571.0,559.5,560.0,142067,10,False,-4.25,-0.25,0.0,-52.625,507.375,-0.008306865379916983
2010-10-25,561.0,575.5,560.5,568.75,149493,10,False,8.75,-1.0,0.0,-52.625,516.125,0.017245627001724495
2010-10-26,567.0,577.25,562.0,571.0,173453,10,False,2.25,7.5,0.0,-52.625,518.375,0.0043594090578833455
2010-10-27,571.75,579.0,561.5,577.25,176337,10,False,6.25,2.0,0.0,-52.625,524.625,0.012056908608632844
2010-10-28,576.0,585.25,575.25,579.0,187624,10,False,1.75,4.625,0.0,-52.625,526.375,0.003335715987610177
2010-10-29,579.0,583.0,571.0,582.0,130063,10,False,3.0,-1.5,0.0,-52.625,529.375,0.005699358822132572
2010-11-01,585.0,590.75,572.0,577.25,163197,11,False,-4.75,0.75,0.0,-52.625,524.625,-0.008972845336481683
2010-11-02,577.75,583.0,572.25,575.75,178280,11,False,-1.5,0.25,0.0,-52.625,523.125,-0.002859185132237263
2010-11-03,576.25,582.25,568.75,581.0,203281,11,False,5.25,3.75,0.0,-52.625,528.375,0.01003584229390686
2010-11-04,581.0,595.75,580.5,590.0,193299,11,False,9.0,1.5,0.0,-52.625,537.375,0.017033356990773685
2010-11-05,590.0,591.75,583.0,587.75,193299,11,False,-2.25,3.25,0.0,-52.625,535.125,-0.004187020237264472
2010-11-08,587.5,592.0,584.5,585.25,181957,11,False,-2.5,-5.625,0.0,-52.625,532.625,-0.004671805652884831
2010-11-09,585.5,605.0,571.0,576.25,368624,11,False,-9.0,-6.0,0.0,-52.625,523.625,-0.016897441915043387
2010-11-10,575.0,580.25,565.0,566.75,234149,11,False,-9.5,-5.875,0.0,-52.625,514.125,-0.018142754834089336
2010-11-11,567.0,574.25,557.5,564.0,240557,11,False,-2.75,-19.75,0.0,-52.625,511.375,-0.00534889375151959
2010-11-12,564.0,566.5,534.0,534.0,270071,11,False,-30.0,9.375,0.0,-52.625,481.375,-0.05866536299193348
2010-11-15,541.75,567.0,539.0,555.5,209834,11,False,21.5,-29.5,0.0,-52.625,502.875,0.04466372370812777
2010-11-16,555.0,556.25,525.5,526.5,265132,11,False,-29.0,10.375,0.0,-52.625,473.875,-0.05766840666169526
2010-11-17,527.5,536.0,509.0,525.75,239339,11,False,-0.75,-6.5,0.0,-52.625,473.125,-0.0015826958586124817
2010-11-18,527.0,546.5,526.0,541.75,152125,11,False,16.0,-10.875,0.0,-52.625,489.125,0.033817701453104254
2010-11-19,542.75,548.25,518.5,520.75,197574,11,False,-21.0,5.25,0.0,-52.625,468.125,-0.04293381037567079
2010-11-22,515.25,532.25,511.75,515.25,215864,11,False,-5.5,-3.875,0.0,-52.625,462.625,-0.011748998664886545
2010-11-23,518.5,531.5,506.25,528.5,216145,11,False,13.25,2.375,0.0,-52.625,475.875,0.028640907862739873
2010-11-24,528.5,539.5,528.5,538.75,145624,11,False,10.25,6.375,0.0,-52.625,486.125,0.021539269766220226
2010-11-26,540.0,543.5,530.75,538.25,91560,11,False,-0.5,5.125,0.0,-52.625,485.625,-0.0010285420416559221
2010-11-29,542.5,545.0,535.25,538.25,173312,11,False,0.0,-4.375,0.0,-52.625,485.625,0.0
2010-11-30,539.0,541.0,529.5,530.0,57505,11,False,-8.25,10.875,0.0,-52.625,477.375,-0.01698841698841702
2010-12-01,530.75,552.75,529.0,551.75,49513,12,True,21.75,-9.625,31.375,-84.0,467.75,-0.02016234616391721
2010-12-02,550.0,553.25,540.5,540.75,36142,12,False,-11.0,20.0,0.0,-84.0,456.75,-0.023516835916622125
2010-12-03,541.0,559.25,541.0,559.0,23743,12,False,18.25,-8.125,0.0,-84.0,475.0,0.03995621237000546
2010-12-06,559.0,560.5,548.0,553.75,24310,12,False,-5.25,5.875,0.0,-84.0,469.75,-0.011052631578947314
2010-12-07,554.25,561.5,542.75,547.25,18136,12,False,-6.5,3.5,0.0,-84.0,463.25,-0.01383714741883979
2010-12-08,547.0,559.75,538.75,559.5,14866,12,False,12.25,-2.875,0.0,-84.0,475.5,0.026443604964921708
2010-12-09,559.5,564.25,554.5,560.25,12495,12,False,0.75,6.125,0.0,-84.0,476.25,0.001577287066246047
2010-12-10,562.0,565.25,553.75,560.25,11105,12,False,0.0,7.875,0.0,-84.0,476.25,0.0
2010-12-13,561.0,576.0,555.75,575.25,5973,12,False,15.0,-0.375,0.0,-84.0,491.25,0.03149606299212593
2010-12-14,573.75,578.25,571.5,574.5,103096,12,False,-0.75,12.375,0.0,-84.0,490.5,-0.0015267175572518665
2010-12-15,586.0,594.5,580.0,584.25,128396,12,False,9.75,1.25,0.0,-84.0,500.25,0.01987767584097866
2010-12-16,583.25,590.0,581.5,587.5,87439,12,False,3.25,9.375,0.0,-84.0,503.5,0.006496751624187835
2010-12-17,587.0,599.0,585.5,596.5,113487,12,False,9.0,3.125,0.0,-84.0,512.5,0.01787487586891756
2010-12-20,597.0,604.0,596.5,599.5,93069,12,False,3.0,5.875,0.0,-84.0,515.5,0.005853658536585371
2010-12-21,599.0,604.0,598.0,602.25,75074,12,False,2.75,4.875,0.0,-84.0,518.25,0.0053346265761395895
2010-12-22,602.5,609.75,600.0,609.0,101209,12,False,6.75,3.875,0.0,-84.0,525.0,0.013024602026049159
2010-12-23,608.5,614.75,606.5,614.0,86297,12,False,5.0,4.0,0.0,-84.0,530.0,0.00952380952380949
2010-12-27,610.0,619.0,609.25,615.25,62225,12,False,1.25,6.5,0.0,-84.0,531.25,0.002358490566037652
2010-12-28,614.5,624.25,612.5,623.25,82057,12,False,8.0,1.0,0.0,-84.0,539.25,0.015058823529411791
2010-12-29,622.5,626.5,619.0,624.0,72854,12,False,0.75,0.0,0.0,-84.0,540.0,0.0013908205841446364
2010-12-30,623.0,625.0,612.5,616.0,94981,12,False,-8.0,6.875,0.0,-84.0,532.0,-0.014814814814814836
2010-12-31,616.25,630.0,615.75,629.0,69508,12,False,13.0,-8.25,0.0,-84.0,545.0,0.02443609022556381
2011-01-03,626.25,634.0,620.0,620.5,122199,1,False,-8.5,0.5,0.0,-84.0,536.5,-0.015596330275229331
2011-01-04,620.0,623.5,603.25,608.5,177112,1,False,-12.0,1.125,0.0,-84.0,524.5,-0.02236719478098792
2011-01-05,609.0,619.75,600.25,619.25,164318,1,False,10.75,-14.625,0.0,-84.0,535.25,0.020495710200190587
2011-01-06,618.75,621.5,600.25,602.0,178708,1,False,-17.25,1.875,0.0,-84.0,518.0,-0.03222793087342368
2011-01-07,600.5,604.5,595.0,595.0,164232,1,False,-7.0,-2.625,0.0,-84.0,511.0,-0.013513513513513487
2011-01-10,597.5,614.0,597.25,607.0,165455,1,False,12.0,-3.5,0.0,-84.0,523.0,0.023483365949119372
2011-01-11,608.0,615.5,606.0,607.0,146506,1,False,0.0,18.0,0.0,-84.0,523.0,0.0
2011-01-12,608.0,637.0,605.5,631.0,214201,1,False,24.0,5.75,0.0,-84.0,547.0,0.04588910133843216
2011-01-13,633.5,649.5,633.25,642.5,199502,1,False,11.5,15.125,0.0,-84.0,558.5,0.021023765996343702
2011-01-14,645.0,649.75,636.25,648.75,159213,1,False,6.25,11.125,0.0,-84.0,564.75,0.011190689346463722
2011-01-18,647.25,662.75,645.5,659.5,171361,1,False,10.75,-6.0,0.0,-84.0,575.5,0.019034971226206343
2011-01-19,659.5,666.25,637.25,641.25,225524,1,False,-18.25,11.75,0.0,-84.0,557.25,-0.031711555169417927
2011-01-20,641.25,654.75,627.5,654.0,198694,1,False,12.75,-7.5,0.0,-84.0,570.0,0.02288021534320328
2011-01-21,656.0,667.0,650.5,657.25,181672,1,False,3.25,5.375,0.0,-84.0,573.25,0.0057017543859649855
2011-01-24,659.5,661.5,650.5,655.25,129965,1,False,-2.0,-4.0,0.0,-84.0,571.25,-0.0034888791975578037
2011-01-25,654.75,655.0,639.25,644.0,169909,1,False,-11.25,5.875,0.0,-84.0,560.0,-0.01969365426695846
2011-01-26,644.0,662.0,640.25,657.75,145601,1,False,13.75,-9.125,0.0,-84.0,573.75,0.024553571428571397
2011-01-27,658.5,661.75,647.5,650.75,144411,1,False,-7.0,3.5,0.0,-84.0,566.75,-0.012200435729847525
2011-01-28,652.0,657.75,642.5,644.0,149126,1,False,-6.75,4.25,0.0,-84.0,560.0,-0.01191001323334806
2011-01-31,642.25,659.5,642.25,659.5,143660,1,False,15.5,-0.125,0.0,-84.0,575.5,0.02767857142857144
2011-02-01,658.75,666.75,655.75,666.0,136793,2,False,6.5,9.375,0.0,-84.0,582.0,0.011294526498696777
2011-02-02,665.5,674.5,663.25,669.25,135553,2,False,3.25,-0.125,0.0,-84.0,585.25,0.005584192439862523
2011-02-03,669.0,673.75,658.5,662.5,155387,2,False,-6.75,9.625,0.0,-84.0,578.5,-0.011533532678342562
2011-02-04,664.0,679.5,659.5,678.5,144574,2,False,16.0,-5.25,0.0,-84.0,594.5,0.02765773552290396
2011-02-07,677.0,682.5,669.5,674.75,182660,2,False,-3.75,7.5,0.0,-84.0,590.75,-0.006307821698906646
2011-02-08,674.0,675.0,666.25,673.75,147470,2,False,-1.0,10.25,0.0,-84.0,589.75,-0.0016927634363097521
2011-02-09,673.5,700.75,673.25,698.0,231721,2,False,24.25,-0.25,0.0,-84.0,614.0,0.04111911827045356
2011-02-10,698.0,704.25,694.25,698.5,224737,2,False,0.5,16.125,0.0,-84.0,614.5,0.0008143322475568926
2011-02-11,698.75,706.75,695.0,706.5,179714,2,False,8.0,-5.125,0.0,-84.0,622.5,0.013018714401952902
2011-02-14,706.25,710.5,695.0,695.75,156566,2,False,-10.75,1.375,0.0,-84.0,611.75,-0.0172690763052209
2011-02-15,697.0,699.75,680.25,690.5,218422,2,False,-5.25,-5.375,0.0,-84.0,606.5,-0.008581937065794798
2011-02-16,691.5,695.0,682.75,690.5,165499,2,False,0.0,8.5,0.0,-84.0,606.5,0.0
2011-02-17,692.0,712.75,692.0,712.75,121105,2,False,22.25,-1.5,0.0,-84.0,628.75,0.03668590272052752
2011-02-18,712.0,715.0,701.75,709.75,156484,2,False,-3.0,-3.875,0.0,-84.0,625.75,-0.004771371769383692
2011-02-22,714.5,724.25,679.75,679.75,176836,2,False,-30.0,4.375,0.0,-84.0,595.75,-0.04794246903715538
2011-02-23,672.5,693.75,656.5,691.5,194778,2,False,11.75,-17.875,0.0,-84.0,607.5,0.019723038187159148
2011-02-24,693.0,698.0,680.0,685.75,147134,2,False,-5.75,19.0,0.0,-84.0,601.75,-0.009465020576131633
2011-02-25,685.0,722.25,683.25,712.0,137423,2,False,26.25,2.375,0.0,-84.0,628.0,0.04362276692978817
2011-02-28,712.5,723.5,706.75,722.5,39229,2,False,10.5,15.5,0.0,-84.0,638.5,0.01671974522292996
2011-03-01,722.0,727.75,717.25,727.25,28952,3,True,4.75,-1.375,6.125,-90.125,637.125,-0.002153484729835564
2011-03-02,726.25,732.5,699.75,714.0,18565,3,False,-13.25,10.25,0.0,-90.125,623.875,-0.02079654698842459
2011-03-03,714.0,729.75,711.0,729.75,8537,3,False,15.75,-10.875,0.0,-90.125,639.625,0.02524544179523147
2011-03-04,729.5,734.75,716.25,721.25,9568,3,False,-8.5,2.625,0.0,-90.125,631.125,-0.013289036544850474
2011-03-07,721.25,726.0,704.25,710.75,5401,3,False,-10.5,-10.25,0.0,-90.125,620.625,-0.016636957813428443
2011-03-08,710.75,712.0,695.0,698.75,4674,3,False,-12.0,-7.125,0.0,-90.125,608.625,-0.01933534743202414
2011-03-09,699.0,707.25,685.0,695.0,3446,3,False,-3.75,-15.375,0.0,-90.125,604.875,-0.006161429451632783
2011-03-10,694.5,696.0,675.0,676.25,2715,3,False,-18.75,-10.375,0.0,-90.125,586.125,-0.030998140111593298
2011-03-11,677.75,677.75,646.25,659.25,1486,3,False,-17.0,-7.0,0.0,-90.125,569.125,-0.02900405203668155
2011-03-14,658.0,668.0,650.5,664.0,140715,3,False,4.75,-22.5,0.0,-90.125,573.875,0.008346145398638205
2011-03-15,667.25,667.75,636.0,636.0,189088,3,False,-28.0,-7.375,0.0,-90.125,545.875,-0.048791113047266355
2011-03-16,630.0,647.75,608.0,616.5,283674,3,False,-19.5,1.0,0.0,-90.125,526.375,-0.035722463934050874
2011-03-17,618.25,646.5,616.0,646.5,118749,3,False,30.0,8.75,0.0,-90.125,556.375,0.05699358822132505
2011-03-18,656.0,691.5,652.25,683.5,248242,3,False,37.0,16.5,0.0,-90.125,593.375,0.06650190968321734
2011-03-21,685.75,698.5,676.0,686.5,141444,3,False,3.0,18.625,0.0,-90.125,596.375,0.00505582473140942
2011-03-22,686.75,687.0,673.0,686.75,129106,3,False,0.25,-1.375,0.0,-90.125,596.625,0.0004191993292810281
2011-03-23,687.5,691.25,678.25,681.0,116369,3,False,-5.75,10.875,0.0,-90.125,590.875,-0.009637544521265418
2011-03-24,681.0,703.5,676.25,702.5,213013,3,False,21.5,-9.375,0.0,-90.125,612.375,0.03638671461815113
2011-03-25,702.75,717.25,688.25,689.5,204084,3,False,-13.0,1.5,0.0,-90.125,599.375,-0.021228822208613995
2011-03-28,692.75,694.75,668.25,671.0,152408,3,False,-18.5,-6.125,0.0,-90.125,580.875,-0.03086548488008345
2011-03-29,671.0,677.0,661.25,671.75,149177,3,False,0.75,-13.5,0.0,-90.125,581.625,0.0012911555842478606
2011-03-30,672.25,675.0,661.5,663.25,147177,3,False,-8.5,15.375,0.0,-90.125,573.125,-0.014614227380184808
2011-03-31,663.25,693.25,659.25,693.25,64247,3,False,30.0,17.125,0.0,-90.125,603.125,0.052344601962922566
2011-04-01,730.0,738.25,725.0,736.0,224259,4,False,42.75,27.125,0.0,-90.125,645.875,0.07088082901554404
2011-04-04,736.0,765.0,734.0,760.25,196929,4,False,24.25,24.625,0.0,-90.125,670.125,0.03754596477646599
2011-04-05,758.25,770.75,754.5,766.75,165996,4,False,6.5,10.25,0.0,-90.125,676.625,0.009699682894982242
2011-04-06,765.0,767.0,757.5,763.0,139675,4,False,-3.75,1.25,0.0,-90.125,672.875,-0.005542213190467438
2011-04-07,762.75,773.25,752.75,759.0,192597,4,False,-4.0,2.625,0.0,-90.125,668.875,-0.005944640535017642
2011-04-08,759.0,769.25,751.25,768.0,240918,4,False,9.0,2.0,0.0,-90.125,677.875,0.013455428891795851
2011-04-11,772.75,783.75,760.0,776.0,166109,4,False,8.0,-7.25,0.0,-90.125,685.875,0.011801585838097095
2011-04-12,775.25,775.5,746.75,752.5,216651,4,False,-23.5,5.5,0.0,-90.125,662.375,-0.034262802988882846
2011-04-13,753.25,768.5,746.5,755.5,207989,4,False,3.0,-12.375,0.0,-90.125,665.375,0.004529156444612159
2011-04-14,757.5,760.25,741.25,754.25,158742,4,False,-1.25,-4.625,0.0,-90.125,664.125,-0.0018786398647379077
2011-04-15,755.0,758.25,739.5,742.0,164728,4,False,-12.25,4.25,0.0,-90.125,651.875,-0.01844532279314892
2011-04-18,740.5,753.25,733.75,751.75,196248,4,False,9.75,-7.5,0.0,-90.125,661.625,0.01495685522531165
2011-04-19,752.25,757.25,747.5,749.0,113079,4,False,-2.75,-3.25,0.0,-90.125,658.875,-0.004156433024749662
2011-04-20,749.0,768.0,728.75,732.75,118858,4,False,-16.25,0.875,0.0,-90.125,642.625,-0.024663251754885263
2011-04-21,733.25,741.5,728.5,737.25,110024,4,False,4.5,4.5,0.0,-90.125,647.125,0.00700252869091611
2011-04-25,748.25,765.25,746.0,762.5,144141,4,False,25.25,4.125,0.0,-90.125,672.375,0.03901873672010825
2011-04-26,765.5,771.0,751.25,766.25,158025,4,False,3.75,5.625,0.0,-90.125,676.125,0.00557724484104849
2011-04-27,766.75,767.75,750.0,752.25,160696,4,False,-14.0,-12.75,0.0,-90.125,662.125,-0.020706230356812738
2011-04-28,757.0,761.25,715.5,723.0,161817,4,False,-29.25,8.5,0.0,-90.125,632.875,-0.044175948650179375
2011-04-29,723.25,758.5,719.75,754.0,55921,4,False,31.0,-26.25,0.0,-90.125,663.875,0.04898281651194947
2011-05-02,752.75,757.75,728.25,730.75,22670,5,True,-23.25,9.625,-32.875,-57.25,673.5,0.014498211259649674
2011-05-03,735.5,738.5,716.0,719.0,18933,5,False,-11.75,-7.875,0.0,-57.25,661.75,-0.01744617668893833
2011-05-04,719.5,730.75,711.75,726.5,9003,5,False,7.5,-16.625,0.0,-57.25,669.25,0.011333585190782092
2011-05-05,728.25,733.5,699.0,705.0,6901,5,False,-21.5,-7.375,0.0,-57.25,647.75,-0.03212551363466565
2011-05-06,704.5,716.5,677.5,682.75,5524,5,False,-22.25,0.125,0.0,-57.25,625.5,-0.034349671941335425
2011-05-09,682.75,706.0,682.75,704.5,4106,5,False,21.75,-10.375,0.0,-57.25,647.25,0.03477218225419665
2011-05-10,704.0,720.5,701.0,706.0,2550,5,False,1.5,-7.75,0.0,-57.25,648.75,0.002317497103128563
2011-05-11,708.0,711.25,669.25,668.75,2610,5,False,-37.25,7.0,0.0,-57.25,611.5,-0.05741811175337186
2011-05-12,669.75,693.0,659.25,681.25,1574,5,False,12.5,-19.75,0.0,-57.25,624.0,0.02044153720359776
2011-05-13,685.25,687.75,674.75,679.0,121024,5,False,-2.25,15.5,0.0,-57.25,621.75,-0.0036057692307692735
2011-05-16,689.0,708.0,688.75,697.5,138184,5,False,18.5,10.25,0.0,-57.25,640.25,0.0297547245677523
2011-05-17,697.5,721.0,695.5,720.25,147132,5,False,22.75,24.0,0.0,-57.25,663.0,0.035532994923857864
2011-05-18,721.75,750.25,721.5,749.75,164860,5,False,29.5,10.625,0.0,-57.25,692.5,0.044494720965309265
2011-05-19,749.25,760.25,742.5,748.25,156387,5,False,-1.5,20.375,0.0,-57.25,691.0,-0.0021660649819494893
2011-05-20,748.0,765.0,743.25,759.5,153228,5,False,11.25,-3.5,0.0,-57.25,702.25,0.01628075253256145
2011-05-23,769.0,775.0,750.0,754.0,152056,5,False,-5.5,-4.75,0.0,-57.25,696.75,-0.007831968672125322
2011-05-24,754.25,759.0,726.75,733.25,167096,5,False,-20.75,1.75,0.0,-57.25,676.0,-0.02978112665949051
2011-05-25,735.0,747.0,732.25,742.25,117083,5,False,9.0,-8.75,0.0,-57.25,685.0,0.013313609467455523
2011-05-26,744.0,758.5,743.5,745.5,135062,5,False,3.25,11.0,0.0,-57.25,688.25,0.0047445255474452
2011-05-27,747.5,759.0,740.75,758.5,120456,5,False,13.0,-3.875,0.0,-57.25,701.25,0.018888485288775847
2011-05-31,749.0,763.75,743.0,747.5,148538,5,False,-11.0,12.0,0.0,-57.25,690.25,-0.015686274509803977
2011-06-01,751.0,760.5,741.0,758.5,163809,6,False,11.0,-1.5,0.0,-57.25,701.25,0.015936254980079667
2011-06-02,757.5,770.0,754.5,766.5,135173,6,False,8.0,-0.75,0.0,-57.25,709.25,0.011408199643493822
2011-06-03,765.5,769.0,751.0,754.0,122238,6,False,-12.5,-7.0,0.0,-57.25,696.75,-0.017624250969333843
2011-06-06,754.0,758.0,731.5,732.0,139370,6,False,-22.0,-4.0,0.0,-57.25,674.75,-0.031575170434158584
2011-06-07,732.0,737.75,729.25,736.5,188507,6,False,4.5,2.75,0.0,-57.25,679.25,0.006669136717302626
2011-06-08,738.75,766.5,734.5,764.0,224538,6,False,27.5,13.0,0.0,-57.25,706.75,0.04048582995951411
2011-06-09,764.0,793.0,759.5,785.5,213502,6,False,21.5,14.5,0.0,-57.25,728.25,0.030420940926777496
2011-06-10,785.0,799.75,777.25,787.0,171077,6,False,1.5,8.5,0.0,-57.25,729.75,0.002059732234809486
2011-06-13,786.0,792.5,777.25,782.5,162361,6,False,-4.5,-12.75,0.0,-57.25,725.25,-0.006166495375128478
2011-06-14,779.25,779.5,752.5,755.5,188439,6,False,-27.0,-17.125,0.0,-57.25,698.25,-0.03722854188210967
2011-06-15,760.25,762.25,725.5,725.75,235152,6,False,-29.75,-25.625,0.0,-57.25,668.5,-0.04260651629072687
2011-06-16,725.75,728.5,698.75,701.5,222258,6,False,-24.25,-15.5,0.0,-57.25,644.25,-0.036275243081525854
2011-06-17,700.5,714.5,691.25,700.25,174752,6,False,-1.25,-12.0,0.0,-57.25,643.0,-0.0019402405898331088
2011-06-20,703.25,707.75,695.5,700.5,132757,6,False,0.25,2.875,0.0,-57.25,643.25,0.00038880248833583764
2011-06-21,703.0,719.25,702.25,707.5,172807,6,False,7.0,-14.875,0.0,-57.25,650.25,0.01088223863194715
2011-06-22,709.0,714.0,677.5,677.5,172359,6,False,-30.0,5.0,0.0,-57.25,620.25,-0.046136101499423265
2011-06-23,675.0,683.75,639.0,680.5,194372,6,False,3.0,-20.25,0.0,-57.25,623.25,0.0048367593712213
2011-06-24,687.0,697.75,669.0,670.0,160547,6,False,-10.5,-3.125,0.0,-57.25,612.75,-0.016847172081829176
2011-06-27,669.0,669.5,650.0,660.75,138082,6,False,-9.25,5.875,0.0,-57.25,603.5,-0.01509587923296618
2011-06-28,667.75,684.25,661.0,683.0,135555,6,False,22.25,2.875,0.0,-57.25,625.75,0.036868268434134155
2011-06-29,689.5,714.5,684.5,698.0,143359,6,False,15.0,-23.375,0.0,-57.25,640.75,0.023971234518577633
2011-06-30,699.0,708.5,615.0,629.0,102047,6,False,-69.0,13.375,0.0,-57.25,571.75,-0.10768630511119781
2011-07-01,629.0,652.75,620.75,640.75,30771,7,True,11.75,-14.625,26.375,-83.625,557.125,-0.02557936160909491
2011-07-05,650.75,684.25,649.0,680.5,16278,7,False,39.75,-10.0,0.0,-83.625,596.875,0.07134844065514923
2011-07-06,679.5,680.0,647.5,648.75,12818,7,False,-31.75,20.5,0.0,-83.625,565.125,-0.053193717277486896
2011-07-07,648.25,668.0,647.5,650.0,5513,7,False,1.25,-4.75,0.0,-83.625,566.375,0.0022119000221190177
2011-07-08,652.5,670.75,652.5,672.25,3027,7,False,22.25,5.25,0.0,-83.625,588.625,0.03928492606488643
2011-07-11,672.5,680.75,663.5,681.5,3074,7,False,9.25,18.875,0.0,-83.625,597.875,0.015714589084731445
2011-07-12,682.0,713.5,667.0,697.0,2619,7,False,15.5,19.5,0.0,-83.625,613.375,0.025925151578507277
2011-07-13,702.0,740.0,702.0,726.75,1849,7,False,29.75,2.625,0.0,-83.625,643.125,0.04850213980028539
2011-07-14,724.0,742.0,711.5,716.5,61509,7,False,-10.25,7.25,0.0,-83.625,632.875,-0.01593780369290576
2011-07-15,690.75,711.0,686.75,701.25,72336,7,False,-15.25,-7.625,0.0,-83.625,617.625,-0.02409638554216864
2011-07-18,701.75,703.25,683.0,696.25,54833,7,False,-5.0,-6.75,0.0,-83.625,612.625,-0.008095527221210319
2011-07-19,703.25,723.5,696.5,698.0,77845,7,False,1.75,-7.5,0.0,-83.625,614.375,0.0028565598857375196
2011-07-20,698.25,708.75,685.75,688.0,55660,7,False,-10.0,-3.5,0.0,-83.625,604.375,-0.016276703967446626
2011-07-21,687.5,690.5,670.75,679.25,59580,7,False,-8.75,0.375,0.0,-83.625,595.625,-0.014477766287487093
2011-07-22,679.25,690.5,672.75,690.0,70366,7,False,10.75,-10.0,0.0,-83.625,606.375,0.01804826862539355
2011-07-25,678.25,683.75,671.75,678.75,44739,7,False,-11.25,10.875,0.0,-83.625,595.125,-0.01855287569573283
2011-07-26,682.25,690.5,675.5,689.75,56593,7,False,11.0,-4.75,0.0,-83.625,606.125,0.01848351186725483
2011-07-27,689.5,693.0,677.0,691.5,70663,7,False,1.75,0.875,0.0,-83.625,607.875,0.0028871932357186214
2011-07-28,690.25,690.5,680.0,682.25,80120,7,False,-9.25,-7.5,0.0,-83.625,598.625,-0.015216944273082511
2011-07-29,684.0,684.5,662.25,665.5,78720,7,False,-16.75,3.25,0.0,-83.625,581.875,-0.027980789308832743
2011-08-01,668.5,684.0,665.25,681.25,70405,8,False,15.75,6.625,0.0,-83.625,597.625,0.02706766917293235
2011-08-02,680.25,711.25,677.0,711.25,99777,8,False,30.0,5.25,0.0,-83.625,627.625,0.050198703200167394
2011-08-03,711.0,714.25,700.5,706.0,88522,8,False,-5.25,8.875,0.0,-83.625,622.375,-0.008364867556263644
2011-08-04,705.25,706.0,681.75,693.75,84612,8,False,-12.25,-3.0,0.0,-83.625,610.125,-0.019682667202249426
2011-08-05,688.0,699.75,679.0,693.0,104989,8,False,-0.75,-15.0,0.0,-83.625,609.375,-0.0012292562999385304
2011-08-08,680.75,691.0,670.5,675.25,90009,8,False,-17.75,1.125,0.0,-83.625,591.625,-0.02912820512820513
2011-08-09,673.0,687.75,658.5,678.25,99674,8,False,3.0,-9.0,0.0,-83.625,594.625,0.005070779632368572
2011-08-10,682.75,689.25,676.25,678.0,82997,8,False,-0.25,13.75,0.0,-83.625,594.375,-0.00042043304603744946
2011-08-11,676.75,708.0,676.0,702.5,98668,8,False,24.5,-0.5,0.0,-83.625,618.875,0.04121976866456367
2011-08-12,702.0,707.75,697.5,701.75,90191,8,False,-0.75,15.0,0.0,-83.625,618.125,-0.0012118763886083128
2011-08-15,703.75,711.75,702.75,707.25,53443,8,False,5.5,3.0,0.0,-83.625,623.625,0.008897876643073843
2011-08-16,707.0,715.0,700.0,714.0,66021,8,False,6.75,1.5,0.0,-83.625,630.375,0.010823812387251941
2011-08-17,713.0,720.5,708.25,711.5,56827,8,False,-2.5,-2.875,0.0,-83.625,627.875,-0.003965893317469771
2011-08-18,710.5,711.0,695.0,699.0,59927,8,False,-12.5,4.75,0.0,-83.625,615.375,-0.019908421262193943
2011-08-19,699.0,714.25,693.0,711.0,44839,8,False,12.0,-1.5,0.0,-83.625,627.375,0.019500304692260828
2011-08-22,715.5,722.25,711.5,720.5,61301,8,False,9.5,10.875,0.0,-83.625,636.875,0.015142458657102953
2011-08-23,723.5,731.0,720.0,730.25,61949,8,False,9.75,5.5,0.0,-83.625,646.625,0.01530912659470074
2011-08-24,730.0,737.0,727.5,731.75,58960,8,False,1.5,5.125,0.0,-83.625,648.125,0.002319737096462493
2011-08-25,730.5,736.0,723.5,732.25,65830,8,False,0.5,10.875,0.0,-83.625,648.625,0.0007714561234328787
2011-08-26,731.0,754.75,729.25,752.5,112298,8,False,20.25,2.125,0.0,-83.625,668.875,0.031219888225091585
2011-08-29,751.75,765.5,751.5,756.25,87513,8,False,3.75,13.75,0.0,-83.625,672.625,0.005606428704914901
2011-08-30,756.75,765.5,746.75,763.5,95762,8,False,7.25,-1.125,0.0,-83.625,679.875,0.010778665675525101
2011-08-31,763.25,764.25,756.0,757.5,43825,8,False,-6.0,-10.75,0.0,-83.625,673.875,-0.008825151682294585
2011-09-01,756.5,757.0,727.75,728.75,19577,9,True,-28.75,7.75,-36.5,-47.125,681.625,0.011500649230198556
2011-09-02,733.75,751.75,730.25,750.25,8453,9,False,21.5,-16.125,0.0,-47.125,703.125,0.03154227030992107
2011-09-06,742.5,749.0,734.75,746.75,4539,9,False,-3.5,5.625,0.0,-47.125,699.625,-0.004977777777777748
2011-09-07,748.25,755.5,733.5,736.5,7222,9,False,-10.25,-8.375,0.0,-47.125,689.375,-0.01465070573521532
2011-09-08,737.25,739.75,721.75,723.25,3784,9,False,-13.25,-3.75,0.0,-47.125,676.125,-0.019220308250226692
2011-09-09,723.0,729.0,719.75,726.0,2136,9,False,2.75,-2.5,0.0,-47.125,678.875,0.004067295248659564
2011-09-12,726.0,736.5,717.0,734.25,1400,9,False,8.25,-11.125,0.0,-47.125,687.125,0.012152458110845199
2011-09-13,735.0,736.25,705.0,709.25,1589,9,False,-25.0,6.0,0.0,-47.125,662.125,-0.03638348189921781
2011-09-14,711.0,717.0,705.0,713.0,145705,9,False,3.75,-18.5,0.0,-47.125,665.875,0.005663583160279373
2011-09-15,725.0,725.0,700.25,701.0,197869,9,False,-12.0,-2.625,0.0,-47.125,653.875,-0.018021400412990385
2011-09-16,701.75,707.25,691.75,692.0,170554,9,False,-9.0,-5.875,0.0,-47.125,644.875,-0.01376409864270689
2011-09-19,691.5,694.0,676.5,692.25,195620,9,False,0.25,-5.5,0.0,-47.125,645.125,0.0003876720294631042
2011-09-20,697.25,704.5,690.25,690.25,146461,9,False,-2.0,-2.125,0.0,-47.125,643.125,-0.00310017438480914
2011-09-21,690.0,697.5,685.25,685.75,122487,9,False,-4.5,-18.875,0.0,-47.125,638.625,-0.006997084548104993
2011-09-22,682.0,682.0,647.5,650.0,244194,9,False,-35.75,-8.0,0.0,-47.125,602.875,-0.05597964376590325
2011-09-23,652.75,658.75,638.0,638.5,197949,9,False,-11.5,-13.125,0.0,-47.125,591.375,-0.019075264358283217
2011-09-26,645.75,653.25,630.0,648.0,156891,9,False,9.5,-3.625,0.0,-47.125,600.875,0.016064257028112428
2011-09-27,653.0,666.25,646.0,652.25,187261,9,False,4.25,-6.0,0.0,-47.125,605.125,0.0070730185146661295
2011-09-28,650.0,650.75,628.75,630.75,193173,9,False,-21.5,3.0,0.0,-47.125,583.625,-0.03552984920470981
2011-09-29,631.0,638.25,623.0,632.5,163097,9,False,1.75,-30.75,0.0,-47.125,585.375,0.0029985007496251548
2011-09-30,634.25,636.0,592.5,592.5,204007,9,False,-40.0,0.875,0.0,-47.125,545.375,-0.06833226564168271
2011-10-03,590.0,598.5,572.25,592.5,236400,10,False,0.0,-22.375,0.0,-47.125,545.375,0.0
2011-10-04,592.5,593.75,577.0,587.75,206074,10,False,-4.75,8.875,0.0,-47.125,540.625,-0.008709603483841422
2011-10-05,592.25,607.75,591.0,605.5,151220,10,False,17.75,-2.375,0.0,-47.125,558.375,0.032832369942196626
2011-10-06,605.5,617.0,604.0,605.5,161053,10,False,0.0,6.125,0.0,-47.125,558.375,0.0
2011-10-07,605.5,607.5,596.25,600.0,117653,10,False,-5.5,2.5,0.0,-47.125,552.875,-0.009850011193194508
2011-10-10,599.25,618.5,598.5,605.0,135540,10,False,5.0,17.25,0.0,-47.125,557.875,0.009043635541487571
2011-10-11,606.75,645.0,599.75,645.0,230412,10,False,40.0,0.375,0.0,-47.125,597.875,0.07170064978713864
2011-10-12,646.25,655.0,628.75,640.75,205606,10,False,-4.25,18.75,0.0,-47.125,593.625,-0.007108509303784261
2011-10-13,640.75,643.0,622.0,638.25,173039,10,False,-2.5,-1.25,0.0,-47.125,591.125,-0.004211412929037706
2011-10-14,638.0,648.5,632.25,640.0,180765,10,False,1.75,-1.0,0.0,-47.125,592.875,0.0029604567561851702
2011-10-17,641.75,647.0,635.25,640.5,139589,10,False,0.5,2.625,0.0,-47.125,593.375,0.0008433480919249892
2011-10-18,639.75,646.75,630.25,644.0,181881,10,False,3.5,-2.5,0.0,-47.125,596.875,0.005898462186644249
2011-10-19,645.0,651.25,637.5,638.5,164058,10,False,-5.5,7.25,0.0,-47.125,591.375,-0.00921465968586388
2011-10-20,638.25,651.0,632.0,649.5,161401,10,False,11.0,-2.875,0.0,-47.125,602.375,0.018600718664130156
2011-10-21,649.0,665.5,648.5,649.25,190051,10,False,-0.25,6.375,0.0,-47.125,602.125,-0.00041502386387215484
2011-10-24,647.0,661.75,646.5,651.0,129057,10,False,1.75,-0.25,0.0,-47.125,603.875,0.002906373261365891
2011-10-25,650.0,658.5,647.0,650.75,140103,10,False,-0.25,-5.875,0.0,-47.125,603.625,-0.0004139929621196359
2011-10-26,649.5,655.5,633.0,637.25,164234,10,False,-13.5,7.0,0.0,-47.125,590.125,-0.02236487885690619
2011-10-27,637.75,657.5,637.75,651.5,167398,10,False,14.25,-5.0,0.0,-47.125,604.375,0.0241474263927135
2011-10-28,651.0,657.0,645.25,655.0,154267,10,False,3.5,3.125,0.0,-47.125,607.875,0.005791106514994926
2011-10-31,653.75,655.75,638.0,647.0,144047,10,False,-8.0,5.375,0.0,-47.125,599.875,-0.013160600452395643
2011-11-01,646.25,660.25,631.5,654.25,211739,11,False,7.25,-8.625,0.0,-47.125,607.125,0.012085851219003851
2011-11-02,653.25,659.5,640.5,645.0,190371,11,False,-9.25,7.875,0.0,-47.125,597.875,-0.015235742227712623
2011-11-03,644.75,658.5,640.75,653.5,152165,11,False,8.5,-3.5,0.0,-47.125,606.375,0.014217018607568521
2011-11-04,653.0,657.5,644.5,655.75,155020,11,False,2.25,3.0,0.0,-47.125,608.625,0.0037105751391466324
2011-11-07,655.75,656.5,648.0,653.25,206943,11,False,-2.5,4.75,0.0,-47.125,606.125,-0.004107619634421855
2011-11-08,653.0,664.0,652.0,660.5,229364,11,False,7.25,-3.5,0.0,-47.125,613.375,0.011961229119406003
2011-11-09,660.25,666.0,646.75,656.0,328584,11,False,-4.5,-1.625,0.0,-47.125,608.875,-0.007336458121051548
2011-11-10,654.5,662.0,645.25,645.5,243308,11,False,-10.5,-5.75,0.0,-47.125,598.375,-0.01724491890782176
2011-11-11,646.0,650.5,636.5,638.5,192167,11,False,-7.0,-7.75,0.0,-47.125,591.375,-0.011698349697096266
2011-11-14,638.0,644.75,630.25,633.5,191854,11,False,-5.0,2.5,0.0,-47.125,586.375,-0.008454872120059131
2011-11-15,633.5,645.75,631.25,645.5,188177,11,False,12.0,-3.875,0.0,-47.125,598.375,0.020464719675975296
2011-11-16,644.25,648.0,636.75,642.75,183215,11,False,-2.75,-8.125,0.0,-47.125,595.625,-0.0045957802381449975
2011-11-17,641.0,641.75,610.25,614.5,202446,11,False,-28.25,-3.5,0.0,-47.125,567.375,-0.04742917103882471
2011-11-18,614.5,617.25,601.5,610.25,189169,11,False,-4.25,-20.375,0.0,-47.125,563.125,-0.0074906367041198685
2011-11-21,610.0,611.25,593.25,597.75,167109,11,False,-12.5,-1.5,0.0,-47.125,550.625,-0.02219755826859049
2011-11-22,598.25,601.5,594.25,599.0,185101,11,False,1.25,-11.375,0.0,-47.125,551.875,0.002270147559591429
2011-11-23,600.0,601.25,584.25,588.75,167576,11,False,-10.25,-2.5,0.0,-47.125,541.625,-0.018573046432616036
2011-11-25,588.25,594.5,582.0,582.5,103202,11,False,-6.25,-0.5,0.0,-47.125,535.375,-0.011539349180706204
2011-11-28,586.0,596.25,586.0,591.75,180763,11,False,9.25,0.0,0.0,-47.125,544.625,0.017277609152463125
2011-11-29,591.75,605.5,588.25,598.0,178800,11,False,6.25,6.25,0.0,-47.125,550.875,0.011475786091347251
2011-11-30,597.75,609.75,588.25,601.25,50378,11,False,3.25,-0.125,0.0,-47.125,554.125,0.005899705014749346
2011-12-01,602.0,606.0,590.75,594.75,19065,12,True,-6.5,-2.5,-4.0,-43.125,551.625,-0.004511617414843183
2011-12-02,595.5,598.0,585.25,586.5,15518,12,False,-8.25,-6.375,0.0,-43.125,543.375,-0.014955812372535737
2011-12-05,588.25,593.5,580.0,580.25,8571,12,False,-6.25,-1.625,0.0,-43.125,537.125,-0.01150218541522885
2011-12-06,580.25,585.75,570.0,585.25,7532,12,False,5.0,-4.625,0.0,-43.125,542.125,0.009308820107051474
2011-12-07,586.0,588.75,578.5,582.25,3382,12,False,-3.0,6.375,0.0,-43.125,539.125,-0.005533779109983872
2011-12-08,582.0,591.25,575.0,590.0,2776,12,False,7.75,-3.75,0.0,-43.125,546.875,0.014375144910734994
2011-12-09,589.0,593.0,577.0,585.5,2341,12,False,-4.5,3.875,0.0,-43.125,542.375,-0.008228571428571474
2011-12-12,584.0,588.5,576.5,585.5,2335,12,False,0.0,-0.75,0.0,-43.125,542.375,0.0
2011-12-13,585.75,592.0,583.5,588.5,2558,12,False,3.0,-4.25,0.0,-43.125,545.375,0.005531228393639065
2011-12-14,588.25,590.75,577.0,580.0,140087,12,False,-8.5,1.0,0.0,-43.125,536.875,-0.015585606234242544
2011-12-15,580.75,584.0,576.25,579.0,131715,12,False,-1.0,-2.25,0.0,-43.125,535.875,-0.0018626309662398421
2011-12-16,578.5,587.5,577.5,583.0,115007,12,False,4.0,8.5,0.0,-43.125,539.875,0.007464427338465196
2011-12-19,586.25,604.0,584.25,601.0,146066,12,False,18.0,5.0,0.0,-43.125,557.875,0.033341051169252234
2011-12-20,600.0,608.5,596.25,607.0,108191,12,False,6.0,13.75,0.0,-43.125,563.875,0.010755097468070796
2011-12-21,606.0,619.0,601.0,616.5,116715,12,False,9.5,3.5,0.0,-43.125,573.375,0.016847705608512564
2011-12-22,615.5,625.0,611.5,617.5,122666,12,False,1.0,5.75,0.0,-43.125,574.375,0.0017440592980162428
2011-12-23,616.25,621.75,614.25,619.5,67761,12,False,2.0,7.375,0.0,-43.125,576.375,0.003482045701849845
2011-12-27,625.0,636.75,624.75,633.25,91819,12,False,13.75,5.625,0.0,-43.125,590.125,0.023855996530036894
2011-12-28,632.0,646.25,630.25,642.5,117486,12,False,9.25,4.625,0.0,-43.125,599.375,0.015674645202287563
2011-12-29,640.0,645.75,635.25,638.0,99957,12,False,-4.5,8.875,0.0,-43.125,594.875,-0.007507820646506791
2011-12-30,637.25,648.5,635.25,646.5,90619,12,False,8.5,3.75,0.0,-43.125,603.375,0.014288716116831246
2012-01-03,662.0,664.25,653.0,658.5,158650,1,False,12.0,4.25,0.0,-43.125,615.375,0.019888129272840338
2012-01-04,658.0,661.75,653.5,658.5,142010,1,False,0.0,-1.5,0.0,-43.125,615.375,0.0
2012-01-05,658.0,659.75,639.5,643.5,184873,1,False,-15.0,0.0,0.0,-43.125,600.375,-0.02437538086532598
2012-01-06,642.0,649.5,640.25,643.5,138311,1,False,0.0,-3.25,0.0,-43.125,600.375,0.0
2012-01-09,643.0,663.0,642.75,652.0,178662,1,False,8.5,0.0,0.0,-43.125,608.875,0.014157818030397618
2012-01-10,651.5,657.5,648.0,652.0,151815,1,False,0.0,4.0,0.0,-43.125,608.875,0.0
2012-01-11,651.5,655.5,646.0,651.5,189874,1,False,-0.5,-20.0,0.0,-43.125,608.375,-0.0008211866146581315
2012-01-12,651.0,659.5,611.5,611.5,147198,1,False,-40.0,-6.25,0.0,-43.125,568.375,-0.0657489213067598
2012-01-13,608.5,614.75,598.5,599.5,203505,1,False,-12.0,-17.75,0.0,-43.125,556.375,-0.02111282164064221
2012-01-17,601.25,611.75,601.25,604.0,169674,1,False,4.5,-11.25,0.0,-43.125,560.875,0.008088070096607503
2012-01-18,605.25,606.5,592.5,593.5,196009,1,False,-10.5,8.5,0.0,-43.125,550.375,-0.018720748829953227
2012-01-19,594.0,607.0,593.75,606.0,185393,1,False,12.5,-2.5,0.0,-43.125,562.875,0.02271178741766966
2012-01-20,606.0,613.75,601.25,611.5,145652,1,False,5.5,10.5,0.0,-43.125,568.375,0.009771263602043057
2012-01-23,613.5,621.25,612.0,620.0,163204,1,False,8.5,7.875,0.0,-43.125,576.875,0.014954915328788232
2012-01-24,619.5,636.0,614.5,630.25,218954,1,False,10.25,6.375,0.0,-43.125,587.125,0.017768147345612162
2012-01-25,629.5,637.75,625.5,634.5,181597,1,False,4.25,5.125,0.0,-43.125,591.375,0.007238662976367882
2012-01-26,634.25,645.75,633.25,634.5,188121,1,False,0.0,5.75,0.0,-43.125,591.375,0.0
2012-01-27,633.5,642.25,631.0,641.75,142337,1,False,7.25,-5.0,0.0,-43.125,598.625,0.012259564574085724
2012-01-30,639.5,642.75,627.5,631.75,145759,1,False,-10.0,7.25,0.0,-43.125,588.625,-0.01670494884109419
2012-01-31,632.25,642.0,631.0,639.0,213385,1,False,7.25,-3.5,0.0,-43.125,595.875,0.012316840093438142
2012-02-01,639.0,650.0,638.0,642.0,165558,2,False,3.0,4.125,0.0,-43.125,598.875,0.005034612964128327
2012-02-02,641.75,647.0,634.25,643.0,165100,2,False,1.0,2.25,0.0,-43.125,599.875,0.0016697975370485452
2012-02-03,642.5,646.5,638.0,644.5,127335,2,False,1.5,0.375,0.0,-43.125,601.375,0.002500520941862927
2012-02-06,641.0,648.5,639.25,644.25,124194,2,False,-0.25,-0.25,0.0,-43.125,601.125,-0.0004157139887757122
2012-02-07,643.0,645.0,639.25,642.25,168539,2,False,-2.0,0.0,0.0,-43.125,599.125,-0.0033270950301518276
2012-02-08,642.0,648.75,632.0,642.5,226019,2,False,0.25,-3.75,0.0,-43.125,599.375,0.00041727519298984106
2012-02-09,641.75,652.0,632.75,637.0,249280,2,False,-5.5,-2.5,0.0,-43.125,593.875,-0.009176225234619362
2012-02-10,636.5,638.75,628.25,631.75,162796,2,False,-5.25,1.125,0.0,-43.125,588.625,-0.008840244159124433
2012-02-13,634.5,643.5,632.75,639.5,220976,2,False,7.75,-5.625,0.0,-43.125,596.375,0.013166277341261523
2012-02-14,639.0,640.5,631.5,633.5,193529,2,False,-6.0,0.625,0.0,-43.125,590.375,-0.010060783902745785
2012-02-15,633.5,638.5,625.25,627.0,171774,2,False,-6.5,1.625,0.0,-43.125,583.875,-0.011009951302138443
2012-02-16,627.0,637.0,621.75,636.25,185500,2,False,9.25,-0.5,0.0,-43.125,593.125,0.015842432027403097
2012-02-17,635.5,646.75,635.25,641.75,148467,2,False,5.5,-1.5,0.0,-43.125,598.625,0.009272918861960022
2012-02-21,643.25,645.0,625.25,629.5,201444,2,False,-12.25,7.125,0.0,-43.125,586.375,-0.020463562330340412
2012-02-22,630.0,639.5,625.75,638.25,159547,2,False,8.75,-5.5,0.0,-43.125,595.125,0.014922191430398746
2012-02-23,638.25,643.5,633.25,639.5,145321,2,False,1.25,5.0,0.0,-43.125,596.375,0.0021003990758243773
2012-02-24,638.5,641.5,634.5,640.75,116010,2,False,1.25,2.5,0.0,-43.125,597.625,0.0020959966464053625
2012-02-27,638.5,645.75,633.0,644.5,146780,2,False,3.75,5.125,0.0,-43.125,601.375,0.006274837900020813
2012-02-28,642.5,654.0,642.0,653.5,117496,2,False,9.0,3.375,0.0,-43.125,610.375,0.014965703595926083
2012-02-29,653.0,659.0,651.25,656.5,48751,2,False,3.0,3.125,0.0,-43.125,613.375,0.004915011263567415
2012-03-01,655.75,657.5,649.5,653.75,18077,3,True,-2.75,4.125,-6.875,-36.25,617.5,0.006725086610963826
2012-03-02,653.0,659.5,648.0,659.0,14147,3,False,5.25,2.25,0.0,-36.25,622.75,0.008502024291497934
2012-03-05,659.0,671.0,655.5,666.25,10007,3,False,7.25,-1.5,0.0,-36.25,630.0,0.011641910879164996
2012-03-06,665.5,666.0,656.0,658.0,6829,3,False,-8.25,-3.5,0.0,-36.25,621.75,-0.013095238095238049
2012-03-07,657.75,659.25,642.25,643.75,5372,3,False,-14.25,-3.5,0.0,-36.25,607.5,-0.022919179734619988
2012-03-08,643.0,648.75,639.25,645.0,5703,3,False,1.25,-2.625,0.0,-36.25,608.75,0.002057613168724215
2012-03-09,644.75,660.75,642.0,654.0,1450,3,False,9.0,9.375,0.0,-36.25,617.75,0.014784394250513255
2012-03-12,653.0,672.0,652.5,671.5,2510,3,False,17.5,5.75,0.0,-36.25,635.25,0.028328611898017053
2012-03-13,670.25,678.5,668.5,674.0,1889,3,False,2.5,6.5,0.0,-36.25,637.75,0.003935458480913034
2012-03-14,672.25,677.0,665.0,669.5,163822,3,False,-4.5,1.0,0.0,-36.25,633.25,-0.007056056448451642
2012-03-15,658.75,673.0,658.0,669.0,171298,3,False,-0.5,-0.25,0.0,-36.25,632.75,-0.0007895775759968471
2012-03-16,668.0,673.75,665.75,673.0,124654,3,False,4.0,-5.0,0.0,-36.25,636.75,0.006321612011062738
2012-03-19,673.0,675.75,662.0,663.5,114877,3,False,-9.5,-6.0,0.0,-36.25,627.25,-0.014919513152728658
2012-03-20,663.25,663.5,643.25,647.5,188010,3,False,-16.0,-7.5,0.0,-36.25,611.25,-0.025508170585890833
2012-03-21,647.25,651.0,641.5,642.0,135890,3,False,-5.5,-6.75,0.0,-36.25,605.75,-0.008997955010224934
2012-03-22,643.5,647.5,636.75,644.5,127940,3,False,2.5,-1.75,0.0,-36.25,608.25,0.004127115146512539
2012-03-23,645.5,652.0,642.25,646.5,102994,3,False,2.0,-3.125,0.0,-36.25,610.25,0.0032881216605014085
2012-03-26,646.25,656.0,637.25,637.75,178914,3,False,-8.75,-2.5,0.0,-36.25,601.5,-0.014338385907414986
2012-03-27,638.0,644.5,630.5,630.75,157245,3,False,-7.0,-9.625,0.0,-36.25,594.5,-0.011637572734829571
2012-03-28,630.5,634.75,619.0,620.25,191250,3,False,-10.5,-11.625,0.0,-36.25,584.0,-0.01766190075693863
2012-03-29,620.25,623.5,603.0,604.0,215043,3,False,-16.25,14.75,0.0,-36.25,567.75,-0.02782534246575341
2012-03-30,605.0,644.0,604.0,644.0,223679,3,False,40.0,-2.625,0.0,-36.25,607.75,0.07045354469396736
2012-04-02,649.5,659.5,646.5,655.0,213267,4,False,11.0,21.625,0.0,-36.25,618.75,0.018099547511312153
2012-04-03,654.0,665.75,652.0,658.25,185188,4,False,3.25,4.75,0.0,-36.25,622.0,0.005252525252525286
2012-04-04,661.0,663.75,650.75,656.75,158821,4,False,-1.5,2.375,0.0,-36.25,620.5,-0.002411575562700996
2012-04-05,657.0,663.25,654.75,658.25,20,4,False,1.5,-5.375,0.0,-36.25,622.0,0.00241740531829171
2012-04-09,656.0,664.25,648.5,649.0,150881,4,False,-9.25,-6.375,0.0,-36.25,612.75,-0.014871382636655994
2012-04-10,649.5,653.75,634.5,634.75,235172,4,False,-14.25,-4.0,0.0,-36.25,598.5,-0.023255813953488413
2012-04-11,636.5,639.75,631.0,636.0,183534,4,False,1.25,-6.375,0.0,-36.25,599.75,0.002088554720133695
2012-04-12,637.0,644.5,636.5,637.5,191727,4,False,1.5,-3.5,0.0,-36.25,601.25,0.002501042100875317
2012-04-13,640.0,641.75,624.25,629.25,187477,4,False,-8.25,-2.25,0.0,-36.25,593.0,-0.013721413721413667
2012-04-16,626.75,629.0,621.0,623.25,125988,4,False,-6.0,-7.375,0.0,-36.25,587.0,-0.010118043844856706
2012-04-17,623.0,628.0,615.75,616.75,122019,4,False,-6.5,-10.5,0.0,-36.25,580.5,-0.011073253833049357
2012-04-18,617.0,618.25,599.5,601.75,184234,4,False,-15.0,6.375,0.0,-36.25,565.5,-0.025839793281653756
2012-04-19,603.75,623.0,603.5,621.0,104316,4,False,19.25,-11.75,0.0,-36.25,584.75,0.03404067197170635
2012-04-20,621.0,628.5,609.5,612.5,102915,4,False,-8.5,14.625,0.0,-36.25,576.25,-0.014536126549807626
2012-04-23,613.25,622.5,610.25,622.5,73631,4,False,10.0,-6.375,0.0,-36.25,586.25,0.017353579175704903
2012-04-24,622.25,632.0,615.5,618.25,92630,4,False,-4.25,1.375,0.0,-36.25,582.0,-0.0072494669509595155
2012-04-25,617.25,627.25,610.5,611.0,101004,4,False,-7.25,4.375,0.0,-36.25,574.75,-0.012457044673539475
2012-04-26,614.0,625.0,609.75,624.0,104596,4,False,13.0,10.875,0.0,-36.25,587.75,0.022618529795563225
2012-04-27,625.25,655.5,624.25,653.0,87996,4,False,29.0,10.125,0.0,-36.25,616.75,0.04934070608251817
2012-04-30,652.25,661.0,644.0,660.25,27347,4,False,7.25,14.25,0.0,-36.25,624.0,0.011755168220510814
2012-05-01,659.25,665.5,651.0,659.75,13603,5,True,-0.5,-5.125,4.625,-40.875,618.875,-0.00821314102564108
2012-05-02,659.0,659.0,640.25,642.25,6910,5,False,-17.5,4.0,0.0,-40.875,601.375,-0.028277115734195113
2012-05-03,645.25,654.0,640.0,650.75,3671,5,False,8.5,-3.0,0.0,-40.875,609.875,0.014134275618374659
2012-05-04,652.0,674.0,647.5,662.25,4698,5,False,11.5,5.625,0.0,-40.875,621.375,0.01885632301701179
2012-05-07,663.25,669.75,658.75,665.0,4523,5,False,2.75,6.25,0.0,-40.875,624.125,0.004425668879501021
2012-05-08,669.25,685.75,664.25,666.0,3092,5,False,1.0,-11.0,0.0,-40.875,625.125,0.0016022431403965864
2012-05-09,666.5,666.75,639.75,641.25,1286,5,False,-24.75,-7.375,0.0,-40.875,600.375,-0.039592081583683214
2012-05-10,647.25,652.5,621.0,625.5,1544,5,False,-15.75,-21.125,0.0,-40.875,584.625,-0.02623360399750152
2012-05-11,626.0,629.5,600.0,608.0,1769,5,False,-17.5,-7.875,0.0,-40.875,567.125,-0.029933718195424452
2012-05-14,616.0,624.5,608.0,608.0,106879,5,False,0.0,-14.125,0.0,-40.875,567.125,0.0
2012-05-15,582.5,597.75,581.5,597.25,113590,5,False,-10.75,11.375,0.0,-40.875,556.375,-0.018955256777606344
2012-05-16,597.0,620.75,590.75,620.0,153375,5,False,22.75,-2.875,0.0,-40.875,579.125,0.04088968771062684
2012-05-17,619.0,626.5,616.25,625.0,131642,5,False,5.0,16.625,0.0,-40.875,584.125,0.008633714655730707
2012-05-18,622.75,638.5,619.5,635.5,167427,5,False,10.5,1.25,0.0,-40.875,594.625,0.017975604536700107
2012-05-21,638.25,644.5,628.75,633.0,128305,5,False,-2.5,-12.75,0.0,-40.875,592.125,-0.004204330460374162
2012-05-22,629.0,634.75,595.0,597.0,188940,5,False,-36.0,2.0,0.0,-40.875,556.125,-0.06079797340088666
2012-05-23,601.25,611.0,588.5,603.5,165565,5,False,6.5,-30.5,0.0,-40.875,562.625,0.011688019779725778
2012-05-24,605.25,609.0,576.75,578.5,184176,5,False,-25.0,3.25,0.0,-40.875,537.625,-0.04443457009553431
2012-05-25,583.0,589.5,573.25,578.5,147037,5,False,0.0,-20.5,0.0,-40.875,537.625,0.0
2012-05-29,580.0,583.75,557.0,562.5,177673,5,False,-16.0,-1.5,0.0,-40.875,521.625,-0.029760520809114177
2012-05-30,563.75,568.25,553.5,559.5,148989,5,False,-3.0,-10.125,0.0,-40.875,518.625,-0.005751258087706712
2012-05-31,560.0,564.0,553.75,555.25,153342,5,False,-4.25,-3.375,0.0,-40.875,514.375,-0.008194745721860741
2012-06-01,557.75,579.5,551.0,551.5,177025,6,False,-3.75,6.125,0.0,-40.875,510.625,-0.007290400972053468
2012-06-04,560.25,569.25,557.75,568.0,91835,6,False,16.5,-2.125,0.0,-40.875,527.125,0.032313341493268144
2012-06-05,568.0,575.75,560.5,567.5,155718,6,False,-0.5,17.625,0.0,-40.875,526.625,-0.000948541617263432
2012-06-06,569.25,586.5,569.0,586.25,129366,6,False,18.75,3.625,0.0,-40.875,545.375,0.03560408260147163
2012-06-07,585.75,601.5,584.5,594.0,161002,6,False,7.75,11.375,0.0,-40.875,553.125,0.01421040568416232
2012-06-08,593.0,605.5,585.25,598.0,155163,6,False,4.0,0.875,0.0,-40.875,557.125,0.007231638418079056
2012-06-11,598.5,603.75,588.75,592.0,139081,6,False,-6.0,-2.0,0.0,-40.875,551.125,-0.01076957594794703
2012-06-12,595.0,599.0,575.5,584.0,153108,6,False,-8.0,1.25,0.0,-40.875,543.125,-0.014515763211612631
2012-06-13,582.25,601.75,575.5,592.5,214591,6,False,8.5,0.5,0.0,-40.875,551.625,0.015650172612198032
2012-06-14,592.0,608.5,591.75,601.5,144137,6,False,9.0,-6.75,0.0,-40.875,560.625,0.016315431679129855
2012-06-15,600.0,605.0,579.25,579.5,153416,6,False,-22.0,14.5,0.0,-40.875,538.625,-0.03924191750278705
2012-06-18,584.75,607.25,576.25,599.5,136335,6,False,20.0,-4.5,0.0,-40.875,558.625,0.037131585054537064
2012-06-19,602.75,617.0,600.25,612.5,140797,6,False,13.0,9.625,0.0,-40.875,571.625,0.02327142537480431
2012-06-20,610.5,616.75,605.0,611.75,112767,6,False,-0.75,-6.125,0.0,-40.875,570.875,-0.0013120489831620619
2012-06-21,610.0,611.5,586.5,586.5,159272,6,False,-25.25,1.875,0.0,-40.875,545.625,-0.044230348149770116
2012-06-22,589.0,600.5,588.0,591.0,110744,6,False,4.5,7.375,0.0,-40.875,550.125,0.008247422680412342
2012-06-25,602.75,631.0,602.75,631.0,113321,6,False,40.0,9.75,0.0,-40.875,590.125,0.07271074755737339
2012-06-26,633.75,652.25,629.5,646.0,115942,6,False,15.0,21.75,0.0,-40.875,605.125,0.02541834357127737
2012-06-27,645.5,670.0,641.25,649.5,84505,6,False,3.5,8.75,0.0,-40.875,608.625,0.005783928940301664
2012-06-28,649.25,663.0,644.0,652.0,79775,6,False,2.5,12.0,0.0,-40.875,611.125,0.004107619634421855
2012-06-29,653.0,676.25,650.0,672.5,29441,6,False,20.5,11.25,0.0,-40.875,631.625,0.03354469216608713
2012-07-02,682.0,696.0,679.75,692.5,7752,7,True,20.0,23.375,-3.375,-37.5,655.0,0.03700771818721549
2012-07-03,702.5,719.5,698.0,718.75,6080,7,False,26.25,34.625,0.0,-37.5,681.25,0.040076335877862634
2012-07-05,735.0,776.75,732.5,768.0,8332,7,False,49.25,0.75,0.0,-37.5,730.5,0.07229357798165137
2012-07-06,764.5,766.0,732.0,743.25,5217,7,False,-24.75,40.625,0.0,-37.5,705.75,-0.033880903490759784
2012-07-09,751.25,786.75,751.25,775.25,4321,7,False,32.0,-19.5,0.0,-37.5,737.75,0.045341834927382196
2012-07-10,773.5,777.75,757.5,761.0,3966,7,False,-14.25,10.875,0.0,-37.5,723.5,-0.019315486275838678
2012-07-11,760.5,785.25,732.25,750.75,3845,7,False,-10.25,3.125,0.0,-37.5,713.25,-0.014167242570836236
2012-07-12,757.75,782.75,750.0,771.25,2487,7,False,20.5,-12.875,0.0,-37.5,733.75,0.02874167542937256
2012-07-13,781.0,794.0,754.0,755.75,87033,7,False,-15.5,20.75,0.0,-37.5,718.25,-0.021124361158432747
2012-07-16,750.0,780.25,749.25,776.75,86532,7,False,21.0,-6.375,0.0,-37.5,739.25,0.029237730595196743
2012-07-17,790.0,796.5,767.0,779.5,86968,7,False,2.75,18.25,0.0,-37.5,742.0,0.003719986472776382
2012-07-18,780.0,797.0,763.5,795.0,91953,7,False,15.5,7.75,0.0,-37.5,757.5,0.02088948787061984
2012-07-19,793.0,816.75,790.25,807.75,104662,7,False,12.75,16.125,0.0,-37.5,770.25,0.016831683168316847
2012-07-20,806.75,828.75,799.5,824.5,112767,7,False,16.75,1.125,0.0,-37.5,787.0,0.021746186303148285
2012-07-23,823.0,824.0,795.25,814.0,74137,7,False,-10.5,-3.625,0.0,-37.5,776.5,-0.013341804320203265
2012-07-24,814.0,815.5,774.0,790.0,83135,7,False,-24.0,-3.0,0.0,-37.5,752.5,-0.03090792015453958
2012-07-25,790.0,805.75,781.75,794.5,76018,7,False,4.5,-18.625,0.0,-37.5,757.0,0.005980066445182786
2012-07-26,790.5,799.5,776.25,781.25,67835,7,False,-13.25,10.875,0.0,-37.5,743.75,-0.017503302509907503
2012-07-27,781.25,801.0,776.5,798.5,61017,7,False,17.25,4.125,0.0,-37.5,761.0,0.023193277310924465
2012-07-30,801.0,823.0,799.75,820.0,65043,7,False,21.5,1.875,0.0,-37.5,782.5,0.028252299605781905
2012-07-31,819.0,825.0,805.25,806.5,76761,7,False,-13.5,7.75,0.0,-37.5,769.0,-0.017252396166134165
2012-08-01,806.5,818.0,782.25,800.5,84270,8,False,-6.0,-10.0,0.0,-37.5,763.0,-0.007802340702210642
2012-08-02,803.0,808.5,784.25,794.0,68543,8,False,-6.5,5.0,0.0,-37.5,756.5,-0.008519003931848013
2012-08-03,794.0,817.5,787.0,810.0,61332,8,False,16.0,-6.75,0.0,-37.5,772.5,0.02115003304692653
2012-08-06,803.25,807.75,793.0,803.0,58540,8,False,-7.0,4.5,0.0,-37.5,765.5,-0.009061488673139162
2012-08-07,801.0,807.25,792.25,796.0,82504,8,False,-7.0,3.875,0.0,-37.5,758.5,-0.009144350097975207
2012-08-08,795.25,811.75,787.75,810.75,99517,8,False,14.75,0.25,0.0,-37.5,773.25,0.01944627554383649
2012-08-09,810.0,826.0,810.0,818.25,113783,8,False,7.5,-1.75,0.0,-37.5,780.75,0.009699321047526688
2012-08-10,817.5,843.75,799.25,800.0,138198,8,False,-18.25,-4.875,0.0,-37.5,762.5,-0.023374959974383658
2012-08-13,799.0,804.5,776.75,782.75,122370,8,False,-17.25,-10.625,0.0,-37.5,745.25,-0.02262295081967214
2012-08-14,784.75,790.5,777.75,779.75,53704,8,False,-3.0,-1.5,0.0,-37.5,742.25,-0.004025494800402596
2012-08-15,780.0,796.25,778.0,794.0,83101,8,False,14.25,0.375,0.0,-37.5,756.5,0.019198383294038335
2012-08-16,793.5,801.0,789.5,797.75,53110,8,False,3.75,7.5,0.0,-37.5,760.25,0.004957038995373475
2012-08-17,796.0,804.5,793.5,798.5,57493,8,False,0.75,10.25,0.0,-37.5,761.0,0.0009865175928971404
2012-08-20,799.0,817.5,798.75,815.25,65493,8,False,16.75,8.375,0.0,-37.5,777.75,0.02201051248357433
2012-08-21,814.75,832.5,813.5,831.25,56270,8,False,16.0,7.875,0.0,-37.5,793.75,0.020572163291546097
2012-08-22,830.25,834.0,822.75,830.25,59188,8,False,-1.0,-2.75,0.0,-37.5,792.75,-0.0012598425196850283
2012-08-23,829.5,833.75,805.0,808.75,71175,8,False,-21.5,-3.75,0.0,-37.5,771.25,-0.027120782087669548
2012-08-24,808.5,817.0,800.0,802.25,56731,8,False,-6.5,-14.625,0.0,-37.5,764.75,-0.008427876823338787
2012-08-27,806.25,811.0,794.0,794.5,40553,8,False,-7.75,-5.75,0.0,-37.5,757.0,-0.010134030728996435
2012-08-28,795.0,798.75,788.25,789.5,57011,8,False,-5.0,6.5,0.0,-37.5,752.0,-0.006605019815059454
2012-08-29,789.75,812.0,787.75,810.25,53933,8,False,20.75,-1.875,0.0,-37.5,772.75,0.02759308510638303
2012-08-30,810.75,819.0,807.0,811.5,51001,8,False,1.25,6.0,0.0,-37.5,774.0,0.0016175994823681705
2012-08-31,811.0,813.75,796.0,802.75,12637,8,False,-8.75,2.75,0.0,-37.5,765.25,-0.011304909560723497
2012-09-04,805.0,818.25,800.0,807.0,4708,9,True,4.25,-13.0,17.25,-54.75,752.25,-0.01698791244691278
2012-09-05,805.5,807.25,789.0,789.75,8436,9,False,-17.25,5.875,0.0,-54.75,735.0,-0.02293120638085744
2012-09-06,792.0,800.25,787.25,797.25,3779,9,False,7.5,-9.75,0.0,-54.75,742.5,0.010204081632652962
2012-09-07,795.0,801.25,790.0,795.0,2999,9,False,-2.25,-3.25,0.0,-54.75,740.25,-0.00303030303030305
2012-09-10,793.5,800.75,779.0,781.0,2685,9,False,-14.0,-0.5,0.0,-54.75,726.25,-0.01891252955082745
2012-09-11,781.0,786.0,778.25,782.25,2086,9,False,1.25,-12.625,0.0,-54.75,727.5,0.001721170395869276
2012-09-12,782.5,786.25,761.5,771.0,1611,9,False,-11.25,3.5,0.0,-54.75,716.25,-0.015463917525773141
2012-09-13,768.25,778.0,766.25,776.75,1117,9,False,5.75,-5.25,0.0,-54.75,722.0,0.008027923211169297
2012-09-14,776.5,792.0,775.5,777.5,142075,9,False,0.75,-11.875,0.0,-54.75,722.75,0.0010387811634349209
2012-09-17,780.75,781.0,747.0,748.0,160250,9,False,-29.5,-3.625,0.0,-54.75,693.25,-0.04081632653061229
2012-09-18,748.25,754.0,739.0,740.0,172645,9,False,-8.0,-6.5,0.0,-54.75,685.25,-0.011539848539487974
2012-09-19,740.25,759.25,739.5,756.5,141542,9,False,16.5,-9.25,0.0,-54.75,701.75,0.024078803356439193
2012-09-20,755.0,757.5,739.0,746.0,161680,9,False,-10.5,9.375,0.0,-54.75,691.25,-0.014962593516209433
2012-09-21,745.5,754.5,744.5,748.25,128160,9,False,2.25,-7.0,0.0,-54.75,693.5,0.0032549728752260254
2012-09-24,746.75,751.25,736.5,744.75,118906,9,False,-3.5,0.625,0.0,-54.75,690.0,-0.005046863734679219
2012-09-25,743.5,749.25,739.0,743.75,89281,9,False,-1.0,-11.25,0.0,-54.75,689.0,-0.0014492753623188692
2012-09-26,743.25,744.75,722.5,724.75,167917,9,False,-19.0,-4.75,0.0,-54.75,670.0,-0.027576197387518153
2012-09-27,725.0,726.75,711.75,716.25,166276,9,False,-8.5,10.5,0.0,-54.75,661.5,-0.012686567164179152
2012-09-28,716.5,756.25,705.0,756.25,220632,9,False,40.0,-4.0,0.0,-54.75,701.5,0.06046863189720342
2012-10-01,760.25,768.5,751.5,756.75,169212,10,False,0.5,20.75,0.0,-54.75,702.0,0.0007127583749109156
2012-10-02,756.5,760.0,746.0,758.25,132144,10,False,1.5,-0.5,0.0,-54.75,703.5,0.002136752136752129
2012-10-03,757.75,763.5,747.0,756.75,172279,10,False,-1.5,0.875,0.0,-54.75,702.0,-0.002132196162046962
2012-10-04,756.5,767.5,753.0,757.0,115898,10,False,0.25,-5.25,0.0,-54.75,702.25,0.00035612535612528085
2012-10-05,756.5,758.25,746.25,748.0,107830,10,False,-9.0,-2.875,0.0,-54.75,693.25,-0.012815948736205063
2012-10-08,747.0,748.0,740.0,742.0,93168,10,False,-6.0,-4.5,0.0,-54.75,687.25,-0.00865488640461598
2012-10-09,741.75,748.5,740.25,742.0,94819,10,False,0.0,-5.625,0.0,-54.75,687.25,0.0
2012-10-10,742.0,743.5,732.25,736.75,120747,10,False,-5.25,18.25,0.0,-54.75,682.0,-0.0076391415060022005
2012-10-11,736.5,776.0,733.75,773.25,249946,10,False,36.5,-12.875,0.0,-54.75,718.5,0.053519061583577665
2012-10-12,772.0,772.75,749.5,752.75,148846,10,False,-20.5,10.5,0.0,-54.75,698.0,-0.028531663187195577
2012-10-15,751.5,751.5,732.5,737.25,123034,10,False,-15.5,-9.75,0.0,-54.75,682.5,-0.022206303724928378
2012-10-16,737.75,745.25,735.25,738.25,105944,10,False,1.0,-4.125,0.0,-54.75,683.5,0.00146520146520146
2012-10-17,738.0,746.25,736.25,745.5,81080,10,False,7.25,8.125,0.0,-54.75,690.75,0.01060716898317482
2012-10-18,745.25,762.0,744.5,760.75,141242,10,False,15.25,4.0,0.0,-54.75,706.0,0.022077452044878765
2012-10-19,760.75,769.0,758.25,761.5,138751,10,False,0.75,7.5,0.0,-54.75,706.75,0.0010623229461756978
2012-10-22,761.0,767.0,758.75,761.25,81096,10,False,-0.25,-2.25,0.0,-54.75,706.5,-0.00035373187124154715
2012-10-23,761.0,762.5,749.5,756.0,130327,10,False,-5.25,-0.875,0.0,-54.75,701.25,-0.007430997876857748
2012-10-24,756.0,763.5,751.5,754.5,157205,10,False,-1.5,-8.875,0.0,-54.75,699.75,-0.002139037433155133
2012-10-25,753.5,757.5,740.75,742.0,147414,10,False,-12.5,-2.875,0.0,-54.75,687.25,-0.017863522686673794
2012-10-26,742.0,744.75,737.0,737.75,112039,10,False,-4.25,2.75,0.0,-54.75,683.0,-0.006184066933430321
2012-10-31,741.75,757.75,741.75,755.75,180255,10,False,18.0,-4.5,0.0,-54.75,701.0,0.026354319180087904
2012-11-01,755.5,763.25,750.0,751.0,161175,11,False,-4.75,3.25,0.0,-54.75,696.25,-0.006776034236804618
2012-11-02,750.0,751.5,736.0,739.5,175125,11,False,-11.5,-4.375,0.0,-54.75,684.75,-0.016517055655296264
2012-11-05,737.5,745.0,733.0,735.5,123788,11,False,-4.0,-3.0,0.0,-54.75,680.75,-0.005841548010222741
2012-11-06,735.5,741.5,735.5,741.0,118109,11,False,5.5,-0.375,0.0,-54.75,686.25,0.008079324274697042
2012-11-07,740.5,751.75,734.0,744.25,179049,11,False,3.25,1.25,0.0,-54.75,689.5,0.004735883424408005
2012-11-08,744.5,748.0,740.5,741.25,154253,11,False,-3.0,0.375,0.0,-54.75,686.5,-0.00435097897026826
2012-11-09,741.0,755.0,733.5,738.75,260266,11,False,-2.5,-11.875,0.0,-54.75,684.0,-0.0036416605972323657
2012-11-12,736.75,743.5,712.5,718.0,260971,11,False,-20.75,1.5,0.0,-54.75,663.25,-0.030336257309941494
2012-11-13,717.5,725.75,710.5,723.5,232439,11,False,5.5,-9.25,0.0,-54.75,668.75,0.008292499057670488
2012-11-14,723.0,729.25,720.25,725.75,153645,11,False,2.25,0.5,0.0,-54.75,671.0,0.0033644859813084516
2012-11-15,725.75,727.75,720.25,721.25,112562,11,False,-4.5,4.0,0.0,-54.75,666.5,-0.006706408345752646
2012-11-16,721.25,729.75,711.0,727.0,162450,11,False,5.75,3.625,0.0,-54.75,672.25,0.008627156789197343
2012-11-19,726.5,741.25,726.25,738.75,156748,11,False,11.75,5.125,0.0,-54.75,684.0,0.0174786165860914
2012-11-20,738.75,747.25,734.25,743.25,145852,11,False,4.5,4.75,0.0,-54.75,688.5,0.006578947368421018
2012-11-21,743.0,747.0,738.0,741.0,108007,11,False,-2.25,4.5,0.0,-54.75,686.25,-0.0032679738562091387
2012-11-23,746.25,749.0,743.25,745.5,62192,11,False,4.5,-0.25,0.0,-54.75,690.75,0.006557377049180246
2012-11-26,744.75,753.0,741.75,747.25,133413,11,False,1.75,8.625,0.0,-54.75,692.5,0.002533478103510678
2012-11-27,746.5,760.25,746.5,760.0,142387,11,False,12.75,1.0,0.0,-54.75,705.25,0.018411552346570437
2012-11-28,758.75,763.25,754.75,760.25,111668,11,False,0.25,2.0,0.0,-54.75,705.5,0.00035448422545192315
2012-11-29,759.0,763.0,751.0,751.5,128067,11,False,-8.75,-1.625,0.0,-54.75,696.75,-0.012402551381998528
2012-11-30,752.5,752.5,742.0,748.0,44921,11,False,-3.5,-3.875,0.0,-54.75,693.25,-0.005023322569070676
2012-12-03,752.0,759.0,744.25,749.0,12172,12,True,1.0,-3.0,4.0,-58.75,690.25,-0.0043274432023079346
2012-12-04,749.0,751.5,741.0,746.5,8862,12,False,-2.5,3.875,0.0,-58.75,687.75,-0.003621876131836288
2012-12-05,747.0,754.75,745.5,753.25,8852,12,False,6.75,-4.0,0.0,-58.75,694.5,0.009814612868048078
2012-12-06,752.75,753.5,744.5,747.75,3380,12,False,-5.5,-4.125,0.0,-58.75,689.0,-0.007919366450683918
2012-12-07,748.0,749.0,731.5,732.75,4652,12,False,-15.0,-5.75,0.0,-58.75,674.0,-0.021770682148040676
2012-12-10,731.0,732.25,721.0,726.75,3979,12,False,-6.0,-8.75,0.0,-58.75,668.0,-0.008902077151335286
2012-12-11,727.0,731.25,720.0,724.25,3072,12,False,-2.5,-4.625,0.0,-58.75,665.5,-0.0037425149700598404
2012-12-12,724.25,727.25,716.25,721.0,2342,12,False,-3.25,-5.625,0.0,-58.75,662.25,-0.00488354620586029
2012-12-13,721.0,724.0,709.25,712.25,2345,12,False,-8.75,1.625,0.0,-58.75,653.5,-0.01321253303133263
2012-12-14,711.5,720.0,710.25,718.75,110147,12,False,6.5,-1.75,0.0,-58.75,660.0,0.009946442234123998
2012-12-17,732.0,734.75,721.25,724.0,85027,12,False,5.25,1.25,0.0,-58.75,665.25,0.007954545454545547
2012-12-18,724.0,725.75,715.25,720.0,83591,12,False,-4.0,-5.875,0.0,-58.75,661.25,-0.00601277715144688
2012-12-19,721.25,723.0,701.5,703.0,158527,12,False,-17.0,-5.25,0.0,-58.75,644.25,-0.02570888468809074
2012-12-20,704.0,705.0,687.5,696.5,160185,12,False,-6.5,-5.75,0.0,-58.75,637.75,-0.010089251067132321
2012-12-21,697.0,704.75,696.75,702.0,67201,12,False,5.5,-2.125,0.0,-58.75,643.25,0.008624068992551859
2012-12-24,703.0,707.25,700.5,704.25,21068,12,False,2.25,-2.75,0.0,-58.75,645.5,0.003497862417411568
2012-12-26,705.0,706.25,692.25,693.25,59316,12,False,-11.0,0.25,0.0,-58.75,634.5,-0.017041053446940402
2012-12-27,693.25,695.5,689.25,691.5,64279,12,False,-1.75,-4.25,0.0,-58.75,632.75,-0.002758077226162281
2012-12-28,691.75,696.25,688.75,694.0,62755,12,False,2.5,1.25,0.0,-58.75,635.25,0.003951007506914239
2012-12-31,694.0,700.0,689.25,698.25,62119,12,False,4.25,-2.5,0.0,-58.75,639.5,0.00669027941755207
2013-01-02,706.25,707.25,687.75,690.75,110788,1,False,-7.5,1.375,0.0,-58.75,632.0,-0.011727912431587217
2013-01-03,690.75,694.75,685.0,689.25,108074,1,False,-1.5,-8.25,0.0,-58.75,630.5,-0.002373417721519
2013-01-04,688.0,692.25,679.5,680.25,126506,1,False,-9.0,1.875,0.0,-58.75,621.5,-0.014274385408405976
2013-01-07,680.5,690.0,678.0,685.5,116838,1,False,5.25,-2.875,0.0,-58.75,626.75,0.0084473049074818
2013-01-08,685.5,694.5,683.75,688.75,122407,1,False,3.25,5.375,0.0,-58.75,630.0,0.00518548065416824
2013-01-09,688.0,696.0,686.5,694.25,115574,1,False,5.5,3.875,0.0,-58.75,635.5,0.0087301587301587
2013-01-10,694.75,700.5,694.5,698.75,134030,1,False,4.5,7.75,0.0,-58.75,640.0,0.007081038552321006
2013-01-11,698.5,723.75,686.25,708.75,305608,1,False,10.0,9.875,0.0,-58.75,650.0,0.015625
2013-01-14,713.75,726.75,713.0,724.0,173515,1,False,15.25,8.25,0.0,-58.75,665.25,0.023461538461538423
2013-01-15,723.5,734.5,722.0,730.5,175272,1,False,6.5,8.0,0.0,-58.75,671.75,0.009770762871101013
2013-01-16,730.0,735.0,724.5,731.25,155128,1,False,0.75,-0.125,0.0,-58.75,672.5,0.0011164867882396123
2013-01-17,731.25,734.0,722.5,724.5,114277,1,False,-6.75,1.875,0.0,-58.75,665.75,-0.01003717472118959
2013-01-18,724.5,729.5,723.0,727.5,134681,1,False,3.0,-2.875,0.0,-58.75,668.75,0.0045061960195269535
2013-01-22,730.25,734.75,726.25,728.5,104383,1,False,1.0,-2.375,0.0,-58.75,669.75,0.0014953271028037562
2013-01-23,728.0,730.5,719.25,720.75,118851,1,False,-7.75,2.25,0.0,-58.75,662.0,-0.011571481896229918
2013-01-24,720.25,726.0,714.5,724.25,128864,1,False,3.5,-5.625,0.0,-58.75,665.5,0.005287009063444037
2013-01-25,725.0,727.5,717.5,720.75,110652,1,False,-3.5,6.0,0.0,-58.75,662.0,-0.005259203606311047
2013-01-28,722.75,729.75,719.0,729.25,101032,1,False,8.5,-1.625,0.0,-58.75,670.5,0.01283987915407847
2013-01-29,728.5,732.5,727.5,729.5,109083,1,False,0.25,9.625,0.0,-58.75,670.75,0.00037285607755399575
2013-01-30,729.0,741.0,725.5,740.25,152247,1,False,10.75,0.25,0.0,-58.75,681.5,0.016026835631755443
2013-01-31,739.25,744.5,734.25,740.5,163800,1,False,0.25,3.125,0.0,-58.75,681.75,0.0003668378576668907
2013-02-01,740.25,746.25,735.0,736.0,159080,2,False,-4.5,-0.75,0.0,-58.75,677.25,-0.0066006600660065695
2013-02-04,738.5,741.75,730.75,734.25,102032,2,False,-1.75,-4.875,0.0,-58.75,675.5,-0.0025839793281653423
2013-02-05,734.0,735.0,724.0,729.0,138896,2,False,-5.25,-4.125,0.0,-58.75,670.25,-0.007772020725388629
2013-02-06,729.25,729.5,720.5,722.5,117529,2,False,-6.5,-8.5,0.0,-58.75,663.75,-0.00969787392763899
2013-02-07,721.25,722.25,710.0,710.75,182487,2,False,-11.75,-4.125,0.0,-58.75,652.0,-0.017702448210922817
2013-02-08,710.5,720.75,706.75,709.0,244566,2,False,-1.75,-9.25,0.0,-58.75,650.25,-0.0026840490797546135
2013-02-11,709.0,713.75,701.0,702.25,185558,2,False,-6.75,-3.875,0.0,-58.75,643.5,-0.01038062283737029
2013-02-12,702.25,703.25,691.5,696.25,202092,2,False,-6.0,-3.75,0.0,-58.75,637.5,-0.009324009324009341
2013-02-13,696.5,701.0,687.25,695.5,187129,2,False,-0.75,-3.375,0.0,-58.75,636.75,-0.0011764705882353343
2013-02-14,695.75,699.25,690.0,694.75,133467,2,False,-0.75,1.625,0.0,-58.75,636.0,-0.0011778563015312216
2013-02-15,695.0,703.25,694.0,698.75,126664,2,False,4.0,-2.125,0.0,-58.75,640.0,0.0062893081761006275
2013-02-19,701.0,703.25,691.0,695.25,126555,2,False,-3.5,4.625,0.0,-58.75,636.5,-0.005468750000000022
2013-02-20,696.75,701.5,693.25,700.5,140765,2,False,5.25,-6.625,0.0,-58.75,641.75,0.00824823252160245
2013-02-21,700.0,701.25,690.0,690.75,137028,2,False,-9.75,2.375,0.0,-58.75,632.0,-0.015192832099727327
2013-02-22,692.0,697.75,690.0,690.25,121671,2,False,-0.5,-3.25,0.0,-58.75,631.5,-0.0007911392405063333
2013-02-25,690.0,695.5,687.5,693.5,110974,2,False,3.25,5.5,0.0,-58.75,634.75,0.005146476642913678
2013-02-26,693.5,705.75,691.75,705.0,125539,2,False,11.5,3.875,0.0,-58.75,646.25,0.018117369042930376
2013-02-27,705.0,711.25,702.5,709.5,117894,2,False,4.5,10.75,0.0,-58.75,650.75,0.006963249516441117
2013-02-28,709.5,722.0,709.5,719.5,42717,2,False,10.0,4.625,0.0,-58.75,660.75,0.015366884364195199
2013-03-01,719.5,726.5,716.0,724.25,14200,3,True,4.75,4.375,0.375,-59.125,665.125,0.006621263715474779
2013-03-04,724.25,730.5,715.25,723.0,8020,3,False,-1.25,6.875,0.0,-59.125,663.875,-0.0018793459875963148
2013-03-05,723.0,733.5,722.75,732.0,6351,3,False,9.0,-12.625,0.0,-59.125,672.875,0.013556768970062194
2013-03-06,732.25,732.25,707.5,708.0,6062,3,False,-24.0,6.25,0.0,-59.125,648.875,-0.035667843210105854
2013-03-07,707.75,713.5,704.0,711.5,2063,3,False,3.5,-5.125,0.0,-59.125,652.375,0.005393951069158076
2013-03-08,712.75,725.75,711.5,725.25,1684,3,False,13.75,6.375,0.0,-59.125,666.125,0.021076834642651754
2013-03-11,726.5,736.75,725.5,734.5,1514,3,False,9.25,10.125,0.0,-59.125,675.375,0.013886282604616218
2013-03-12,733.25,743.25,730.0,741.0,1794,3,False,6.5,4.75,0.0,-59.125,681.875,0.009624282805848594
2013-03-13,741.0,744.0,730.0,741.25,2128,3,False,0.25,-1.0,0.0,-59.125,682.125,0.0003666361136571705
2013-03-14,742.0,748.75,730.0,732.75,103856,3,False,-8.5,-7.75,0.0,-59.125,673.625,-0.012461059190031154
2013-03-15,716.0,719.75,712.25,717.0,100018,3,False,-15.75,-2.75,0.0,-59.125,657.875,-0.023380961217294494
2013-03-18,715.5,721.0,710.0,720.0,92674,3,False,3.0,-3.625,0.0,-59.125,660.875,0.0045601368041041646
2013-03-19,719.0,728.75,718.5,728.5,131277,3,False,8.5,3.5,0.0,-59.125,669.375,0.012861736334405238
2013-03-20,727.0,733.0,724.5,732.5,121847,3,False,4.0,4.5,0.0,-59.125,673.375,0.005975723622782425
2013-03-21,731.25,734.5,726.5,733.0,96276,3,False,0.5,-1.375,0.0,-59.125,673.875,0.0007425283088917656
2013-03-22,732.25,733.0,720.0,726.25,117973,3,False,-6.75,3.75,0.0,-59.125,667.125,-0.01001669449081799
2013-03-25,725.5,734.0,721.5,733.25,94637,3,False,7.0,-4.875,0.0,-59.125,674.125,0.01049278620948102
2013-03-26,731.5,732.75,725.5,730.25,94362,3,False,-3.0,6.0,0.0,-59.125,671.125,-0.004450213239384437
2013-03-27,730.0,737.75,727.75,735.25,115147,3,False,5.0,-21.5,0.0,-59.125,676.125,0.007450176941702358
2013-03-28,734.0,736.25,695.25,695.25,207050,3,False,-40.0,-24.0,0.0,-59.125,636.125,-0.05916065816232208
2013-04-01,679.0,679.0,636.5,642.25,273482,4,False,-53.0,-20.875,0.0,-59.125,583.125,-0.08331695814501872
2013-04-02,647.0,653.75,634.0,640.5,197041,4,False,-1.75,-26.0,0.0,-59.125,581.375,-0.0030010718113612223
2013-04-03,641.5,647.0,635.75,641.5,165636,4,False,1.0,-6.625,0.0,-59.125,582.375,0.001720060202107021
2013-04-04,642.5,644.0,627.0,630.0,169841,4,False,-11.5,0.0,0.0,-59.125,570.875,-0.019746726765400346
2013-04-05,630.0,635.75,626.5,629.0,152288,4,False,-1.0,-3.5,0.0,-59.125,569.875,-0.0017516969564265183
2013-04-08,627.5,635.5,627.5,633.5,127966,4,False,4.5,4.875,0.0,-59.125,574.375,0.007896468523798994
2013-04-09,634.25,646.0,634.0,644.25,157851,4,False,10.75,4.625,0.0,-59.125,585.125,0.018715995647442973
2013-04-10,644.0,666.75,634.25,649.0,195455,4,False,4.75,6.5,0.0,-59.125,589.875,0.008117923520615244
2013-04-11,649.0,661.5,647.0,651.25,140556,4,False,2.25,6.0,0.0,-59.125,592.125,0.00381436745073116
2013-04-12,651.25,659.75,651.25,658.5,93743,4,False,7.25,-4.75,0.0,-59.125,599.375,0.012244036309900785
2013-04-15,660.5,661.0,644.5,646.75,96370,4,False,-11.75,11.875,0.0,-59.125,587.625,-0.019603753910323207
2013-04-16,645.0,664.0,641.0,663.25,112622,4,False,16.5,-7.25,0.0,-59.125,604.125,0.02807913209955326
2013-04-17,662.75,665.25,656.5,660.5,99184,4,False,-2.75,0.25,0.0,-59.125,601.375,-0.004552038071591102
2013-04-18,659.0,664.5,643.0,644.5,124212,4,False,-16.0,2.375,0.0,-59.125,585.375,-0.026605695281646247
2013-04-19,645.25,652.75,642.75,652.0,67425,4,False,7.5,-11.125,0.0,-59.125,592.875,0.012812299807815508
2013-04-22,649.5,649.5,640.5,645.75,66975,4,False,-6.25,0.125,0.0,-59.125,586.625,-0.01054185114906181
2013-04-23,647.5,647.5,638.0,638.5,91749,4,False,-7.25,-2.625,0.0,-59.125,579.375,-0.0123588323034306
2013-04-24,638.5,644.75,636.0,639.5,84141,4,False,1.0,-0.75,0.0,-59.125,580.375,0.0017259978425026024
2013-04-25,639.5,647.0,638.5,645.25,53896,4,False,5.75,-0.125,0.0,-59.125,586.125,0.009907387465001083
2013-04-26,645.0,645.0,638.5,644.0,78524,4,False,-1.25,22.875,0.0,-59.125,584.875,-0.0021326508850501025
2013-04-29,649.0,688.75,649.0,684.0,93276,4,False,40.0,-1.0,0.0,-59.125,624.875,0.06839068176960894
2013-04-30,684.5,693.0,675.25,683.25,30420,4,False,-0.75,19.25,0.0,-59.125,624.125,-0.0012002400480095599
2013-05-01,679.5,686.25,671.0,681.75,10235,5,True,-1.5,7.5,-9.0,-50.125,631.625,0.012016823552974065
2013-05-02,682.0,699.25,679.25,697.5,8678,5,False,15.75,0.25,0.0,-50.125,647.375,0.024935681773204044
2013-05-03,697.0,705.0,695.0,699.5,6150,5,False,2.0,-2.5,0.0,-50.125,649.375,0.0030893994979726003
2013-05-06,689.0,689.0,675.5,678.75,4247,5,False,-20.75,-0.125,0.0,-50.125,628.625,-0.031953801732435005
2013-05-07,682.0,683.75,674.75,676.5,4152,5,False,-2.25,-11.125,0.0,-50.125,626.375,-0.003579240405647277
2013-05-08,675.75,679.5,669.0,675.0,2301,5,False,-1.5,8.625,0.0,-50.125,624.875,-0.0023947315905008537
2013-05-09,675.0,698.0,672.25,694.5,2383,5,False,19.5,-4.125,0.0,-50.125,644.375,0.031206241248249666
2013-05-10,693.0,699.25,672.0,687.75,3813,5,False,-6.75,24.875,0.0,-50.125,637.625,-0.010475266731328814
2013-05-13,694.0,722.5,694.0,718.0,1784,5,False,30.25,-9.0,0.0,-50.125,667.875,0.047441678102332796
2013-05-14,718.0,722.0,704.25,706.75,64384,5,False,-11.25,-12.875,0.0,-50.125,656.625,-0.016844469399213913
2013-05-15,652.0,659.75,645.0,650.75,78502,5,False,-56.0,-10.25,0.0,-50.125,600.625,-0.08528459927660381
2013-05-16,650.25,652.0,640.25,641.5,72057,5,False,-9.25,-22.375,0.0,-50.125,591.375,-0.01540062434963585
2013-05-17,641.75,656.0,638.25,652.75,98929,5,False,11.25,-6.25,0.0,-50.125,602.625,0.019023462270133074
2013-05-20,652.0,660.75,642.75,649.5,88236,5,False,-3.25,0.875,0.0,-50.125,599.375,-0.005393071976768304
2013-05-21,644.75,647.0,632.5,640.0,101487,5,False,-9.5,7.625,0.0,-50.125,589.875,-0.015849843587069867
2013-05-22,640.25,659.25,637.75,658.5,119109,5,False,18.5,-3.0,0.0,-50.125,608.375,0.03136257681712218
2013-05-23,658.0,669.75,653.0,662.0,115606,5,False,3.5,6.875,0.0,-50.125,611.875,0.005753030614341403
2013-05-24,660.5,664.75,655.5,657.25,83484,5,False,-4.75,6.375,0.0,-50.125,607.125,-0.007763023493360555
2013-05-28,659.0,669.5,655.0,666.5,85496,5,False,9.25,-3.125,0.0,-50.125,616.375,0.015235742227712512
2013-05-29,666.0,668.25,651.5,665.0,135982,5,False,-1.5,-0.75,0.0,-50.125,614.875,-0.0024335834516325816
2013-05-30,663.75,667.25,649.5,654.25,103450,5,False,-10.75,3.125,0.0,-50.125,604.125,-0.017483228298434628
2013-05-31,654.0,665.75,652.25,662.0,97577,5,False,7.75,-8.5,0.0,-50.125,611.875,0.012828470929029612
2013-06-03,661.25,669.0,643.75,655.75,119563,6,False,-6.25,6.25,0.0,-50.125,605.625,-0.010214504596527063
2013-06-04,655.5,664.25,648.0,660.5,90516,6,False,4.75,-3.0,0.0,-50.125,610.375,0.007843137254901933
2013-06-05,660.75,667.0,658.5,660.75,99328,6,False,0.25,3.625,0.0,-50.125,610.625,0.00040958427196402525
2013-06-06,660.0,664.5,655.5,663.25,73049,6,False,2.5,1.625,0.0,-50.125,613.125,0.004094165813715467
2013-06-07,662.75,674.0,659.5,666.25,122077,6,False,3.0,-6.875,0.0,-50.125,616.125,0.004892966360856343
2013-06-10,661.25,664.5,648.5,650.0,122282,6,False,-16.25,6.25,0.0,-50.125,599.875,-0.02637451815784131
2013-06-11,650.5,661.25,647.25,659.5,111234,6,False,9.5,-12.5,0.0,-50.125,609.375,0.015836632631798242
2013-06-12,659.0,662.0,646.25,650.75,138800,6,False,-8.75,1.125,0.0,-50.125,600.625,-0.014358974358974375
2013-06-13,652.0,653.0,640.5,643.5,125191,6,False,-7.25,1.375,0.0,-50.125,593.375,-0.01207075962539017
2013-06-14,644.0,658.0,643.75,655.0,97377,6,False,11.5,3.125,0.0,-50.125,604.875,0.019380661470402405
2013-06-17,652.5,672.0,651.5,668.5,122002,6,False,13.5,8.125,0.0,-50.125,618.375,0.022318660880347174
2013-06-18,667.75,677.25,662.5,673.25,160579,6,False,4.75,11.25,0.0,-50.125,623.125,0.007681423084697769
2013-06-19,672.0,683.5,665.25,682.25,145518,6,False,9.0,-2.125,0.0,-50.125,632.125,0.01444332998997
2013-06-20,679.75,679.75,667.5,673.25,81189,6,False,-9.0,-1.25,0.0,-50.125,623.125,-0.014237690330235364
2013-06-21,673.0,673.75,660.25,661.75,90417,6,False,-11.5,-8.75,0.0,-50.125,611.625,-0.0184553660982949
2013-06-24,660.0,660.25,650.5,653.25,63780,6,False,-8.5,-4.0,0.0,-50.125,603.125,-0.013897404455344375
2013-06-25,654.0,660.75,652.0,656.75,76136,6,False,3.5,-0.375,0.0,-50.125,606.625,0.005803108808290158
2013-06-26,658.5,667.0,658.5,664.5,84387,6,False,7.75,3.125,0.0,-50.125,614.375,0.012775602719967027
2013-06-27,664.0,670.0,660.5,667.25,89216,6,False,2.75,9.875,0.0,-50.125,617.125,0.004476093591047725
2013-06-28,668.0,685.5,652.25,679.25,37861,6,False,12.0,-10.5,0.0,-50.125,629.125,0.019445007089325506
2013-07-01,678.5,690.0,653.5,655.5,18279,7,True,-23.75,14.625,-38.375,-11.75,643.75,0.0232465726207034
2013-07-02,652.5,678.5,651.0,672.75,7919,7,False,17.25,-9.125,0.0,-11.75,661.0,0.026796116504854472
2013-07-03,674.0,681.75,670.0,678.25,3929,7,False,5.5,11.875,0.0,-11.75,666.5,0.008320726172466042
2013-07-05,678.0,687.0,677.75,684.75,2868,7,False,6.5,6.25,0.0,-11.75,673.0,0.009752438109527306
2013-07-08,684.0,695.0,684.0,691.75,4255,7,False,7.0,9.375,0.0,-11.75,680.0,0.010401188707280795
2013-07-09,692.0,710.0,692.0,704.0,3665,7,False,12.25,6.375,0.0,-11.75,692.25,0.018014705882352988
2013-07-10,703.75,711.75,703.25,709.75,2647,7,False,5.75,9.625,0.0,-11.75,698.0,0.008306247742867479
2013-07-11,712.0,730.0,709.0,716.75,3195,7,False,7.0,-4.75,0.0,-11.75,705.0,0.01002865329512903
2013-07-12,718.0,726.5,700.5,701.5,59827,7,False,-15.25,-79.125,0.0,-11.75,689.75,-0.02163120567375887
2013-07-15,542.5,543.75,534.5,536.25,50492,7,False,-165.25,-3.125,0.0,-11.75,524.5,-0.23957955781080098
2013-07-16,540.0,549.75,539.0,545.25,55368,7,False,9.0,-86.0,0.0,-11.75,533.5,0.01715919923736897
2013-07-17,546.25,549.0,537.75,538.5,45385,7,False,-6.75,5.75,0.0,-11.75,526.75,-0.012652296157450782
2013-07-18,537.5,542.5,532.0,541.0,69576,7,False,2.5,-1.875,0.0,-11.75,529.25,0.0047460844803037805
2013-07-19,539.75,545.5,536.75,544.0,77722,7,False,3.0,-0.375,0.0,-11.75,532.25,0.005668398677373565
2013-07-22,544.25,545.0,536.25,540.75,49041,7,False,-3.25,-7.625,0.0,-11.75,529.0,-0.006106153123532132
2013-07-23,539.25,539.25,521.5,522.5,92858,7,False,-18.25,-8.75,0.0,-11.75,510.75,-0.03449905482041593
2013-07-24,522.5,524.25,507.75,508.25,103138,7,False,-14.25,-15.25,0.0,-11.75,496.5,-0.027900146842878115
2013-07-25,508.5,510.75,492.25,496.0,126368,7,False,-12.25,-9.125,0.0,-11.75,484.25,-0.02467270896273921
2013-07-26,495.25,499.75,490.75,492.0,65924,7,False,-4.0,-7.5,0.0,-11.75,480.25,-0.00826019617965923
2013-07-29,492.0,497.5,488.25,489.25,64514,7,False,-2.75,1.125,0.0,-11.75,477.5,-0.005726184279021385
2013-07-30,489.75,497.25,489.5,495.5,64592,7,False,6.25,0.375,0.0,-11.75,483.75,0.01308900523560208
2013-07-31,495.5,499.5,493.0,499.0,76256,7,False,3.5,-2.625,0.0,-11.75,487.25,0.007235142118863003
2013-08-01,499.0,499.75,486.5,487.5,68277,8,False,-11.5,-4.0,0.0,-11.75,475.75,-0.02360184710107749
2013-08-02,487.5,489.25,475.25,476.0,83417,8,False,-11.5,-9.125,0.0,-11.75,464.25,-0.024172359432475088
2013-08-05,473.0,475.0,465.5,469.25,74631,8,False,-6.75,-4.25,0.0,-11.75,457.5,-0.014539579967689842
2013-08-06,469.0,475.5,465.5,472.25,70677,8,False,3.0,-5.375,0.0,-11.75,460.5,0.006557377049180246
2013-08-07,472.0,476.25,467.25,468.25,90363,8,False,-4.0,4.125,0.0,-11.75,456.5,-0.008686210640608039
2013-08-08,468.0,475.5,468.0,473.5,90623,8,False,5.25,-5.875,0.0,-11.75,461.75,0.01150054764512598
2013-08-09,473.0,476.75,464.0,465.75,80179,8,False,-7.75,5.75,0.0,-11.75,454.0,-0.01678397401191123
2013-08-12,465.5,480.0,457.0,472.0,110053,8,False,6.25,-12.25,0.0,-11.75,460.25,0.013766519823788625
2013-08-13,472.0,476.5,453.75,455.25,112285,8,False,-16.75,7.875,0.0,-11.75,443.5,-0.036393264530146685
2013-08-14,455.25,465.75,455.0,464.75,80627,8,False,9.5,0.0,0.0,-11.75,453.0,0.021420518602029315
2013-08-15,465.0,485.0,464.25,481.5,81198,8,False,16.75,0.875,0.0,-11.75,469.75,0.03697571743929351
2013-08-16,481.0,483.75,468.5,473.75,62894,8,False,-7.75,18.125,0.0,-11.75,462.0,-0.016498137307078276
2013-08-19,483.25,493.75,478.25,493.25,55413,8,False,19.5,-8.625,0.0,-11.75,481.5,0.04220779220779214
2013-08-20,492.75,494.25,482.5,483.75,46399,8,False,-9.5,16.875,0.0,-11.75,472.0,-0.019730010384215957
2013-08-21,483.5,499.5,482.0,498.0,74947,8,False,14.25,-10.0,0.0,-11.75,486.25,0.030190677966101642
2013-08-22,497.25,498.75,486.5,487.5,67915,8,False,-10.5,11.125,0.0,-11.75,475.75,-0.021593830334190267
2013-08-23,487.5,500.0,487.0,495.5,73982,8,False,8.0,4.875,0.0,-11.75,483.75,0.016815554387808795
2013-08-26,500.75,522.75,500.75,515.75,72379,8,False,20.25,-4.0,0.0,-11.75,504.0,0.041860465116279055
2013-08-27,515.0,519.25,498.75,499.75,61666,8,False,-16.0,12.375,0.0,-11.75,488.0,-0.031746031746031744
2013-08-28,500.0,506.75,495.5,504.25,62695,8,False,4.5,-11.5,0.0,-11.75,492.5,0.009221311475409832
2013-08-29,503.75,504.5,496.0,497.25,62086,8,False,-7.0,1.125,0.0,-11.75,485.5,-0.014213197969543123
2013-08-30,496.75,499.5,487.75,495.0,33789,8,False,-2.25,-2.0,0.0,-11.75,483.25,-0.004634397528321288
2013-09-03,501.25,504.5,486.0,498.0,12789,9,True,3.0,-3.125,6.125,-17.875,480.125,-0.006466632177961729
2013-09-04,497.0,497.0,487.5,494.0,8034,9,False,-4.0,-0.75,0.0,-17.875,476.125,-0.008331163759437654
2013-09-05,493.75,495.0,483.5,489.5,6334,9,False,-4.5,-1.0,0.0,-17.875,471.625,-0.009451299553688619
2013-09-06,489.25,492.5,484.25,491.5,3032,9,False,2.0,-9.375,0.0,-17.875,473.625,0.004240657301881834
2013-09-09,491.0,493.5,475.5,477.25,5827,9,False,-14.25,-0.25,0.0,-17.875,459.375,-0.0300870942201108
2013-09-10,475.5,476.5,472.25,474.75,5288,9,False,-2.5,-4.625,0.0,-17.875,456.875,-0.0054421768707483276
2013-09-11,474.5,480.25,473.0,479.75,2891,9,False,5.0,-1.625,0.0,-17.875,461.875,0.010943912448700521
2013-09-12,479.75,485.75,466.25,479.0,2128,9,False,-0.75,-12.0,0.0,-17.875,461.125,-0.0016238159675237007
2013-09-13,479.75,480.75,450.0,450.0,95246,9,False,-29.0,2.875,0.0,-17.875,432.125,-0.06288967199783135
2013-09-16,457.5,462.0,454.0,456.5,96537,9,False,6.5,-15.75,0.0,-17.875,438.625,0.015041943881978659
2013-09-17,457.0,468.5,453.25,454.0,142922,9,False,-2.5,4.375,0.0,-17.875,436.125,-0.005699629524080985
2013-09-18,454.0,457.0,452.0,456.25,98955,9,False,2.25,0.375,0.0,-17.875,438.375,0.005159071367153878
2013-09-19,457.0,463.25,455.5,459.5,118125,9,False,3.25,-3.125,0.0,-17.875,441.625,0.007413743940690054
2013-09-20,459.5,460.0,450.5,451.0,117384,9,False,-8.5,2.75,0.0,-17.875,433.125,-0.019247098782904093
2013-09-23,450.0,455.0,448.25,453.25,85790,9,False,2.25,-6.5,0.0,-17.875,435.375,0.0051948051948051965
2013-09-24,452.5,457.0,448.0,448.75,102415,9,False,-4.5,4.125,0.0,-17.875,430.875,-0.01033591731266148
2013-09-25,448.25,456.75,448.25,454.75,102257,9,False,6.0,-1.25,0.0,-17.875,436.875,0.013925152306353272
2013-09-26,454.5,457.75,451.0,456.75,81835,9,False,2.0,1.625,0.0,-17.875,438.875,0.004577968526466414
2013-09-27,456.5,459.0,453.0,454.0,96327,9,False,-2.75,-5.25,0.0,-17.875,436.125,-0.006266021076616335
2013-09-30,452.5,462.0,440.75,441.5,231380,9,False,-12.5,-2.625,0.0,-17.875,423.625,-0.028661507595299507
2013-10-01,441.25,444.75,435.25,439.0,162610,10,False,-2.5,-6.25,0.0,-17.875,421.125,-0.005901445854234244
2013-10-02,438.75,441.0,435.0,439.0,110682,10,False,0.0,-1.125,0.0,-17.875,421.125,0.0
2013-10-03,438.75,443.75,438.0,439.25,97170,10,False,0.25,2.0,0.0,-17.875,421.375,0.0005936479667556505
2013-10-04,439.5,443.75,438.75,443.25,80706,10,False,4.0,3.125,0.0,-17.875,425.375,0.00949273212696533
2013-10-07,442.75,449.5,441.5,449.25,148378,10,False,6.0,-1.75,0.0,-17.875,431.375,0.014105201292976766
2013-10-08,448.5,449.75,439.75,441.75,127958,10,False,-7.5,3.875,0.0,-17.875,423.875,-0.017386264850767885
2013-10-09,441.5,447.0,440.5,443.5,106370,10,False,1.75,-6.375,0.0,-17.875,425.625,0.004128575641403787
2013-10-10,443.0,446.5,436.5,438.25,110458,10,False,-5.25,-1.625,0.0,-17.875,420.375,-0.012334801762114544
2013-10-11,436.5,437.0,432.5,433.25,95879,10,False,-5.0,-0.75,0.0,-17.875,415.375,-0.011894142134998509
2013-10-14,432.75,437.5,432.0,437.0,87547,10,False,3.75,0.75,0.0,-17.875,419.125,0.009027986758952666
2013-10-15,436.5,444.0,436.0,443.5,132993,10,False,6.5,1.5,0.0,-17.875,425.625,0.015508499850879875
2013-10-16,443.0,446.0,439.0,442.75,120313,10,False,-0.75,3.375,0.0,-17.875,424.875,-0.0017621145374449032
2013-10-17,442.0,446.5,441.5,443.0,109641,10,False,0.25,-1.125,0.0,-17.875,425.125,0.0005884083553986397
2013-10-18,442.5,447.75,440.75,441.5,113287,10,False,-1.5,1.375,0.0,-17.875,423.625,-0.00352837400764483
2013-10-21,440.5,444.5,438.0,444.0,105735,10,False,2.5,-3.625,0.0,-17.875,426.125,0.005901445854234355
2013-10-22,443.25,444.5,437.5,438.25,94419,10,False,-5.75,3.5,0.0,-17.875,420.375,-0.013493693165151033
2013-10-23,438.0,446.25,437.5,442.75,154657,10,False,4.5,-4.125,0.0,-17.875,424.875,0.01070472792149868
2013-10-24,442.0,444.5,438.5,440.25,145523,10,False,-2.5,2.125,0.0,-17.875,422.375,-0.005884083553986508
2013-10-25,440.0,442.0,439.5,440.0,114537,10,False,-0.25,-5.875,0.0,-17.875,422.125,-0.0005918910920390541
2013-10-28,439.0,440.0,430.25,430.75,197956,10,False,-9.25,0.5,0.0,-17.875,412.875,-0.021912940479715703
2013-10-29,430.25,434.0,428.25,432.0,160427,10,False,1.25,-5.5,0.0,-17.875,414.125,0.003027550711474314
2013-10-30,431.5,435.0,429.5,430.25,145107,10,False,-1.75,-0.375,0.0,-17.875,412.375,-0.004225777241171125
2013-10-31,430.0,436.25,427.0,428.25,226896,10,False,-2.0,-1.375,0.0,-17.875,410.375,-0.004849954531676248
2013-11-01,427.75,429.75,425.75,427.25,175603,11,False,-1.0,-1.5,0.0,-17.875,409.375,-0.0024367956137678615
2013-11-04,426.25,428.75,425.25,426.25,154961,11,False,-1.0,-1.125,0.0,-17.875,408.375,-0.002442748091603053
2013-11-05,425.5,427.0,424.0,425.0,173087,11,False,-1.25,-2.375,0.0,-17.875,407.125,-0.003060912151821249
2013-11-06,424.5,426.0,420.75,421.25,203384,11,False,-3.75,-1.0,0.0,-17.875,403.375,-0.009210930303960696
2013-11-07,421.0,424.25,420.0,420.5,240006,11,False,-0.75,1.25,0.0,-17.875,402.625,-0.001859312054539819
2013-11-08,419.5,429.5,415.5,426.75,367855,11,False,6.25,3.625,0.0,-17.875,408.875,0.015523129462899687
2013-11-11,427.25,437.25,427.25,434.75,256555,11,False,8.0,1.875,0.0,-17.875,416.875,0.019565881993274248
2013-11-12,434.25,438.0,430.25,432.25,176527,11,False,-2.5,2.75,0.0,-17.875,414.375,-0.005997001499250421
2013-11-13,432.0,434.5,428.75,429.75,226433,11,False,-2.5,-2.875,0.0,-17.875,411.875,-0.006033182503770718
2013-11-14,429.75,431.25,425.5,426.5,166631,11,False,-3.25,-3.5,0.0,-17.875,408.625,-0.007890743550834634
2013-11-15,426.0,430.0,421.5,422.0,215387,11,False,-4.5,-6.625,0.0,-17.875,404.125,-0.011012542061792585
2013-11-18,421.5,422.5,411.5,412.0,251099,11,False,-10.0,0.625,0.0,-17.875,394.125,-0.02474481905351067
2013-11-19,411.75,419.0,410.75,417.75,184949,11,False,5.75,-5.375,0.0,-17.875,399.875,0.014589280050745224
2013-11-20,417.5,419.0,415.0,417.0,146175,11,False,-0.75,5.875,0.0,-17.875,399.125,-0.0018755861206627422
2013-11-21,417.0,424.0,416.75,423.0,184359,11,False,6.0,-0.75,0.0,-17.875,405.125,0.015032884434700966
2013-11-22,422.25,426.75,420.5,422.25,191252,11,False,-0.75,4.25,0.0,-17.875,404.375,-0.001851280468991079
2013-11-25,422.5,426.5,422.25,424.75,122502,11,False,2.5,-3.5,0.0,-17.875,406.875,0.0061823802163833985
2013-11-26,424.75,425.0,415.75,418.5,134287,11,False,-6.25,0.625,0.0,-17.875,400.625,-0.015360983102918557
2013-11-27,418.0,422.25,416.25,417.25,132013,11,False,-1.25,-4.125,0.0,-17.875,399.375,-0.0031201248049922414
2013-11-29,418.75,419.5,413.0,415.25,21820,11,False,-2.0,0.0,0.0,-17.875,397.375,-0.005007824726134591
2013-12-02,414.75,417.25,410.0,416.5,14977,12,True,1.25,1.75,-0.5,-17.375,399.125,0.00440390059767215
2013-12-03,416.5,423.0,415.0,422.0,9178,12,False,5.5,2.375,0.0,-17.375,404.625,0.013780144065142608
2013-12-04,421.5,430.0,418.0,425.5,7667,12,False,3.5,1.375,0.0,-17.375,408.125,0.008649984553599
2013-12-05,425.5,426.25,420.5,422.75,2386,12,False,-2.75,2.375,0.0,-17.375,405.375,-0.006738131699846828
2013-12-06,422.5,425.0,419.5,424.0,2079,12,False,1.25,0.875,0.0,-17.375,406.625,0.003083564600678379
2013-12-09,424.0,429.0,422.75,428.5,1397,12,False,4.5,0.125,0.0,-17.375,411.125,0.011066707654472818
2013-12-10,428.0,431.25,421.75,427.5,3136,12,False,-1.0,4.125,0.0,-17.375,410.125,-0.0024323502584372436
2013-12-11,427.5,432.0,426.0,431.25,1779,12,False,3.75,-2.0,0.0,-17.375,413.875,0.009143553794574766
2013-12-12,431.25,431.75,424.25,428.25,1677,12,False,-3.0,-2.0,0.0,-17.375,410.875,-0.007248565388100259
2013-12-13,430.0,430.0,420.5,420.5,106098,12,False,-7.75,-0.125,0.0,-17.375,403.125,-0.018862184362640755
2013-12-16,425.75,426.5,420.5,423.25,114420,12,False,2.75,-2.125,0.0,-17.375,405.875,0.006821705426356628
2013-12-17,423.0,429.0,422.0,426.75,89620,12,False,3.5,0.5,0.0,-17.375,409.375,0.008623344625808382
2013-12-18,426.0,429.75,423.0,425.0,81535,12,False,-1.75,4.5,0.0,-17.375,407.625,-0.004274809160305315
2013-12-19,425.0,431.0,424.25,430.5,99370,12,False,5.5,0.5,0.0,-17.375,413.125,0.013492793621588506
2013-12-20,429.75,434.25,427.5,433.25,92615,12,False,2.75,3.25,0.0,-17.375,415.875,0.006656580937972834
2013-12-23,433.0,436.0,431.75,434.25,65971,12,False,1.0,1.5,0.0,-17.375,416.875,0.002404568680492991
2013-12-24,433.5,435.75,431.75,434.5,28452,12,False,0.25,-3.625,0.0,-17.375,417.125,0.0005997001499249421
2013-12-26,433.0,433.0,426.0,426.25,72950,12,False,-8.25,0.75,0.0,-17.375,408.875,-0.019778243931675155
2013-12-27,426.25,429.0,426.0,427.5,52403,12,False,1.25,-6.125,0.0,-17.375,410.125,0.00305716906144915
2013-12-30,426.5,426.75,423.0,423.5,60441,12,False,-4.0,-0.125,0.0,-17.375,406.125,-0.009753124047546469
2013-12-31,423.5,423.5,421.25,422.0,77092,12,False,-1.5,-2.75,0.0,-17.375,404.625,-0.003693444136657398
2014-01-02,422.0,427.25,418.5,420.5,136284,1,False,-1.5,0.75,0.0,-17.375,403.125,-0.003707136237256714
2014-01-03,420.5,424.0,417.0,423.5,110192,1,False,3.0,1.375,0.0,-17.375,406.125,0.007441860465116301
2014-01-06,423.5,428.0,423.5,427.75,96635,1,False,4.25,0.625,0.0,-17.375,410.375,0.01046475838719596
2014-01-07,427.0,430.0,425.25,426.0,124441,1,False,-1.75,-2.375,0.0,-17.375,408.625,-0.004264392324093813
2014-01-08,425.25,427.75,414.75,417.0,221233,1,False,-9.0,-3.375,0.0,-17.375,399.625,-0.02202508412358517
2014-01-09,416.0,416.75,408.0,412.0,228114,1,False,-5.0,5.875,0.0,-17.375,394.625,-0.012511729746637501
2014-01-10,411.5,433.0,406.25,432.75,365581,1,False,20.75,-1.625,0.0,-17.375,415.375,0.05258156477668674
2014-01-13,431.75,435.5,430.5,434.5,219138,1,False,1.75,8.875,0.0,-17.375,417.125,0.004213060487511244
2014-01-14,433.5,434.0,427.25,431.5,156818,1,False,-3.0,-2.0,0.0,-17.375,414.125,-0.007192088702427379
2014-01-15,431.0,431.5,425.5,425.75,118783,1,False,-5.75,-0.375,0.0,-17.375,408.375,-0.013884696649562378
2014-01-16,425.75,430.0,425.0,428.0,131695,1,False,2.25,-4.875,0.0,-17.375,410.625,0.005509641873278293
2014-01-17,427.0,428.0,422.25,424.0,95493,1,False,-4.0,1.625,0.0,-17.375,406.625,-0.009741248097412503
2014-01-21,424.0,425.75,421.0,425.0,134010,1,False,1.0,-1.375,0.0,-17.375,407.625,0.0024592683676605276
2014-01-22,425.0,429.0,424.5,426.25,114794,1,False,1.25,1.875,0.0,-17.375,408.875,0.0030665440049064685
2014-01-23,426.0,431.25,425.75,429.0,157783,1,False,2.75,0.875,0.0,-17.375,411.625,0.006725771935188085
2014-01-24,428.5,430.25,425.5,429.5,126819,1,False,0.5,2.5,0.0,-17.375,412.125,0.001214697843911372
2014-01-27,428.75,432.75,427.0,431.75,132838,1,False,2.25,0.375,0.0,-17.375,414.375,0.005459508644221955
2014-01-28,431.0,433.75,430.75,432.0,118856,1,False,0.25,-1.125,0.0,-17.375,414.625,0.0006033182503770718
2014-01-29,431.25,431.75,427.0,427.5,147425,1,False,-4.5,3.125,0.0,-17.375,410.125,-0.01085318058486584
2014-01-30,427.5,434.5,427.25,433.5,174534,1,False,6.0,-2.0,0.0,-17.375,416.125,0.014629686071319759
2014-01-31,432.5,434.5,431.25,434.0,135050,1,False,0.5,3.875,0.0,-17.375,416.625,0.0012015620306398134
2014-02-03,433.5,438.75,433.25,435.75,167839,2,False,1.75,3.25,0.0,-17.375,418.375,0.0042004200420042714
2014-02-04,435.5,442.0,434.5,441.75,179800,2,False,6.0,1.625,0.0,-17.375,424.375,0.014341201075590115
2014-02-05,441.0,444.0,439.0,443.25,169908,2,False,1.5,2.875,0.0,-17.375,425.875,0.003534609720176718
2014-02-06,442.5,447.25,441.25,443.0,191086,2,False,-0.25,1.375,0.0,-17.375,425.625,-0.0005870267097153326
2014-02-07,442.5,445.0,440.5,444.25,171623,2,False,1.25,-0.75,0.0,-17.375,426.875,0.002936857562408246
2014-02-10,442.75,449.0,440.0,443.0,252408,2,False,-1.25,-0.125,0.0,-17.375,425.625,-0.002928257686676372
2014-02-11,442.75,444.0,437.25,441.5,221223,2,False,-1.5,-1.375,0.0,-17.375,424.125,-0.0035242290748899174
2014-02-12,440.75,445.75,439.25,440.0,209920,2,False,-1.5,-0.5,0.0,-17.375,422.625,-0.0035366931918655586
2014-02-13,439.75,442.0,439.0,440.5,174150,2,False,0.5,1.625,0.0,-17.375,423.125,0.001183081928423535
2014-02-14,440.25,446.0,438.0,445.25,177419,2,False,4.75,2.375,0.0,-17.375,427.875,0.011225997045790193
2014-02-18,445.0,450.0,444.5,449.5,140683,2,False,4.25,4.5,0.0,-17.375,432.125,0.009932807478819639
2014-02-19,448.5,454.5,448.25,453.75,243325,2,False,4.25,3.125,0.0,-17.375,436.375,0.009835117153601303
2014-02-20,453.25,456.5,451.0,455.75,191961,2,False,2.0,0.75,0.0,-17.375,438.375,0.0045832139788026804
2014-02-21,455.5,456.5,450.25,453.0,145576,2,False,-2.75,0.25,0.0,-17.375,435.625,-0.006273167949814695
2014-02-24,451.5,452.75,445.5,451.5,141751,2,False,-1.5,0.75,0.0,-17.375,434.125,-0.003443328550932545
2014-02-25,451.0,456.25,448.25,455.75,123589,2,False,4.25,-0.875,0.0,-17.375,438.375,0.00978980708321342
2014-02-26,454.75,459.0,453.75,455.5,113291,2,False,-0.25,-1.625,0.0,-17.375,438.125,-0.0005702879954376794
2014-02-27,455.0,458.0,447.0,448.0,140676,2,False,-7.5,4.625,0.0,-17.375,430.625,-0.01711840228245365
2014-02-28,448.0,458.75,447.75,457.5,36979,2,False,9.5,-0.5,0.0,-17.375,440.125,0.02206095791001461
2014-03-03,459.0,476.25,457.25,464.0,20819,3,True,6.5,11.125,-4.625,-12.75,451.25,0.025276909968758865
2014-03-04,462.75,477.5,458.0,476.75,10937,3,False,12.75,2.5,0.0,-12.75,464.0,0.028254847645429404
2014-03-05,475.0,481.0,472.25,475.25,6726,3,False,-1.5,11.625,0.0,-12.75,462.5,-0.003232758620689613
2014-03-06,474.25,487.25,473.75,485.75,4262,3,False,10.5,-3.125,0.0,-12.75,473.0,0.022702702702702693
2014-03-07,485.25,495.0,478.0,481.0,7131,3,False,-4.75,0.75,0.0,-12.75,468.25,-0.010042283298097199
2014-03-10,479.0,481.25,470.25,472.0,1561,3,False,-9.0,0.625,0.0,-12.75,459.25,-0.019220501868659867
2014-03-11,471.75,480.0,468.25,478.0,1325,3,False,6.0,-1.375,0.0,-12.75,465.25,0.013064779531845483
2014-03-12,477.75,484.5,472.0,484.25,1037,3,False,6.25,3.0,0.0,-12.75,471.5,0.013433637829124212
2014-03-13,483.75,486.25,477.5,484.25,1123,3,False,0.0,-2.875,0.0,-12.75,471.5,0.0
2014-03-14,484.5,484.75,472.25,472.25,109124,3,False,-12.0,3.375,0.0,-12.75,459.5,-0.02545068928950156
2014-03-17,484.5,487.5,476.5,479.0,85187,3,False,6.75,-2.375,0.0,-12.75,466.25,0.014689880304679104
2014-03-18,478.25,487.0,477.0,486.25,90577,3,False,7.25,4.125,0.0,-12.75,473.5,0.015549597855227804
2014-03-19,485.75,491.75,482.25,487.75,113870,3,False,1.5,-1.0,0.0,-12.75,475.0,0.0031678986272438703
2014-03-20,487.0,487.5,478.0,478.5,102863,3,False,-9.25,1.0,0.0,-12.75,465.75,-0.01947368421052631
2014-03-21,478.5,481.0,476.0,479.0,86237,3,False,0.5,0.875,0.0,-12.75,466.25,0.0010735373054213682
2014-03-24,479.0,491.0,478.5,490.0,110121,3,False,11.0,-1.5,0.0,-12.75,477.25,0.023592493297587058
2014-03-25,489.5,490.0,485.0,486.5,84748,3,False,-3.5,4.5,0.0,-12.75,473.75,-0.007333682556312171
2014-03-26,486.0,487.75,482.5,484.5,79966,3,False,-2.0,2.0,0.0,-12.75,471.75,-0.004221635883905006
2014-03-27,484.0,492.75,482.0,492.0,132271,3,False,7.5,-1.0,0.0,-12.75,479.25,0.015898251192368873
2014-03-28,491.0,496.25,489.0,492.0,118113,3,False,0.0,8.75,0.0,-12.75,479.25,0.0
2014-03-31,490.25,503.75,475.5,502.0,283223,3,False,10.0,2.75,0.0,-12.75,489.25,0.02086593635889411
2014-04-01,501.5,512.5,501.25,507.5,172036,4,False,5.5,-0.875,0.0,-12.75,494.75,0.011241696474195262
2014-04-02,506.75,507.5,490.5,495.75,159001,4,False,-11.75,4.875,0.0,-12.75,483.0,-0.023749368367862567
2014-04-03,497.0,501.0,494.0,500.0,107969,4,False,4.25,-5.0,0.0,-12.75,487.25,0.008799171842650111
2014-04-04,498.5,502.5,492.75,501.75,102928,4,False,1.75,0.875,0.0,-12.75,489.0,0.0035915854284247484
2014-04-07,500.25,502.5,494.5,499.25,156859,4,False,-2.5,4.75,0.0,-12.75,486.5,-0.005112474437627856
2014-04-08,498.5,507.5,496.25,507.0,131388,4,False,7.75,-3.625,0.0,-12.75,494.25,0.015930113052415207
2014-04-09,506.25,519.0,500.0,502.25,266121,4,False,-4.75,3.375,0.0,-12.75,489.5,-0.00961052099140114
2014-04-10,502.0,503.0,494.0,501.25,152750,4,False,-1.0,-3.75,0.0,-12.75,488.5,-0.002042900919305368
2014-04-11,499.0,505.25,497.5,498.5,147245,4,False,-2.75,1.75,0.0,-12.75,485.75,-0.005629477993858711
2014-04-14,498.25,507.0,497.5,503.0,113216,4,False,4.5,-1.0,0.0,-12.75,490.25,0.009264024704065843
2014-04-15,502.75,506.75,497.5,503.75,134416,4,False,0.75,-0.875,0.0,-12.75,491.0,0.0015298317185110655
2014-04-16,502.5,505.0,495.25,497.5,103705,4,False,-6.25,-1.0,0.0,-12.75,484.75,-0.012729124236252498
2014-04-17,497.5,501.25,493.0,494.75,102322,4,False,-2.75,-6.25,0.0,-12.75,482.0,-0.005673027333677139
2014-04-21,494.0,494.0,485.5,488.5,115411,4,False,-6.25,2.5,0.0,-12.75,475.75,-0.012966804979253066
2014-04-22,489.0,500.0,487.25,496.25,162634,4,False,7.75,0.5,0.0,-12.75,483.5,0.016290068313189687
2014-04-23,495.75,504.25,494.5,503.5,107481,4,False,7.25,2.75,0.0,-12.75,490.75,0.01499482936918306
2014-04-24,502.75,507.5,499.5,501.25,111415,4,False,-2.25,6.5,0.0,-12.75,488.5,-0.004584819154355602
2014-04-25,501.25,510.75,500.75,507.0,90449,4,False,5.75,-0.75,0.0,-12.75,494.25,0.011770726714432023
2014-04-28,506.25,512.5,505.25,507.75,99351,4,False,0.75,6.875,0.0,-12.75,495.0,0.0015174506828528056
2014-04-29,509.0,516.0,508.25,515.75,87219,4,False,8.0,-0.5,0.0,-12.75,503.0,0.016161616161616266
2014-04-30,515.0,515.5,509.0,514.0,30696,4,False,-1.75,-1.375,0.0,-12.75,501.25,-0.0034791252485089075
2014-05-01,513.25,515.75,501.0,503.25,18177,5,True,-10.75,-5.5,-5.25,-7.5,495.75,-0.010972568578553665
2014-05-02,503.0,505.25,492.0,494.0,15131,5,False,-9.25,-0.75,0.0,-7.5,486.5,-0.01865859808371151
2014-05-05,494.0,504.5,493.25,503.25,3527,5,False,9.25,0.25,0.0,-7.5,495.75,0.01901336073997939
2014-05-06,503.0,514.0,497.75,513.0,4147,5,False,9.75,3.25,0.0,-7.5,505.5,0.01966717095310133
2014-05-07,512.0,514.0,507.0,510.25,2555,5,False,-2.75,6.375,0.0,-7.5,502.75,-0.005440158259149341
2014-05-08,510.75,514.0,505.0,513.25,1655,5,False,3.0,-5.5,0.0,-7.5,505.75,0.005967180507210346
2014-05-09,512.0,519.5,503.0,505.0,2068,5,False,-8.25,-2.25,0.0,-7.5,497.5,-0.016312407315867472
2014-05-12,503.0,503.0,495.75,497.5,2325,5,False,-7.5,-1.25,0.0,-7.5,490.0,-0.015075376884422065
2014-05-13,498.0,503.75,497.0,503.25,2036,5,False,5.75,-8.0,0.0,-7.5,495.75,0.011734693877551106
2014-05-14,503.25,505.5,494.75,494.75,105785,5,False,-8.5,-2.375,0.0,-7.5,487.25,-0.017145738779626774
2014-05-15,495.5,497.25,481.75,484.25,138763,5,False,-10.5,-4.625,0.0,-7.5,476.75,-0.021549512570549045
2014-05-16,484.5,487.0,480.25,483.5,92663,5,False,-0.75,-8.375,0.0,-7.5,476.0,-0.0015731515469323831
2014-05-19,481.75,482.5,476.25,477.25,119746,5,False,-6.25,-2.25,0.0,-7.5,469.75,-0.01313025210084029
2014-05-20,477.75,481.25,473.0,473.5,113173,5,False,-3.75,-2.625,0.0,-7.5,466.0,-0.007982969664715234
2014-05-21,473.5,476.0,472.5,474.5,96480,5,False,1.0,-0.75,0.0,-7.5,467.0,0.0021459227467810482
2014-05-22,474.5,482.5,472.5,476.75,110932,5,False,2.25,1.125,0.0,-7.5,469.25,0.004817987152034187
2014-05-23,477.5,480.5,475.5,478.0,85635,5,False,1.25,-3.0,0.0,-7.5,470.5,0.002663825253063301
2014-05-27,474.5,475.0,469.25,469.75,101114,5,False,-8.25,2.0,0.0,-7.5,462.25,-0.017534537725823585
2014-05-28,469.75,473.0,466.5,472.5,102757,5,False,2.75,-5.625,0.0,-7.5,465.0,0.005949161709031925
2014-05-29,472.5,472.75,467.25,469.5,131247,5,False,-3.0,-0.5,0.0,-7.5,462.0,-0.006451612903225823
2014-05-30,469.75,473.5,465.0,465.75,128747,5,False,-3.75,-1.625,0.0,-7.5,458.25,-0.008116883116883078
2014-06-02,465.0,470.5,460.25,465.5,160531,6,False,-0.25,-5.5,0.0,-7.5,458.0,-0.0005455537370431252
2014-06-03,463.25,465.0,456.0,458.25,118132,6,False,-7.25,-1.125,0.0,-7.5,450.75,-0.015829694323144072
2014-06-04,458.5,460.5,454.25,456.25,93357,6,False,-2.0,-7.25,0.0,-7.5,448.75,-0.00443704936217415
2014-06-05,457.0,458.0,448.5,449.0,113818,6,False,-7.25,4.0,0.0,-7.5,441.5,-0.016155988857938675
2014-06-06,449.0,459.75,447.0,459.0,163777,6,False,10.0,-7.625,0.0,-7.5,451.5,0.022650056625141524
2014-06-09,457.0,457.5,445.5,451.0,158202,6,False,-8.0,2.25,0.0,-7.5,443.5,-0.017718715393133966
2014-06-10,450.5,455.0,444.75,445.5,142517,6,False,-5.5,-6.25,0.0,-7.5,438.0,-0.012401352874859106
2014-06-11,445.5,449.75,439.25,441.0,185493,6,False,-4.5,-1.25,0.0,-7.5,433.5,-0.010273972602739767
2014-06-12,440.5,445.0,439.5,444.0,157865,6,False,3.0,-0.75,0.0,-7.5,436.5,0.006920415224913601
2014-06-13,444.0,449.75,443.75,447.0,127960,6,False,3.0,-1.5,0.0,-7.5,439.5,0.0068728522336769515
2014-06-16,444.25,449.5,440.25,441.0,128964,6,False,-6.0,0.375,0.0,-7.5,433.5,-0.013651877133105783
2014-06-17,440.75,441.5,435.5,438.75,109891,6,False,-2.25,-1.625,0.0,-7.5,431.25,-0.00519031141868509
2014-06-18,438.5,443.75,438.5,441.5,95337,6,False,2.75,3.375,0.0,-7.5,434.0,0.006376811594202891
2014-06-19,441.0,450.75,441.0,450.5,117242,6,False,9.0,2.75,0.0,-7.5,443.0,0.02073732718894017
2014-06-20,449.75,453.75,446.25,453.25,112310,6,False,2.75,0.125,0.0,-7.5,445.75,0.006207674943566666
2014-06-23,453.0,457.75,444.0,444.5,113223,6,False,-8.75,0.625,0.0,-7.5,437.0,-0.019629837352776236
2014-06-24,444.75,445.0,439.5,443.0,108660,6,False,-1.5,-5.375,0.0,-7.5,435.5,-0.003432494279176246
2014-06-25,443.0,443.0,440.0,441.0,135829,6,False,-2.0,0.125,0.0,-7.5,433.5,-0.004592422502870286
2014-06-26,441.5,446.0,440.75,442.75,121751,6,False,1.75,-0.875,0.0,-7.5,435.25,0.0040369088811995635
2014-06-27,442.25,444.5,440.0,443.0,111681,6,False,0.25,-8.5,0.0,-7.5,435.5,0.0005743825387707346
2014-06-30,443.0,443.75,422.5,424.25,32988,6,False,-18.75,-0.625,0.0,-7.5,416.75,-0.04305396096440872
2014-07-01,423.75,423.75,416.0,422.75,9735,7,True,-1.5,-11.5,10.0,-17.5,405.25,-0.027594481103779267
2014-07-02,423.0,423.25,416.25,418.5,6362,7,False,-4.25,-1.5,0.0,-17.5,401.0,-0.010487353485502782
2014-07-03,418.75,420.25,416.25,417.0,3041,7,False,-1.5,-6.0,0.0,-17.5,399.5,-0.0037406483790524137
2014-07-07,412.25,413.25,405.5,409.25,2821,7,False,-7.75,-1.25,0.0,-17.5,391.75,-0.019399249061326618
2014-07-08,410.5,411.0,407.25,408.25,3811,7,False,-1.0,-6.0,0.0,-17.5,390.75,-0.00255264837268665
2014-07-09,408.75,408.75,400.75,404.0,3041,7,False,-4.25,-2.25,0.0,-17.5,386.5,-0.010876519513755567
2014-07-10,404.0,406.0,399.25,400.5,2865,7,False,-3.5,-2.5,0.0,-17.5,383.0,-0.009055627425614499
2014-07-11,400.5,403.5,394.0,399.75,1990,7,False,-0.75,-6.5,0.0,-17.5,382.25,-0.001958224543080922
2014-07-14,397.75,408.75,390.0,390.25,63853,7,False,-9.5,-8.5,0.0,-17.5,372.75,-0.024852844996729906
2014-07-15,381.0,381.25,371.0,374.0,104821,7,False,-16.25,-2.625,0.0,-17.5,356.5,-0.043594902749832354
2014-07-16,374.0,386.25,373.75,378.25,87367,7,False,4.25,-7.5,0.0,-17.5,360.75,0.01192145862552585
2014-07-17,378.0,387.75,374.5,379.5,99242,7,False,1.25,-2.0,0.0,-17.5,362.0,0.0034650034650034467
2014-07-18,379.0,381.25,370.75,371.25,63661,7,False,-8.25,-3.0,0.0,-17.5,353.75,-0.022790055248618768
2014-07-21,369.0,369.0,363.0,364.0,80268,7,False,-7.25,-6.0,0.0,-17.5,346.5,-0.020494699646643078
2014-07-22,363.5,367.0,360.0,360.25,56738,7,False,-3.75,-2.5,0.0,-17.5,342.75,-0.010822510822510845
2014-07-23,360.0,363.5,357.5,362.5,59923,7,False,2.25,-2.375,0.0,-17.5,345.0,0.006564551422319376
2014-07-24,361.75,369.0,356.5,361.5,80591,7,False,-1.0,1.875,0.0,-17.5,344.0,-0.0028985507246376274
2014-07-25,361.0,363.5,357.0,363.0,76154,7,False,1.5,1.875,0.0,-17.5,345.5,0.0043604651162789665
2014-07-28,363.0,369.25,363.0,367.75,62888,7,False,4.75,-2.375,0.0,-17.5,350.25,0.01374819102749636
2014-07-29,367.5,368.5,358.5,361.5,76338,7,False,-6.25,2.5,0.0,-17.5,344.0,-0.017844396859386102
2014-07-30,361.0,364.25,357.75,361.75,78868,7,False,0.25,-5.5,0.0,-17.5,344.25,0.0007267441860465684
2014-07-31,360.5,361.5,356.75,357.0,68927,7,False,-4.75,-2.125,0.0,-17.5,339.5,-0.013798111837327487
2014-08-01,357.0,358.75,351.5,352.5,73337,8,False,-4.5,0.75,0.0,-17.5,335.0,-0.013254786450662692
2014-08-04,351.5,361.25,351.5,358.75,75699,8,False,6.25,-3.5,0.0,-17.5,341.25,0.018656716417910557
2014-08-05,358.0,358.25,353.0,356.25,65793,8,False,-2.5,6.625,0.0,-17.5,338.75,-0.0073260073260073
2014-08-06,355.75,364.0,355.5,363.25,75358,8,False,7.0,-3.125,0.0,-17.5,345.75,0.020664206642066363
2014-08-07,362.0,362.75,355.75,359.5,133125,8,False,-3.75,-0.375,0.0,-17.5,342.0,-0.010845986984815648
2014-08-08,358.75,359.5,351.25,351.75,123611,8,False,-7.75,0.625,0.0,-17.5,334.25,-0.02266081871345027
2014-08-11,351.0,357.75,350.5,356.75,165303,8,False,5.0,-3.0,0.0,-17.5,339.25,0.014958863126402377
2014-08-12,355.5,362.0,347.75,358.5,194070,8,False,1.75,2.25,0.0,-17.5,341.0,0.005158437730287346
2014-08-13,358.0,361.0,354.5,358.0,110215,8,False,-0.5,2.875,0.0,-17.5,340.5,-0.0014662756598240456
2014-08-14,357.75,362.75,355.0,362.0,68506,8,False,4.0,1.625,0.0,-17.5,344.5,0.011747430249632984
2014-08-15,361.0,368.0,360.5,365.75,74813,8,False,3.75,-0.5,0.0,-17.5,348.25,0.010885341074020394
2014-08-18,365.5,370.0,359.75,360.75,78822,8,False,-5.0,2.75,0.0,-17.5,343.25,-0.014357501794687755
2014-08-19,360.0,363.25,356.5,362.5,80142,8,False,1.75,-4.0,0.0,-17.5,345.0,0.005098324836125379
2014-08-20,361.5,362.0,356.25,359.5,95879,8,False,-3.0,2.25,0.0,-17.5,342.0,-0.008695652173912993
2014-08-21,358.75,366.0,358.0,362.25,98455,8,False,2.75,0.125,0.0,-17.5,344.75,0.008040935672514626
2014-08-22,361.25,367.0,361.25,365.5,107057,8,False,3.25,-1.375,0.0,-17.5,348.0,0.009427121102248082
2014-08-25,363.5,364.25,358.75,360.0,78751,8,False,-5.5,-0.375,0.0,-17.5,342.5,-0.015804597701149392
2014-08-26,359.0,359.5,353.5,356.0,86304,8,False,-4.0,-2.75,0.0,-17.5,338.5,-0.011678832116788329
2014-08-27,355.0,356.5,352.5,356.0,72872,8,False,0.0,0.875,0.0,-17.5,338.5,0.0
2014-08-28,355.25,362.0,354.75,361.75,71290,8,False,5.75,-1.375,0.0,-17.5,344.25,0.016986706056129952
2014-08-29,360.0,361.75,356.0,359.0,30831,8,False,-2.75,1.25,0.0,-17.5,341.5,-0.007988380537400142
2014-09-02,357.5,360.5,355.0,355.75,11396,9,True,-3.25,-8.625,5.375,-22.875,332.875,-0.025256222547584195
2014-09-03,355.0,355.0,340.5,341.25,11532,9,False,-14.5,-4.375,0.0,-22.875,318.375,-0.04355989485542622
2014-09-04,341.25,342.25,333.5,335.75,5047,9,False,-5.5,-1.875,0.0,-22.875,312.875,-0.0172752257557911
2014-09-05,336.25,347.5,335.25,346.5,3218,9,False,10.75,-6.375,0.0,-22.875,323.625,0.03435876947662808
2014-09-08,345.0,348.0,336.75,339.25,893,9,False,-7.25,3.875,0.0,-22.875,316.375,-0.022402471996910034
2014-09-09,338.75,338.75,334.75,336.25,1596,9,False,-3.0,-2.375,0.0,-22.875,313.375,-0.009482418016594218
2014-09-10,336.0,340.75,335.0,338.75,1298,9,False,2.5,-5.0,0.0,-22.875,315.875,0.00797766254487442
2014-09-11,338.0,338.0,329.0,331.75,1728,9,False,-7.0,4.875,0.0,-22.875,308.875,-0.02216066481994461
2014-09-12,333.5,339.0,330.25,339.0,106215,9,False,7.25,-1.5,0.0,-22.875,316.125,0.02347227842978561
2014-09-15,337.0,343.5,335.75,343.0,102671,9,False,4.0,4.0,0.0,-22.875,320.125,0.012653222617635462
2014-09-16,342.5,350.5,338.75,343.75,144551,9,False,0.75,1.0,0.0,-22.875,320.875,0.0023428348301444135
2014-09-17,343.25,344.25,339.25,341.75,83632,9,False,-2.0,-1.375,0.0,-22.875,318.875,-0.006232956758862485
2014-09-18,341.0,341.75,338.0,338.25,100943,9,False,-3.5,-4.375,0.0,-22.875,315.375,-0.010976087808702517
2014-09-19,338.0,338.25,331.5,331.5,107635,9,False,-6.75,-2.375,0.0,-22.875,308.625,-0.021403091557669396
2014-09-22,331.0,331.5,326.75,330.25,131674,9,False,-1.25,-5.75,0.0,-22.875,307.375,-0.004050222762251976
2014-09-23,329.5,331.0,325.25,325.5,125167,9,False,-4.75,1.375,0.0,-22.875,302.625,-0.015453436356242412
2014-09-24,325.5,330.0,324.75,329.5,132651,9,False,4.0,-4.125,0.0,-22.875,306.625,0.013217678645187858
2014-09-25,329.25,330.75,325.25,326.0,107743,9,False,-3.5,0.5,0.0,-22.875,303.125,-0.011414594374235643
2014-09-26,326.0,327.0,322.75,323.0,86605,9,False,-3.0,-0.375,0.0,-22.875,300.125,-0.009896907216494832
2014-09-29,322.25,326.5,322.0,325.75,104805,9,False,2.75,-4.0,0.0,-22.875,302.875,0.009162848812994673
2014-09-30,325.5,326.25,319.5,320.75,173979,9,False,-5.0,1.625,0.0,-22.875,297.875,-0.016508460586050377
2014-10-01,320.25,323.5,318.25,321.25,121907,10,False,0.5,-1.75,0.0,-22.875,298.375,0.0016785564414603105
2014-10-02,320.5,323.25,319.25,322.75,123125,10,False,1.5,0.5,0.0,-22.875,299.875,0.0050272308336825056
2014-10-03,322.75,325.75,321.0,323.25,92118,10,False,0.5,5.375,0.0,-22.875,300.375,0.0016673614005835447
2014-10-06,323.25,332.75,323.25,332.5,134901,10,False,9.25,4.25,0.0,-22.875,309.625,0.030794839783603756
2014-10-07,331.75,342.25,330.5,340.5,218114,10,False,8.0,6.0,0.0,-22.875,317.625,0.02583770690351228
2014-10-08,340.0,343.5,337.5,343.25,127485,10,False,2.75,4.75,0.0,-22.875,320.375,0.008658008658008587
2014-10-09,342.5,348.0,340.75,344.75,174549,10,False,1.5,-4.0,0.0,-22.875,321.875,0.004682013265704166
2014-10-10,343.25,348.5,332.5,334.0,234751,10,False,-10.75,6.75,0.0,-22.875,311.125,-0.03339805825242714
2014-10-13,333.5,347.5,330.5,346.0,142097,10,False,12.0,0.125,0.0,-22.875,323.125,0.03856970670952187
2014-10-14,345.5,357.5,343.0,357.0,194804,10,False,11.0,1.25,0.0,-22.875,334.125,0.03404255319148941
2014-10-15,356.0,358.25,346.5,347.5,183378,10,False,-9.5,7.875,0.0,-22.875,324.625,-0.028432472876917303
2014-10-16,347.75,353.0,345.0,352.25,138242,10,False,4.75,-6.875,0.0,-22.875,329.375,0.014632268001540272
2014-10-17,351.75,355.75,346.5,348.0,127179,10,False,-4.25,2.5,0.0,-22.875,325.125,-0.012903225806451646
2014-10-20,345.25,349.0,342.0,348.25,140828,10,False,0.25,1.75,0.0,-22.875,325.375,0.0007689350249904248
2014-10-21,347.5,358.75,347.0,356.0,159476,10,False,7.75,-1.375,0.0,-22.875,333.125,0.023818670764502503
2014-10-22,355.5,361.0,352.25,353.0,174942,10,False,-3.0,7.25,0.0,-22.875,330.125,-0.009005628517823605
2014-10-23,352.0,360.25,351.0,359.75,144314,10,False,6.75,-4.875,0.0,-22.875,336.875,0.020446800454373415
2014-10-24,359.25,365.0,352.25,353.0,162470,10,False,-6.75,8.375,0.0,-22.875,330.125,-0.020037105751391504
2014-10-27,351.75,363.75,348.5,363.0,172966,10,False,10.0,-2.625,0.0,-22.875,340.125,0.030291556228701166
2014-10-28,362.5,371.75,361.25,364.5,222302,10,False,1.5,10.375,0.0,-22.875,341.625,0.004410143329658167
2014-10-29,364.25,376.0,362.5,375.25,217048,10,False,10.75,0.125,0.0,-22.875,352.375,0.03146725210391521
2014-10-30,374.75,381.0,371.5,374.0,203146,10,False,-1.25,6.75,0.0,-22.875,351.125,-0.003547357218871894
2014-10-31,372.75,378.0,368.0,376.75,190821,10,False,2.75,-2.25,0.0,-22.875,353.875,0.007831968672125322
2014-11-03,374.5,375.25,370.5,373.5,157753,11,False,-3.25,-3.125,0.0,-22.875,350.625,-0.009184033910279
2014-11-04,372.5,372.5,364.0,364.5,178121,11,False,-9.0,1.25,0.0,-22.875,341.625,-0.025668449197860932
2014-11-05,364.0,371.75,359.0,370.25,213921,11,False,5.75,-4.0,0.0,-22.875,347.375,0.016831320892791712
2014-11-06,369.5,374.5,366.5,371.25,173692,11,False,1.0,1.0,0.0,-22.875,348.375,0.0028787333573228047
2014-11-07,370.0,371.75,364.25,367.5,207974,11,False,-3.75,1.375,0.0,-22.875,344.625,-0.01076426264800856
2014-11-10,366.0,378.75,364.75,369.25,308187,11,False,1.75,0.375,0.0,-22.875,346.375,0.005077983315197709
2014-11-11,368.25,374.5,365.5,373.75,225095,11,False,4.5,2.875,0.0,-22.875,350.875,0.012991699747383567
2014-11-12,373.5,385.0,372.75,377.75,337611,11,False,4.0,6.5,0.0,-22.875,354.875,0.011400071250445398
2014-11-13,377.0,389.0,377.0,386.25,299508,11,False,8.5,-0.25,0.0,-22.875,363.375,0.0239520958083832
2014-11-14,385.5,387.0,380.5,381.75,160958,11,False,-4.5,2.125,0.0,-22.875,358.875,-0.012383900928792602
2014-11-17,381.5,384.25,374.25,377.5,166794,11,False,-4.25,-5.0,0.0,-22.875,354.625,-0.011842563566701547
2014-11-18,377.5,378.75,371.25,372.0,165776,11,False,-5.5,-6.5,0.0,-22.875,349.125,-0.015509340853013698
2014-11-19,371.75,372.0,362.75,363.25,203634,11,False,-8.75,2.25,0.0,-22.875,340.375,-0.02506265664160401
2014-11-20,363.0,374.75,362.5,373.25,192317,11,False,10.0,-4.625,0.0,-22.875,350.375,0.029379360998898374
2014-11-21,372.75,381.5,369.75,372.75,208536,11,False,-0.5,2.375,0.0,-22.875,349.875,-0.0014270424545129723
2014-11-24,372.25,372.75,365.5,367.5,159589,11,False,-5.25,3.125,0.0,-22.875,344.625,-0.015005359056806
2014-11-25,367.5,375.25,366.25,374.25,153228,11,False,6.75,-0.625,0.0,-22.875,351.375,0.019586507072905324
2014-11-26,374.0,378.75,373.75,378.25,163797,11,False,4.0,2.125,0.0,-22.875,355.375,0.011383849163998594
2014-11-28,377.0,380.25,370.25,375.75,29217,11,False,-2.5,1.875,0.0,-22.875,352.875,-0.007034822370735161
2014-12-01,374.0,377.75,370.25,375.5,18534,12,True,-0.25,-5.125,4.875,-27.75,347.75,-0.014523556500177115
2014-12-02,375.25,376.75,367.5,367.75,13656,12,False,-7.75,0.375,0.0,-27.75,340.0,-0.022286125089863384
2014-12-03,367.5,369.5,364.25,368.75,8079,12,False,1.0,-0.25,0.0,-27.75,341.0,0.002941176470588225
2014-12-04,368.5,376.75,367.75,376.0,9626,12,False,7.25,3.25,0.0,-27.75,348.25,0.02126099706744866
2014-12-05,375.25,382.5,372.25,381.5,3531,12,False,5.5,1.625,0.0,-27.75,353.75,0.015793251974156597
2014-12-08,380.5,386.25,376.5,377.5,7014,12,False,-4.0,5.5,0.0,-27.75,349.75,-0.011307420494699683
2014-12-09,377.25,383.75,374.75,383.0,7143,12,False,5.5,-2.25,0.0,-27.75,355.25,0.01572551822730528
2014-12-10,382.5,384.75,377.75,382.5,5464,12,False,-0.5,6.5,0.0,-27.75,354.75,-0.0014074595355383357
2014-12-11,382.5,390.5,382.5,390.0,5451,12,False,7.5,2.875,0.0,-27.75,362.25,0.02114164904862581
2014-12-12,389.75,398.5,388.0,396.25,194045,12,False,6.25,9.875,0.0,-27.75,368.5,0.017253278122843385
2014-12-15,407.5,412.5,405.0,408.5,162942,12,False,12.25,1.875,0.0,-27.75,380.75,0.03324287652645852
2014-12-16,407.75,411.5,404.0,406.0,172142,12,False,-2.5,7.25,0.0,-27.75,378.25,-0.006565988181221227
2014-12-17,405.75,410.0,403.5,408.25,120238,12,False,2.25,0.125,0.0,-27.75,380.5,0.00594844679444817
2014-12-18,408.0,414.0,407.0,411.0,125321,12,False,2.75,0.875,0.0,-27.75,383.25,0.007227332457293123
2014-12-19,410.75,411.25,405.0,410.5,117608,12,False,-0.5,2.0,0.0,-27.75,382.75,-0.001304631441617743
2014-12-22,409.75,414.25,408.5,411.75,90601,12,False,1.25,0.875,0.0,-27.75,384.0,0.003265839320705455
2014-12-23,411.0,415.75,410.5,414.0,90856,12,False,2.25,-2.5,0.0,-27.75,386.25,0.005859375
2014-12-24,413.5,415.0,405.75,407.75,68812,12,False,-6.25,4.625,0.0,-27.75,380.0,-0.016181229773462813
2014-12-26,410.25,415.0,405.75,414.75,52280,12,False,7.0,-4.125,0.0,-27.75,387.0,0.018421052631578894
2014-12-29,414.0,417.0,410.75,412.75,86310,12,False,-2.0,0.375,0.0,-27.75,385.0,-0.0051679586563307955
2014-12-30,411.75,412.75,406.0,406.5,95776,12,False,-6.25,-5.75,0.0,-27.75,378.75,-0.016233766233766267
2014-12-31,406.0,406.5,396.0,397.0,119262,12,False,-9.5,-3.75,0.0,-27.75,369.25,-0.02508250825082503
2015-01-02,396.25,398.5,391.5,395.75,88774,1,False,-1.25,0.375,0.0,-27.75,368.0,-0.003385240352065
2015-01-05,395.75,406.75,394.5,406.0,140391,1,False,10.25,-1.125,0.0,-27.75,378.25,0.02785326086956519
2015-01-06,405.5,409.5,402.25,405.0,138314,1,False,-1.0,0.75,0.0,-27.75,377.25,-0.0026437541308658163
2015-01-07,404.75,407.25,396.0,396.25,131694,1,False,-8.75,-1.5,0.0,-27.75,368.5,-0.02319416832339294
2015-01-08,396.5,398.75,392.75,394.25,118969,1,False,-2.0,-1.375,0.0,-27.75,366.5,-0.005427408412483015
2015-01-09,394.75,401.5,393.0,400.25,154553,1,False,6.0,-0.125,0.0,-27.75,372.5,0.016371077762619368
2015-01-12,399.0,407.0,390.0,402.0,269589,1,False,1.75,-5.125,0.0,-27.75,374.25,0.004697986577181235
2015-01-13,402.0,406.5,384.5,385.75,250523,1,False,-16.25,-1.5,0.0,-27.75,358.0,-0.04342017368069473
2015-01-14,386.0,386.25,376.0,381.0,236408,1,False,-4.75,-8.625,0.0,-27.75,353.25,-0.013268156424581012
2015-01-15,382.75,388.0,376.0,380.0,189766,1,False,-1.0,1.125,0.0,-27.75,352.25,-0.0028308563340410098
2015-01-16,380.5,388.0,379.5,387.0,142829,1,False,7.0,1.125,0.0,-27.75,359.25,0.019872249822569188
2015-01-20,385.25,391.0,382.25,390.25,138122,1,False,3.25,2.375,0.0,-27.75,362.5,0.009046624913013224
2015-01-21,390.0,392.5,386.25,388.0,114626,1,False,-2.25,-0.5,0.0,-27.75,360.25,-0.006206896551724128
2015-01-22,387.75,390.5,382.5,383.75,139782,1,False,-4.25,0.375,0.0,-27.75,356.0,-0.01179736294240108
2015-01-23,384.0,388.5,382.0,386.75,169566,1,False,3.0,-3.5,0.0,-27.75,359.0,0.008426966292134797
2015-01-26,385.75,388.25,382.25,384.0,102852,1,False,-2.75,0.125,0.0,-27.75,356.25,-0.007660167130919215
2015-01-27,383.5,386.0,380.0,381.25,108698,1,False,-2.75,-5.375,0.0,-27.75,353.5,-0.007719298245614015
2015-01-28,380.75,381.5,373.0,373.25,167615,1,False,-8.0,-2.25,0.0,-27.75,345.5,-0.022630834512022635
2015-01-29,373.5,373.5,368.0,371.5,192836,1,False,-1.75,-4.75,0.0,-27.75,343.75,-0.00506512301013029
2015-01-30,372.75,373.0,365.75,370.0,194631,1,False,-1.5,-1.0,0.0,-27.75,342.25,-0.004363636363636347
2015-02-02,369.75,378.5,367.5,369.75,154763,2,False,-0.25,7.25,0.0,-27.75,342.0,-0.0007304601899196239
2015-02-03,370.0,388.5,370.0,385.75,238534,2,False,16.0,-1.25,0.0,-27.75,358.0,0.04678362573099415
2015-02-04,385.0,388.25,379.5,383.5,178698,2,False,-2.25,8.875,0.0,-27.75,355.75,-0.006284916201117263
2015-02-05,382.5,387.5,381.5,385.25,136397,2,False,1.75,-0.875,0.0,-27.75,357.5,0.004919184820801226
2015-02-06,385.0,389.5,380.0,385.75,202343,2,False,0.5,3.625,0.0,-27.75,358.0,0.0013986013986013734
2015-02-09,385.25,391.75,383.5,391.25,217638,2,False,5.5,-1.375,0.0,-27.75,363.5,0.015363128491620026
2015-02-10,390.75,391.5,384.5,388.0,209348,2,False,-3.25,1.625,0.0,-27.75,360.25,-0.008940852819807388
2015-02-11,388.0,389.75,384.0,385.75,178879,2,False,-2.25,-3.0,0.0,-27.75,358.0,-0.006245662734212343
2015-02-12,385.25,387.75,381.25,383.0,169376,2,False,-2.75,1.0,0.0,-27.75,355.25,-0.007681564245810013
2015-02-13,383.0,388.5,382.25,387.25,167269,2,False,4.25,-0.25,0.0,-27.75,359.5,0.011963406052075909
2015-02-17,387.0,391.0,385.0,389.5,164635,2,False,2.25,-0.75,0.0,-27.75,361.75,0.006258692628650975
2015-02-18,389.0,390.5,383.0,383.75,162322,2,False,-5.75,4.125,0.0,-27.75,356.0,-0.015894955079474804
2015-02-19,383.75,391.25,382.25,389.75,176132,2,False,6.0,-5.125,0.0,-27.75,362.0,0.016853932584269593
2015-02-20,389.0,389.5,383.5,385.25,131258,2,False,-4.5,-0.25,0.0,-27.75,357.5,-0.012430939226519389
2015-02-23,385.25,386.0,377.5,378.75,142798,2,False,-6.5,-2.875,0.0,-27.75,351.0,-0.018181818181818188
2015-02-24,379.0,387.0,377.5,377.5,207228,2,False,-1.25,-4.125,0.0,-27.75,349.75,-0.0035612535612535856
2015-02-25,378.0,379.5,371.5,375.75,115836,2,False,-1.75,1.5,0.0,-27.75,348.0,-0.005003573981415266
2015-02-26,376.0,382.25,375.0,380.0,95565,2,False,4.25,1.375,0.0,-27.75,352.25,0.012212643678160884
2015-02-27,379.0,387.25,377.0,384.5,35368,2,False,4.5,-0.75,0.0,-27.75,356.75,0.012775017743080097
2015-03-02,383.0,385.5,377.5,378.75,16974,3,True,-5.75,3.875,-9.625,-18.125,360.625,0.010861948142957267
2015-03-03,379.0,382.75,375.75,382.0,13906,3,False,3.25,-3.125,0.0,-18.125,363.875,0.009012131715771199
2015-03-04,382.0,382.25,378.0,381.5,10629,3,False,-0.5,2.25,0.0,-18.125,363.375,-0.0013740982480247022
2015-03-05,381.25,384.75,380.0,382.75,6365,3,False,1.25,-2.0,0.0,-18.125,364.625,0.0034399724802200993
2015-03-06,381.0,382.5,376.5,379.25,4631,3,False,-3.5,2.625,0.0,-18.125,361.125,-0.00959890298251631
2015-03-09,379.25,384.75,379.25,383.25,1898,3,False,4.0,-2.25,0.0,-18.125,365.125,0.011076497057805446
2015-03-10,383.0,384.5,377.0,382.25,4126,3,False,-1.0,2.875,0.0,-18.125,364.125,-0.002738788086271815
2015-03-11,382.25,387.75,381.5,384.0,1609,3,False,1.75,-1.375,0.0,-18.125,365.875,0.004806041881222134
2015-03-12,384.0,384.75,380.0,382.25,1241,3,False,-1.75,-3.25,0.0,-18.125,364.125,-0.004783054321831237
2015-03-13,383.25,383.75,374.0,374.0,155266,3,False,-8.25,1.625,0.0,-18.125,355.875,-0.022657054582904235
2015-03-16,380.75,382.25,375.5,379.0,145231,3,False,5.0,-8.125,0.0,-18.125,360.875,0.014049877063575744
2015-03-17,379.0,379.75,370.0,371.0,175673,3,False,-8.0,4.375,0.0,-18.125,352.875,-0.022168340838240375
2015-03-18,371.5,375.25,367.0,374.75,146488,3,False,3.75,-4.625,0.0,-18.125,356.625,0.010626992561105109
2015-03-19,377.5,380.5,370.5,373.5,152285,3,False,-1.25,7.625,0.0,-18.125,355.375,-0.003505082369435697
2015-03-20,373.5,387.5,372.75,385.0,211230,3,False,11.5,2.0,0.0,-18.125,366.875,0.032360182905381674
2015-03-23,385.0,391.75,385.0,390.25,160884,3,False,5.25,7.25,0.0,-18.125,372.125,0.014310051107325306
2015-03-24,389.25,393.75,388.5,393.25,135276,3,False,3.0,3.5,0.0,-18.125,375.125,0.008061807188444847
2015-03-25,392.75,395.75,391.5,395.0,150274,3,False,1.75,-0.375,0.0,-18.125,376.875,0.004665111629456931
2015-03-26,394.0,397.0,389.25,391.25,156056,3,False,-3.75,0.75,0.0,-18.125,373.125,-0.00995024875621886
2015-03-27,391.0,393.5,389.25,391.0,136749,3,False,-0.25,-0.125,0.0,-18.125,372.875,-0.0006700167504187782
2015-03-30,391.5,395.0,390.0,394.5,175824,3,False,3.5,-9.25,0.0,-18.125,376.375,0.00938652363392567
2015-03-31,394.0,398.5,375.5,376.25,349246,3,False,-18.25,4.5,0.0,-18.125,358.125,-0.04848887412819658
2015-04-01,377.0,382.25,374.0,381.75,221060,4,False,5.5,-6.75,0.0,-18.125,363.625,0.015357766143106355
2015-04-02,381.75,388.5,378.25,386.5,177882,4,False,4.75,2.0,0.0,-18.125,368.375,0.013062908215881741
2015-04-06,386.25,390.0,383.5,385.0,84776,4,False,-1.5,1.375,0.0,-18.125,366.875,-0.004071937563624006
2015-04-07,385.0,387.25,382.0,383.0,99163,4,False,-2.0,-2.625,0.0,-18.125,364.875,-0.00545144804088582
2015-04-08,383.25,385.0,376.75,379.25,214355,4,False,-3.75,-1.625,0.0,-18.125,361.125,-0.010277492291880796
2015-04-09,379.0,380.0,375.0,378.0,198132,4,False,-1.25,-2.375,0.0,-18.125,359.875,-0.00346140533056416
2015-04-10,378.25,379.5,374.25,377.0,196231,4,False,-1.0,-3.875,0.0,-18.125,358.875,-0.0027787426189649356
2015-04-13,375.0,376.0,370.25,370.5,184709,4,False,-6.5,1.0,0.0,-18.125,352.375,-0.018112156043190497
2015-04-14,371.0,374.75,370.0,373.5,173032,4,False,3.0,-2.0,0.0,-18.125,355.375,0.008513657325292634
2015-04-15,372.75,379.0,370.5,376.0,220497,4,False,2.5,1.625,0.0,-18.125,357.875,0.00703482237073505
2015-04-16,375.75,377.75,373.0,376.25,122447,4,False,0.25,3.0,0.0,-18.125,358.125,0.0006985679357316421
2015-04-17,376.25,380.75,375.0,379.75,152395,4,False,3.5,-0.75,0.0,-18.125,361.625,0.00977312390924956
2015-04-20,379.5,381.75,375.75,378.0,133450,4,False,-1.75,-0.75,0.0,-18.125,359.875,-0.004839267196681596
2015-04-21,377.0,377.0,371.25,373.0,179367,4,False,-5.0,-1.125,0.0,-18.125,354.875,-0.013893713094824567
2015-04-22,373.0,374.0,369.25,372.5,141185,4,False,-0.5,-3.375,0.0,-18.125,354.375,-0.001408946812257783
2015-04-23,372.5,378.0,370.25,370.75,191785,4,False,-1.75,-3.375,0.0,-18.125,352.625,-0.004938271604938316
2015-04-24,371.0,371.25,363.75,364.5,145306,4,False,-6.25,-2.75,0.0,-18.125,346.375,-0.017724211272598378
2015-04-27,363.75,365.25,360.5,360.75,139207,4,False,-3.75,-3.0,0.0,-18.125,342.625,-0.01082641645615301
2015-04-28,360.5,363.5,359.0,361.0,116765,4,False,0.25,-0.5,0.0,-18.125,342.875,0.0007296607077709183
2015-04-29,361.0,364.5,359.5,363.75,79151,4,False,2.75,-0.5,0.0,-18.125,345.625,0.008020415603354092
2015-04-30,364.25,367.75,360.0,362.5,19353,4,False,-1.25,0.0,0.0,-18.125,344.375,-0.003616636528028905
2015-05-01,362.5,363.0,357.5,359.75,6089,5,True,-2.75,-1.125,-1.625,-16.5,343.25,-0.0032667876588021727
2015-05-04,359.0,360.75,356.75,358.75,3335,5,False,-1.0,-0.125,0.0,-16.5,342.25,-0.0029133284777859147
2015-05-05,357.75,361.75,354.0,361.25,4250,5,False,2.5,2.125,0.0,-16.5,344.75,0.007304601899196461
2015-05-06,361.75,369.0,361.75,366.5,2990,5,False,5.25,-3.125,0.0,-16.5,350.0,0.015228426395939021
2015-05-07,365.5,366.25,357.25,357.75,3293,5,False,-8.75,3.0,0.0,-16.5,341.25,-0.025000000000000022
2015-05-08,357.75,359.0,356.5,358.5,1210,5,False,0.75,-4.5,0.0,-16.5,342.0,0.00219780219780219
2015-05-11,359.0,361.0,357.0,358.25,636,5,False,-0.25,-0.25,0.0,-16.5,341.75,-0.0007309941520468044
2015-05-12,358.25,362.0,355.25,357.0,406,5,False,-1.25,-0.625,0.0,-16.5,340.5,-0.003657644476956823
2015-05-13,356.25,359.0,352.75,356.0,579,5,False,-1.0,1.875,0.0,-16.5,339.5,-0.002936857562408246
2015-05-14,356.75,363.75,356.0,361.0,198520,5,False,5.0,1.75,0.0,-16.5,344.5,0.014727540500736325
2015-05-15,367.75,371.5,362.0,365.5,171130,5,False,4.5,3.75,0.0,-16.5,349.0,0.013062409288824295
2015-05-18,365.25,371.25,364.0,368.0,155820,5,False,2.5,-0.75,0.0,-16.5,351.5,0.007163323782235054
2015-05-19,367.25,368.5,360.25,362.0,175468,5,False,-6.0,0.25,0.0,-16.5,345.5,-0.017069701280227556
2015-05-20,362.25,362.5,358.5,360.0,152947,5,False,-2.0,-0.5,0.0,-16.5,343.5,-0.005788712011577379
2015-05-21,360.0,366.5,359.75,365.0,170412,5,False,5.0,-3.5,0.0,-16.5,348.5,0.01455604075691408
2015-05-22,364.0,367.75,359.75,360.0,155675,5,False,-5.0,0.0,0.0,-16.5,343.5,-0.01434720229555242
2015-05-26,361.0,362.5,354.0,355.0,172180,5,False,-5.0,-5.25,0.0,-16.5,338.5,-0.01455604075691408
2015-05-27,355.0,356.5,348.75,349.5,180699,5,False,-5.5,-0.5,0.0,-16.5,333.0,-0.01624815361890697
2015-05-28,349.5,355.0,348.25,353.5,163613,5,False,4.0,-3.75,0.0,-16.5,337.0,0.012012012012011963
2015-05-29,353.25,357.0,350.0,351.5,141539,5,False,-2.0,2.375,0.0,-16.5,335.0,-0.005934718100890191
2015-06-01,350.5,354.25,348.25,352.25,140812,6,False,0.75,2.375,0.0,-16.5,335.75,0.002238805970149249
2015-06-02,352.0,359.5,351.75,359.0,180406,6,False,6.75,0.375,0.0,-16.5,342.5,0.02010424422933732
2015-06-03,359.0,364.0,357.0,359.0,222940,6,False,0.0,5.625,0.0,-16.5,342.5,0.0
2015-06-04,358.5,364.5,356.5,363.5,146468,6,False,4.5,-1.5,0.0,-16.5,347.0,0.013138686131386912
2015-06-05,362.75,367.25,359.75,360.5,209282,6,False,-3.0,4.625,0.0,-16.5,344.0,-0.008645533141210415
2015-06-08,360.5,366.25,360.5,365.25,174596,6,False,4.75,-1.625,0.0,-16.5,348.75,0.01380813953488369
2015-06-09,364.75,368.5,362.5,365.0,230801,6,False,-0.25,-1.5,0.0,-16.5,348.5,-0.0007168458781362519
2015-06-10,364.75,366.5,356.75,357.25,349011,6,False,-7.75,-0.5,0.0,-16.5,340.75,-0.02223816355810615
2015-06-11,357.5,360.0,354.5,356.5,256052,6,False,-0.75,-5.625,0.0,-16.5,340.0,-0.002201027146001455
2015-06-12,356.0,356.75,352.25,353.0,223042,6,False,-3.5,-2.75,0.0,-16.5,336.5,-0.010294117647058787
2015-06-15,353.0,353.25,346.75,348.25,261742,6,False,-4.75,1.125,0.0,-16.5,331.75,-0.014115898959881079
2015-06-16,349.0,354.25,347.5,354.0,253135,6,False,5.75,0.25,0.0,-16.5,337.5,0.017332328560663246
2015-06-17,353.75,361.25,353.75,359.25,197540,6,False,5.25,2.25,0.0,-16.5,342.75,0.015555555555555545
2015-06-18,359.0,361.25,356.0,358.0,180245,6,False,-1.25,0.25,0.0,-16.5,341.5,-0.00364697301239969
2015-06-19,357.75,358.0,351.75,353.25,164909,6,False,-4.75,2.75,0.0,-16.5,336.75,-0.013909224011713017
2015-06-22,352.75,360.5,350.5,360.0,179336,6,False,6.75,1.375,0.0,-16.5,343.5,0.020044543429844186
2015-06-23,361.0,368.75,360.5,367.5,202628,6,False,7.5,2.875,0.0,-16.5,351.0,0.02183406113537112
2015-06-24,367.0,371.0,363.25,366.5,210672,6,False,-1.0,8.75,0.0,-16.5,350.0,-0.002849002849002802
2015-06-25,366.0,377.0,363.5,376.5,176632,6,False,10.0,3.75,0.0,-16.5,360.0,0.02857142857142847
2015-06-26,376.0,390.0,375.5,385.0,191984,6,False,8.5,4.125,0.0,-16.5,368.5,0.023611111111111027
2015-06-29,383.75,391.75,381.75,383.25,138122,6,False,-1.75,19.625,0.0,-16.5,366.75,-0.004748982360922693
2015-06-30,383.25,415.0,382.75,414.0,39750,6,False,30.75,-1.0,0.0,-16.5,397.5,0.08384458077709622
2015-07-01,411.0,417.0,403.0,413.75,18653,7,True,-0.25,18.375,-18.625,2.125,415.875,0.04622641509433967
2015-07-02,413.0,422.0,409.75,419.75,11002,7,False,6.0,-0.75,0.0,2.125,421.875,0.014427412082957725
2015-07-06,417.75,419.5,409.0,418.5,10263,7,False,-1.25,1.625,0.0,2.125,420.625,-0.002962962962962945
2015-07-07,412.5,416.0,407.75,415.75,6959,7,False,-2.75,-0.375,0.0,2.125,417.875,-0.0065378900445765
2015-07-08,414.75,420.75,411.75,416.25,5780,7,False,0.5,1.125,0.0,2.125,418.375,0.0011965300628178355
2015-07-09,416.5,425.0,416.5,421.25,5157,7,False,5.0,3.25,0.0,2.125,423.375,0.011951000896325059
2015-07-10,420.0,431.0,418.0,427.25,1961,7,False,6.0,5.625,0.0,2.125,429.375,0.01417183348095663
2015-07-13,427.0,434.25,424.0,433.5,1528,7,False,6.25,-1.75,0.0,2.125,435.625,0.01455604075691408
2015-07-14,433.75,436.25,423.25,424.0,157441,7,False,-9.5,5.875,0.0,2.125,426.125,-0.021807747489239637
2015-07-15,427.0,431.75,421.0,429.5,155160,7,False,5.5,-4.5,0.0,2.125,431.625,0.012907010853622669
2015-07-16,430.25,438.75,428.25,430.0,144241,7,False,0.5,-2.125,0.0,2.125,432.125,0.0011584129742252536
2015-07-17,428.0,429.5,418.25,420.25,108363,7,False,-9.75,-7.375,0.0,2.125,422.375,-0.022562915822967877
2015-07-20,418.5,418.5,404.5,405.0,115539,7,False,-15.25,-4.125,0.0,2.125,407.125,-0.036105356614382966
2015-07-21,406.5,410.25,402.5,406.5,99828,7,False,1.5,-9.5,0.0,2.125,408.625,0.003684372121584234
2015-07-22,407.25,407.5,399.75,402.75,102950,7,False,-3.75,1.0,0.0,2.125,404.875,-0.009177118384827154
2015-07-23,403.5,405.25,398.5,403.25,91749,7,False,0.5,-7.25,0.0,2.125,405.375,0.00123494905835142
2015-07-24,403.25,403.5,392.0,392.5,95623,7,False,-10.75,-9.5,0.0,2.125,394.625,-0.026518655565834104
2015-07-27,389.0,389.25,372.5,373.0,168643,7,False,-19.5,-4.375,0.0,2.125,375.125,-0.04941400063351287
2015-07-28,373.5,376.0,370.0,375.0,90252,7,False,2.0,-13.375,0.0,2.125,377.125,0.005331556147950778
2015-07-29,377.5,377.75,367.0,367.75,102337,7,False,-7.25,3.75,0.0,2.125,369.875,-0.01922439509446472
2015-07-30,367.75,374.5,365.75,373.25,122979,7,False,5.5,-4.75,0.0,2.125,375.375,0.014869888475836479
2015-07-31,374.75,377.5,369.25,371.0,108953,7,False,-2.25,0.5,0.0,2.125,373.125,-0.005994005994006013
2015-08-03,370.0,370.5,365.0,366.5,87164,8,False,-4.5,0.0,0.0,2.125,368.625,-0.012060301507537674
2015-08-04,368.0,372.75,366.75,368.75,84695,8,False,2.25,-0.25,0.0,2.125,370.875,0.006103763987792554
2015-08-05,368.75,373.75,367.5,372.75,124085,8,False,4.0,-0.375,0.0,2.125,374.875,0.010785305021907554
2015-08-06,372.5,375.0,369.25,369.75,90804,8,False,-3.0,3.5,0.0,2.125,371.875,-0.008002667555851994
2015-08-07,370.0,375.0,366.5,372.75,135952,8,False,3.0,7.25,0.0,2.125,374.875,0.00806722689075623
2015-08-10,374.0,391.5,373.75,390.25,179127,8,False,17.5,-5.375,0.0,2.125,392.375,0.0466822274091363
2015-08-11,388.5,388.5,376.0,376.5,150143,8,False,-13.75,-0.875,0.0,2.125,378.625,-0.03504300732717425
2015-08-12,377.0,382.75,346.5,357.25,213756,8,False,-19.25,-3.625,0.0,2.125,359.375,-0.05084186200066032
2015-08-13,358.25,364.75,355.25,363.75,171458,8,False,6.5,-9.5,0.0,2.125,365.875,0.018086956521739195
2015-08-14,363.75,365.75,359.75,364.0,121627,8,False,0.25,2.875,0.0,2.125,366.125,0.0006832934745473196
2015-08-17,363.5,368.0,361.25,363.25,96021,8,False,-0.75,1.625,0.0,2.125,365.375,-0.002048480710139966
2015-08-18,363.0,368.25,361.75,366.25,92424,8,False,3.0,0.125,0.0,2.125,368.375,0.008210742387957604
2015-08-19,366.0,372.0,365.75,367.25,95765,8,False,1.0,3.375,0.0,2.125,369.375,0.00271462504241593
2015-08-20,367.0,371.75,367.0,371.0,106836,8,False,3.75,-2.375,0.0,2.125,373.125,0.010152284263959421
2015-08-21,370.25,372.5,364.0,365.25,96220,8,False,-5.75,3.625,0.0,2.125,367.375,-0.015410385259631454
2015-08-24,365.0,370.25,354.0,368.75,157282,8,False,3.5,-4.5,0.0,2.125,370.875,0.009527050017012595
2015-08-25,368.0,375.0,363.75,365.5,110032,8,False,-3.25,-0.125,0.0,2.125,367.625,-0.008763060330299943
2015-08-26,365.25,369.0,361.5,361.75,82911,8,False,-3.75,-0.625,0.0,2.125,363.875,-0.010200612036722179
2015-08-27,362.5,367.25,360.25,363.75,128432,8,False,2.0,-2.125,0.0,2.125,365.875,0.005496392992099031
2015-08-28,362.5,368.75,362.25,363.25,121534,8,False,-0.5,1.25,0.0,2.125,365.375,-0.0013665869490946392
2015-08-31,362.25,365.25,359.75,363.75,26929,8,False,0.5,-4.125,0.0,2.125,365.875,0.0013684570646594896
2015-09-01,362.5,362.5,355.25,356.0,14224,9,True,-7.75,-0.75,-7.0,9.125,365.125,-0.0020498804236419588
2015-09-02,356.75,358.0,351.25,354.0,8732,9,False,-2.0,-7.0,0.0,9.125,363.125,-0.00547757617254363
2015-09-03,354.0,354.25,347.25,347.75,8523,9,False,-6.25,-0.125,0.0,9.125,356.875,-0.01721170395869187
2015-09-04,348.0,350.75,346.75,349.5,5793,9,False,1.75,-0.375,0.0,9.125,358.625,0.004903677758318681
2015-09-08,354.25,355.5,351.0,355.0,4757,9,False,5.5,1.625,0.0,9.125,364.125,0.015336354130359053
2015-09-09,353.25,359.25,353.25,356.5,4069,9,False,1.5,5.375,0.0,9.125,365.625,0.004119464469618972
2015-09-10,356.0,362.25,355.5,361.75,2090,9,False,5.25,7.125,0.0,9.125,370.875,0.014358974358974264
2015-09-11,361.75,374.75,357.0,374.5,2234,9,False,12.75,4.875,0.0,9.125,383.625,0.03437815975733072
2015-09-14,377.5,381.0,375.0,379.0,191326,9,False,4.5,12.125,0.0,9.125,388.125,0.011730205278592365
2015-09-15,392.75,395.0,388.75,390.5,137584,9,False,11.5,0.0,0.0,9.125,399.625,0.029629629629629672
2015-09-16,390.0,391.0,383.0,386.0,136515,9,False,-4.5,2.625,0.0,9.125,395.125,-0.011260556771973684
2015-09-17,385.25,385.5,379.25,379.75,100749,9,False,-6.25,-3.5,0.0,9.125,388.875,-0.01581777918380256
2015-09-18,380.0,382.5,376.5,377.25,122700,9,False,-2.5,0.5,0.0,9.125,386.375,-0.006428801028608211
2015-09-21,376.5,385.5,375.0,384.5,148745,9,False,7.25,-3.25,0.0,9.125,393.625,0.018764153995470823
2015-09-22,384.0,384.5,377.25,380.5,125418,9,False,-4.0,5.0,0.0,9.125,389.625,-0.010161956176564013
2015-09-23,379.5,384.5,379.0,383.25,99196,9,False,2.75,-2.875,0.0,9.125,392.375,0.0070580686557586425
2015-09-24,382.75,384.0,379.25,381.5,106335,9,False,-1.75,5.125,0.0,9.125,390.625,-0.004460019114367664
2015-09-25,381.25,389.5,381.0,389.0,143043,9,False,7.5,-2.0,0.0,9.125,398.125,0.019200000000000106
2015-09-28,388.75,392.5,383.75,386.75,143666,9,False,-2.25,4.875,0.0,9.125,395.875,-0.005651491365777028
2015-09-29,387.25,389.5,385.0,389.0,128653,9,False,2.25,-1.75,0.0,9.125,398.125,0.005683612251341952
2015-09-30,389.0,394.5,383.5,387.75,268863,9,False,-1.25,1.625,0.0,9.125,396.875,-0.0031397174254317317
2015-10-01,387.75,393.0,385.0,388.75,136427,10,False,1.0,-0.375,0.0,9.125,397.875,0.0025196850393700565
2015-10-02,388.0,391.5,384.0,389.25,164402,10,False,0.5,2.625,0.0,9.125,398.375,0.0012566760917374076
2015-10-05,389.25,394.0,388.75,393.5,113450,10,False,4.25,2.625,0.0,9.125,402.625,0.010668340131785303
2015-10-06,392.75,399.0,391.75,398.25,190309,10,False,4.75,0.875,0.0,9.125,407.375,0.011797578391803842
2015-10-07,397.5,399.75,393.75,395.75,146387,10,False,-2.5,0.125,0.0,9.125,404.875,-0.006136851795029097
2015-10-08,394.75,395.75,390.5,391.25,131351,10,False,-4.5,-5.5,0.0,9.125,400.375,-0.011114541525162114
2015-10-09,391.0,394.25,381.5,382.75,262772,10,False,-8.5,-3.25,0.0,9.125,391.875,-0.021230096784264796
2015-10-12,381.5,385.25,380.25,380.75,134597,10,False,-2.0,-2.375,0.0,9.125,389.875,-0.005103668261562944
2015-10-13,381.0,384.75,379.0,384.5,148065,10,False,3.75,-3.75,0.0,9.125,393.625,0.009618467457518376
2015-10-14,384.5,386.75,378.5,379.0,137517,10,False,-5.5,0.125,0.0,9.125,388.125,-0.013972689742775435
2015-10-15,378.75,379.5,375.0,375.5,123418,10,False,-3.5,-2.125,0.0,9.125,384.625,-0.00901771336553947
2015-10-16,375.5,378.0,372.5,376.75,142264,10,False,1.25,-3.625,0.0,9.125,385.875,0.003249918752031178
2015-10-19,377.25,377.5,372.5,373.0,120046,10,False,-3.75,2.5,0.0,9.125,382.125,-0.0097181729834791
2015-10-20,372.75,377.75,372.0,376.75,169213,10,False,3.75,0.125,0.0,9.125,385.875,0.00981354268891077
2015-10-21,377.0,381.0,375.5,380.75,215666,10,False,4.0,0.625,0.0,9.125,389.875,0.010366051182377767
2015-10-22,380.25,383.5,377.5,378.25,132712,10,False,-2.5,2.75,0.0,9.125,387.375,-0.006412311638345658
2015-10-23,377.75,380.0,375.0,379.75,171647,10,False,1.5,1.125,0.0,9.125,388.875,0.0038722168441431837
2015-10-26,380.0,385.75,378.0,384.5,200132,10,False,4.75,-1.5,0.0,9.125,393.625,0.012214721954355579
2015-10-27,384.0,387.5,379.0,380.0,205737,10,False,-4.5,0.375,0.0,9.125,389.125,-0.011432200698634487
2015-10-28,379.75,380.75,375.75,376.0,153094,10,False,-4.0,-0.25,0.0,9.125,385.125,-0.010279473176999732
2015-10-29,376.0,380.5,375.5,380.0,146184,10,False,4.0,-0.875,0.0,9.125,389.125,0.010386238234339595
2015-10-30,379.75,383.75,378.75,382.25,152847,10,False,2.25,-0.875,0.0,9.125,391.375,0.00578220366206228
2015-11-02,381.25,381.75,376.0,376.5,173276,11,False,-5.75,3.125,0.0,9.125,385.625,-0.01469179175982116
2015-11-03,376.5,382.25,375.75,380.5,247284,11,False,4.0,-2.875,0.0,9.125,389.625,0.010372771474878473
2015-11-04,379.5,383.5,376.5,380.5,245045,11,False,0.0,-1.0,0.0,9.125,389.625,0.0
2015-11-05,379.5,379.75,373.75,374.5,241092,11,False,-6.0,-0.75,0.0,9.125,383.625,-0.015399422521655493
2015-11-06,374.75,375.25,370.0,373.0,218103,11,False,-1.5,-6.125,0.0,9.125,382.125,-0.003910068426197455
2015-11-09,372.75,375.5,366.5,366.75,295989,11,False,-6.25,-4.625,0.0,9.125,375.875,-0.016355904481517802
2015-11-10,367.0,367.75,356.0,359.0,428758,11,False,-7.75,-1.5,0.0,9.125,368.125,-0.020618556701030966
2015-11-11,360.5,363.5,359.5,362.25,274519,11,False,3.25,-4.0,0.0,9.125,371.375,0.00882852292020364
2015-11-12,361.75,363.5,359.25,362.0,264486,11,False,-0.25,-0.25,0.0,9.125,371.125,-0.0006731740154829469
2015-11-13,361.5,362.25,358.0,358.25,165822,11,False,-3.75,0.75,0.0,9.125,367.375,-0.010104412260020235
2015-11-16,358.25,360.75,357.25,360.0,139156,11,False,1.75,-0.875,0.0,9.125,369.125,0.0047635250085062975
2015-11-17,360.0,362.5,358.25,362.0,195761,11,False,2.0,0.75,0.0,9.125,371.125,0.0054182187605824605
2015-11-18,362.0,364.25,358.5,361.75,245397,11,False,-0.25,2.25,0.0,9.125,370.875,-0.000673627484001349
2015-11-19,361.75,365.5,360.25,364.25,175839,11,False,2.5,-0.625,0.0,9.125,373.375,0.006740815638692332
2015-11-20,363.5,366.5,362.0,363.25,188672,11,False,-1.0,3.25,0.0,9.125,372.375,-0.0026782725142283637
2015-11-23,362.5,367.5,360.0,367.25,177566,11,False,4.0,-2.0,0.0,9.125,376.375,0.010741859684457955
2015-11-24,367.0,367.25,364.0,364.25,163371,11,False,-3.0,2.875,0.0,9.125,373.375,-0.007970773829292566
2015-11-25,364.25,366.5,364.0,366.0,147246,11,False,1.75,-4.875,0.0,9.125,375.125,0.004686976899899609
2015-11-27,365.25,365.75,358.75,359.25,73101,11,False,-6.75,3.75,0.0,9.125,368.375,-0.017994001999333542
2015-11-30,359.75,366.0,359.25,365.0,33639,11,False,5.75,-2.375,0.0,9.125,374.125,0.015609093993891987
2015-12-01,365.25,368.75,364.5,367.0,10597,12,True,2.0,1.375,0.625,8.5,375.5,0.0036752422318744316
2015-12-02,367.0,367.0,363.5,364.0,4775,12,False,-3.0,4.125,0.0,8.5,372.5,-0.007989347536617841
2015-12-03,363.75,371.25,361.25,370.25,11682,12,False,6.25,1.5,0.0,8.5,378.75,0.016778523489932917
2015-12-04,370.0,376.5,369.75,376.25,4951,12,False,6.0,-0.75,0.0,8.5,384.75,0.015841584158415856
2015-12-07,375.75,376.0,368.0,368.5,3397,12,False,-7.75,3.75,0.0,8.5,377.0,-0.020142949967511425
2015-12-08,369.0,371.0,367.25,370.0,3115,12,False,1.5,-3.0,0.0,8.5,378.5,0.003978779840848823
2015-12-09,370.75,376.75,368.5,371.75,3550,12,False,1.75,3.5,0.0,8.5,380.25,0.004623513870541718
2015-12-10,372.5,379.25,371.75,377.25,2951,12,False,5.5,-1.25,0.0,8.5,385.75,0.014464168310322156
2015-12-11,377.0,378.75,372.75,373.0,2061,12,False,-4.25,7.125,0.0,8.5,381.5,-0.011017498379779611
2015-12-14,373.5,381.75,373.5,381.75,128249,12,False,8.75,-4.375,0.0,8.5,390.25,0.022935779816513735
2015-12-15,378.25,379.5,375.75,377.25,103753,12,False,-4.5,0.625,0.0,8.5,385.75,-0.011531069827034002
2015-12-16,377.0,377.75,369.25,369.75,159022,12,False,-7.5,0.0,0.0,8.5,378.25,-0.01944264419961117
2015-12-17,370.25,375.0,362.5,374.25,269285,12,False,4.5,-3.625,0.0,8.5,382.75,0.01189689358889634
2015-12-18,374.25,379.5,372.75,374.5,180303,12,False,0.25,1.0,0.0,8.5,383.0,0.0006531678641410466
2015-12-21,374.0,377.0,369.75,372.0,129720,12,False,-2.5,-2.75,0.0,8.5,380.5,-0.00652741514360311
2015-12-22,372.0,374.5,366.0,366.25,124216,12,False,-5.75,-1.625,0.0,8.5,374.75,-0.015111695137976389
2015-12-23,366.5,367.75,364.5,365.5,95523,12,False,-0.75,-3.375,0.0,8.5,374.0,-0.002001334222815232
2015-12-24,365.0,365.75,363.5,364.5,57476,12,False,-1.0,-2.125,0.0,8.5,373.0,-0.002673796791443861
2015-12-28,363.75,365.5,360.5,361.0,101006,12,False,-3.5,0.25,0.0,8.5,369.5,-0.009383378016085797
2015-12-29,361.0,363.0,357.0,362.5,123500,12,False,1.5,-3.5,0.0,8.5,371.0,0.004059539918809252
2015-12-30,362.5,364.0,358.0,359.0,102103,12,False,-3.5,0.625,0.0,8.5,367.5,-0.009433962264150941
2015-12-31,358.5,360.25,357.5,358.75,77003,12,False,-0.25,-5.375,0.0,8.5,367.25,-0.0006802721088435826
2016-01-04,359.5,360.0,350.5,351.5,188747,1,False,-7.25,0.625,0.0,8.5,360.0,-0.019741320626276426
2016-01-05,352.75,356.0,351.75,353.0,147255,1,False,1.5,-3.5,0.0,8.5,361.5,0.004166666666666652
2016-01-06,353.5,354.75,350.25,353.25,138855,1,False,0.25,0.625,0.0,8.5,361.75,0.0006915629322268302
2016-01-07,353.25,354.25,348.5,353.0,151656,1,False,-0.25,2.125,0.0,8.5,361.5,-0.0006910850034553828
2016-01-08,353.0,357.75,352.75,357.0,178645,1,False,4.0,-2.75,0.0,8.5,365.5,0.011065006915629283
2016-01-11,357.0,357.25,349.5,351.75,174492,1,False,-5.25,4.5,0.0,8.5,360.25,-0.014363885088919282
2016-01-12,352.0,363.75,349.5,356.75,298175,1,False,5.0,-2.0,0.0,8.5,365.25,0.013879250520471897
2016-01-13,356.0,360.75,355.5,358.0,216869,1,False,1.25,2.5,0.0,8.5,366.5,0.003422313483915085
2016-01-14,357.75,360.25,355.5,358.0,163853,1,False,0.0,3.25,0.0,8.5,366.5,0.0
2016-01-15,358.0,363.5,356.0,363.25,179659,1,False,5.25,2.25,0.0,8.5,371.75,0.014324693042292003
2016-01-19,364.0,369.5,364.0,367.75,227108,1,False,4.5,3.125,0.0,8.5,376.25,0.012104909213180859
2016-01-20,367.5,369.25,365.25,368.75,193968,1,False,1.0,1.375,0.0,8.5,377.25,0.0026578073089700283
2016-01-21,368.75,372.0,365.5,367.0,245065,1,False,-1.75,2.125,0.0,8.5,375.5,-0.004638833664678543
2016-01-22,366.75,371.5,366.5,370.25,163779,1,False,3.25,-1.125,0.0,8.5,378.75,0.008655126498002597
2016-01-25,370.0,372.5,368.0,369.75,153213,1,False,-0.5,1.375,0.0,8.5,378.25,-0.0013201320132013583
2016-01-26,369.25,372.0,367.0,369.25,167690,1,False,-0.5,-0.25,0.0,8.5,377.75,-0.0013218770654329637
2016-01-27,368.75,371.0,367.5,369.25,176387,1,False,0.0,-2.125,0.0,8.5,377.75,0.0
2016-01-28,368.75,370.25,365.0,365.5,180821,1,False,-3.75,3.25,0.0,8.5,374.0,-0.00992720052945073
2016-01-29,365.25,372.5,365.0,372.0,220973,1,False,6.5,-2.25,0.0,8.5,380.5,0.017379679144384985
2016-02-01,371.0,371.75,367.75,371.25,144223,2,False,-0.75,3.875,0.0,8.5,379.75,-0.001971090670170872
2016-02-02,371.25,373.75,369.0,372.5,203481,2,False,1.25,-1.125,0.0,8.5,381.0,0.003291639236339794
2016-02-03,372.0,373.25,370.25,371.0,156546,2,False,-1.5,-0.625,0.0,8.5,379.5,-0.003937007874015741
2016-02-04,371.0,373.5,368.0,368.5,181870,2,False,-2.5,-2.125,0.0,8.5,377.0,-0.006587615283267456
2016-02-05,369.0,369.5,365.5,365.75,232059,2,False,-2.75,-3.0,0.0,8.5,374.25,-0.007294429708222805
2016-02-08,366.0,367.0,361.5,362.25,222967,2,False,-3.5,-2.0,0.0,8.5,370.75,-0.009352037408149605
2016-02-09,362.25,362.75,359.25,361.0,262404,2,False,-1.25,-2.125,0.0,8.5,369.5,-0.003371544167228624
2016-02-10,361.0,361.75,359.25,360.25,148373,2,False,-0.75,-0.625,0.0,8.5,368.75,-0.002029769959404626
2016-02-11,360.0,363.25,358.5,360.25,219260,2,False,0.0,-1.125,0.0,8.5,368.75,0.0
2016-02-12,361.0,362.0,358.25,358.75,183832,2,False,-1.5,2.125,0.0,8.5,367.25,-0.004067796610169538
2016-02-16,359.75,363.5,359.0,363.0,213497,2,False,4.25,1.375,0.0,8.5,371.5,0.011572498298161982
2016-02-17,362.75,367.5,362.0,367.25,174335,2,False,4.25,1.25,0.0,8.5,375.75,0.01144010767160153
2016-02-18,367.0,368.0,365.25,365.5,231650,2,False,-1.75,2.125,0.0,8.5,374.0,-0.004657351962741196
2016-02-19,365.25,367.5,364.75,365.5,197441,2,False,0.0,0.125,0.0,8.5,374.0,0.0
2016-02-22,366.5,369.25,366.25,367.5,218973,2,False,2.0,-2.75,0.0,8.5,376.0,0.005347593582887722
2016-02-23,367.0,367.25,361.5,362.0,127839,2,False,-5.5,-0.125,0.0,8.5,370.5,-0.0146276595744681
2016-02-24,362.0,362.75,358.75,359.75,170408,2,False,-2.25,-4.875,0.0,8.5,368.25,-0.006072874493927127
2016-02-25,359.75,361.5,355.0,355.5,147056,2,False,-4.25,-1.625,0.0,8.5,364.0,-0.01154107264086901
2016-02-26,355.5,356.25,352.5,354.5,120564,2,False,-1.0,-2.625,0.0,8.5,363.0,-0.0027472527472527375
2016-02-29,355.0,357.0,353.0,353.5,23036,2,False,-1.0,-0.375,0.0,8.5,362.0,-0.0027548209366391463
2016-03-01,353.5,355.0,353.0,353.75,11130,3,True,0.25,-0.125,0.375,8.125,361.875,-0.00034530386740327934
2016-03-02,353.75,355.5,352.5,354.5,2360,3,False,0.75,-0.25,0.0,8.125,362.625,0.002072538860103723
2016-03-03,354.0,355.5,351.75,353.75,4106,3,False,-0.75,0.75,0.0,8.125,361.875,-0.0020682523267838704
2016-03-04,354.0,357.75,353.5,354.5,2335,3,False,0.75,-0.125,0.0,8.125,362.625,0.002072538860103723
2016-03-07,357.5,358.5,354.5,355.0,1174,3,False,0.5,2.25,0.0,8.125,363.125,0.0013788348845225062
2016-03-08,355.0,361.0,354.25,358.75,1194,3,False,3.75,0.375,0.0,8.125,366.875,0.010327022375215211
2016-03-09,358.75,360.0,356.0,359.0,1749,3,False,0.25,3.625,0.0,8.125,367.125,0.0006814310051106443
2016-03-10,358.5,363.0,357.75,362.5,800,3,False,3.5,1.875,0.0,8.125,370.625,0.009533537623425348
2016-03-11,362.5,366.25,362.25,366.0,1779,3,False,3.5,2.125,0.0,8.125,374.125,0.009443507588532851
2016-03-14,366.0,367.75,364.25,366.75,159819,3,False,0.75,2.625,0.0,8.125,374.875,0.002004677581022296
2016-03-15,367.75,369.25,366.25,368.5,111210,3,False,1.75,0.25,0.0,8.125,376.625,0.004668222740913608
2016-03-16,367.75,368.5,366.0,368.25,104231,3,False,-0.25,1.0,0.0,8.125,376.375,-0.0006637902422834685
2016-03-17,368.25,372.0,366.5,368.5,197301,3,False,0.25,-0.875,0.0,8.125,376.625,0.0006642311524409639
2016-03-18,368.0,369.25,366.0,367.0,96097,3,False,-1.5,1.375,0.0,8.125,375.125,-0.003982741453700589
2016-03-21,366.5,370.0,365.75,369.5,109502,3,False,2.5,-0.5,0.0,8.125,377.625,0.00666444518493825
2016-03-22,369.0,371.75,368.75,370.0,148114,3,False,0.5,0.5,0.0,8.125,378.125,0.001324064879179021
2016-03-23,369.75,370.0,366.0,368.5,126700,3,False,-1.5,1.0,0.0,8.125,376.625,-0.003966942148760366
2016-03-24,368.75,370.25,367.25,370.0,146167,3,False,1.5,-0.5,0.0,8.125,378.125,0.003982741453700589
2016-03-28,369.5,372.0,367.75,370.5,127556,3,False,0.5,2.0,0.0,8.125,378.625,0.0013223140495868257
2016-03-29,370.5,373.0,368.5,373.0,174314,3,False,2.5,-2.75,0.0,8.125,381.125,0.00660283922086502
2016-03-30,372.5,374.0,366.75,367.0,214614,3,False,-6.0,-6.5,0.0,8.125,375.125,-0.01574286651361101
2016-03-31,366.75,367.25,347.5,351.5,522428,3,False,-15.5,-1.75,0.0,8.125,359.625,-0.04131956014661775
2016-04-01,351.75,354.5,347.25,354.0,268649,4,False,2.5,-7.5,0.0,8.125,362.125,0.006951685783802564
2016-04-04,353.75,355.0,350.75,354.5,183736,4,False,0.5,2.375,0.0,8.125,362.625,0.001380738695201833
2016-04-05,354.5,357.0,353.5,356.75,208622,4,False,2.25,0.875,0.0,8.125,364.875,0.006204756980351611
2016-04-06,356.75,359.0,355.0,358.0,174258,4,False,1.25,2.875,0.0,8.125,366.125,0.0034258307639603025
2016-04-07,357.75,362.0,357.5,361.5,281791,4,False,3.5,1.0,0.0,8.125,369.625,0.00955957664731999
2016-04-08,361.5,362.75,359.0,362.25,227920,4,False,0.75,-1.0,0.0,8.125,370.375,0.00202908353060538
2016-04-11,362.0,362.25,356.0,356.75,249689,4,False,-5.5,3.375,0.0,8.125,364.875,-0.014849814377320247
2016-04-12,357.0,365.5,356.75,362.75,341615,4,False,6.0,2.625,0.0,8.125,370.875,0.016443987667009274
2016-04-13,363.0,374.75,363.0,373.5,392883,4,False,10.75,3.25,0.0,8.125,381.625,0.02898550724637672
2016-04-14,373.0,374.5,369.75,374.0,296749,4,False,0.5,7.625,0.0,8.125,382.125,0.0013101867016049873
2016-04-15,373.5,380.5,372.0,378.5,295448,4,False,4.5,1.5,0.0,8.125,386.625,0.011776251226692791
2016-04-18,375.25,384.0,375.0,381.0,222137,4,False,2.5,4.0,0.0,8.125,389.125,0.0064662140316844585
2016-04-19,380.0,386.0,380.0,384.5,280508,4,False,3.5,6.375,0.0,8.125,392.625,0.008994539029874682
2016-04-20,384.5,395.5,383.25,394.75,217781,4,False,10.25,-3.375,0.0,8.125,402.875,0.026106335561922878
2016-04-21,394.0,402.0,383.25,384.5,191428,4,False,-10.25,-1.25,0.0,8.125,392.625,-0.025442134657151727
2016-04-22,384.25,384.25,370.5,371.75,174983,4,False,-12.75,-2.5,0.0,8.125,379.875,-0.03247373447946511
2016-04-25,371.25,385.0,368.5,377.0,123098,4,False,5.25,-3.75,0.0,8.125,385.125,0.01382033563672258
2016-04-26,377.25,383.0,374.0,382.25,110843,4,False,5.25,1.875,0.0,8.125,390.375,0.01363193768257065
2016-04-27,382.0,382.75,377.0,380.75,89197,4,False,-1.5,5.75,0.0,8.125,388.875,-0.003842459173871271
2016-04-28,379.75,390.75,378.75,387.0,74352,4,False,6.25,0.875,0.0,8.125,395.125,0.016072002571520416
2016-04-29,387.0,392.0,385.0,390.25,20109,4,False,3.25,3.125,0.0,8.125,398.375,0.008225245175577323
2016-05-02,388.75,391.0,383.5,390.25,8370,5,True,0.0,-4.375,4.375,3.75,394.0,-0.010982114841543766
2016-05-03,390.25,393.5,375.75,378.25,5540,5,False,-12.0,-2.5,0.0,3.75,382.0,-0.030456852791878153
2016-05-04,376.5,377.5,372.5,373.25,10039,5,False,-5.0,-6.75,0.0,3.75,377.0,-0.01308900523560208
2016-05-05,374.5,376.75,368.5,371.75,2453,5,False,-1.5,-0.375,0.0,3.75,375.5,-0.003978779840848823
2016-05-06,372.25,377.5,372.25,376.0,1551,5,False,4.25,-4.875,0.0,3.75,379.75,0.01131824234354184
2016-05-09,379.5,379.5,367.0,367.75,1035,5,False,-8.25,7.5,0.0,3.75,371.5,-0.02172481895984202
2016-05-10,367.75,383.0,367.0,378.5,841,5,False,10.75,-6.375,0.0,3.75,382.25,0.02893674293405124
2016-05-11,378.5,381.0,371.75,374.0,1093,5,False,-4.5,11.0,0.0,3.75,377.75,-0.011772400261608862
2016-05-12,374.75,386.0,374.5,385.25,787,5,False,11.25,-3.875,0.0,3.75,389.0,0.02978160158835208
2016-05-13,380.25,385.5,380.25,382.0,155078,5,False,-3.25,11.625,0.0,3.75,385.75,-0.008354755784061751
2016-05-16,390.25,394.25,386.25,394.0,161780,5,False,12.0,-0.125,0.0,3.75,397.75,0.03110823071937774
2016-05-17,392.5,398.0,391.75,397.0,193693,5,False,3.0,7.25,0.0,3.75,400.75,0.007542426147077341
2016-05-18,397.0,400.5,394.0,399.5,184087,5,False,2.5,-3.25,0.0,3.75,403.25,0.006238303181534732
2016-05-19,397.5,397.75,385.5,390.0,229117,5,False,-9.5,3.5,0.0,3.75,393.75,-0.023558586484810906
2016-05-20,390.0,396.75,389.0,394.5,177947,5,False,4.5,-3.125,0.0,3.75,398.25,0.011428571428571344
2016-05-23,394.0,399.25,391.0,397.75,156434,5,False,3.25,2.125,0.0,3.75,401.5,0.008160703075957398
2016-05-24,397.25,403.25,394.5,397.5,160508,5,False,-0.25,5.25,0.0,3.75,401.25,-0.0006226650062266526
2016-05-25,396.5,405.0,395.75,404.75,170814,5,False,7.25,1.625,0.0,3.75,408.5,0.01806853582554524
2016-05-26,404.0,409.25,400.0,408.25,223709,5,False,3.5,5.875,0.0,3.75,412.0,0.008567931456548328
2016-05-27,408.0,413.5,406.5,412.75,174313,5,False,4.5,-2.25,0.0,3.75,416.5,0.010922330097087318
2016-05-31,412.5,413.0,404.0,404.75,205686,5,False,-8.0,6.75,0.0,3.75,408.5,-0.019207683073229287
2016-06-01,404.25,414.0,401.0,413.75,213032,6,False,9.0,-3.25,0.0,3.75,417.5,0.022031823745410017
2016-06-02,413.75,419.5,412.5,415.25,223629,6,False,1.5,6.0,0.0,3.75,419.0,0.00359281437125758
2016-06-03,414.0,419.25,410.5,418.25,183279,6,False,3.0,5.25,0.0,3.75,422.0,0.007159904534606243
2016-06-06,419.75,427.5,419.25,427.25,223124,6,False,9.0,1.75,0.0,3.75,431.0,0.021327014218009532
2016-06-07,426.25,428.0,422.5,427.75,273076,6,False,0.5,6.25,0.0,3.75,431.5,0.0011600928074246841
2016-06-08,427.25,439.25,426.5,431.25,342762,6,False,3.5,-2.125,0.0,3.75,435.0,0.008111239860950192
2016-06-09,430.25,430.25,423.25,426.5,262525,6,False,-4.75,0.0,0.0,3.75,430.25,-0.01091954022988506
2016-06-10,426.5,437.0,420.0,423.0,291065,6,False,-3.5,1.125,0.0,3.75,426.75,-0.00813480534572919
2016-06-13,427.5,438.0,427.5,430.0,304087,6,False,7.0,1.5,0.0,3.75,433.75,0.016403046280023537
2016-06-14,429.5,436.75,423.5,436.5,236330,6,False,6.5,-0.25,0.0,3.75,440.25,0.014985590778098024
2016-06-15,435.75,439.0,428.5,429.0,186442,6,False,-7.5,1.375,0.0,3.75,432.75,-0.017035775127768327
2016-06-16,426.25,429.75,420.5,425.25,196401,6,False,-3.75,2.5,0.0,3.75,429.0,-0.008665511265164683
2016-06-17,425.0,438.25,423.5,437.75,179118,6,False,12.5,-10.125,0.0,3.75,441.5,0.029137529137529095
2016-06-20,435.5,435.75,420.5,421.25,204937,6,False,-16.5,-6.25,0.0,3.75,425.0,-0.03737259343148358
2016-06-21,420.5,422.25,396.25,396.25,292416,6,False,-25.0,-9.875,0.0,3.75,400.0,-0.05882352941176472
2016-06-22,396.5,401.0,392.25,393.0,211875,6,False,-3.25,-15.375,0.0,3.75,396.75,-0.008125000000000049
2016-06-23,392.0,392.75,384.0,387.25,164756,6,False,-5.75,-3.0,0.0,3.75,391.0,-0.01449275362318836
2016-06-24,387.5,390.0,373.5,384.5,180562,6,False,-2.75,-2.5,0.0,3.75,388.25,-0.00703324808184147
2016-06-27,384.25,392.0,383.0,385.25,123573,6,False,0.75,-1.375,0.0,3.75,389.0,0.0019317450096587585
2016-06-28,383.0,398.25,382.5,385.25,121380,6,False,0.0,-5.875,0.0,3.75,389.0,0.0
2016-06-29,385.5,387.25,372.25,372.75,99434,6,False,-12.5,-7.0,0.0,3.75,376.5,-0.03213367609254503
2016-06-30,375.0,377.5,355.75,358.75,37491,6,False,-14.0,-9.125,0.0,3.75,362.5,-0.03718459495351922
2016-07-01,360.75,361.5,352.0,353.0,6927,7,True,-5.75,-11.5,5.75,-2.0,351.0,-0.03172413793103446
2016-07-05,348.0,350.5,333.75,344.0,4788,7,False,-9.0,-7.0,0.0,-2.0,342.0,-0.02564102564102566
2016-07-06,344.75,346.5,333.0,335.75,4287,7,False,-8.25,-4.625,0.0,-2.0,333.75,-0.02412280701754388
2016-07-07,338.5,348.0,334.5,335.5,2550,7,False,-0.25,3.0,0.0,-2.0,333.5,-0.0007490636704119424
2016-07-08,337.25,349.75,336.75,349.75,1160,7,False,14.25,-3.125,0.0,-2.0,347.75,0.04272863568215901
2016-07-11,354.25,354.75,341.75,343.75,1164,7,False,-6.0,10.125,0.0,-2.0,341.75,-0.017253774263120025
2016-07-12,343.0,350.25,339.75,349.75,388,7,False,6.0,5.0,0.0,-2.0,347.75,0.017556693489392927
2016-07-13,353.0,372.75,348.5,365.75,673,7,False,16.0,1.25,0.0,-2.0,363.75,0.046010064701653475
2016-07-14,369.5,374.5,360.0,362.25,108690,7,False,-3.5,3.0,0.0,-2.0,360.25,-0.009621993127147732
2016-07-15,356.5,361.0,343.0,352.25,104622,7,False,-10.0,0.625,0.0,-2.0,350.25,-0.027758501040943795
2016-07-18,352.25,357.5,348.25,357.0,84620,7,False,4.75,-12.625,0.0,-2.0,355.0,0.013561741613133504
2016-07-19,356.5,356.5,341.5,341.75,88392,7,False,-15.25,0.25,0.0,-2.0,339.75,-0.04295774647887329
2016-07-20,344.25,346.5,335.0,337.5,111929,7,False,-4.25,-9.25,0.0,-2.0,335.5,-0.012509197939661543
2016-07-21,337.75,341.75,332.75,334.25,92502,7,False,-3.25,-1.75,0.0,-2.0,332.25,-0.009687034277198192
2016-07-22,334.5,336.75,326.75,335.0,101545,7,False,0.75,-1.75,0.0,-2.0,333.0,0.0022573363431150906
2016-07-25,335.0,338.25,330.25,334.75,92724,7,False,-0.25,-0.75,0.0,-2.0,332.75,-0.0007507507507507061
2016-07-26,333.5,336.5,331.0,332.5,95060,7,False,-2.25,1.5,0.0,-2.0,330.5,-0.006761833208114187
2016-07-27,332.5,338.0,331.75,335.75,81045,7,False,3.25,-3.375,0.0,-2.0,333.75,0.009833585476550777
2016-07-28,335.75,338.5,329.0,331.25,88777,7,False,-4.5,3.25,0.0,-2.0,329.25,-0.013483146067415741
2016-07-29,331.25,335.0,328.75,334.5,102314,7,False,3.25,-6.625,0.0,-2.0,332.5,0.009870918754745661
2016-08-01,332.25,333.75,325.5,325.75,83565,8,False,-8.75,0.875,0.0,-2.0,323.75,-0.02631578947368418
2016-08-02,325.25,327.5,319.5,324.25,120083,8,False,-1.5,-4.0,0.0,-2.0,322.25,-0.004633204633204602
2016-08-03,323.75,328.75,322.25,325.0,91696,8,False,0.75,-2.875,0.0,-2.0,323.0,0.002327385570209506
2016-08-04,325.0,326.75,320.5,320.75,83083,8,False,-4.25,2.125,0.0,-2.0,318.75,-0.013157894736842146
2016-08-05,320.5,325.0,320.0,324.25,139530,8,False,3.5,-1.625,0.0,-2.0,322.25,0.01098039215686275
2016-08-08,324.25,328.0,322.5,325.25,148916,8,False,1.0,0.25,0.0,-2.0,323.25,0.003103180760279267
2016-08-09,325.25,326.75,322.0,322.25,121417,8,False,-3.0,0.625,0.0,-2.0,320.25,-0.009280742459396807
2016-08-10,322.0,325.5,321.25,322.5,148918,8,False,0.25,-2.25,0.0,-2.0,320.5,0.0007806401249024209
2016-08-11,322.25,323.75,320.5,321.0,125764,8,False,-1.5,0.75,0.0,-2.0,319.0,-0.004680187207488307
2016-08-12,320.5,323.0,312.0,322.25,146083,8,False,1.25,1.375,0.0,-2.0,320.25,0.003918495297805746
2016-08-15,321.25,329.0,321.0,326.5,75700,8,False,4.25,1.125,0.0,-2.0,324.5,0.013270882123341154
2016-08-16,326.75,329.0,324.25,327.5,78795,8,False,1.0,3.5,0.0,-2.0,325.5,0.0030816640986133237
2016-08-17,327.25,330.75,327.0,330.25,103659,8,False,2.75,1.375,0.0,-2.0,328.25,0.008448540706605279
2016-08-18,330.0,333.0,326.5,332.0,72273,8,False,1.75,2.5,0.0,-2.0,330.0,0.005331302361005319
2016-08-19,332.25,334.75,330.0,334.25,85600,8,False,2.25,0.375,0.0,-2.0,332.25,0.006818181818181834
2016-08-22,333.75,334.5,330.5,333.25,71837,8,False,-1.0,-1.25,0.0,-2.0,331.25,-0.0030097817908201208
2016-08-23,333.0,333.0,326.5,328.5,90241,8,False,-4.75,-1.0,0.0,-2.0,326.5,-0.014339622641509453
2016-08-24,328.25,330.5,325.5,327.5,77905,8,False,-1.0,-4.375,0.0,-2.0,325.5,-0.003062787136294043
2016-08-25,327.0,328.5,322.25,323.5,94419,8,False,-4.0,-4.125,0.0,-2.0,321.5,-0.01228878648233489
2016-08-26,323.5,325.25,315.75,316.25,98576,8,False,-7.25,-4.25,0.0,-2.0,314.25,-0.02255054432348369
2016-08-29,316.25,318.75,310.75,311.75,128342,8,False,-4.5,-7.5,0.0,-2.0,309.75,-0.014319809069212375
2016-08-30,311.75,312.75,303.5,304.0,132215,8,False,-7.75,-3.5,0.0,-2.0,302.0,-0.025020177562550483
2016-08-31,304.0,307.25,301.0,301.5,25255,8,False,-2.5,0.875,0.0,-2.0,299.5,-0.008278145695364225
2016-09-01,302.0,311.5,301.75,311.0,11499,9,True,9.5,1.5,8.0,-10.0,301.0,0.005008347245408995
2016-09-02,311.0,317.75,311.0,316.5,3408,9,False,5.5,4.875,0.0,-10.0,306.5,0.0182724252491695
2016-09-06,316.0,317.25,312.5,316.75,2455,9,False,0.25,4.875,0.0,-10.0,306.75,0.0008156606851550396
2016-09-07,316.25,322.0,315.0,321.0,2568,9,False,4.25,3.125,0.0,-10.0,311.0,0.013854930725346382
2016-09-08,322.0,327.0,322.0,327.0,1477,9,False,6.0,3.625,0.0,-10.0,317.0,0.019292604501607746
2016-09-09,326.5,330.5,323.75,330.0,780,9,False,3.0,2.625,0.0,-10.0,320.0,0.009463722397476282
2016-09-12,329.25,330.25,326.0,329.25,1200,9,False,-0.75,-3.5,0.0,-10.0,319.25,-0.002343749999999978
2016-09-13,329.25,330.0,319.25,319.25,709,9,False,-10.0,1.125,0.0,-10.0,309.25,-0.03132341425215346
2016-09-14,320.5,322.25,317.5,322.25,129673,9,False,3.0,-1.125,0.0,-10.0,312.25,0.009700889248181133
2016-09-15,331.5,334.75,327.5,330.0,131018,9,False,7.75,5.0,0.0,-10.0,320.0,0.024819855884707698
2016-09-16,329.0,338.25,327.5,337.0,165288,9,False,7.0,4.0,0.0,-10.0,327.0,0.02187500000000009
2016-09-19,337.25,340.0,332.25,337.25,139737,9,False,0.25,5.125,0.0,-10.0,327.25,0.000764525993883769
2016-09-20,336.0,342.25,335.0,340.5,127944,9,False,3.25,-0.125,0.0,-10.0,330.5,0.009931245225362817
2016-09-21,339.0,341.0,338.0,340.0,101255,9,False,-0.5,0.0,0.0,-10.0,330.0,-0.001512859304084735
2016-09-22,339.25,341.5,334.75,336.75,122257,9,False,-3.25,-0.375,0.0,-10.0,326.75,-0.009848484848484884
2016-09-23,336.0,338.5,333.75,336.5,150668,9,False,-0.25,-5.375,0.0,-10.0,326.5,-0.0007651109410864443
2016-09-26,334.0,336.5,328.5,329.0,160536,9,False,-7.5,1.25,0.0,-10.0,319.0,-0.02297090352220521
2016-09-27,329.25,332.5,327.25,331.75,147073,9,False,2.75,-5.0,0.0,-10.0,321.75,0.008620689655172376
2016-09-28,331.75,332.5,328.75,329.25,107525,9,False,-2.5,1.375,0.0,-10.0,319.25,-0.007770007770007803
2016-09-29,329.75,333.5,328.0,329.25,119728,9,False,0.0,2.5,0.0,-10.0,319.25,0.0
2016-09-30,329.0,337.5,325.0,336.75,258970,9,False,7.5,4.625,0.0,-10.0,326.75,0.023492560689115205
2016-10-03,336.25,347.75,335.25,346.0,234811,10,False,9.25,4.875,0.0,-10.0,336.0,0.028309104820198883
2016-10-04,345.0,349.0,343.5,348.25,158042,10,False,2.25,4.375,0.0,-10.0,338.25,0.006696428571428603
2016-10-05,347.75,349.25,345.25,347.75,142713,10,False,-0.5,-2.5,0.0,-10.0,337.75,-0.0014781966001478075
2016-10-06,347.25,347.75,338.5,340.5,178132,10,False,-7.25,-0.625,0.0,-10.0,330.5,-0.021465581051073324
2016-10-07,340.75,344.75,339.5,339.75,173884,10,False,-0.75,-0.75,0.0,-10.0,329.75,-0.0022692889561271024
2016-10-11,343.0,347.0,341.0,345.5,148301,10,False,5.75,-4.625,0.0,-10.0,335.5,0.0174374526156178
2016-10-12,345.0,348.5,336.5,337.0,219044,10,False,-8.5,9.125,0.0,-10.0,327.0,-0.025335320417287588
2016-10-13,337.5,349.75,337.25,349.5,216225,10,False,12.5,-1.875,0.0,-10.0,339.5,0.03822629969418956
2016-10-14,349.5,358.75,348.75,354.25,275680,10,False,4.75,6.125,0.0,-10.0,344.25,0.013991163475699508
2016-10-17,353.0,357.75,350.25,354.0,150351,10,False,-0.25,2.25,0.0,-10.0,344.0,-0.000726216412490932
2016-10-18,354.25,357.5,351.5,353.75,140470,10,False,-0.25,1.75,0.0,-10.0,343.75,-0.0007267441860464574
2016-10-19,353.5,358.0,351.0,357.5,168837,10,False,3.75,-3.375,0.0,-10.0,347.5,0.01090909090909098
2016-10-20,357.5,359.25,349.25,351.0,173299,10,False,-6.5,2.625,0.0,-10.0,341.0,-0.018705035971222972
2016-10-21,351.25,354.25,350.5,352.5,115808,10,False,1.5,-5.375,0.0,-10.0,342.5,0.004398826979472137
2016-10-24,351.5,354.5,346.25,348.25,152704,10,False,-4.25,1.25,0.0,-10.0,338.25,-0.012408759124087565
2016-10-25,348.25,352.25,347.25,349.25,127783,10,False,1.0,0.25,0.0,-10.0,339.25,0.002956393200295615
2016-10-26,349.25,355.75,349.0,354.0,170676,10,False,4.75,2.25,0.0,-10.0,344.0,0.014001473839351464
2016-10-27,353.75,358.5,352.25,357.5,197466,10,False,3.5,1.125,0.0,-10.0,347.5,0.01017441860465107
2016-10-28,357.5,358.25,354.25,355.0,122846,10,False,-2.5,1.625,0.0,-10.0,345.0,-0.007194244604316502
2016-10-31,355.0,358.0,352.25,354.75,171941,10,False,-0.25,-4.125,0.0,-10.0,344.75,-0.0007246376811593791
2016-11-01,354.75,354.75,347.25,349.0,219271,11,False,-5.75,-1.5,0.0,-10.0,339.0,-0.01667875271936181
2016-11-02,348.75,350.5,344.25,346.25,217593,11,False,-2.75,-2.0,0.0,-10.0,336.25,-0.008112094395280267
2016-11-03,346.25,348.75,345.0,348.0,138695,11,False,1.75,-1.0,0.0,-10.0,338.0,0.005204460966542701
2016-11-04,348.0,349.75,345.5,348.75,126191,11,False,0.75,-0.375,0.0,-10.0,338.75,0.002218934911242698
2016-11-07,348.0,349.5,345.0,346.25,200743,11,False,-2.5,4.375,0.0,-10.0,336.25,-0.0073800738007380184
2016-11-08,346.0,356.5,345.0,354.25,351911,11,False,8.0,-8.0,0.0,-10.0,344.25,0.02379182156133819
2016-11-09,353.0,355.0,340.5,340.75,323409,11,False,-13.5,5.375,0.0,-10.0,330.75,-0.039215686274509776
2016-11-10,341.5,346.5,340.25,343.5,261282,11,False,2.75,-9.875,0.0,-10.0,333.5,0.008314436885865417
2016-11-14,340.5,341.0,335.5,337.25,181713,11,False,-6.25,3.5,0.0,-10.0,327.25,-0.01874062968515744
2016-11-15,337.0,342.25,335.75,341.5,190521,11,False,4.25,-4.625,0.0,-10.0,331.5,0.01298701298701288
2016-11-16,341.5,343.5,338.5,338.5,145238,11,False,-3.0,3.875,0.0,-10.0,328.5,-0.009049773755656076
2016-11-17,339.0,343.5,338.25,342.0,192488,11,False,3.5,0.25,0.0,-10.0,332.0,0.010654490106544845
2016-11-18,342.0,346.75,340.5,345.5,171451,11,False,3.5,3.875,0.0,-10.0,335.5,0.010542168674698704
2016-11-21,345.25,350.0,344.75,349.75,169047,11,False,4.25,2.375,0.0,-10.0,339.75,0.012667660208643738
2016-11-22,349.5,351.75,346.0,351.0,197454,11,False,1.25,2.0,0.0,-10.0,341.0,0.003679175864606421
2016-11-23,350.25,351.0,346.5,350.75,190746,11,False,-0.25,-0.125,0.0,-10.0,340.75,-0.0007331378299120228
2016-11-25,349.75,350.75,348.5,349.25,176197,11,False,-1.5,-0.5,0.0,-10.0,339.25,-0.00440205429200291
2016-11-28,349.25,353.0,346.75,348.5,208947,11,False,-0.75,-6.625,0.0,-10.0,338.5,-0.002210759027265974
2016-11-29,348.0,348.25,335.5,336.75,190795,11,False,-11.75,-0.375,0.0,-10.0,326.75,-0.034711964549483
2016-11-30,337.25,341.75,336.0,336.75,35069,11,False,0.0,-8.375,0.0,-10.0,326.75,0.0
2016-12-01,337.0,338.25,331.0,331.75,8929,12,True,-5.0,2.875,-7.875,-2.125,329.625,0.008798775822494331
2016-12-02,332.75,338.0,332.75,337.5,8162,12,False,5.75,3.5,0.0,-2.125,335.375,0.01744406522563513
2016-12-05,337.5,350.0,337.5,349.5,4153,12,False,12.0,3.625,0.0,-2.125,347.375,0.035780842340663366
2016-12-06,348.25,354.0,348.25,351.0,2553,12,False,1.5,5.75,0.0,-2.125,348.875,0.004318100035984207
2016-12-07,350.25,351.0,347.25,350.5,2348,12,False,-0.5,-1.25,0.0,-2.125,348.375,-0.0014331780723755294
2016-12-08,350.25,352.75,344.25,346.5,1936,12,False,-4.0,2.75,0.0,-2.125,344.375,-0.011481880157875879
2016-12-09,349.0,352.5,344.5,352.5,1723,12,False,6.0,-1.0,0.0,-2.125,350.375,0.017422867513611662
2016-12-12,352.25,355.0,349.75,354.5,1998,12,False,2.0,3.875,0.0,-2.125,352.375,0.005708169818052111
2016-12-13,355.25,359.0,353.5,356.25,1367,12,False,1.75,-1.25,0.0,-2.125,354.125,0.004966300106420629
2016-12-14,356.75,357.0,351.75,351.75,88567,12,False,-4.5,3.25,0.0,-2.125,349.625,-0.012707377338510462
2016-12-15,361.5,363.0,356.25,356.5,136198,12,False,4.75,-2.375,0.0,-2.125,354.375,0.013585984983911281
2016-12-16,356.0,359.0,353.5,356.25,113012,12,False,-0.25,0.875,0.0,-2.125,354.125,-0.000705467372134061
2016-12-19,356.0,356.75,351.5,353.25,93939,12,False,-3.0,-1.625,0.0,-2.125,351.125,-0.008471584892340234
2016-12-20,353.25,353.75,349.25,350.25,103799,12,False,-3.0,-3.0,0.0,-2.125,348.125,-0.008543965824136746
2016-12-21,350.0,351.25,346.75,347.25,105211,12,False,-3.0,-1.5,0.0,-2.125,345.125,-0.008617594254937133
2016-12-22,347.25,348.0,346.0,347.25,97049,12,False,0.0,-2.25,0.0,-2.125,345.125,0.0
2016-12-23,347.0,347.75,345.5,345.75,79909,12,False,-1.5,4.625,0.0,-2.125,343.625,-0.004346251358203546
2016-12-27,346.5,356.0,346.25,355.0,132722,12,False,9.25,-4.125,0.0,-2.125,352.875,0.026918879592579215
2016-12-28,354.25,354.75,347.25,348.25,122291,12,False,-6.75,5.375,0.0,-2.125,346.125,-0.019128586609989395
2016-12-29,348.25,351.0,347.5,349.75,92596,12,False,1.5,-2.25,0.0,-2.125,347.625,0.004333694474539573
2016-12-30,349.5,353.0,347.75,352.0,112011,12,False,2.25,2.625,0.0,-2.125,349.875,0.006472491909385036
2017-01-03,352.0,358.5,351.5,355.75,174702,1,False,3.75,3.125,0.0,-2.125,353.625,0.010718113612004254
2017-01-04,355.0,360.0,354.75,359.75,171286,1,False,4.0,2.625,0.0,-2.125,357.625,0.011311417462000817
2017-01-05,359.5,362.75,358.5,361.25,194539,1,False,1.5,0.375,0.0,-2.125,359.125,0.004194337644180424
2017-01-06,360.75,362.5,356.75,358.0,166335,1,False,-3.25,1.75,0.0,-2.125,355.875,-0.009049773755656076
2017-01-09,359.0,360.75,355.25,360.0,185761,1,False,2.0,-2.5,0.0,-2.125,357.875,0.005619950825430209
2017-01-10,359.25,359.5,357.25,358.25,134078,1,False,-1.75,0.5,0.0,-2.125,356.125,-0.004889975550122272
2017-01-11,357.75,358.25,352.0,357.25,209456,1,False,-1.0,-0.375,0.0,-2.125,355.125,-0.002808002808002863
2017-01-12,357.0,360.0,353.0,358.25,256246,1,False,1.0,-0.375,0.0,-2.125,356.125,0.002815909890883539
2017-01-13,357.5,359.5,355.25,358.5,168019,1,False,0.25,4.0,0.0,-2.125,356.375,0.0007020007020006602
2017-01-17,359.0,366.5,358.5,365.5,317614,1,False,7.0,-0.125,0.0,-2.125,363.375,0.019642230796211857
2017-01-18,364.5,367.75,362.75,365.0,210570,1,False,-0.5,4.125,0.0,-2.125,362.875,-0.0013759889920880175
2017-01-19,364.0,367.5,362.75,366.25,167428,1,False,1.25,1.5,0.0,-2.125,364.125,0.003444712366517333
2017-01-20,366.0,370.0,365.0,369.75,199859,1,False,3.5,0.5,0.0,-2.125,367.625,0.009612083762444268
2017-01-23,369.5,370.0,367.5,369.5,145747,1,False,-0.25,-1.375,0.0,-2.125,367.375,-0.0006800408024481008
2017-01-24,369.25,371.0,362.25,363.25,198152,1,False,-6.25,1.375,0.0,-2.125,361.125,-0.01701258931609395
2017-01-25,363.25,366.75,361.0,366.25,144569,1,False,3.0,-4.375,0.0,-2.125,364.125,0.008307372793354029
2017-01-26,366.0,366.75,362.0,363.75,115941,1,False,-2.5,0.875,0.0,-2.125,361.625,-0.00686577411603162
2017-01-27,363.25,364.25,360.5,362.5,131330,1,False,-1.25,-3.625,0.0,-2.125,360.375,-0.003456619426201124
2017-01-30,361.5,361.75,355.75,357.75,185498,1,False,-4.75,0.375,0.0,-2.125,355.625,-0.013180714533472027
2017-01-31,358.5,361.25,357.75,359.75,144840,1,False,2.0,1.875,0.0,-2.125,357.625,0.005623901581722324
2017-02-01,360.0,368.5,358.0,368.25,238049,2,False,8.5,0.625,0.0,-2.125,366.125,0.023767913317022105
2017-02-02,367.5,369.75,366.25,367.5,161840,2,False,-0.75,3.125,0.0,-2.125,365.375,-0.002048480710139966
2017-02-03,365.75,367.75,364.0,365.25,131487,2,False,-2.25,-1.125,0.0,-2.125,363.125,-0.006158056790968147
2017-02-06,364.0,368.75,362.5,363.75,123030,2,False,-1.5,1.25,0.0,-2.125,361.625,-0.004130808950086107
2017-02-07,363.75,369.0,362.5,368.5,201065,2,False,4.75,0.375,0.0,-2.125,366.375,0.013135153819564538
2017-02-08,368.0,371.0,366.5,370.75,215522,2,False,2.25,1.75,0.0,-2.125,368.625,0.0061412487205732
2017-02-09,369.5,372.75,367.5,369.5,302879,2,False,-1.25,3.625,0.0,-2.125,367.375,-0.003390979993218024
2017-02-10,368.5,375.5,368.5,374.5,258226,2,False,5.0,-0.125,0.0,-2.125,372.375,0.013610071452875072
2017-02-13,373.5,376.75,371.75,375.5,243363,2,False,1.0,1.875,0.0,-2.125,373.375,0.0026854649211145443
2017-02-14,375.0,375.25,373.0,374.25,182589,2,False,-1.25,2.75,0.0,-2.125,372.125,-0.0033478406427853713
2017-02-15,374.0,379.0,371.75,378.75,234393,2,False,4.5,-3.25,0.0,-2.125,376.625,0.01209271078266716
2017-02-16,378.0,380.0,373.0,373.5,202506,2,False,-5.25,-0.375,0.0,-2.125,371.375,-0.013939595087952172
2017-02-17,373.25,373.25,368.0,368.25,190289,2,False,-5.25,-2.125,0.0,-2.125,366.125,-0.014136654325142994
2017-02-21,368.5,370.75,366.5,369.25,192463,2,False,1.0,-1.75,0.0,-2.125,367.125,0.0027313076135200287
2017-02-22,369.25,372.75,369.25,371.0,167704,2,False,1.75,-2.25,0.0,-2.125,368.875,0.004766768811712563
2017-02-23,370.5,371.75,365.25,365.5,176305,2,False,-5.5,0.125,0.0,-2.125,363.375,-0.014910199932226309
2017-02-24,365.75,366.75,362.5,364.0,217648,2,False,-1.5,-4.625,0.0,-2.125,361.875,-0.0041279669762641635
2017-02-27,364.25,365.5,359.5,360.25,227526,2,False,-3.75,2.5,0.0,-2.125,358.125,-0.010362694300518172
2017-02-28,361.5,378.75,361.25,366.75,43455,2,False,6.5,2.625,0.0,-2.125,364.625,0.018150087260034864
2017-03-01,366.25,376.0,365.75,375.75,11271,3,True,9.0,1.75,7.25,-9.375,366.375,0.004799451491258155
2017-03-02,375.0,375.75,370.5,372.75,10943,3,False,-3.0,5.5,0.0,-9.375,363.375,-0.008188331627430934
2017-03-03,371.75,375.5,371.25,374.75,3999,3,False,2.0,-2.5,0.0,-9.375,365.375,0.005503955968352292
2017-03-06,375.5,377.0,371.0,372.75,3707,3,False,-2.0,-0.625,0.0,-9.375,363.375,-0.005473828258638402
2017-03-07,373.0,373.25,367.5,369.5,4531,3,False,-3.25,-3.125,0.0,-9.375,360.125,-0.008943928448572391
2017-03-08,369.25,370.25,365.0,365.25,7048,3,False,-4.25,-4.375,0.0,-9.375,355.875,-0.011801457827143369
2017-03-09,366.0,366.5,359.25,359.75,1999,3,False,-5.5,-3.0,0.0,-9.375,350.375,-0.015454864769933296
2017-03-10,360.25,360.25,356.0,358.0,1739,3,False,-1.75,-4.5,0.0,-9.375,348.625,-0.0049946485907955696
2017-03-13,358.0,358.75,353.5,354.5,1649,3,False,-3.5,-1.25,0.0,-9.375,345.125,-0.010039440659734722
2017-03-14,354.0,358.25,353.0,353.75,205479,3,False,-0.75,3.125,0.0,-9.375,344.375,-0.002173125679101773
2017-03-15,362.25,364.75,362.0,363.5,107404,3,False,9.75,0.875,0.0,-9.375,354.125,0.028312159709618978
2017-03-16,363.5,367.0,363.5,366.0,111741,3,False,2.5,5.625,0.0,-9.375,356.625,0.007059654076950306
2017-03-17,366.25,367.75,364.5,367.5,94241,3,False,1.5,-0.75,0.0,-9.375,358.125,0.004206098843322792
2017-03-20,369.0,370.75,363.0,363.5,146668,3,False,-4.0,-0.375,0.0,-9.375,354.125,-0.011169284467713814
2017-03-21,363.5,364.0,359.25,361.25,153614,3,False,-2.25,-3.25,0.0,-9.375,351.875,-0.006353688669255231
2017-03-22,361.25,361.75,358.25,358.75,135915,3,False,-2.5,-2.125,0.0,-9.375,349.375,-0.007104795737122527
2017-03-23,358.5,359.75,356.25,356.75,125353,3,False,-2.0,-1.5,0.0,-9.375,347.375,-0.005724508050089394
2017-03-24,357.0,358.0,355.25,356.25,114283,3,False,-0.5,-1.25,0.0,-9.375,346.875,-0.0014393666786614023
2017-03-27,356.75,358.25,354.25,355.75,146440,3,False,-0.5,0.75,0.0,-9.375,346.375,-0.0014414414414414267
2017-03-28,356.0,358.75,355.75,357.75,126483,3,False,2.0,0.125,0.0,-9.375,348.375,0.005774088776614894
2017-03-29,357.25,360.75,356.5,358.5,140216,3,False,0.75,0.5,0.0,-9.375,349.125,0.0021528525296017342
2017-03-30,358.25,358.75,356.75,357.5,105348,3,False,-1.0,3.75,0.0,-9.375,348.125,-0.0028643036161832836
2017-03-31,358.0,366.75,355.0,364.25,302099,3,False,6.75,1.25,0.0,-9.375,354.875,0.019389587073608716
2017-04-03,365.75,371.75,365.5,367.75,230407,4,False,3.5,1.0,0.0,-9.375,358.375,0.009862627685804926
2017-04-04,367.0,369.75,362.75,363.0,157420,4,False,-4.75,2.625,0.0,-9.375,353.625,-0.0132542727589815
2017-04-05,363.0,365.75,361.5,364.75,143411,4,False,1.75,-4.375,0.0,-9.375,355.375,0.004948745139625288
2017-04-06,364.25,365.5,360.0,360.75,137979,4,False,-4.0,0.25,0.0,-9.375,351.375,-0.01125571579317619
2017-04-07,360.5,361.75,357.25,359.5,233393,4,False,-1.25,1.75,0.0,-9.375,350.125,-0.003557452863749533
2017-04-10,360.0,367.0,359.0,367.0,222752,4,False,7.5,-0.875,0.0,-9.375,357.625,0.02142092109960725
2017-04-11,366.0,369.0,362.25,366.5,254157,4,False,-0.5,5.0,0.0,-9.375,357.125,-0.0013981125480601042
2017-04-12,366.5,371.5,366.25,369.0,237717,4,False,2.5,0.75,0.0,-9.375,359.625,0.007000350017500878
2017-04-13,368.75,373.0,368.5,371.0,267053,4,False,2.0,-1.0,0.0,-9.375,361.625,0.005561348627042051
2017-04-17,371.0,372.0,365.5,366.5,146560,4,False,-4.5,-1.375,0.0,-9.375,357.125,-0.012443829934324246
2017-04-18,366.5,368.0,360.75,361.75,200181,4,False,-4.75,-2.25,0.0,-9.375,352.375,-0.013300665033251668
2017-04-19,361.25,365.25,360.5,361.75,188302,4,False,0.0,-4.375,0.0,-9.375,352.375,0.0
2017-04-20,361.75,363.75,357.25,357.75,176900,4,False,-4.0,-0.375,0.0,-9.375,348.375,-0.011351543100390216
2017-04-21,357.5,358.75,354.25,357.0,181734,4,False,-0.75,-0.875,0.0,-9.375,347.625,-0.0021528525296017342
2017-04-24,358.0,360.5,356.25,359.25,159113,4,False,2.25,2.5,0.0,-9.375,349.875,0.006472491909385036
2017-04-25,359.25,368.25,356.25,365.0,180778,4,False,5.75,-1.875,0.0,-9.375,355.625,0.01643444087173984
2017-04-26,365.0,367.25,358.25,359.0,199686,4,False,-6.0,4.375,0.0,-9.375,349.625,-0.01687170474516697
2017-04-27,358.75,364.0,358.5,362.0,148983,4,False,3.0,-5.0,0.0,-9.375,352.625,0.008580622095101909
2017-04-28,360.0,361.25,355.5,358.0,31568,4,False,-4.0,7.125,0.0,-9.375,348.625,-0.011343495214462984
2017-05-01,363.0,370.5,361.75,369.25,9794,5,True,11.25,-4.625,15.875,-25.25,344.0,-0.013266403728935061
2017-05-02,367.25,369.75,362.25,364.0,4949,5,False,-5.25,6.75,0.0,-25.25,338.75,-0.015261627906976716
2017-05-03,363.5,367.5,362.25,366.25,4165,5,False,2.25,-6.75,0.0,-25.25,341.0,0.006642066420664117
2017-05-04,367.0,367.5,357.5,358.0,2961,5,False,-8.25,3.0,0.0,-25.25,332.75,-0.024193548387096753
2017-05-05,359.0,365.5,359.0,361.75,2388,5,False,3.75,-6.625,0.0,-25.25,336.5,0.011269722013523609
2017-05-08,360.5,360.5,356.5,356.75,1964,5,False,-5.0,2.625,0.0,-25.25,331.5,-0.014858841010401136
2017-05-09,358.25,360.5,357.25,358.25,1631,5,False,1.5,1.0,0.0,-25.25,333.0,0.004524886877828038
2017-05-10,358.75,365.25,358.25,365.25,1015,5,False,7.0,-1.625,0.0,-25.25,340.0,0.021021021021021102
2017-05-11,364.25,364.25,360.25,360.5,340,5,False,-4.75,4.125,0.0,-25.25,335.25,-0.013970588235294068
2017-05-12,361.0,362.0,360.0,361.75,92519,5,False,1.25,0.625,0.0,-25.25,336.5,0.0037285607755406236
2017-05-15,370.5,371.75,367.25,367.75,116961,5,False,6.0,0.625,0.0,-25.25,342.5,0.017830609212481363
2017-05-16,367.25,368.75,365.25,367.75,115028,5,False,0.0,4.875,0.0,-25.25,342.5,0.0
2017-05-17,367.0,372.25,366.25,371.5,140847,5,False,3.75,-2.75,0.0,-25.25,346.25,0.010948905109489093
2017-05-18,371.5,371.5,364.25,366.0,194694,5,False,-5.5,5.125,0.0,-25.25,340.75,-0.015884476534296033
2017-05-19,366.0,373.0,366.0,372.5,201665,5,False,6.5,-1.5,0.0,-25.25,347.25,0.019075568598679427
2017-05-22,372.75,377.5,371.75,375.0,170819,5,False,2.5,0.5,0.0,-25.25,349.75,0.007199424046076208
2017-05-23,374.75,375.75,369.0,369.5,178136,5,False,-5.5,2.125,0.0,-25.25,344.25,-0.01572551822730517
2017-05-24,370.0,371.5,368.75,371.25,108549,5,False,1.75,-3.75,0.0,-25.25,346.0,0.005083514887436413
2017-05-25,371.0,373.0,368.75,369.25,110606,5,False,-2.0,3.375,0.0,-25.25,344.0,-0.005780346820809301
2017-05-26,369.25,374.75,368.75,374.25,130479,5,False,5.0,-4.625,0.0,-25.25,349.0,0.014534883720930258
2017-05-30,373.5,373.75,366.25,367.0,208777,5,False,-7.25,5.0,0.0,-25.25,341.75,-0.02077363896848139
2017-05-31,370.25,376.5,369.0,372.0,263402,5,False,5.0,-4.375,0.0,-25.25,346.75,0.014630577907827291
2017-06-01,371.5,373.75,367.5,370.5,177074,6,False,-1.5,3.625,0.0,-25.25,345.25,-0.004325883201153569
2017-06-02,370.5,374.75,369.5,372.75,131232,6,False,2.25,-0.625,0.0,-25.25,347.5,0.006517016654598029
2017-06-05,373.75,375.5,372.0,373.0,196484,6,False,0.25,3.25,0.0,-25.25,347.75,0.0007194244604316058
2017-06-06,372.0,379.75,371.25,377.25,255149,6,False,4.25,3.875,0.0,-25.25,352.0,0.012221423436376666
2017-06-07,378.25,387.0,378.25,384.75,523849,6,False,7.5,2.625,0.0,-25.25,359.5,0.02130681818181812
2017-06-08,385.0,391.75,384.25,385.75,398378,6,False,1.0,4.75,0.0,-25.25,360.5,0.0027816411682892728
2017-06-09,384.25,389.5,380.75,387.75,268361,6,False,2.0,-4.75,0.0,-25.25,362.5,0.00554785020804438
2017-06-12,386.0,387.25,376.25,377.25,371345,6,False,-10.5,2.875,0.0,-25.25,352.0,-0.0289655172413793
2017-06-13,379.25,383.75,377.5,381.0,247971,6,False,3.75,-7.25,0.0,-25.25,355.75,0.010653409090909172
2017-06-14,381.0,385.0,376.75,377.0,199409,6,False,-4.0,3.125,0.0,-25.25,351.75,-0.01124385101897396
2017-06-15,376.75,382.0,370.0,379.5,266276,6,False,2.5,0.25,0.0,-25.25,354.25,0.007107320540156392
2017-06-16,378.75,384.5,377.0,384.0,206387,6,False,4.5,-3.125,0.0,-25.25,358.75,0.01270289343683828
2017-06-19,378.25,381.5,375.25,375.25,237056,6,False,-8.75,-0.375,0.0,-25.25,350.0,-0.024390243902439046
2017-06-20,376.25,377.5,369.25,370.0,203110,6,False,-5.25,-5.0,0.0,-25.25,344.75,-0.015000000000000013
2017-06-21,369.5,373.5,368.25,368.75,164652,6,False,-1.25,-5.625,0.0,-25.25,343.5,-0.0036258158085569203
2017-06-22,368.75,369.25,362.5,362.75,178704,6,False,-6.0,-3.125,0.0,-25.25,337.5,-0.017467248908296984
2017-06-23,362.75,364.75,356.5,357.75,250374,6,False,-5.0,-2.375,0.0,-25.25,332.5,-0.014814814814814836
2017-06-26,358.5,361.75,357.25,359.0,212562,6,False,1.25,-2.375,0.0,-25.25,333.75,0.003759398496240518
2017-06-27,361.25,364.25,359.25,359.25,208879,6,False,0.25,-0.625,0.0,-25.25,334.0,0.0007490636704119424
2017-06-28,359.5,360.5,356.75,356.75,219540,6,False,-2.5,1.625,0.0,-25.25,331.5,-0.007485029940119792
2017-06-29,356.75,362.25,356.25,359.75,169166,6,False,3.0,4.125,0.0,-25.25,334.5,0.009049773755656076
2017-06-30,360.0,372.5,359.5,370.5,24409,6,False,10.75,5.25,0.0,-25.25,345.25,0.032137518684603794
2017-07-03,373.25,385.25,373.0,378.0,10730,7,True,7.5,7.25,0.25,-25.5,352.5,0.020999275887038316
2017-07-05,379.5,383.25,374.75,381.75,7599,7,False,3.75,3.0,0.0,-25.5,356.25,0.010638297872340496
2017-07-06,380.0,381.25,375.0,380.25,4898,7,False,-1.5,2.875,0.0,-25.5,354.75,-0.004210526315789442
2017-07-07,379.0,386.75,378.25,382.25,2865,7,False,2.0,4.0,0.0,-25.5,356.75,0.005637773079633535
2017-07-10,387.75,392.25,387.75,391.75,1412,7,False,9.5,1.25,0.0,-25.5,366.25,0.0266292922214435
2017-07-11,393.25,394.5,387.0,392.25,1711,7,False,0.5,-3.25,0.0,-25.5,366.75,0.0013651877133105117
2017-07-12,390.5,391.25,376.0,376.25,898,7,False,-16.0,-7.375,0.0,-25.5,350.75,-0.04362644853442399
2017-07-13,376.25,376.25,360.0,361.0,501,7,False,-15.25,-5.875,0.0,-25.5,335.5,-0.04347826086956519
2017-07-14,369.0,369.0,365.25,365.25,147685,7,False,4.25,-2.75,0.0,-25.5,339.75,0.012667660208643738
2017-07-17,375.75,378.75,370.5,375.0,113702,7,False,9.75,3.125,0.0,-25.5,349.5,0.028697571743929284
2017-07-18,380.75,388.75,375.25,377.0,154626,7,False,2.0,7.625,0.0,-25.5,351.5,0.005722460658083017
2017-07-19,376.5,389.0,374.25,382.5,139735,7,False,5.5,5.25,0.0,-25.5,357.0,0.01564722617354186
2017-07-20,382.5,393.25,380.5,391.0,139461,7,False,8.5,-2.875,0.0,-25.5,365.5,0.023809523809523725
2017-07-21,390.5,391.0,378.5,379.75,147014,7,False,-11.25,3.0,0.0,-25.5,354.25,-0.030779753761969952
2017-07-24,375.5,377.5,371.0,377.25,124948,7,False,-2.5,-9.875,0.0,-25.5,351.75,-0.007057163020465773
2017-07-25,382.0,383.75,368.5,368.75,123047,7,False,-8.5,0.75,0.0,-25.5,343.25,-0.024164889836531644
2017-07-26,368.5,373.25,366.0,372.75,102552,7,False,4.0,-3.5,0.0,-25.5,347.25,0.011653313911143437
2017-07-27,374.0,377.25,373.0,374.25,77171,7,False,1.5,2.0,0.0,-25.5,348.75,0.004319654427645814
2017-07-28,373.75,377.0,373.0,374.25,71011,7,False,0.0,-1.0,0.0,-25.5,348.75,0.0
2017-07-31,371.0,372.25,367.5,370.75,81956,7,False,-3.5,-4.125,0.0,-25.5,345.25,-0.01003584229390686
2017-08-01,369.25,371.5,362.0,362.5,108461,8,False,-8.25,-0.5,0.0,-25.5,337.0,-0.02389572773352644
2017-08-02,364.5,367.25,363.75,365.0,93630,8,False,2.5,-4.875,0.0,-25.5,339.5,0.007418397626112849
2017-08-03,365.0,367.25,361.25,363.5,156604,8,False,-1.5,2.75,0.0,-25.5,338.0,-0.004418262150220897
2017-08-04,363.5,368.0,363.25,366.5,101335,8,False,3.0,2.125,0.0,-25.5,341.0,0.008875739644970349
2017-08-07,368.75,372.5,368.25,372.25,150029,8,False,5.75,0.25,0.0,-25.5,346.75,0.016862170087976525
2017-08-08,372.5,374.25,368.25,369.75,185789,8,False,-2.5,4.125,0.0,-25.5,344.25,-0.007209805335255948
2017-08-09,369.0,372.5,368.75,372.25,182886,8,False,2.5,-8.75,0.0,-25.5,346.75,0.0072621641249093205
2017-08-10,371.75,375.5,356.5,357.25,316364,8,False,-15.0,3.0,0.0,-25.5,331.75,-0.043258832011535686
2017-08-11,358.75,361.5,357.25,360.75,130807,8,False,3.5,-6.5,0.0,-25.5,335.25,0.010550113036925435
2017-08-14,358.75,363.0,356.0,362.75,95281,8,False,2.0,-2.0,0.0,-25.5,337.25,0.005965697240865042
2017-08-15,361.0,361.0,354.0,355.25,112629,8,False,-7.5,-0.375,0.0,-25.5,329.75,-0.022238695329873992
2017-08-16,355.0,356.75,349.25,352.5,159752,8,False,-2.75,-4.75,0.0,-25.5,327.0,-0.00833965125094771
2017-08-17,352.5,353.75,349.5,350.5,84675,8,False,-2.0,-0.625,0.0,-25.5,325.0,-0.006116207951070374
2017-08-18,350.0,352.5,349.75,352.0,132653,8,False,1.5,-2.5,0.0,-25.5,326.5,0.004615384615384688
2017-08-21,350.5,350.75,346.5,349.0,97326,8,False,-3.0,-0.75,0.0,-25.5,323.5,-0.009188361408882129
2017-08-22,349.0,351.0,346.0,346.0,119934,8,False,-3.0,-3.5,0.0,-25.5,320.5,-0.009273570324574987
2017-08-23,346.25,348.75,341.5,342.0,87530,8,False,-4.0,-1.5,0.0,-25.5,316.5,-0.012480499219968744
2017-08-24,341.5,342.75,340.25,342.0,107368,8,False,0.0,-3.625,0.0,-25.5,316.5,0.0
2017-08-25,342.0,342.75,338.0,338.75,124314,8,False,-3.25,-1.375,0.0,-25.5,313.25,-0.010268562401263837
2017-08-28,338.75,340.25,335.5,336.0,113739,8,False,-2.75,-2.875,0.0,-25.5,310.5,-0.00877893056664003
2017-08-29,335.5,336.0,332.0,333.5,130105,8,False,-2.5,-3.375,0.0,-25.5,308.0,-0.008051529790660261
2017-08-30,333.0,334.0,329.0,329.5,159952,8,False,-4.0,5.125,0.0,-25.5,304.0,-0.012987012987012991
2017-08-31,329.25,342.75,328.5,342.25,14612,8,False,12.75,-3.125,0.0,-25.5,316.75,0.04194078947368429
2017-09-01,341.5,345.5,338.0,340.0,7809,9,True,-2.25,8.5,-10.75,-14.75,325.25,0.026835043409628945
2017-09-05,343.25,345.75,341.25,344.25,4612,9,False,4.25,0.25,0.0,-14.75,329.5,0.013066871637202215
2017-09-06,343.75,347.25,342.0,347.0,2893,9,False,2.75,-0.5,0.0,-14.75,332.25,0.008345978755690542
2017-09-07,346.75,346.75,341.75,341.75,1746,9,False,-5.25,2.625,0.0,-14.75,327.0,-0.015801354401805856
2017-09-08,342.25,345.5,342.25,344.25,775,9,False,2.5,-2.0,0.0,-14.75,329.5,0.007645259938837912
2017-09-11,345.25,346.5,342.75,345.5,754,9,False,1.25,-1.5,0.0,-14.75,330.75,0.003793626707132125
2017-09-12,346.0,346.0,336.0,340.0,447,9,False,-5.5,-0.125,0.0,-14.75,325.25,-0.016628873771730945
2017-09-13,339.5,344.25,338.5,338.5,246,9,False,-1.5,-1.125,0.0,-14.75,323.75,-0.004611837048424272
2017-09-14,343.25,343.25,341.75,341.75,108639,9,False,3.25,5.75,0.0,-14.75,327.0,0.010038610038610063
2017-09-15,353.5,355.5,352.5,354.75,117683,9,False,13.0,0.0,0.0,-14.75,340.0,0.039755351681957096
2017-09-18,353.25,355.5,350.5,351.5,113073,9,False,-3.25,4.875,0.0,-14.75,336.75,-0.00955882352941173
2017-09-19,351.0,353.25,346.5,348.25,159676,9,False,-3.25,-0.75,0.0,-14.75,333.5,-0.009651076466221209
2017-09-20,348.0,351.5,347.25,350.0,112067,9,False,1.75,-1.5,0.0,-14.75,335.25,0.005247376311844132
2017-09-21,349.5,351.25,348.5,350.25,93436,9,False,0.25,2.5,0.0,-14.75,335.5,0.0007457121551082135
2017-09-22,349.75,356.25,349.5,353.5,138975,9,False,3.25,0.25,0.0,-14.75,338.75,0.009687034277198192
2017-09-25,352.75,355.0,351.25,353.75,109525,9,False,0.25,0.875,0.0,-14.75,339.0,0.0007380073800737907
2017-09-26,352.75,355.5,351.5,352.25,176191,9,False,-1.5,1.0,0.0,-14.75,337.5,-0.004424778761061954
2017-09-27,352.0,354.5,348.5,354.0,186064,9,False,1.75,-1.5,0.0,-14.75,339.25,0.005185185185185182
2017-09-28,353.25,353.75,350.5,352.5,134798,9,False,-1.5,2.25,0.0,-14.75,337.75,-0.004421518054532059
2017-09-29,352.25,358.0,350.0,355.25,241959,9,False,2.75,-2.625,0.0,-14.75,340.5,0.008142116950407008
2017-10-02,354.75,356.25,351.0,351.5,187887,10,False,-3.75,0.375,0.0,-14.75,336.75,-0.011013215859030812
2017-10-03,351.5,351.5,348.75,349.5,191401,10,False,-2.0,-2.5,0.0,-14.75,334.75,-0.005939123979213035
2017-10-04,349.25,349.5,346.0,348.25,168210,10,False,-1.25,-0.375,0.0,-14.75,333.5,-0.0037341299477221535
2017-10-05,348.25,351.25,347.5,349.5,112667,10,False,1.25,-0.375,0.0,-14.75,334.75,0.0037481259370315545
2017-10-06,349.25,351.0,348.5,350.0,140440,10,False,0.5,0.375,0.0,-14.75,335.25,0.0014936519790889058
2017-10-09,350.5,351.75,348.0,349.5,111794,10,False,-0.5,0.125,0.0,-14.75,334.75,-0.001491424310216205
2017-10-10,349.0,351.25,348.25,349.25,113927,10,False,-0.25,-1.875,0.0,-14.75,334.5,-0.0007468259895444529
2017-10-11,348.75,349.0,345.5,346.0,164712,10,False,-3.25,1.375,0.0,-14.75,331.25,-0.00971599402092671
2017-10-12,346.0,354.0,342.5,349.0,332718,10,False,3.0,0.25,0.0,-14.75,334.25,0.00905660377358486
2017-10-13,348.5,353.5,348.25,352.75,155337,10,False,3.75,0.375,0.0,-14.75,338.0,0.011219147344801783
2017-10-16,352.75,353.25,349.75,350.5,142217,10,False,-2.25,1.625,0.0,-14.75,335.75,-0.006656804733727761
2017-10-17,350.25,351.75,348.5,350.0,137777,10,False,-0.5,-1.875,0.0,-14.75,335.25,-0.0014892032762472418
2017-10-18,350.25,350.5,347.75,348.5,132775,10,False,-1.5,0.0,0.0,-14.75,333.75,-0.004474272930648726
2017-10-19,348.75,351.5,348.5,349.0,128707,10,False,0.5,-3.0,0.0,-14.75,334.25,0.0014981273408238849
2017-10-20,349.0,350.0,344.25,344.5,192805,10,False,-4.5,3.625,0.0,-14.75,329.75,-0.013462976813762184
2017-10-23,344.25,351.75,343.0,351.25,256748,10,False,6.75,-1.5,0.0,-14.75,336.5,0.020470053070507976
2017-10-24,351.0,353.0,349.5,352.75,214405,10,False,1.5,2.5,0.0,-14.75,338.0,0.004457652303120341
2017-10-25,352.5,355.25,350.5,351.0,200921,10,False,-1.75,0.5,0.0,-14.75,336.25,-0.005177514792899407
2017-10-26,350.75,352.0,349.5,350.5,148533,10,False,-0.5,-1.75,0.0,-14.75,335.75,-0.0014869888475836923
2017-10-27,350.25,350.25,347.5,348.75,171571,10,False,-1.75,-0.25,0.0,-14.75,334.0,-0.005212211466865235
2017-10-30,348.5,349.75,347.25,348.75,122255,10,False,0.0,-2.375,0.0,-14.75,334.0,0.0
2017-10-31,348.0,348.75,345.5,345.75,174825,10,False,-3.0,1.25,0.0,-14.75,331.0,-0.008982035928143728
2017-11-01,345.75,349.25,345.25,348.25,213757,11,False,2.5,-0.375,0.0,-14.75,333.5,0.007552870090634434
2017-11-02,347.75,352.0,347.5,350.5,162576,11,False,2.25,0.125,0.0,-14.75,335.75,0.006746626686656709
2017-11-03,350.25,351.0,347.5,348.25,200476,11,False,-2.25,1.0,0.0,-14.75,333.5,-0.006701414743112477
2017-11-06,348.5,350.25,347.75,348.0,204475,11,False,-0.25,-1.25,0.0,-14.75,333.25,-0.0007496251874062887
2017-11-07,347.75,348.25,346.25,347.75,297238,11,False,-0.25,0.125,0.0,-14.75,333.0,-0.0007501875468867159
2017-11-08,347.5,349.0,345.75,348.25,219586,11,False,0.5,-3.5,0.0,-14.75,333.5,0.0015015015015014122
2017-11-09,347.5,349.75,340.75,341.5,475087,11,False,-6.75,1.25,0.0,-14.75,326.75,-0.020239880059970017
2017-11-10,341.75,344.0,341.0,343.5,349164,11,False,2.0,-4.0,0.0,-14.75,328.75,0.006120887528691554
2017-11-13,343.5,344.0,341.5,342.25,289722,11,False,-1.25,-1.375,0.0,-14.75,327.5,-0.0038022813688213253
2017-11-14,342.0,342.25,337.25,337.5,220983,11,False,-4.75,-0.25,0.0,-14.75,322.75,-0.01450381679389312
2017-11-15,337.25,339.0,337.0,338.25,217010,11,False,0.75,-3.25,0.0,-14.75,323.5,0.0023237800154918276
2017-11-16,338.25,339.0,336.25,336.5,186656,11,False,-1.75,3.625,0.0,-14.75,321.75,-0.005409582689335446
2017-11-17,336.5,343.5,336.5,343.0,352932,11,False,6.5,0.125,0.0,-14.75,328.25,0.02020202020202011
2017-11-20,342.5,345.25,341.5,345.0,289331,11,False,2.0,3.25,0.0,-14.75,330.25,0.006092916984006047
2017-11-21,344.0,345.75,342.75,345.0,257461,11,False,0.0,1.125,0.0,-14.75,330.25,0.0
2017-11-22,344.25,347.0,344.0,345.25,138793,11,False,0.25,-1.5,0.0,-14.75,330.5,0.0007570022710068347
2017-11-24,344.25,345.75,339.75,342.25,163454,11,False,-3.0,-1.625,0.0,-14.75,327.5,-0.009077155824508298
2017-11-27,342.5,342.5,338.5,338.75,281557,11,False,-3.5,-2.75,0.0,-14.75,324.0,-0.010687022900763399
2017-11-28,339.0,339.5,335.75,336.25,183164,11,False,-2.5,-0.375,0.0,-14.75,321.5,-0.007716049382716084
2017-11-29,335.75,340.0,335.5,339.0,234591,11,False,2.75,0.125,0.0,-14.75,324.25,0.008553654743390426
2017-11-30,339.25,343.0,337.5,341.75,26041,11,False,2.75,2.875,0.0,-14.75,327.0,0.008481110254433322
2017-12-01,341.75,345.25,341.0,344.75,10232,12,True,3.0,-1.25,4.25,-19.0,325.75,-0.003822629969418956
2017-12-04,344.75,346.0,338.75,339.5,9370,12,False,-5.25,1.625,0.0,-19.0,320.5,-0.016116653875671516
2017-12-05,339.75,343.0,338.5,339.75,7536,12,False,0.25,-2.875,0.0,-19.0,320.75,0.0007800312012480326
2017-12-06,339.0,341.5,337.75,339.25,5515,12,False,-0.5,-0.125,0.0,-19.0,320.25,-0.001558846453624363
2017-12-07,339.0,340.0,337.5,338.75,2891,12,False,-0.5,0.375,0.0,-19.0,319.75,-0.0015612802498048417
2017-12-08,338.5,341.25,338.5,340.0,1283,12,False,1.25,-2.0,0.0,-19.0,321.0,0.00390930414386248
2017-12-11,340.0,340.0,336.0,336.5,1064,12,False,-3.5,0.25,0.0,-19.0,317.5,-0.010903426791277204
2017-12-12,336.5,340.75,335.25,335.75,850,12,False,-0.75,-1.25,0.0,-19.0,316.75,-0.0023622047244094
2017-12-13,337.25,337.5,336.5,336.75,360,12,False,1.0,-0.625,0.0,-19.0,317.75,0.0031570639305444903
2017-12-14,337.0,338.0,336.25,336.25,105792,12,False,-0.5,6.125,0.0,-19.0,317.25,-0.0015735641227380137
2017-12-15,348.75,350.75,346.5,347.5,133622,12,False,11.25,-0.5,0.0,-19.0,328.5,0.03546099290780136
2017-12-18,347.25,348.75,346.5,347.0,97579,12,False,-0.5,5.875,0.0,-19.0,328.0,-0.0015220700152207556
2017-12-19,346.75,348.75,346.5,347.5,82265,12,False,0.5,0.625,0.0,-19.0,328.5,0.0015243902439023849
2017-12-20,347.5,349.75,347.25,349.25,110058,12,False,1.75,1.25,0.0,-19.0,330.25,0.0053272450532724225
2017-12-21,349.0,351.75,348.5,351.25,110469,12,False,2.0,1.25,0.0,-19.0,332.25,0.006056018168054456
2017-12-22,350.75,352.5,350.5,352.0,54881,12,False,0.75,1.375,0.0,-19.0,333.0,0.0022573363431150906
2017-12-26,352.0,353.25,351.0,352.75,65864,12,False,0.75,0.875,0.0,-19.0,333.75,0.0022522522522523403
2017-12-27,352.0,354.25,351.75,353.75,93748,12,False,1.0,-0.5,0.0,-19.0,334.75,0.002996254681647992
2017-12-28,353.0,353.5,350.0,352.0,102485,12,False,-1.75,-0.125,0.0,-19.0,333.0,-0.005227781926811059
2017-12-29,351.25,351.5,350.25,350.75,100183,12,False,-1.25,0.375,0.0,-19.0,331.75,-0.0037537537537537524
2018-01-02,351.25,354.0,350.5,353.25,150143,1,False,2.5,-0.75,0.0,-19.0,334.25,0.007535795026375247
2018-01-03,353.0,354.75,352.25,353.0,138593,1,False,-0.25,0.25,0.0,-19.0,334.0,-0.0007479431563200967
2018-01-04,353.0,353.5,350.25,351.0,179965,1,False,-2.0,0.0,0.0,-19.0,332.0,-0.005988023952095856
2018-01-05,350.75,352.25,350.25,351.25,143914,1,False,0.25,-3.0,0.0,-19.0,332.25,0.0007530120481926694
2018-01-08,350.75,351.5,346.75,347.25,274879,1,False,-4.0,1.0,0.0,-19.0,328.25,-0.012039127163280705
2018-01-09,347.5,350.0,347.25,349.0,150408,1,False,1.75,-2.0,0.0,-19.0,330.0,0.005331302361005319
2018-01-10,348.75,350.0,348.0,349.0,145554,1,False,0.0,0.75,0.0,-19.0,330.0,0.0
2018-01-11,349.0,350.5,348.0,348.75,159177,1,False,-0.25,-1.25,0.0,-19.0,329.75,-0.0007575757575757347
2018-01-12,348.75,350.0,345.5,346.25,216386,1,False,-2.5,0.875,0.0,-19.0,327.25,-0.007581501137225222
2018-01-16,347.25,349.25,346.0,348.25,179429,1,False,2.0,1.125,0.0,-19.0,329.25,0.006111535523300127
2018-01-17,348.5,353.25,348.25,353.0,236713,1,False,4.75,0.25,0.0,-19.0,334.0,0.014426727410782103
2018-01-18,352.5,354.0,350.5,351.5,186650,1,False,-1.5,2.875,0.0,-19.0,332.5,-0.004491017964071808
2018-01-19,351.5,354.0,351.25,352.5,145953,1,False,1.0,-1.0,0.0,-19.0,333.5,0.003007518796992459
2018-01-22,353.5,354.5,351.25,352.0,177588,1,False,-0.5,0.125,0.0,-19.0,333.0,-0.0014992503748125774
2018-01-23,351.75,352.0,349.5,351.25,204570,1,False,-0.75,2.375,0.0,-19.0,332.25,-0.0022522522522522292
2018-01-24,351.25,357.0,349.75,356.5,326298,1,False,5.25,-1.0,0.0,-19.0,337.5,0.015801354401805856
2018-01-25,356.0,358.0,354.5,355.25,223613,1,False,-1.25,3.25,0.0,-19.0,336.25,-0.0037037037037036535
2018-01-26,355.0,357.0,354.5,356.5,140790,1,False,1.25,0.5,0.0,-19.0,337.5,0.0037174721189590088
2018-01-29,356.75,359.25,356.75,358.75,179933,1,False,2.25,2.0,0.0,-19.0,339.75,0.006666666666666599
2018-01-30,359.5,362.25,359.0,361.5,223192,1,False,2.75,1.125,0.0,-19.0,342.5,0.008094186902133815
2018-01-31,361.5,362.0,359.5,361.5,180487,1,False,0.0,1.5,0.0,-19.0,342.5,0.0
2018-02-01,360.75,362.0,358.5,361.75,254881,2,False,0.25,-0.125,0.0,-19.0,342.75,0.0007299270072993469
2018-02-02,361.0,362.5,359.5,361.5,198988,2,False,-0.25,-1.25,0.0,-19.0,342.5,-0.0007293946024798936
2018-02-05,359.5,360.75,357.25,358.75,260346,2,False,-2.75,2.25,0.0,-19.0,339.75,-0.008029197080291928
2018-02-06,358.75,364.0,356.25,363.5,236192,2,False,4.75,-0.5,0.0,-19.0,344.5,0.013980868285504044
2018-02-07,363.75,365.75,362.5,365.25,478330,2,False,1.75,2.625,0.0,-19.0,346.25,0.005079825834542806
2018-02-08,365.0,367.75,364.5,365.75,341483,2,False,0.5,-1.0,0.0,-19.0,346.75,0.0014440433212996595
2018-02-09,364.75,365.5,361.5,362.0,254699,2,False,-3.75,2.75,0.0,-19.0,343.0,-0.010814708002883977
2018-02-12,365.0,367.0,364.25,367.0,264077,2,False,5.0,-2.0,0.0,-19.0,348.0,0.014577259475218707
2018-02-13,366.5,368.5,366.0,366.75,257669,2,False,-0.25,2.75,0.0,-19.0,347.75,-0.0007183908045976795
2018-02-14,366.5,368.5,364.75,367.25,173640,2,False,0.5,0.125,0.0,-19.0,348.25,0.0014378145219267058
2018-02-15,367.0,368.75,365.5,367.75,193482,2,False,0.5,0.125,0.0,-19.0,348.75,0.001435750179468842
2018-02-16,368.0,368.5,366.5,367.5,185255,2,False,-0.25,-0.75,0.0,-19.0,348.5,-0.0007168458781362519
2018-02-20,369.0,370.0,365.25,365.5,319315,2,False,-2.0,0.0,0.0,-19.0,346.5,-0.0057388809182209455
2018-02-21,365.75,368.5,364.25,365.75,266655,2,False,0.25,-0.5,0.0,-19.0,346.75,0.0007215007215006786
2018-02-22,365.5,367.0,364.25,366.75,229122,2,False,1.0,-0.125,0.0,-19.0,347.75,0.002883922134102379
2018-02-23,366.25,367.75,365.25,366.25,229122,2,False,-0.5,1.625,0.0,-19.0,347.25,-0.0014378145219267058
2018-02-26,366.5,370.0,366.5,368.5,318905,2,False,2.25,0.75,0.0,-19.0,349.5,0.00647948164146861
2018-02-27,368.25,371.0,367.75,370.5,240115,2,False,2.0,3.125,0.0,-19.0,351.5,0.005722460658083017
2018-02-28,370.5,376.75,369.75,374.5,20800,2,False,4.0,3.125,0.0,-19.0,355.5,0.011379800853485111
2018-03-01,374.0,379.0,372.0,378.75,8646,3,True,4.25,1.25,3.0,-22.0,356.75,0.0035161744022502717
2018-03-02,377.75,380.25,376.0,377.25,5918,3,False,-1.5,2.625,0.0,-22.0,355.25,-0.0042046250875963365
2018-03-05,376.25,378.5,374.75,378.25,8183,3,False,1.0,0.0,0.0,-22.0,356.25,0.0028149190710766714
2018-03-06,377.75,380.25,377.25,379.75,2299,3,False,1.5,0.25,0.0,-22.0,357.75,0.004210526315789442
2018-03-07,378.75,380.75,378.5,379.25,4263,3,False,-0.5,4.0,0.0,-22.0,357.25,-0.0013976240391334604
2018-03-08,378.5,385.75,378.0,385.75,2385,3,False,6.5,-1.625,0.0,-22.0,363.75,0.018194541637508665
2018-03-09,385.0,385.25,382.5,383.0,2981,3,False,-2.75,3.875,0.0,-22.0,361.0,-0.007560137457044647
2018-03-12,382.75,384.25,380.5,384.25,1455,3,False,1.25,-0.75,0.0,-22.0,362.25,0.003462603878116255
2018-03-13,383.75,388.75,383.5,385.5,2044,3,False,1.25,-0.375,0.0,-22.0,363.5,0.003450655624568588
2018-03-14,386.5,386.5,383.5,383.5,184323,3,False,-2.0,2.25,0.0,-22.0,361.5,-0.005502063273727598
2018-03-15,388.25,390.75,385.5,386.75,182448,3,False,3.25,-3.0,0.0,-22.0,364.75,0.008990318118948792
2018-03-16,386.25,387.5,382.5,382.75,150929,3,False,-4.0,-2.25,0.0,-22.0,360.75,-0.010966415352981485
2018-03-19,382.0,382.0,374.75,375.0,245783,3,False,-7.75,-2.25,0.0,-22.0,353.0,-0.021483021483021503
2018-03-20,375.25,377.0,373.25,374.5,204617,3,False,-0.5,-3.625,0.0,-22.0,352.5,-0.0014164305949008194
2018-03-21,375.0,375.75,373.75,375.0,149269,3,False,0.5,0.25,0.0,-22.0,353.0,0.0014184397163119478
2018-03-22,375.5,377.5,374.0,376.0,161683,3,False,1.0,0.875,0.0,-22.0,354.0,0.0028328611898016387
2018-03-23,376.25,378.25,369.25,377.25,279202,3,False,1.25,-1.125,0.0,-22.0,355.25,0.003531073446327637
2018-03-26,378.5,380.75,373.5,374.0,183534,3,False,-3.25,0.625,0.0,-22.0,352.0,-0.009148486980999349
2018-03-27,374.0,376.0,372.25,374.0,134332,3,False,0.0,-1.875,0.0,-22.0,352.0,0.0
2018-03-28,374.25,375.0,372.0,373.5,173538,3,False,-0.5,7.125,0.0,-22.0,351.5,-0.0014204545454545858
2018-03-29,373.75,389.25,373.75,387.75,377913,3,False,14.25,-0.5,0.0,-22.0,365.75,0.04054054054054057
2018-04-02,389.25,392.5,387.0,387.25,207532,4,False,-0.5,7.75,0.0,-22.0,365.25,-0.0013670539986329056
2018-04-03,387.0,392.0,386.75,388.5,211498,4,False,1.25,-4.0,0.0,-22.0,366.5,0.003422313483915085
2018-04-04,388.0,389.0,372.0,381.0,367003,4,False,-7.5,4.875,0.0,-22.0,359.0,-0.02046384720327421
2018-04-05,382.0,389.5,380.75,389.5,263910,4,False,8.5,-4.25,0.0,-22.0,367.5,0.023676880222841312
2018-04-06,382.0,390.0,382.0,388.5,309023,4,False,-1.0,5.375,0.0,-22.0,366.5,-0.0027210884353741083
2018-04-09,389.75,392.5,388.75,390.75,215394,4,False,2.25,-1.25,0.0,-22.0,368.75,0.006139154160982319
2018-04-10,390.0,392.25,388.5,389.25,272796,4,False,-1.5,0.0,0.0,-22.0,367.25,-0.004067796610169538
2018-04-11,389.25,390.5,385.75,387.0,158051,4,False,-2.25,0.125,0.0,-22.0,365.0,-0.006126616746085722
2018-04-12,386.5,389.25,385.0,388.75,201798,4,False,1.75,-2.375,0.0,-22.0,366.75,0.004794520547945158
2018-04-13,388.5,389.25,385.0,386.25,233785,4,False,-2.5,-1.0,0.0,-22.0,364.25,-0.0068166325835037345
2018-04-16,385.0,386.25,382.0,382.5,175612,4,False,-3.75,-2.375,0.0,-22.0,360.5,-0.010295126973232649
2018-04-17,383.0,384.5,379.75,380.25,239865,4,False,-2.25,-0.5,0.0,-22.0,358.25,-0.006241331484049928
2018-04-18,380.75,383.5,380.0,383.0,142846,4,False,2.75,-1.625,0.0,-22.0,361.0,0.007676203768318235
2018-04-19,382.75,383.5,380.75,382.0,113015,4,False,-1.0,-1.375,0.0,-22.0,360.0,-0.0027700831024930483
2018-04-20,381.25,381.75,376.25,376.5,156689,4,False,-5.5,0.5,0.0,-22.0,354.5,-0.015277777777777724
2018-04-23,376.5,379.25,376.25,378.5,151348,4,False,2.0,-1.375,0.0,-22.0,356.5,0.005641748942172065
2018-04-24,378.5,381.5,377.0,381.25,115021,4,False,2.75,3.625,0.0,-22.0,359.25,0.007713884992987419
2018-04-25,381.0,387.25,380.5,386.5,148787,4,False,5.25,1.125,0.0,-22.0,364.5,0.014613778705636848
2018-04-26,386.0,387.0,384.0,386.0,132000,4,False,-0.5,4.375,0.0,-22.0,364.0,-0.00137174211248281
2018-04-27,385.25,390.5,385.25,389.5,165578,4,False,3.5,1.25,0.0,-22.0,367.5,0.009615384615384581
2018-04-30,390.75,395.75,390.5,392.5,19335,4,False,3.0,3.875,0.0,-22.0,370.5,0.008163265306122547
2018-05-01,393.0,397.0,391.5,396.75,7499,5,True,4.25,1.125,3.125,-25.125,371.625,0.0030364372469635637
2018-05-02,396.25,397.25,395.0,396.0,3180,5,False,-0.75,3.875,0.0,-25.125,370.875,-0.0020181634712411745
2018-05-03,396.0,399.5,395.0,399.5,1317,5,False,3.5,-0.75,0.0,-25.125,374.375,0.009437141894169221
2018-05-04,399.5,400.0,397.5,398.75,2089,5,False,-0.75,-1.0,0.0,-25.125,373.625,-0.00200333889816362
2018-05-07,397.25,397.25,393.25,393.25,1964,5,False,-5.5,0.75,0.0,-25.125,368.125,-0.014720642355302793
2018-05-08,392.75,396.0,391.25,395.5,2020,5,False,2.25,-3.125,0.0,-25.125,370.375,0.0061120543293717855
2018-05-09,396.25,397.0,394.0,394.75,911,5,False,-0.75,1.125,0.0,-25.125,369.625,-0.002024974687816372
2018-05-10,395.5,399.75,393.25,394.75,604,5,False,0.0,-2.875,0.0,-25.125,369.625,0.0
2018-05-11,394.0,394.75,389.75,389.75,497,5,False,-5.0,-0.375,0.0,-25.125,364.625,-0.013527223537368904
2018-05-14,388.5,389.0,387.5,389.0,132488,5,False,-0.75,4.125,0.0,-25.125,363.875,-0.002056907781967765
2018-05-15,396.25,402.5,396.0,402.25,190991,5,False,13.25,-1.875,0.0,-25.125,377.125,0.03641360357265544
2018-05-16,401.75,404.75,398.0,399.25,171919,5,False,-3.0,4.625,0.0,-25.125,374.125,-0.007954922108054374
2018-05-17,399.0,402.0,395.0,395.25,147539,5,False,-4.0,2.125,0.0,-25.125,370.125,-0.01069161376545269
2018-05-18,395.25,403.5,395.0,402.5,181910,5,False,7.25,-1.875,0.0,-25.125,377.375,0.019587977034785542
2018-05-21,405.5,407.5,401.25,402.75,181093,5,False,0.25,4.625,0.0,-25.125,377.625,0.0006624710168929848
2018-05-22,402.25,407.0,401.0,404.75,166303,5,False,2.0,2.0,0.0,-25.125,379.625,0.005296259516716306
2018-05-23,404.5,409.0,403.0,408.5,163375,5,False,3.75,-1.125,0.0,-25.125,383.375,0.009878169245966406
2018-05-24,408.25,412.25,403.75,404.25,236840,5,False,-4.25,2.75,0.0,-25.125,379.125,-0.011085751548744693
2018-05-25,404.0,406.75,403.25,406.0,129412,5,False,1.75,-5.125,0.0,-25.125,380.875,0.004615891856248
2018-05-29,408.75,410.0,397.5,400.0,242706,5,False,-6.0,-2.375,0.0,-25.125,374.875,-0.015753199868723367
2018-05-30,398.25,398.5,390.75,393.5,292996,5,False,-6.5,-2.75,0.0,-25.125,368.375,-0.01733911303767921
2018-05-31,393.5,398.5,393.25,394.0,195810,5,False,0.5,-4.5,0.0,-25.125,368.875,0.001357312521208076
2018-06-01,393.75,397.0,390.75,391.5,172116,6,False,-2.5,-5.125,0.0,-25.125,366.375,-0.006777363605557474
2018-06-04,389.75,389.75,380.5,380.75,266554,6,False,-10.75,0.25,0.0,-25.125,355.625,-0.029341521664960735
2018-06-05,380.75,385.25,380.0,383.75,212436,6,False,3.0,-8.125,0.0,-25.125,358.625,0.008435852372583375
2018-06-06,384.25,386.5,378.0,378.25,227304,6,False,-5.5,0.5,0.0,-25.125,353.125,-0.015336354130359053
2018-06-07,379.0,382.0,374.25,376.25,300589,6,False,-2.0,-2.0,0.0,-25.125,351.125,-0.005663716814159336
2018-06-08,376.25,379.0,373.5,377.75,177413,6,False,1.5,-6.25,0.0,-25.125,352.625,0.004271982912068317
2018-06-11,376.5,379.0,366.75,367.25,294907,6,False,-10.5,5.875,0.0,-25.125,342.125,-0.02977667493796521
2018-06-12,368.0,379.5,367.25,377.5,310105,6,False,10.25,-6.0,0.0,-25.125,352.375,0.02995981001096082
2018-06-13,377.5,379.75,373.25,376.0,227652,6,False,-1.5,-1.375,0.0,-25.125,350.875,-0.004256828662646317
2018-06-14,374.0,374.75,362.5,363.0,357600,6,False,-13.0,-1.625,0.0,-25.125,337.875,-0.03705023156394727
2018-06-15,374.0,374.75,355.25,361.25,297484,6,False,-1.75,-9.125,0.0,-25.125,336.125,-0.005179430262671092
2018-06-18,359.5,362.0,354.0,356.0,177747,6,False,-5.25,-2.0,0.0,-25.125,330.875,-0.015619189289698743
2018-06-19,355.75,357.75,338.75,353.75,334335,6,False,-2.25,-2.375,0.0,-25.125,328.625,-0.006800151114469188
2018-06-20,354.0,357.0,347.5,354.25,200174,6,False,0.5,0.25,0.0,-25.125,329.125,0.001521491061239999
2018-06-21,354.25,359.0,349.25,357.0,168570,6,False,2.75,0.375,0.0,-25.125,331.875,0.008355488036460246
2018-06-22,358.0,359.75,355.0,357.25,141682,6,False,0.25,-2.0,0.0,-25.125,332.125,0.0007532956685498693
2018-06-25,358.5,359.5,349.25,350.5,203156,6,False,-6.75,1.125,0.0,-25.125,325.375,-0.020323673315769675
2018-06-26,350.5,355.5,348.0,352.5,227152,6,False,2.0,-3.375,0.0,-25.125,327.375,0.00614675374567808
2018-06-27,352.0,356.5,351.5,352.5,163319,6,False,0.0,-2.75,0.0,-25.125,327.375,0.0
2018-06-28,351.5,352.5,344.5,345.0,143973,6,False,-7.5,2.625,0.0,-25.125,319.875,-0.02290950744558995
2018-06-29,345.75,355.5,345.5,350.25,19392,6,False,5.25,-10.125,0.0,-25.125,325.125,0.016412661195779554
2018-07-02,352.25,352.25,337.0,337.5,7669,7,True,-12.75,5.25,-18.0,-7.125,330.375,0.016147635524798254
2018-07-03,340.25,345.25,339.25,342.75,0,7,False,5.25,-6.0,0.0,-7.125,335.625,0.015891032917139558
2018-07-05,345.5,348.75,342.25,343.5,3302,7,False,0.75,6.75,0.0,-7.125,336.375,0.0022346368715084886
2018-07-06,342.0,352.25,342.0,351.75,3068,7,False,8.25,-2.625,0.0,-7.125,344.625,0.024526198439241975
2018-07-09,346.0,348.5,343.25,345.75,3259,7,False,-6.0,1.125,0.0,-7.125,338.625,-0.017410228509249226
2018-07-10,344.25,344.75,336.25,339.75,2735,7,False,-6.0,-7.25,0.0,-7.125,332.625,-0.017718715393133966
2018-07-11,336.0,337.0,331.25,331.25,1533,7,False,-8.5,-0.375,0.0,-7.125,324.125,-0.025554302893649017
2018-07-12,332.25,340.75,329.75,336.5,533,7,False,5.25,-7.375,0.0,-7.125,329.375,0.016197454685692225
2018-07-13,332.25,332.5,330.25,330.25,109316,7,False,-6.25,8.375,0.0,-7.125,323.125,-0.018975332068311146
2018-07-16,340.0,345.75,338.75,341.75,95293,7,False,11.5,-0.875,0.0,-7.125,334.625,0.03558994197292065
2018-07-17,345.0,348.75,344.25,346.25,100115,7,False,4.5,6.25,0.0,-7.125,339.125,0.013447889428464643
2018-07-18,346.25,349.0,346.0,347.25,81867,7,False,1.0,4.25,0.0,-7.125,340.125,0.002948765204570547
2018-07-19,347.0,352.0,345.0,351.25,81407,7,False,4.0,2.5,0.0,-7.125,344.125,0.011760382212421927
2018-07-20,351.25,355.75,349.75,355.25,69609,7,False,4.0,3.0,0.0,-7.125,348.125,0.011623683254631256
2018-07-23,356.0,358.5,354.5,357.25,75399,7,False,2.0,-0.625,0.0,-7.125,350.125,0.005745062836624681
2018-07-24,355.25,356.5,351.5,352.0,105606,7,False,-5.25,4.625,0.0,-7.125,344.875,-0.014994644769725118
2018-07-25,352.25,360.0,352.0,359.25,121593,7,False,7.25,-1.5,0.0,-7.125,352.125,0.0210221094599492
2018-07-26,361.0,365.75,360.25,361.5,146376,7,False,2.25,3.875,0.0,-7.125,354.375,0.006389776357827559
2018-07-27,361.0,363.75,359.5,362.0,133494,7,False,0.5,3.75,0.0,-7.125,354.875,0.001410934744268122
2018-07-30,364.0,369.25,363.5,367.25,127462,7,False,5.25,2.75,0.0,-7.125,360.125,0.014793941528707277
2018-07-31,367.0,374.25,366.25,372.25,141808,7,False,5.0,-1.0,0.0,-7.125,365.125,0.013884068031933428
2018-08-01,372.0,373.0,364.0,365.0,120054,8,False,-7.25,3.375,0.0,-7.125,357.875,-0.019856213625470742
2018-08-02,365.0,372.75,364.75,366.75,161081,8,False,1.75,-2.125,0.0,-7.125,359.625,0.004889975550122161
2018-08-03,366.75,371.25,364.75,369.75,77985,8,False,3.0,1.5,0.0,-7.125,362.625,0.008342022940563076
2018-08-06,370.0,371.75,368.25,371.0,80946,8,False,1.25,1.375,0.0,-7.125,363.875,0.0034470872113063766
2018-08-07,371.0,373.25,368.75,370.75,167092,8,False,-0.25,0.875,0.0,-7.125,363.625,-0.0006870491240124066
2018-08-08,370.5,373.75,370.0,371.25,123366,8,False,0.5,-1.125,0.0,-7.125,364.125,0.0013750429700927214
2018-08-09,371.0,372.75,366.5,369.25,148239,8,False,-2.0,-5.5,0.0,-7.125,362.125,-0.005492619292825296
2018-08-10,368.5,369.75,357.0,357.75,182404,8,False,-11.5,-1.625,0.0,-7.125,350.625,-0.03175698998964449
2018-08-13,357.5,358.0,352.25,356.5,178694,8,False,-1.25,-2.875,0.0,-7.125,349.375,-0.0035650623885917776
2018-08-14,356.5,363.0,356.5,362.25,101207,8,False,5.75,-1.0,0.0,-7.125,355.125,0.016457960644007175
2018-08-15,362.25,363.5,359.0,361.5,102535,8,False,-0.75,4.75,0.0,-7.125,354.375,-0.002111932418162654
2018-08-16,361.5,367.5,360.5,365.25,79361,8,False,3.75,-0.875,0.0,-7.125,358.125,0.010582010582010692
2018-08-17,365.0,367.75,361.75,364.25,82450,8,False,-1.0,0.75,0.0,-7.125,357.125,-0.002792321116928398
2018-08-20,365.25,366.0,359.5,362.0,88310,8,False,-2.25,-1.625,0.0,-7.125,354.875,-0.00630031501575079
2018-08-21,362.75,363.75,358.5,359.75,98587,8,False,-2.25,-4.75,0.0,-7.125,352.625,-0.006340260655160246
2018-08-22,359.25,359.25,352.25,352.5,102514,8,False,-7.25,-4.0,0.0,-7.125,345.375,-0.020560085076214096
2018-08-23,353.0,355.0,346.25,346.75,144613,8,False,-5.75,-2.75,0.0,-7.125,339.625,-0.01664857039449874
2018-08-24,346.5,350.0,346.25,348.5,124751,8,False,1.75,-3.75,0.0,-7.125,341.375,0.005152741994847165
2018-08-27,348.5,348.75,343.0,346.75,139285,8,False,-1.75,-2.0,0.0,-7.125,339.625,-0.0051263273526180875
2018-08-28,345.75,347.75,340.75,341.0,143197,8,False,-5.75,-0.75,0.0,-7.125,333.875,-0.01693043798306959
2018-08-29,341.0,344.0,340.25,341.25,113195,8,False,0.25,-3.0,0.0,-7.125,334.125,0.0007487832272556894
2018-08-30,341.5,344.0,340.5,341.0,122613,8,False,-0.25,5.125,0.0,-7.125,333.875,-0.0007482229704451893
2018-08-31,341.0,352.0,340.75,351.0,0,8,False,10.0,1.625,0.0,-7.125,343.875,0.029951329090228462
2018-09-04,351.5,355.25,347.25,354.5,4870,9,True,3.5,3.625,-0.125,-7.0,347.5,0.010541621228644216
2018-09-05,356.0,356.0,351.0,351.75,3514,9,False,-2.75,2.625,0.0,-7.0,344.75,-0.007913669064748219
2018-09-06,353.5,354.5,350.75,353.5,2161,9,False,1.75,-1.0,0.0,-7.0,346.5,0.0050761421319796
2018-09-07,352.75,355.75,351.0,354.25,692,9,False,0.75,1.5,0.0,-7.0,347.25,0.0021645021645022577
2018-09-10,353.25,356.0,353.0,355.5,1263,9,False,1.25,0.25,0.0,-7.0,348.5,0.003599712023038215
2018-09-11,357.25,357.25,354.75,355.25,287,9,False,-0.25,-6.25,0.0,-7.0,348.25,-0.0007173601147776321
2018-09-12,354.25,354.5,340.5,341.5,407,9,False,-13.75,-2.75,0.0,-7.0,334.5,-0.03948312993539127
2018-09-13,344.5,344.5,336.25,336.25,131,9,False,-5.25,-6.5,0.0,-7.0,329.25,-0.015695067264574036
2018-09-14,338.5,338.75,337.0,337.0,138241,9,False,0.75,2.875,0.0,-7.0,330.0,0.002277904328018332
2018-09-17,351.0,351.75,347.75,348.0,145271,9,False,11.0,-2.0,0.0,-7.0,341.0,0.03333333333333344
2018-09-18,348.0,348.75,342.5,343.25,199080,9,False,-4.75,6.75,0.0,-7.0,336.25,-0.013929618768328433
2018-09-19,343.0,346.75,343.0,345.75,151074,9,False,2.5,1.0,0.0,-7.0,338.75,0.0074349442379182396
2018-09-20,345.25,356.25,344.75,352.5,266804,9,False,6.75,3.625,0.0,-7.0,345.5,0.019926199261992572
2018-09-21,352.5,357.75,352.25,357.25,156113,9,False,4.75,5.0,0.0,-7.0,350.25,0.01374819102749636
2018-09-24,357.25,362.0,355.75,360.5,148370,9,False,3.25,4.0,0.0,-7.0,353.5,0.009279086366880795
2018-09-25,360.25,364.25,357.5,363.75,187874,9,False,3.25,1.25,0.0,-7.0,356.75,0.009193776520509234
2018-09-26,363.5,364.75,361.25,363.0,137900,9,False,-0.75,2.5,0.0,-7.0,356.0,-0.0021023125437982237
2018-09-27,363.0,365.75,361.25,364.75,113909,9,False,1.75,-4.625,0.0,-7.0,357.75,0.004915730337078594
2018-09-28,364.5,366.75,354.5,356.25,237213,9,False,-8.5,5.625,0.0,-7.0,349.25,-0.02375960866526905
2018-10-01,356.75,366.5,356.5,365.75,214369,10,False,9.5,-3.375,0.0,-7.0,358.75,0.027201145311381625
2018-10-02,365.0,369.0,363.25,367.5,206146,10,False,1.75,3.375,0.0,-7.0,360.5,0.004878048780487809
2018-10-03,367.75,369.0,364.5,364.75,139279,10,False,-2.75,2.25,0.0,-7.0,357.75,-0.007628294036061023
2018-10-04,364.75,368.5,364.75,367.5,130828,10,False,2.75,-1.0,0.0,-7.0,360.5,0.007686932215234199
2018-10-05,367.5,369.5,363.0,368.25,204815,10,False,0.75,0.5,0.0,-7.0,361.25,0.0020804438280166426
2018-10-08,368.5,369.5,364.25,366.5,122012,10,False,-1.75,-0.625,0.0,-7.0,359.5,-0.0048442906574394096
2018-10-09,366.5,368.0,363.75,364.5,119567,10,False,-2.0,-1.75,0.0,-7.0,357.5,-0.0055632823365785455
2018-10-10,364.5,365.25,362.0,362.75,121039,10,False,-1.75,2.25,0.0,-7.0,355.75,-0.004895104895104918
2018-10-11,362.0,373.0,360.25,369.25,233116,10,False,6.5,1.375,0.0,-7.0,362.25,0.01827125790583284
2018-10-12,369.0,374.0,368.5,373.75,185821,10,False,4.5,5.5,0.0,-7.0,366.75,0.012422360248447228
2018-10-15,373.0,378.5,371.75,378.25,227938,10,False,4.5,0.75,0.0,-7.0,371.25,0.012269938650306678
2018-10-16,377.25,377.5,373.5,375.25,185899,10,False,-3.0,1.75,0.0,-7.0,368.25,-0.008080808080808133
2018-10-17,375.0,376.25,373.25,374.25,106446,10,False,-1.0,-3.25,0.0,-7.0,367.25,-0.0027155465037338455
2018-10-18,373.0,373.25,369.5,370.75,137274,10,False,-3.5,-2.375,0.0,-7.0,363.75,-0.00953029271613337
2018-10-19,370.5,371.0,366.0,367.0,165329,10,False,-3.75,-0.5,0.0,-7.0,360.0,-0.010309278350515427
2018-10-22,365.5,370.5,365.5,369.5,140542,10,False,2.5,-1.5,0.0,-7.0,362.5,0.00694444444444442
2018-10-23,369.25,372.5,368.0,370.25,136626,10,False,0.75,0.25,0.0,-7.0,363.25,0.00206896551724145
2018-10-24,369.5,369.75,367.75,368.25,114262,10,False,-2.0,-3.25,0.0,-7.0,361.25,-0.00550584996558845
2018-10-25,367.75,368.25,360.5,361.0,262813,10,False,-7.25,2.375,0.0,-7.0,354.0,-0.02006920415224911
2018-10-26,361.75,369.75,361.75,367.75,220034,10,False,6.75,-4.125,0.0,-7.0,360.75,0.019067796610169552
2018-10-29,368.0,371.5,365.5,366.75,142746,10,False,-1.0,2.375,0.0,-7.0,359.75,-0.002772002772002735
2018-10-30,366.75,368.0,364.25,364.75,137331,10,False,-2.0,-1.25,0.0,-7.0,357.75,-0.005559416261292527
2018-10-31,364.75,365.25,362.5,363.25,163231,10,False,-1.5,0.75,0.0,-7.0,356.25,-0.004192872117400381
2018-11-01,363.25,371.0,363.0,366.75,304754,11,False,3.5,1.5,0.0,-7.0,359.75,0.009824561403508847
2018-11-02,366.25,373.0,365.25,371.25,242629,11,False,4.5,3.125,0.0,-7.0,364.25,0.012508686587908269
2018-11-05,371.0,374.25,369.5,374.0,191618,11,False,2.75,1.875,0.0,-7.0,367.0,0.007549759780370646
2018-11-06,373.75,374.5,372.0,373.25,206076,11,False,-0.75,0.875,0.0,-7.0,366.25,-0.002043596730245234
2018-11-07,372.25,373.25,371.0,372.25,233522,11,False,-1.0,0.25,0.0,-7.0,365.25,-0.0027303754266211344
2018-11-08,372.0,379.0,366.0,373.5,432338,11,False,1.25,-2.375,0.0,-7.0,366.5,0.003422313483915085
2018-11-09,372.75,374.0,368.25,369.75,212422,11,False,-3.75,1.375,0.0,-7.0,362.75,-0.01023192360163716
2018-11-12,369.0,372.5,368.0,371.25,176017,11,False,1.5,-4.25,0.0,-7.0,364.25,0.004135079255685792
2018-11-13,369.5,370.75,365.5,366.5,178859,11,False,-4.75,1.0,0.0,-7.0,359.5,-0.013040494166094763
2018-11-14,366.0,368.0,365.75,367.0,121770,11,False,0.5,-2.125,0.0,-7.0,360.0,0.0013908205841446364
2018-11-15,366.75,371.75,366.5,367.5,182150,11,False,0.5,-1.125,0.0,-7.0,360.5,0.001388888888888884
2018-11-16,367.25,368.75,363.25,364.75,180968,11,False,-2.75,-1.0,0.0,-7.0,357.75,-0.007628294036061023
2018-11-19,364.75,366.25,361.25,362.25,179457,11,False,-2.5,-1.875,0.0,-7.0,355.25,-0.006988120195667413
2018-11-20,362.75,363.5,361.25,361.25,146930,11,False,-1.0,-1.0,0.0,-7.0,354.25,-0.0028149190710766714
2018-11-21,361.25,363.25,360.0,361.75,184082,11,False,0.5,-1.875,0.0,-7.0,354.75,0.0014114326040930436
2018-11-23,361.0,361.75,358.75,359.0,174044,11,False,-2.75,-1.25,0.0,-7.0,352.0,-0.007751937984496138
2018-11-26,359.5,360.5,355.25,356.0,331200,11,False,-3.0,-1.125,0.0,-7.0,349.0,-0.008522727272727293
2018-11-27,356.0,358.5,355.5,356.5,248125,11,False,0.5,0.5,0.0,-7.0,349.5,0.0014326647564470996
2018-11-28,356.25,361.5,356.0,360.5,221952,11,False,4.0,0.125,0.0,-7.0,353.5,0.011444921316166035
2018-11-29,360.5,363.0,359.0,360.25,186618,11,False,-0.25,5.125,0.0,-7.0,353.25,-0.0007072135785006761
2018-11-30,360.75,366.75,360.5,366.5,17986,11,False,6.25,2.25,0.0,-7.0,359.5,0.017692852087756616
2018-12-03,372.75,374.0,369.5,371.25,7579,12,True,4.75,4.625,0.125,-7.125,364.125,0.012865090403338053
2018-12-04,370.0,374.25,369.5,374.25,2930,12,False,3.0,1.25,0.0,-7.125,367.125,0.008238928939237944
2018-12-06,374.0,374.5,369.25,372.0,2299,12,False,-2.25,2.5,0.0,-7.125,364.875,-0.006128702757916216
2018-12-07,371.75,374.75,371.5,374.0,2243,12,False,2.0,-1.0,0.0,-7.125,366.875,0.005481329222336351
2018-12-10,374.25,376.0,372.75,374.25,1655,12,False,0.25,1.375,0.0,-7.125,367.125,0.0006814310051106443
2018-12-11,373.75,376.5,372.75,375.0,1372,12,False,0.75,0.75,0.0,-7.125,367.875,0.0020429009193054792
2018-12-12,375.5,378.0,375.5,376.25,632,12,False,1.25,0.0,0.0,-7.125,369.125,0.003397893306150257
2018-12-13,375.0,377.5,374.0,375.5,229,12,False,-0.75,1.25,0.0,-7.125,368.375,-0.002031832035218395
2018-12-14,378.0,379.0,376.75,376.75,131884,12,False,1.25,2.125,0.0,-7.125,369.625,0.0033932813030199682
2018-12-19,385.0,385.25,381.5,381.75,107244,12,False,5.0,-2.625,0.0,-7.125,374.625,0.013527223537368904
2018-12-20,381.75,382.75,375.0,375.25,205496,12,False,-6.5,4.125,0.0,-7.125,368.125,-0.017350684017350737
2018-12-21,375.5,379.5,374.75,378.5,138729,12,False,3.25,-3.625,0.0,-7.125,371.375,0.00882852292020364
2018-12-24,378.25,379.0,375.25,377.75,54836,12,False,-0.75,-0.625,0.0,-7.125,370.625,-0.0020195220464489516
2018-12-26,378.25,379.25,372.5,373.25,97146,12,False,-4.5,0.25,0.0,-7.125,366.125,-0.012141652613828047
2018-12-27,373.25,376.5,373.25,374.5,96243,12,False,1.25,-1.75,0.0,-7.125,367.375,0.0034141345168998694
2018-12-28,374.5,377.5,374.5,375.5,89172,12,False,1.0,0.375,0.0,-7.125,368.375,0.002722014290575059
2018-12-31,375.5,377.0,372.75,375.0,91126,12,False,-0.5,0.875,0.0,-7.125,367.875,-0.001357312521207965
2019-01-02,375.25,377.75,374.0,375.75,104724,1,False,0.75,1.75,0.0,-7.125,368.625,0.0020387359836901986
2019-01-03,375.5,380.5,374.75,379.75,101460,1,False,4.0,2.0,0.0,-7.125,372.625,0.010851135978297677
2019-01-04,380.0,383.5,379.75,383.0,178171,1,False,3.25,1.625,0.0,-7.125,375.875,0.008721905400872254
2019-01-07,382.25,384.0,381.75,382.25,110623,1,False,-0.75,0.5,0.0,-7.125,375.125,-0.0019953441968739716
2019-01-08,382.5,384.5,379.0,380.0,172291,1,False,-2.25,0.625,0.0,-7.125,372.875,-0.005998000666444514
2019-01-09,380.5,383.5,380.5,382.0,192055,1,False,2.0,-4.0,0.0,-7.125,374.875,0.00536372779081451
2019-01-10,381.5,382.75,376.0,376.25,181392,1,False,-5.75,2.0,0.0,-7.125,369.125,-0.015338446148716267
2019-01-11,377.0,379.25,376.75,378.25,131815,1,False,2.0,-2.75,0.0,-7.125,371.125,0.0054182187605824605
2019-01-14,378.5,381.0,377.0,378.5,144739,1,False,0.25,-2.625,0.0,-7.125,371.375,0.000673627484001349
2019-01-15,379.5,381.0,371.0,371.25,251255,1,False,-7.25,1.5,0.0,-7.125,364.125,-0.019522046449007013
2019-01-16,372.75,375.0,372.5,374.0,164719,1,False,2.75,-0.625,0.0,-7.125,366.875,0.007552351527634782
2019-01-17,374.0,381.5,373.75,380.0,207625,1,False,6.0,2.25,0.0,-7.125,372.875,0.016354344122657682
2019-01-18,379.75,383.0,377.75,381.75,191033,1,False,1.75,1.625,0.0,-7.125,374.625,0.004693261816962835
2019-01-22,380.75,382.25,376.75,379.0,211433,1,False,-2.75,0.75,0.0,-7.125,371.875,-0.00734067400734062
2019-01-23,379.5,381.75,378.0,378.75,127605,1,False,-0.25,-2.25,0.0,-7.125,371.625,-0.0006722689075630006
2019-01-24,378.75,379.75,375.75,377.0,124108,1,False,-1.75,1.5,0.0,-7.125,369.875,-0.00470904809956274
2019-01-25,377.0,380.5,376.0,380.25,134094,1,False,3.25,-1.125,0.0,-7.125,373.125,0.00878675228117598
2019-01-28,379.5,381.0,378.0,379.75,102144,1,False,-0.5,0.375,0.0,-7.125,372.625,-0.0013400335008375563
2019-01-29,379.75,380.75,376.0,377.25,187023,1,False,-2.5,1.75,0.0,-7.125,370.125,-0.006709158000670956
2019-01-30,377.75,381.5,377.5,381.25,198900,1,False,4.0,-3.625,0.0,-7.125,374.125,0.010807159743329908
2019-01-31,381.0,381.5,375.75,376.5,205750,1,False,-4.75,2.875,0.0,-7.125,369.375,-0.012696291346475097
2019-02-01,376.5,380.75,376.5,378.25,151472,2,False,1.75,-1.875,0.0,-7.125,371.125,0.004737732656514337
2019-02-04,377.75,379.75,376.5,379.25,145834,2,False,1.0,1.625,0.0,-7.125,372.125,0.002694509936005396
2019-02-05,379.5,381.25,377.0,380.75,171954,2,False,1.5,0.125,0.0,-7.125,373.625,0.004030903594222313
2019-02-06,380.5,380.75,379.0,380.0,145154,2,False,-0.75,-1.0,0.0,-7.125,372.875,-0.0020073603211776536
2019-02-07,379.75,380.25,376.25,376.5,259742,2,False,-3.5,-1.5,0.0,-7.125,369.375,-0.009386523633925559
2019-02-08,376.5,381.75,374.0,374.25,340779,2,False,-2.25,-2.5,0.0,-7.125,367.125,-0.006091370558375608
2019-02-11,374.5,375.0,371.75,372.75,309359,2,False,-1.5,1.625,0.0,-7.125,365.625,-0.0040858018386108474
2019-02-12,373.5,378.75,373.0,378.25,291257,2,False,5.5,-0.5,0.0,-7.125,371.125,0.015042735042735123
2019-02-13,377.5,379.0,376.25,378.75,243883,2,False,0.5,0.75,0.0,-7.125,371.625,0.001347254968002698
2019-02-14,378.75,379.0,374.0,374.75,225289,2,False,-4.0,0.25,0.0,-7.125,367.625,-0.010763538513286264
2019-02-15,374.75,376.5,373.0,374.75,209096,2,False,0.0,-4.5,0.0,-7.125,367.625,0.0
2019-02-19,374.25,376.25,369.0,369.75,230708,2,False,-5.0,0.5,0.0,-7.125,362.625,-0.013600816048962905
2019-02-20,371.5,373.5,368.5,370.75,310666,2,False,1.0,-0.125,0.0,-7.125,363.625,0.0027576697690452345
2019-02-21,371.0,378.5,370.5,375.5,257188,2,False,4.75,0.375,0.0,-7.125,368.375,0.013062908215881741
2019-02-22,374.75,377.75,374.5,375.25,316659,2,False,-0.25,0.0,0.0,-7.125,368.125,-0.000678656260604038
2019-02-25,377.75,378.5,370.0,370.5,344712,2,False,-4.75,-2.25,0.0,-7.125,363.375,-0.012903225806451646
2019-02-26,370.75,371.25,365.5,366.25,242769,2,False,-4.25,-3.625,0.0,-7.125,359.125,-0.011695906432748537
2019-02-27,366.0,368.25,362.5,363.75,189224,2,False,-2.5,-3.0,0.0,-7.125,356.625,-0.006961364427427785
2019-02-28,363.75,364.75,361.25,362.0,23512,2,False,-1.75,-0.25,0.0,-7.125,354.875,-0.004907115317209998
2019-03-01,361.75,364.0,357.5,364.0,12360,3,True,2.0,-0.375,2.375,-9.5,354.5,-0.0010567101091933928
2019-03-04,365.25,368.0,364.5,365.0,5270,3,False,1.0,1.5,0.0,-9.5,355.5,0.0028208744710860323
2019-03-05,366.0,367.25,364.75,366.0,4570,3,False,1.0,-1.25,0.0,-9.5,356.5,0.002812939521800173
2019-03-06,366.0,366.0,361.0,362.5,2916,3,False,-3.5,-2.75,0.0,-9.5,353.0,-0.009817671809256634
2019-03-07,362.25,362.25,355.75,356.0,2482,3,False,-6.5,-2.375,0.0,-9.5,346.5,-0.018413597733711096
2019-03-08,357.75,358.25,354.0,354.75,2265,3,False,-1.25,-4.375,0.0,-9.5,345.25,-0.003607503607503615
2019-03-11,357.5,357.5,352.5,352.5,1747,3,False,-2.25,1.375,0.0,-9.5,343.0,-0.00651701665459814
2019-03-12,353.25,357.75,352.75,356.5,798,3,False,4.0,-0.75,0.0,-9.5,347.0,0.011661807580174877
2019-03-13,357.25,359.5,355.0,357.25,317,3,False,0.75,4.125,0.0,-9.5,347.75,0.002161383285302687
2019-03-14,360.25,363.25,360.0,361.5,183857,3,False,4.25,6.25,0.0,-9.5,352.0,0.012221423436376666
2019-03-15,369.25,373.75,369.0,373.25,197270,3,False,11.75,1.25,0.0,-9.5,363.75,0.03338068181818188
2019-03-18,374.0,375.5,370.25,371.5,169237,3,False,-1.75,5.75,0.0,-9.5,362.0,-0.004810996563573866
2019-03-19,372.0,373.75,367.75,371.25,159377,3,False,-0.25,-0.75,0.0,-9.5,361.75,-0.0006906077348066697
2019-03-20,371.5,372.5,368.75,371.5,101477,3,False,0.25,2.25,0.0,-9.5,362.0,0.0006910850034553828
2019-03-21,371.0,377.5,370.5,376.25,220227,3,False,4.75,1.125,0.0,-9.5,366.75,0.013121546961325947
2019-03-22,375.75,380.75,375.5,378.25,222578,3,False,2.0,3.125,0.0,-9.5,368.75,0.005453306066802943
2019-03-25,378.75,380.75,376.75,379.75,155849,3,False,1.5,-0.25,0.0,-9.5,370.25,0.004067796610169427
2019-03-26,379.25,380.5,375.5,377.25,165178,3,False,-2.5,-1.0,0.0,-9.5,367.75,-0.006752194463200523
2019-03-27,376.75,377.0,372.0,373.75,127919,3,False,-3.5,-1.125,0.0,-9.5,364.25,-0.009517335146159045
2019-03-28,373.75,374.75,372.0,374.0,105825,3,False,0.25,-10.5,0.0,-9.5,364.5,0.0006863417982154729
2019-03-29,373.75,375.0,356.0,356.5,441012,3,False,-17.5,2.75,0.0,-9.5,347.0,-0.0480109739368999
2019-04-01,356.5,363.0,356.5,361.75,239354,4,False,5.25,-8.875,0.0,-9.5,352.25,0.015129682997118143
2019-04-02,362.25,363.5,359.25,361.5,117194,4,False,-0.25,3.25,0.0,-9.5,352.0,-0.0007097232079489313
2019-04-03,361.25,364.75,360.5,362.75,135849,4,False,1.25,1.125,0.0,-9.5,353.25,0.0035511363636364646
2019-04-04,362.75,366.25,362.75,365.25,159329,4,False,2.5,-0.75,0.0,-9.5,355.75,0.007077140835102691
2019-04-05,364.5,364.75,360.5,362.5,273057,4,False,-2.75,0.0,0.0,-9.5,353.0,-0.007730147575544577
2019-04-08,362.25,363.5,359.5,360.0,269564,4,False,-2.5,-1.375,0.0,-9.5,350.5,-0.007082152974504208
2019-04-09,359.75,362.25,355.25,360.0,275445,4,False,0.0,-0.375,0.0,-9.5,350.5,0.0
2019-04-10,360.25,362.75,360.0,361.75,253300,4,False,1.75,-0.875,0.0,-9.5,352.25,0.004992867332382245
2019-04-11,361.25,363.0,358.5,360.0,264730,4,False,-1.75,1.375,0.0,-9.5,350.5,-0.004968062455642297
2019-04-12,360.25,361.5,358.5,361.0,95871,4,False,1.0,0.0,0.0,-9.5,351.5,0.0028530670470756636
2019-04-15,361.25,364.25,361.0,362.75,208541,4,False,1.75,-1.375,0.0,-9.5,353.25,0.004978662873399653
2019-04-16,362.5,362.5,357.25,359.0,192351,4,False,-3.75,0.5,0.0,-9.5,349.5,-0.010615711252653925
2019-04-17,358.25,360.0,356.75,358.25,148184,4,False,-0.75,-1.75,0.0,-9.5,348.75,-0.0021459227467811592
2019-04-18,358.0,359.25,357.0,358.5,102302,4,False,0.25,-2.25,0.0,-9.5,349.0,0.0007168458781361409
2019-04-22,359.0,359.0,354.25,354.75,144705,4,False,-3.75,-1.625,0.0,-9.5,345.25,-0.01074498567335247
2019-04-23,354.75,355.0,350.25,351.25,194770,4,False,-3.5,-4.125,0.0,-9.5,341.75,-0.010137581462708156
2019-04-24,351.0,352.5,345.5,346.75,241386,4,False,-4.5,-1.375,0.0,-9.5,337.25,-0.013167520117044584
2019-04-25,346.0,351.0,342.25,347.5,236880,4,False,0.75,-0.375,0.0,-9.5,338.0,0.002223869532987477
2019-04-26,347.25,353.5,347.0,351.25,166752,4,False,3.75,0.75,0.0,-9.5,341.75,0.011094674556213047
2019-04-29,353.25,356.0,351.25,352.0,250771,4,False,0.75,2.5,0.0,-9.5,342.5,0.002194586686174116
2019-04-30,352.25,354.0,349.25,353.25,14379,4,False,1.25,3.75,0.0,-9.5,343.75,0.0036496350364962904
2019-05-01,353.5,360.5,353.5,360.0,8291,5,True,6.75,1.625,5.125,-14.625,345.375,0.004727272727272691
2019-05-02,361.0,362.25,358.5,362.0,4314,5,False,2.0,3.875,0.0,-14.625,347.375,0.005790807093738692
2019-05-03,362.25,363.25,360.25,363.0,1645,5,False,1.0,-2.625,0.0,-14.625,348.375,0.0028787333573228047
2019-05-06,352.5,356.0,349.0,355.75,1710,5,False,-7.25,1.625,0.0,-14.625,341.125,-0.020810907786150024
2019-05-07,357.0,359.25,355.0,358.0,1156,5,False,2.25,-5.0,0.0,-14.625,343.375,0.006595822645657723
2019-05-08,356.5,356.5,353.25,355.25,860,5,False,-2.75,-4.25,0.0,-14.625,340.625,-0.008008736803785999
2019-05-09,350.0,350.0,344.0,344.5,657,5,False,-10.75,-2.375,0.0,-14.625,329.875,-0.03155963302752296
2019-05-10,346.5,346.5,338.25,342.5,308,5,False,-2.0,-2.875,0.0,-14.625,327.875,-0.0060629026146267195
2019-05-13,335.5,348.25,335.5,347.5,286,5,False,5.0,5.5,0.0,-14.625,332.875,0.015249714067861131
2019-05-14,354.25,360.75,353.5,360.5,429399,5,False,13.0,7.0,0.0,-14.625,345.875,0.039053698835899375
2019-05-15,369.0,380.0,368.0,369.5,336989,5,False,9.0,11.25,0.0,-14.625,354.875,0.026020961329960235
2019-05-16,368.75,380.75,368.75,379.0,248510,5,False,9.5,6.625,0.0,-14.625,364.375,0.02676998943289899
2019-05-17,380.0,384.75,380.0,383.25,319503,5,False,4.25,7.625,0.0,-14.625,368.625,0.011663807890222921
2019-05-20,386.0,391.5,385.75,389.0,358734,5,False,5.75,4.75,0.0,-14.625,374.375,0.015598507968803021
2019-05-21,393.25,399.0,391.25,394.25,451260,5,False,5.25,3.0,0.0,-14.625,379.625,0.01402337228714523
2019-05-22,393.25,396.5,386.25,394.5,291262,5,False,0.25,0.25,0.0,-14.625,379.875,0.0006585446163978048
2019-05-23,394.0,399.0,387.0,389.75,340117,5,False,-4.75,7.375,0.0,-14.625,375.125,-0.012504113195130007
2019-05-24,390.5,404.75,389.75,404.25,299952,5,False,14.5,5.625,0.0,-14.625,389.625,0.03865378207264247
2019-05-28,408.0,421.0,407.5,420.25,417683,5,False,16.0,6.5,0.0,-14.625,405.625,0.041065126724414425
2019-05-29,429.25,438.0,412.25,418.75,484436,5,False,-1.5,16.75,0.0,-14.625,404.125,-0.003697996918335944
2019-05-30,416.5,436.75,413.25,436.25,324914,5,False,17.5,-5.375,0.0,-14.625,421.625,0.04330343334364373
2019-05-31,435.0,437.5,423.25,427.0,302171,5,False,-9.25,7.375,0.0,-14.625,412.375,-0.021938926771420064
2019-06-03,426.25,430.75,418.25,424.25,288442,6,False,-2.75,-4.125,0.0,-14.625,409.625,-0.006668687481054869
2019-06-04,435.0,436.0,421.25,425.25,306703,6,False,1.0,-6.625,0.0,-14.625,410.625,0.0024412572474825645
2019-06-05,424.25,424.75,412.25,414.75,231859,6,False,-10.5,3.375,0.0,-14.625,400.125,-0.025570776255707806
2019-06-06,414.5,421.5,407.0,420.5,279006,6,False,5.75,-7.625,0.0,-14.625,405.875,0.01437050921587013
2019-06-07,421.0,423.5,415.0,415.75,227751,6,False,-4.75,2.875,0.0,-14.625,401.125,-0.011703110563597185
2019-06-10,413.0,416.5,409.0,415.75,279949,6,False,0.0,3.625,0.0,-14.625,401.125,0.0
2019-06-11,415.0,430.25,408.25,427.75,360317,6,False,12.0,1.125,0.0,-14.625,413.125,0.02991586163913995
2019-06-12,427.75,434.5,424.0,430.0,331360,6,False,2.25,12.0,0.0,-14.625,415.375,0.005446293494705046
2019-06-13,429.75,442.75,429.5,442.0,402152,6,False,12.0,6.625,0.0,-14.625,427.375,0.028889557628648754
2019-06-14,442.0,457.25,441.75,453.0,312814,6,False,11.0,6.875,0.0,-14.625,438.375,0.02573852003509791
2019-06-17,458.25,464.25,450.5,454.75,279480,6,False,1.75,3.0,0.0,-14.625,440.125,0.003992015968063978
2019-06-18,455.5,458.0,442.75,449.75,221471,6,False,-5.0,-3.5,0.0,-14.625,435.125,-0.011360408974723124
2019-06-19,449.75,451.75,438.25,441.0,193331,6,False,-8.75,2.0,0.0,-14.625,426.375,-0.020109164033323745
2019-06-20,441.5,450.75,436.5,450.0,198628,6,False,9.0,-8.25,0.0,-14.625,435.375,0.02110817941952514
2019-06-21,452.0,454.0,441.75,442.25,251093,6,False,-7.75,6.75,0.0,-14.625,427.625,-0.017800746482917074
2019-06-24,442.25,447.75,440.25,446.75,172094,6,False,4.5,-3.5,0.0,-14.625,432.125,0.010523238819058811
2019-06-25,451.0,453.0,446.5,447.5,158426,6,False,0.75,0.125,0.0,-14.625,432.875,0.0017356089094591187
2019-06-26,447.0,447.25,440.75,443.25,158878,6,False,-4.25,-1.25,0.0,-14.625,428.625,-0.009818076812012744
2019-06-27,443.0,445.5,438.5,440.0,141131,6,False,-3.25,-12.0,0.0,-14.625,425.375,-0.007582385535141456
2019-06-28,439.0,455.0,411.0,420.25,34514,6,False,-19.75,-5.75,0.0,-14.625,405.625,-0.0464296209227153
2019-07-01,424.25,424.75,410.25,412.0,13482,7,True,-8.25,-9.125,0.875,-15.5,396.5,-0.022496147919876752
2019-07-02,412.5,415.5,408.25,413.5,6526,7,False,1.5,5.625,0.0,-15.5,398.0,0.003783102143757988
2019-07-03,417.0,433.75,417.0,433.0,3471,7,False,19.5,1.25,0.0,-15.5,417.5,0.04899497487437188
2019-07-05,433.0,435.5,427.0,434.0,2127,7,False,1.0,12.0,0.0,-15.5,418.5,0.0023952095808383866
2019-07-08,440.75,442.75,432.0,438.5,2083,7,False,4.5,-2.875,0.0,-15.5,423.0,0.010752688172043001
2019-07-09,437.25,437.75,429.25,431.75,445,7,False,-6.75,3.5,0.0,-15.5,416.25,-0.015957446808510634
2019-07-10,430.0,434.75,428.0,434.25,494,7,False,2.5,3.375,0.0,-15.5,418.75,0.006006006006006093
2019-07-11,433.25,448.0,433.25,447.75,597,7,False,13.5,2.125,0.0,-15.5,432.25,0.032238805970149276
2019-07-12,447.75,457.0,447.75,449.5,169365,7,False,1.75,2.5,0.0,-15.5,434.0,0.004048582995951344
2019-07-15,459.25,460.0,439.75,441.0,164465,7,False,-8.5,-2.0,0.0,-15.5,425.5,-0.019585253456221197
2019-07-16,437.75,440.75,429.0,435.25,144486,7,False,-5.75,-3.875,0.0,-15.5,419.75,-0.013513513513513487
2019-07-17,435.25,441.5,431.5,436.0,125868,7,False,0.75,-8.625,0.0,-15.5,420.5,0.0017867778439546456
2019-07-18,435.0,436.0,423.25,424.5,156004,7,False,-11.5,3.5,0.0,-15.5,409.0,-0.027348394768133222
2019-07-19,425.5,434.0,423.75,430.75,114521,7,False,6.25,-10.0,0.0,-15.5,415.25,0.015281173594132058
2019-07-22,430.75,432.25,421.0,422.25,110947,7,False,-8.5,4.75,0.0,-15.5,406.75,-0.02046959662853698
2019-07-23,423.75,426.5,418.25,425.5,131110,7,False,3.25,-5.0,0.0,-15.5,410.0,0.007990165949600447
2019-07-24,425.0,430.5,421.5,424.0,93160,7,False,-1.5,-1.125,0.0,-15.5,408.5,-0.003658536585365857
2019-07-25,424.0,425.75,418.0,418.5,172277,7,False,-5.5,-2.75,0.0,-15.5,403.0,-0.01346389228886169
2019-07-26,418.25,419.5,413.0,414.5,120749,7,False,-4.0,-1.5,0.0,-15.5,399.0,-0.00992555831265507
2019-07-29,413.25,419.5,412.0,417.0,90112,7,False,2.5,-4.875,0.0,-15.5,401.5,0.006265664160401085
2019-07-30,417.0,417.0,410.25,411.25,81026,7,False,-5.75,-4.25,0.0,-15.5,395.75,-0.014321295143212898
2019-07-31,410.75,413.75,400.0,400.25,151787,7,False,-11.0,-6.625,0.0,-15.5,384.75,-0.027795325331648746
2019-08-01,401.75,403.0,387.25,392.75,145330,8,False,-7.5,-2.125,0.0,-15.5,377.25,-0.01949317738791423
2019-08-02,394.75,400.0,393.5,399.5,90361,8,False,6.75,-0.875,0.0,-15.5,384.0,0.017892644135188762
2019-08-05,400.0,406.75,391.0,405.25,109686,8,False,5.75,2.75,0.0,-15.5,389.75,0.01497395833333326
2019-08-06,405.75,408.0,400.75,404.0,113069,8,False,-1.25,4.125,0.0,-15.5,388.5,-0.003207184092366866
2019-08-07,404.75,407.5,400.5,406.5,167530,8,False,2.5,1.625,0.0,-15.5,391.0,0.006435006435006496
2019-08-08,407.25,412.0,405.5,411.0,184792,8,False,4.5,0.875,0.0,-15.5,395.5,0.011508951406649537
2019-08-09,410.75,417.0,407.25,410.25,185366,8,False,-0.75,-10.25,0.0,-15.5,394.75,-0.0018963337547408532
2019-08-12,409.75,410.0,385.25,385.25,248125,8,False,-25.0,-10.0,0.0,-15.5,369.75,-0.06333122229259025
2019-08-13,379.0,379.0,365.5,366.0,312969,8,False,-19.25,-16.0,0.0,-15.5,350.5,-0.05206220419202168
2019-08-14,366.25,370.5,358.5,359.0,185092,8,False,-7.0,-8.75,0.0,-15.5,343.5,-0.0199714693295292
2019-08-15,360.25,363.75,358.25,360.75,108781,8,False,1.75,1.625,0.0,-15.5,345.25,0.005094614264919972
2019-08-16,361.5,371.25,361.25,371.0,104806,8,False,10.25,-2.125,0.0,-15.5,355.5,0.029688631426502576
2019-08-19,367.25,368.25,363.25,365.0,78542,8,False,-6.0,2.375,0.0,-15.5,349.5,-0.016877637130801704
2019-08-20,366.5,370.25,359.25,359.5,89474,8,False,-5.5,-1.5,0.0,-15.5,344.0,-0.01573676680972813
2019-08-21,360.0,364.0,357.0,362.5,125855,8,False,3.0,-2.375,0.0,-15.5,347.0,0.008720930232558155
2019-08-22,363.0,366.5,359.0,363.25,99247,8,False,0.75,-0.25,0.0,-15.5,347.75,0.002161383285302687
2019-08-23,362.75,363.0,357.5,359.75,169868,8,False,-3.5,-0.25,0.0,-15.5,344.25,-0.010064701653486718
2019-08-26,358.0,362.0,357.0,358.5,122537,8,False,-1.25,-2.5,0.0,-15.5,343.0,-0.0036310820624546603
2019-08-27,359.0,360.0,356.75,357.0,129886,8,False,-1.5,2.25,0.0,-15.5,341.5,-0.004373177842565634
2019-08-28,357.25,365.5,355.25,362.75,172927,8,False,5.75,-2.25,0.0,-15.5,347.25,0.01683748169838939
2019-08-29,363.0,369.0,357.5,359.75,122794,8,False,-3.0,2.0,0.0,-15.5,344.25,-0.008639308855291628
2019-08-30,359.75,364.5,356.75,358.0,11240,8,False,-1.75,-5.625,0.0,-15.5,342.5,-0.005083514887436413
2019-09-03,358.75,359.0,349.0,349.75,5335,9,True,-8.25,-2.75,-5.5,-10.0,339.75,-0.008029197080291928
2019-09-04,350.5,351.0,344.5,346.0,3851,9,False,-3.75,-3.875,0.0,-10.0,336.0,-0.01103752759381893
2019-09-05,346.5,349.5,346.5,346.5,1813,9,False,0.5,-3.875,0.0,-10.0,336.5,0.0014880952380953438
2019-09-06,347.5,348.25,341.5,342.5,1357,9,False,-4.0,-0.625,0.0,-10.0,332.5,-0.011887072808320909
2019-09-09,343.25,343.25,340.0,340.75,938,9,False,-1.75,1.875,0.0,-10.0,330.75,-0.0052631578947368585
2019-09-10,344.0,349.5,344.0,348.5,314,9,False,7.75,-1.0,0.0,-10.0,338.5,0.023431594860166216
2019-09-11,349.75,349.75,344.75,348.25,328,9,False,-0.25,7.0,0.0,-10.0,338.25,-0.0007385524372230945
2019-09-12,349.75,354.5,349.5,354.5,152,9,False,6.25,0.375,0.0,-10.0,344.5,0.018477457501847816
2019-09-13,358.5,358.5,355.5,355.5,145836,9,False,1.0,12.375,0.0,-10.0,345.5,0.002902757619738683
2019-09-16,372.0,374.75,367.5,374.0,133444,9,False,18.5,-2.5,0.0,-10.0,364.0,0.05354558610709126
2019-09-17,374.0,374.25,366.0,368.0,154625,9,False,-6.0,10.875,0.0,-10.0,358.0,-0.016483516483516536
2019-09-18,367.75,372.0,365.75,371.25,126832,9,False,3.25,-2.25,0.0,-10.0,361.25,0.009078212290502874
2019-09-19,371.5,373.75,369.5,372.75,117069,9,False,1.5,0.625,0.0,-10.0,362.75,0.0041522491349481605
2019-09-20,372.75,374.5,369.5,370.75,132998,9,False,-2.0,2.0,0.0,-10.0,360.75,-0.005513439007580945
2019-09-23,371.25,374.5,371.0,373.25,100443,9,False,2.5,-0.25,0.0,-10.0,363.25,0.006930006930006893
2019-09-24,372.0,376.0,370.25,374.75,144294,9,False,1.5,1.0,0.0,-10.0,364.75,0.004129387474191226
2019-09-25,375.25,377.5,372.25,374.25,119189,9,False,-0.5,-0.125,0.0,-10.0,364.25,-0.001370801919122644
2019-09-26,373.5,375.75,368.25,372.5,175419,9,False,-1.75,-0.75,0.0,-10.0,362.5,-0.0048043925875085325
2019-09-27,371.25,373.0,369.75,371.5,90796,9,False,-1.0,7.375,0.0,-10.0,361.5,-0.0027586206896551557
2019-09-30,372.0,388.25,371.5,388.0,337247,9,False,16.5,1.75,0.0,-10.0,378.0,0.045643153526971014
2019-10-01,386.75,392.75,385.25,392.5,227065,10,False,4.5,5.875,0.0,-10.0,382.5,0.011904761904761862
2019-10-02,390.5,391.75,385.5,387.75,158921,10,False,-4.75,2.75,0.0,-10.0,377.75,-0.012418300653594727
2019-10-03,387.0,390.75,385.5,388.75,125489,10,False,1.0,-4.375,0.0,-10.0,378.75,0.002647253474520106
2019-10-04,388.0,389.0,383.75,384.75,116336,10,False,-4.0,1.625,0.0,-10.0,374.75,-0.010561056105610533
2019-10-07,387.5,387.75,385.0,387.0,100421,10,False,2.25,2.375,0.0,-10.0,377.0,0.006004002668445585
2019-10-08,387.5,396.5,386.0,395.75,200460,10,False,8.75,0.375,0.0,-10.0,385.75,0.023209549071617985
2019-10-09,395.5,397.25,393.0,394.25,140853,10,False,-1.5,-2.625,0.0,-10.0,384.25,-0.0038885288399221896
2019-10-10,392.75,395.0,378.25,380.25,297046,10,False,-14.0,8.0,0.0,-10.0,370.25,-0.03643461288223815
2019-10-11,380.75,398.75,380.5,397.75,272436,10,False,17.5,-7.0,0.0,-10.0,387.75,0.04726536124240388
2019-10-14,401.25,402.5,393.25,397.75,170713,10,False,0.0,6.5,0.0,-10.0,387.75,0.0
2019-10-15,397.0,398.5,392.5,393.25,143675,10,False,-4.5,-0.75,0.0,-10.0,383.25,-0.011605415860735047
2019-10-16,392.0,392.75,387.5,391.75,139675,10,False,-1.5,-0.75,0.0,-10.0,381.75,-0.003913894324853229
2019-10-17,391.75,397.25,391.5,394.75,141532,10,False,3.0,-2.625,0.0,-10.0,384.75,0.007858546168958647
2019-10-18,394.0,395.75,389.75,391.0,122010,10,False,-3.75,-0.375,0.0,-10.0,381.0,-0.00974658869395717
2019-10-21,390.0,393.75,386.5,387.25,150187,10,False,-3.75,-1.5,0.0,-10.0,377.25,-0.009842519685039353
2019-10-22,387.0,392.5,385.0,388.0,136694,10,False,0.75,-2.0,0.0,-10.0,378.0,0.001988071570576455
2019-10-23,387.75,389.5,384.0,387.75,117561,10,False,-0.25,-0.125,0.0,-10.0,377.75,-0.000661375661375696
2019-10-24,388.5,390.75,385.25,386.75,130664,10,False,-1.0,-0.125,0.0,-10.0,376.75,-0.002647253474520217
2019-10-25,387.0,390.0,385.75,386.75,131677,10,False,0.0,-1.875,0.0,-10.0,376.75,0.0
2019-10-28,386.0,386.5,383.25,384.0,122790,10,False,-2.75,1.125,0.0,-10.0,374.0,-0.007299270072992692
2019-10-29,383.5,387.5,382.0,386.25,153732,10,False,2.25,0.875,0.0,-10.0,376.25,0.006016042780748743
2019-10-30,385.75,391.25,385.25,390.75,177034,10,False,4.5,0.75,0.0,-10.0,380.75,0.01196013289036535
2019-10-31,390.25,391.0,384.75,390.0,176193,10,False,-0.75,1.875,0.0,-10.0,380.0,-0.001969796454366346
2019-11-01,389.25,391.75,386.25,389.25,151943,11,False,-0.75,-3.375,0.0,-10.0,379.25,-0.0019736842105263497
2019-11-04,386.75,387.75,383.0,383.25,145373,11,False,-6.0,-1.125,0.0,-10.0,373.25,-0.015820698747528006
2019-11-05,383.25,384.75,380.5,381.75,157127,11,False,-1.5,-4.5,0.0,-10.0,371.75,-0.004018754186202234
2019-11-06,382.25,385.0,377.5,378.75,185339,11,False,-3.0,-2.5,0.0,-10.0,368.75,-0.00806993947545398
2019-11-07,379.25,380.0,373.75,375.25,219147,11,False,-3.5,-0.5,0.0,-10.0,365.25,-0.009491525423728775
2019-11-08,375.25,383.75,372.5,377.25,343769,11,False,2.0,-3.75,0.0,-10.0,367.25,0.005475701574264136
2019-11-11,376.0,377.0,372.5,373.25,211215,11,False,-4.0,3.25,0.0,-10.0,363.25,-0.010891763104152519
2019-11-12,373.5,378.0,372.75,377.75,220513,11,False,4.5,-3.25,0.0,-10.0,367.75,0.0123881624225739
2019-11-13,377.0,377.75,375.0,375.25,195982,11,False,-2.5,2.5,0.0,-10.0,365.25,-0.00679809653297081
2019-11-14,375.25,377.5,374.5,375.75,144893,11,False,0.5,-3.5,0.0,-10.0,365.75,0.001368925393566034
2019-11-15,375.5,376.5,370.75,371.25,140175,11,False,-4.5,-1.5,0.0,-10.0,361.25,-0.012303485987696483
2019-11-18,371.0,371.75,367.5,367.75,206268,11,False,-3.5,-1.125,0.0,-10.0,357.75,-0.00968858131487893
2019-11-19,367.75,373.0,367.75,370.0,202015,11,False,2.25,-3.375,0.0,-10.0,360.0,0.0062893081761006275
2019-11-20,369.75,370.5,365.75,366.75,297024,11,False,-3.25,2.0,0.0,-10.0,356.75,-0.009027777777777746
2019-11-21,366.75,369.75,366.25,368.5,158701,11,False,1.75,-1.5,0.0,-10.0,358.5,0.004905395935529189
2019-11-22,368.0,370.25,367.5,368.75,228112,11,False,0.25,1.75,0.0,-10.0,358.75,0.0006973500697349255
2019-11-25,368.75,372.75,368.25,370.5,199301,11,False,1.75,-1.375,0.0,-10.0,360.5,0.004878048780487809
2019-11-26,369.75,370.5,367.0,367.5,207678,11,False,-3.0,-1.5,0.0,-10.0,357.5,-0.00832177531206657
2019-11-27,367.25,368.75,362.25,362.75,163967,11,False,-4.75,2.75,0.0,-10.0,352.75,-0.01328671328671327
2019-11-29,365.75,372.25,365.0,371.25,15512,11,False,8.5,-1.25,0.0,-10.0,361.25,0.024096385542168752
2019-12-02,371.75,375.5,371.0,373.5,6280,12,True,2.25,3.5,-1.25,-8.75,364.75,0.009688581314878819
2019-12-03,373.75,376.0,371.5,372.0,4939,12,False,-1.5,-0.5,0.0,-8.75,363.25,-0.004112405757368043
2019-12-04,371.75,373.5,367.75,368.75,2985,12,False,-3.25,-2.375,0.0,-8.75,360.0,-0.008947006194081175
2019-12-05,368.5,369.75,365.25,365.5,3029,12,False,-3.25,-1.125,0.0,-8.75,356.75,-0.009027777777777746
2019-12-06,364.75,368.75,364.75,366.5,960,12,False,1.0,-2.0,0.0,-8.75,357.75,0.002803083391730965
2019-12-09,366.5,368.0,365.0,365.75,639,12,False,-0.75,-0.75,0.0,-8.75,357.0,-0.002096436058700246
2019-12-10,365.75,367.0,362.5,363.25,888,12,False,-2.5,-3.125,0.0,-8.75,354.5,-0.007002801120448154
2019-12-11,363.0,363.0,357.0,357.75,259,12,False,-5.5,3.375,0.0,-8.75,349.0,-0.015514809590973178
2019-12-12,358.25,368.75,358.25,367.0,664,12,False,9.25,-3.125,0.0,-8.75,358.25,0.026504297994269344
2019-12-13,373.75,374.5,366.25,366.25,230831,12,False,-0.75,15.5,0.0,-8.75,357.5,-0.002093510118632236
2019-12-16,383.5,389.5,383.25,388.0,180896,12,False,21.75,0.625,0.0,-8.75,379.25,0.060839160839160744
2019-12-17,387.5,390.5,386.25,390.0,118236,12,False,2.0,9.375,0.0,-8.75,381.25,0.005273566249176076
2019-12-18,389.25,390.0,385.75,387.0,125534,12,False,-3.0,0.75,0.0,-8.75,378.25,-0.007868852459016362
2019-12-19,387.0,389.0,385.0,386.5,99129,12,False,-0.5,-0.875,0.0,-8.75,377.75,-0.0013218770654329637
2019-12-20,386.5,389.5,386.0,387.75,85326,12,False,1.25,0.25,0.0,-8.75,379.0,0.0033090668431501324
2019-12-23,388.0,390.25,387.25,388.75,82257,12,False,1.0,0.0,0.0,-8.75,380.0,0.0026385224274405594
2019-12-24,388.5,389.0,387.0,387.5,50416,12,False,-1.25,1.0,0.0,-8.75,378.75,-0.003289473684210509
2019-12-26,388.0,389.0,386.5,388.5,49930,12,False,1.0,0.125,0.0,-8.75,379.75,0.0026402640264027166
2019-12-27,388.0,391.0,388.0,390.0,85213,12,False,1.5,-0.375,0.0,-8.75,381.25,0.0039499670836076195
2019-12-30,389.25,392.0,386.75,388.25,123528,12,False,-1.75,0.5,0.0,-8.75,379.5,-0.004590163934426239
2019-12-31,388.25,389.75,386.25,387.75,85103,12,False,-0.5,1.0,0.0,-8.75,379.0,-0.0013175230566534468
2020-01-02,387.75,392.0,387.25,391.5,103987,1,False,3.75,-2.75,0.0,-8.75,382.75,0.009894459102902431
2020-01-03,391.5,392.0,385.5,386.5,125931,1,False,-5.0,1.0,0.0,-8.75,377.75,-0.013063357282821708
2020-01-06,386.25,387.75,382.75,384.75,112130,1,False,-1.75,-2.625,0.0,-8.75,376.0,-0.0046326935804102964
2020-01-07,385.0,385.75,383.5,384.5,93541,1,False,-0.25,-1.0,0.0,-8.75,375.75,-0.0006648936170212671
2020-01-08,384.0,385.5,382.25,384.25,135523,1,False,-0.25,-0.625,0.0,-8.75,375.5,-0.0006653359946773296
2020-01-09,383.75,387.0,382.25,383.25,130937,1,False,-1.0,1.125,0.0,-8.75,374.5,-0.0026631158455392434
2020-01-10,383.25,386.75,376.5,385.75,226659,1,False,2.5,1.375,0.0,-8.75,377.0,0.006675567423231055
2020-01-13,386.5,389.5,385.5,389.5,139994,1,False,3.75,1.0,0.0,-8.75,380.75,0.009946949602122057
2020-01-14,389.25,390.5,388.25,389.0,115957,1,False,-0.5,1.125,0.0,-8.75,380.25,-0.0013131976362442677
2020-01-15,388.75,390.25,386.5,387.5,141478,1,False,-1.5,-6.25,0.0,-8.75,378.75,-0.0039447731755424265
2020-01-16,387.25,387.75,375.25,375.5,230557,1,False,-12.0,6.125,0.0,-8.75,366.75,-0.03168316831683171
2020-01-17,377.0,389.5,376.75,389.25,293121,1,False,13.75,-6.875,0.0,-8.75,380.5,0.03749147920927065
2020-01-21,389.0,389.25,384.25,387.5,182958,1,False,-1.75,7.5,0.0,-8.75,378.75,-0.0045992115637318864
2020-01-22,387.5,391.0,386.75,388.75,155603,1,False,1.25,1.625,0.0,-8.75,380.0,0.0033003300330032292
2020-01-23,388.5,394.0,387.5,393.75,256298,1,False,5.0,-2.625,0.0,-8.75,385.0,0.013157894736842035
2020-01-24,393.25,393.25,386.5,387.25,196121,1,False,-6.5,-0.875,0.0,-8.75,378.5,-0.016883116883116833
2020-01-27,384.25,384.75,377.25,380.5,264471,1,False,-6.75,-0.25,0.0,-8.75,371.75,-0.017833553500660515
2020-01-28,382.5,387.0,378.5,386.5,243266,1,False,6.0,-4.5,0.0,-8.75,377.75,0.01613987895090796
2020-01-29,385.5,388.25,382.75,384.25,136811,1,False,-2.25,0.625,0.0,-8.75,375.5,-0.0059563203176704604
2020-01-30,384.5,385.0,378.5,379.5,160206,1,False,-4.75,-0.25,0.0,-8.75,370.75,-0.012649800266311573
2020-01-31,381.5,382.75,378.75,381.25,151805,1,False,1.75,-3.625,0.0,-8.75,372.5,0.00472016183411994
2020-02-03,380.5,382.0,376.5,378.75,216443,2,False,-2.5,2.625,0.0,-8.75,370.0,-0.006711409395973145
2020-02-04,378.25,383.5,378.25,382.25,176002,2,False,3.5,-2.0,0.0,-8.75,373.5,0.009459459459459474
2020-02-05,381.5,383.25,379.5,380.75,122103,2,False,-1.5,1.0,0.0,-8.75,372.0,-0.004016064257028162
2020-02-06,380.25,381.75,376.0,379.25,191891,2,False,-1.5,1.375,0.0,-8.75,370.5,-0.0040322580645161255
2020-02-07,380.25,385.0,380.0,383.5,256721,2,False,4.25,-1.625,0.0,-8.75,374.75,0.011470985155195734
2020-02-10,383.25,383.5,379.0,381.75,219017,2,False,-1.75,1.125,0.0,-8.75,373.0,-0.004669779853235467
2020-02-11,381.0,382.0,378.0,379.75,200407,2,False,-2.0,0.75,0.0,-8.75,371.0,-0.00536193029490617
2020-02-12,379.75,383.75,378.25,383.0,241461,2,False,3.25,-2.75,0.0,-8.75,374.25,0.00876010781671166
2020-02-13,382.25,382.75,379.0,379.5,202459,2,False,-3.5,0.75,0.0,-8.75,370.75,-0.009352037408149605
2020-02-14,379.5,381.5,376.25,377.75,216864,2,False,-1.75,0.875,0.0,-8.75,369.0,-0.004720161834120051
2020-02-18,378.5,383.25,378.0,383.0,215110,2,False,5.25,-2.125,0.0,-8.75,374.25,0.014227642276422703
2020-02-19,382.25,382.75,378.5,380.5,172265,2,False,-2.5,1.625,0.0,-8.75,371.75,-0.006680026720106924
2020-02-20,380.75,381.25,378.0,378.5,173142,2,False,-2.0,-2.0,0.0,-8.75,369.75,-0.005379959650302579
2020-02-21,378.25,380.5,376.25,377.0,169068,2,False,-1.5,-3.375,0.0,-8.75,368.25,-0.0040567951318458695
2020-02-24,376.25,376.25,370.0,372.25,170528,2,False,-4.75,-0.625,0.0,-8.75,363.5,-0.012898845892735933
2020-02-25,373.0,374.75,371.25,372.5,119868,2,False,0.25,-3.375,0.0,-8.75,363.75,0.0006877579092159358
2020-02-26,372.0,374.0,368.25,370.5,268795,2,False,-2.0,-2.875,0.0,-8.75,361.75,-0.005498281786941561
2020-02-27,369.75,370.0,361.75,364.5,156142,2,False,-6.0,0.0,0.0,-8.75,355.75,-0.016586040082930187
2020-02-28,364.5,367.25,362.75,366.5,18809,2,False,2.0,1.125,0.0,-8.75,357.75,0.005621925509486925
2020-03-02,366.5,375.75,366.0,374.75,6092,3,True,8.25,4.5,3.75,-12.5,362.25,0.012578616352201255
2020-03-03,375.75,383.75,375.75,381.75,3194,3,False,7.0,6.75,0.0,-12.5,369.25,0.019323671497584627
2020-03-04,382.0,388.5,380.0,387.0,3275,3,False,5.25,2.25,0.0,-12.5,374.5,0.014218009478673022
2020-03-05,387.5,387.5,382.0,384.5,1830,3,False,-2.5,-1.0,0.0,-12.5,372.0,-0.006675567423230944
2020-03-06,383.75,385.5,377.0,377.25,1277,3,False,-7.25,-2.75,0.0,-12.5,364.75,-0.019489247311827995
2020-03-09,372.0,377.5,368.5,374.25,921,3,False,-3.0,-0.75,0.0,-12.5,361.75,-0.008224811514736086
2020-03-10,379.0,381.5,377.5,380.0,605,3,False,5.75,-1.875,0.0,-12.5,367.5,0.015894955079474693
2020-03-11,380.25,380.5,377.0,379.25,942,3,False,-0.75,-1.875,0.0,-12.5,366.75,-0.0020408163265306367
2020-03-12,377.5,377.5,367.0,369.75,342,3,False,-9.5,0.125,0.0,-12.5,357.25,-0.025903203817314258
2020-03-13,370.0,375.5,370.0,370.75,191029,3,False,1.0,-12.75,0.0,-12.5,358.25,0.002799160251924393
2020-03-16,362.5,367.75,354.0,354.75,188791,3,False,-16.0,-4.875,0.0,-12.5,342.25,-0.04466154919748777
2020-03-17,355.25,356.75,342.75,344.0,219215,3,False,-10.75,-12.375,0.0,-12.5,331.5,-0.03140978816654494
2020-03-18,344.0,345.25,332.0,335.25,255105,3,False,-8.75,-0.25,0.0,-12.5,322.75,-0.026395173453997
2020-03-19,336.5,354.75,336.5,345.5,223252,3,False,10.25,-5.25,0.0,-12.5,333.0,0.031758326878388754
2020-03-20,346.5,356.75,342.25,343.75,189068,3,False,-1.75,5.0,0.0,-12.5,331.25,-0.005255255255255276
2020-03-23,340.25,345.5,338.25,343.5,114729,3,False,-0.25,1.0,0.0,-12.5,331.0,-0.0007547169811320531
2020-03-24,343.5,350.5,338.0,347.25,126658,3,False,3.75,0.5,0.0,-12.5,334.75,0.011329305135951762
2020-03-25,347.5,352.75,345.75,348.5,118826,3,False,1.25,2.0,0.0,-12.5,336.0,0.0037341299477222645
2020-03-26,348.25,349.25,343.75,348.75,113530,3,False,0.25,-0.75,0.0,-12.5,336.25,0.0007440476190476719
2020-03-27,348.5,350.0,342.5,346.0,114028,3,False,-2.75,-2.25,0.0,-12.5,333.5,-0.008178438661710086
2020-03-30,343.0,346.75,340.0,341.25,108485,3,False,-4.75,-1.625,0.0,-12.5,328.75,-0.014242878560719596
2020-03-31,341.75,344.75,333.5,340.75,208191,3,False,-0.5,-5.375,0.0,-12.5,328.25,-0.001520912547528508
2020-04-01,341.25,342.75,333.5,334.75,151929,4,False,-6.0,-0.875,0.0,-12.5,322.25,-0.018278750952018252
2020-04-02,335.0,343.25,333.0,333.5,151692,4,False,-1.25,-4.375,0.0,-12.5,321.0,-0.0038789759503491394
2020-04-03,334.5,338.5,328.0,330.75,158652,4,False,-2.75,-2.125,0.0,-12.5,318.25,-0.008566978193146446
2020-04-06,329.75,331.75,325.5,327.75,111044,4,False,-3.0,0.5,0.0,-12.5,315.25,-0.00942655145325999
2020-04-07,328.0,335.5,328.0,331.5,157368,4,False,3.75,-2.25,0.0,-12.5,319.0,0.011895321173671647
2020-04-08,332.0,334.0,328.25,330.0,151312,4,False,-1.5,2.75,0.0,-12.5,317.5,-0.00470219435736674
2020-04-09,330.75,333.5,328.0,331.75,169665,4,False,1.75,-0.875,0.0,-12.5,319.25,0.005511811023622082
2020-04-13,332.25,334.0,326.5,331.5,147086,4,False,-0.25,-1.875,0.0,-12.5,319.0,-0.000783085356303892
2020-04-14,331.25,332.0,325.75,326.0,191905,4,False,-5.5,-3.5,0.0,-12.5,313.5,-0.017241379310344862
2020-04-15,326.0,326.75,317.5,319.25,161437,4,False,-6.75,-2.5,0.0,-12.5,306.75,-0.021531100478468845
2020-04-16,318.75,323.0,317.75,319.75,136583,4,False,0.5,-2.125,0.0,-12.5,307.25,0.0016299918500406463
2020-04-17,319.75,325.5,319.5,322.25,99361,4,False,2.5,-3.75,0.0,-12.5,309.75,0.008136696501220397
2020-04-20,322.5,323.25,313.5,314.25,150677,4,False,-8.0,-1.25,0.0,-12.5,301.75,-0.025827280064568248
2020-04-21,314.25,316.25,301.0,309.25,197926,4,False,-5.0,0.125,0.0,-12.5,296.75,-0.0165700082850041
2020-04-22,310.0,320.25,308.25,317.5,146968,4,False,8.25,-1.625,0.0,-12.5,305.0,0.02780117944397631
2020-04-23,317.0,323.5,315.0,319.25,136849,4,False,1.75,2.375,0.0,-12.5,306.75,0.0057377049180327155
2020-04-24,319.25,320.75,312.0,315.75,113476,4,False,-3.5,-4.25,0.0,-12.5,303.25,-0.011409942950285301
2020-04-27,315.0,315.75,304.25,305.5,108694,4,False,-10.25,-3.125,0.0,-12.5,293.0,-0.033800494641385015
2020-04-28,305.0,308.5,301.25,302.75,138104,4,False,-2.75,-4.25,0.0,-12.5,290.25,-0.009385665529010212
2020-04-29,302.75,308.75,300.25,304.5,121804,4,False,1.75,2.125,0.0,-12.5,292.0,0.00602928509905265
2020-04-30,305.25,313.0,303.5,311.5,11086,4,False,7.0,0.875,0.0,-12.5,299.0,0.023972602739726012
2020-05-01,311.0,311.5,308.0,311.5,3512,5,True,0.0,3.125,-3.125,-9.375,302.125,0.010451505016722429
2020-05-04,309.5,310.75,305.5,310.75,2622,5,False,-0.75,1.125,0.0,-9.375,301.375,-0.0024824162184525767
2020-05-05,310.5,314.75,310.5,313.0,867,5,False,2.25,-1.0,0.0,-9.375,303.625,0.0074657818332641845
2020-05-06,315.0,315.0,311.0,311.75,522,5,False,-1.25,3.25,0.0,-9.375,302.375,-0.004116920543433489
2020-05-07,313.5,318.0,313.25,316.0,1076,5,False,4.25,0.875,0.0,-9.375,306.625,0.014055394791236075
2020-05-08,317.75,321.75,317.5,319.0,1065,5,False,3.0,1.875,0.0,-9.375,309.625,0.009783938035059059
2020-05-11,320.0,322.25,318.0,318.5,333,5,False,-0.5,4.125,0.0,-9.375,309.125,-0.0016148566814695453
2020-05-12,318.75,324.5,312.75,323.75,274,5,False,5.25,-2.0,0.0,-9.375,314.375,0.016983420946219185
2020-05-13,323.5,323.5,320.0,320.25,91,5,False,-3.5,2.625,0.0,-9.375,310.875,-0.011133200795228615
2020-05-14,320.25,320.25,320.25,320.25,107147,5,False,0.0,-2.25,0.0,-9.375,310.875,0.0
2020-05-15,317.75,320.5,316.75,319.25,101614,5,False,-1.0,0.75,0.0,-9.375,309.875,-0.003216726980297513
2020-05-18,320.0,322.0,318.0,320.75,99372,5,False,1.5,-0.25,0.0,-9.375,311.375,0.0048406615570795175
2020-05-19,320.75,325.5,320.5,321.25,126375,5,False,0.5,-0.125,0.0,-9.375,311.875,0.0016057808109193328
2020-05-20,321.25,321.5,317.25,319.5,154473,5,False,-1.75,-0.625,0.0,-9.375,310.125,-0.005611222444889763
2020-05-21,319.0,320.25,316.25,317.75,115119,5,False,-1.75,-0.75,0.0,-9.375,308.375,-0.005642885933091479
2020-05-22,317.75,319.0,316.0,318.0,97188,5,False,0.25,-0.375,0.0,-9.375,308.625,0.0008107012565869987
2020-05-26,316.75,323.0,316.5,319.0,145175,5,False,1.0,0.875,0.0,-9.375,309.625,0.003240178209801492
2020-05-27,320.0,321.75,319.25,320.5,78423,5,False,1.5,4.0,0.0,-9.375,311.125,0.004844570044408636
2020-05-28,320.25,330.75,319.5,327.5,246973,5,False,7.0,-0.125,0.0,-9.375,318.125,0.02249899558055435
2020-05-29,327.5,329.5,323.25,325.75,192310,5,False,-1.75,2.25,0.0,-9.375,316.375,-0.005500982318271119
2020-06-01,325.5,327.75,319.25,323.25,151319,6,False,-2.5,-0.375,0.0,-9.375,313.875,-0.007902015013828478
2020-06-02,323.5,325.25,322.0,324.25,130469,6,False,1.0,-1.375,0.0,-9.375,314.875,0.0031859816806052432
2020-06-03,324.25,324.5,321.25,324.0,128010,6,False,-0.25,3.0,0.0,-9.375,314.625,-0.0007939658594680044
2020-06-04,324.25,329.5,324.0,329.0,155612,6,False,5.0,1.0,0.0,-9.375,319.625,0.015891934843067057
2020-06-05,328.75,332.5,328.25,331.25,215912,6,False,2.25,3.75,0.0,-9.375,321.875,0.0070394994133751165
2020-06-08,333.5,334.75,331.0,333.75,206335,6,False,2.5,-2.0,0.0,-9.375,324.375,0.007766990291262044
2020-06-09,332.25,334.0,326.75,327.5,253631,6,False,-6.25,0.625,0.0,-9.375,318.125,-0.019267822736030782
2020-06-10,327.25,328.0,324.25,326.25,243286,6,False,-1.25,-1.375,0.0,-9.375,316.875,-0.003929273084479323
2020-06-11,326.0,331.0,325.25,329.75,272975,6,False,3.5,-0.5,0.0,-9.375,320.375,0.01104536489151875
2020-06-12,329.5,333.0,328.25,330.0,236621,6,False,0.25,1.375,0.0,-9.375,320.625,0.0007803355442841386
2020-06-15,329.25,330.0,325.5,329.25,170741,6,False,-0.75,0.0,0.0,-9.375,319.875,-0.002339181286549752
2020-06-16,331.75,334.5,328.0,329.0,229095,6,False,-0.25,0.25,0.0,-9.375,319.625,-0.0007815552950370952
2020-06-17,328.0,331.25,325.0,330.25,225643,6,False,1.25,0.25,0.0,-9.375,320.875,0.00391083300743067
2020-06-18,329.75,333.75,328.75,331.0,201444,6,False,0.75,1.375,0.0,-9.375,321.625,0.002337358784573418
2020-06-19,329.75,333.75,327.5,332.5,170567,6,False,1.5,-1.75,0.0,-9.375,323.125,0.004663816556548683
2020-06-22,332.0,332.25,328.0,328.25,134480,6,False,-4.25,-0.875,0.0,-9.375,318.875,-0.013152804642166394
2020-06-23,327.5,327.5,321.25,325.0,185863,6,False,-3.25,-2.5,0.0,-9.375,315.625,-0.010192081536652298
2020-06-24,324.5,329.0,323.75,324.25,180307,6,False,-0.75,-5.125,0.0,-9.375,314.875,-0.0023762376237623783
2020-06-25,323.5,324.25,315.0,317.25,194687,6,False,-7.0,-0.5,0.0,-9.375,307.875,-0.022231044065105232
2020-06-26,317.0,319.75,313.5,317.0,216581,6,False,-0.25,1.125,0.0,-9.375,307.625,-0.0008120178643929998
2020-06-29,316.75,326.5,316.0,326.25,150216,6,False,9.25,6.0,0.0,-9.375,316.875,0.0300690776107273
2020-06-30,325.25,342.0,323.75,338.5,21411,6,False,12.25,9.5,0.0,-9.375,329.125,0.03865877712031551
2020-07-01,338.5,351.25,337.5,348.25,4582,7,True,9.75,3.25,6.5,-15.875,332.375,0.009874667679452998
2020-07-02,347.5,350.25,342.25,342.5,2491,7,False,-5.75,6.875,0.0,-15.875,326.625,-0.017299736743136562
2020-07-06,348.25,349.0,345.25,346.5,2094,7,False,4.0,-3.625,0.0,-15.875,330.625,0.012246460007653948
2020-07-07,347.5,347.5,341.75,345.0,1273,7,False,-1.5,3.625,0.0,-15.875,329.125,-0.004536862003780673
2020-07-08,343.5,348.5,341.0,348.25,352,7,False,3.25,0.75,0.0,-15.875,332.375,0.009874667679452998
2020-07-09,349.0,356.5,348.25,351.25,495,7,False,3.0,-3.75,0.0,-15.875,335.375,0.009025949605114603
2020-07-10,350.25,352.0,340.0,340.5,806,7,False,-10.75,-1.75,0.0,-15.875,324.625,-0.032053671263511
2020-07-13,337.25,337.25,332.0,334.0,437,7,False,-6.5,-5.0,0.0,-15.875,318.125,-0.02002310358105508
2020-07-14,334.0,336.5,324.5,334.75,112416,7,False,0.75,-7.5,0.0,-15.875,318.875,0.0023575638506876384
2020-07-15,326.0,328.75,322.75,326.25,101702,7,False,-8.5,2.375,0.0,-15.875,310.375,-0.026656213249706018
2020-07-16,326.0,333.25,326.0,330.25,109531,7,False,4.0,-2.875,0.0,-15.875,314.375,0.012887635924285101
2020-07-17,330.25,334.75,330.25,333.0,83693,7,False,2.75,-0.375,0.0,-15.875,317.125,0.008747514910536713
2020-07-20,333.0,333.5,326.0,328.25,105214,7,False,-4.75,-1.375,0.0,-15.875,312.375,-0.014978320851399274
2020-07-21,327.75,327.75,322.0,322.75,132248,7,False,-5.5,0.0,0.0,-15.875,306.875,-0.017607042817126883
2020-07-22,323.0,328.0,322.25,327.5,122910,7,False,4.75,-2.5,0.0,-15.875,311.625,0.01547861507128312
2020-07-23,327.25,329.5,325.0,328.0,92652,7,False,0.5,1.5,0.0,-15.875,312.125,0.0016044925792217946
2020-07-24,328.0,329.75,325.5,326.25,144237,7,False,-1.75,-0.375,0.0,-15.875,310.375,-0.0056067280736884495
2020-07-27,325.25,327.5,323.25,325.0,96017,7,False,-1.25,-3.375,0.0,-15.875,309.125,-0.004027386226339136
2020-07-28,323.0,323.5,320.0,320.0,110739,7,False,-5.0,-2.875,0.0,-15.875,304.125,-0.016174686615446854
2020-07-29,320.0,321.5,315.25,315.5,136660,7,False,-4.5,-2.375,0.0,-15.875,299.625,-0.01479654747225645
2020-07-30,315.5,319.25,315.25,315.75,120454,7,False,0.25,-2.125,0.0,-15.875,299.875,0.0008343763037130802
2020-07-31,315.75,317.5,314.5,316.0,77056,7,False,0.25,0.875,0.0,-15.875,300.125,0.0008336807002917723
2020-08-03,315.0,318.25,315.0,317.5,83190,8,False,1.5,-4.5,0.0,-15.875,301.625,0.00499791753436063
2020-08-04,316.5,316.75,308.25,308.25,161834,8,False,-9.25,2.125,0.0,-15.875,292.375,-0.030667219229175258
2020-08-05,309.0,311.25,309.0,311.0,103355,8,False,2.75,-4.5,0.0,-15.875,295.125,0.009405728943993052
2020-08-06,310.5,312.75,309.5,311.25,106028,8,False,0.25,-0.375,0.0,-15.875,295.375,0.0008470986869970609
2020-08-07,311.0,311.75,307.25,307.75,124482,8,False,-3.5,1.5,0.0,-15.875,291.875,-0.011849344054168376
2020-08-10,307.5,311.75,307.5,310.5,167514,8,False,2.75,-1.25,0.0,-15.875,294.625,0.00942184154175596
2020-08-11,311.25,315.0,310.25,311.5,170713,8,False,1.0,2.875,0.0,-15.875,295.625,0.0033941450997030387
2020-08-12,311.25,315.0,308.0,314.5,209796,8,False,3.0,5.875,0.0,-15.875,298.625,0.010147991543340451
2020-08-13,315.0,327.5,314.75,325.25,317363,8,False,10.75,1.125,0.0,-15.875,309.375,0.035998325659271746
2020-08-14,324.5,325.25,321.5,324.5,160379,8,False,-0.75,8.625,0.0,-15.875,308.625,-0.00242424242424244
2020-08-17,327.0,331.0,326.5,331.0,111934,8,False,6.5,-2.375,0.0,-15.875,315.125,0.02106115836370992
2020-08-18,330.0,332.0,325.75,327.0,130091,8,False,-4.0,2.25,0.0,-15.875,311.125,-0.012693375644585503
2020-08-19,326.0,327.25,323.5,325.0,87620,8,False,-2.0,-2.25,0.0,-15.875,309.125,-0.006428284451586941
2020-08-20,324.25,325.75,320.75,324.5,92738,8,False,-0.5,0.25,0.0,-15.875,308.625,-0.0016174686615446632
2020-08-21,324.75,327.75,324.25,327.0,134880,8,False,2.5,2.125,0.0,-15.875,311.125,0.008100445524503952
2020-08-24,328.0,332.5,327.5,331.75,126824,8,False,4.75,5.75,0.0,-15.875,315.875,0.01526717557251911
2020-08-25,335.0,341.5,334.75,340.75,147003,8,False,9.0,2.25,0.0,-15.875,324.875,0.028492283339928814
2020-08-26,340.25,341.25,337.25,340.5,89216,8,False,-0.25,6.375,0.0,-15.875,324.625,-0.0007695267410542384
2020-08-27,340.0,344.75,339.0,344.25,123788,8,False,3.75,0.75,0.0,-15.875,328.375,0.011551790527531747
2020-08-28,343.25,347.75,340.75,346.0,94064,8,False,1.75,3.125,0.0,-15.875,330.125,0.005329272934906815
2020-08-31,348.75,353.0,346.0,348.5,11030,8,False,2.5,1.375,0.0,-15.875,332.625,0.007572889057175347
2020-09-01,347.75,350.0,343.25,349.5,3700,9,True,1.0,1.375,-0.375,-15.5,334.0,0.004133784291619591
2020-09-02,349.25,350.5,345.25,349.75,2609,9,False,0.25,-2.125,0.0,-15.5,334.25,0.0007485029940119681
2020-09-03,349.75,350.0,343.75,344.5,1449,9,False,-5.25,1.5,0.0,-15.5,329.0,-0.015706806282722474
2020-09-04,344.0,349.0,343.5,347.25,1680,9,False,2.75,-0.75,0.0,-15.5,331.75,0.008358662613981771
2020-09-08,348.0,353.0,346.0,351.0,874,9,False,3.75,0.875,0.0,-15.5,335.5,0.01130369253956287
2020-09-09,349.75,351.25,348.5,350.0,112,9,False,-1.0,5.5,0.0,-15.5,334.5,-0.0029806259314456574
2020-09-10,349.75,357.75,349.75,357.25,665,9,False,7.25,3.375,0.0,-15.5,341.75,0.02167414050822125
2020-09-11,355.5,366.0,355.5,365.0,675,9,False,7.75,-0.125,0.0,-15.5,349.5,0.022677395757132457
2020-09-14,366.75,366.75,357.5,357.5,137658,9,False,-7.5,8.125,0.0,-15.5,342.0,-0.02145922746781115
2020-09-15,369.0,369.5,365.25,366.0,133018,9,False,8.5,-0.875,0.0,-15.5,350.5,0.024853801169590684
2020-09-16,365.5,372.0,361.75,371.75,158937,9,False,5.75,6.0,0.0,-15.5,356.25,0.016405135520684677
2020-09-17,371.5,377.25,368.0,375.25,235205,9,False,3.5,4.5,0.0,-15.5,359.75,0.009824561403508847
2020-09-18,374.25,379.25,373.25,378.5,191291,9,False,3.25,-2.625,0.0,-15.5,363.0,0.009034051424600342
2020-09-21,377.5,378.25,368.25,369.75,209548,9,False,-8.75,1.375,0.0,-15.5,354.25,-0.024104683195592336
2020-09-22,369.75,373.25,365.75,369.25,159145,9,False,-0.5,-4.75,0.0,-15.5,353.75,-0.0014114326040931546
2020-09-23,368.25,370.25,365.75,368.5,122193,9,False,-0.75,-2.75,0.0,-15.5,353.0,-0.0021201413427561766
2020-09-24,368.0,368.25,363.0,363.5,152367,9,False,-5.0,0.5,0.0,-15.5,348.0,-0.014164305949008527
2020-09-25,363.25,367.5,363.0,365.25,130065,9,False,1.75,-1.75,0.0,-15.5,349.75,0.005028735632183867
2020-09-28,364.25,369.75,360.5,366.75,162085,9,False,1.5,-0.125,0.0,-15.5,351.25,0.0042887776983560055
2020-09-29,366.75,367.75,361.0,364.75,137617,9,False,-2.0,7.875,0.0,-15.5,349.25,-0.005693950177935947
2020-09-30,364.25,382.75,362.0,379.0,337543,9,False,14.25,0.875,0.0,-15.5,363.5,0.040801717967072326
2020-10-01,379.0,385.5,378.0,382.75,216356,10,False,3.75,5.625,0.0,-15.5,367.25,0.01031636863823926
2020-10-02,381.5,383.25,377.25,379.75,164090,10,False,-3.0,1.75,0.0,-15.5,364.25,-0.008168822328114334
2020-10-05,378.75,382.5,377.75,379.5,119040,10,False,-0.25,1.25,0.0,-15.5,364.0,-0.0006863417982154729
2020-10-06,378.5,389.25,378.5,385.0,213443,10,False,5.5,1.75,0.0,-15.5,369.5,0.015109890109890056
2020-10-07,384.5,392.0,384.0,388.75,186782,10,False,3.75,1.875,0.0,-15.5,373.25,0.010148849797023018
2020-10-08,389.0,394.5,386.5,387.0,202957,10,False,-1.75,5.875,0.0,-15.5,371.5,-0.0046885465505692725
2020-10-09,387.0,398.25,386.5,395.0,280954,10,False,8.0,-3.875,0.0,-15.5,379.5,0.021534320323014722
2020-10-12,395.5,399.25,387.25,389.0,193542,10,False,-6.0,5.125,0.0,-15.5,373.5,-0.015810276679841917
2020-10-13,389.0,392.75,388.0,391.25,130273,10,False,2.25,-0.375,0.0,-15.5,375.75,0.006024096385542244
2020-10-14,391.0,397.5,388.0,396.5,183507,10,False,5.25,4.75,0.0,-15.5,381.0,0.013972055888223478
2020-10-15,396.0,404.25,393.5,403.75,245381,10,False,7.25,1.75,0.0,-15.5,388.25,0.019028871391076008
2020-10-16,403.25,409.0,401.75,402.0,226808,10,False,-1.75,5.25,0.0,-15.5,386.5,-0.004507405022536992
2020-10-19,401.75,406.75,400.75,405.25,167466,10,False,3.25,0.875,0.0,-15.5,389.75,0.008408796895213344
2020-10-20,404.25,409.75,403.5,408.75,179887,10,False,3.5,4.125,0.0,-15.5,393.25,0.008980115458627314
2020-10-21,408.25,415.25,407.75,413.75,216167,10,False,5.0,3.0,0.0,-15.5,398.25,0.012714558169103718
2020-10-22,413.75,419.0,410.75,416.25,196234,10,False,2.5,4.0,0.0,-15.5,400.75,0.006277463904582614
2020-10-23,415.0,420.0,414.0,419.25,168924,10,False,3.0,0.5,0.0,-15.5,403.75,0.007485963817841501
2020-10-26,419.25,419.75,412.75,417.75,206162,10,False,-1.5,0.625,0.0,-15.5,402.25,-0.0037151702786377694
2020-10-27,416.75,422.25,415.5,416.0,207081,10,False,-1.75,-8.0,0.0,-15.5,400.5,-0.004350528278433852
2020-10-28,415.0,415.25,400.5,401.5,320256,10,False,-14.5,-2.375,0.0,-15.5,386.0,-0.03620474406991259
2020-10-29,401.0,404.25,393.0,398.5,279411,10,False,-3.0,-7.25,0.0,-15.5,383.0,-0.007772020725388629
2020-10-30,397.25,400.0,394.25,398.5,209475,10,False,0.0,-2.0,0.0,-15.5,383.0,0.0
2020-11-02,396.0,397.75,393.0,397.5,165146,11,False,-1.0,1.75,0.0,-15.5,382.0,-0.0026109660574412663
2020-11-03,396.25,403.25,395.25,401.0,184363,11,False,3.5,1.625,0.0,-15.5,385.5,0.009162303664921545
2020-11-04,400.0,406.0,396.5,405.25,176330,11,False,4.25,3.75,0.0,-15.5,389.75,0.011024643320363126
2020-11-05,405.0,417.25,404.0,409.25,245189,11,False,4.0,0.875,0.0,-15.5,393.75,0.010262989095574104
2020-11-06,409.0,412.0,405.75,406.75,200681,11,False,-2.5,2.375,0.0,-15.5,391.25,-0.006349206349206327
2020-11-09,405.75,410.0,401.75,407.5,204111,11,False,0.75,6.5,0.0,-15.5,392.0,0.00191693290734829
2020-11-10,407.0,427.25,406.25,423.0,355814,11,False,15.5,-2.5,0.0,-15.5,407.5,0.039540816326530503
2020-11-11,422.5,428.0,416.25,417.25,306427,11,False,-5.75,3.25,0.0,-15.5,401.75,-0.01411042944785279
2020-11-12,417.25,418.5,406.25,408.25,234330,11,False,-9.0,-1.75,0.0,-15.5,392.75,-0.022401991288114487
2020-11-13,407.5,413.25,403.75,410.5,188493,11,False,2.25,-1.625,0.0,-15.5,395.0,0.005728835136855404
2020-11-16,409.0,416.75,409.0,416.25,132116,11,False,5.75,3.125,0.0,-15.5,400.75,0.014556962025316533
2020-11-17,417.5,422.0,417.25,420.25,156573,11,False,4.0,5.625,0.0,-15.5,404.75,0.009981285090455483
2020-11-18,419.0,428.5,418.5,425.75,205431,11,False,5.5,0.375,0.0,-15.5,410.25,0.013588634959851742
2020-11-19,424.5,425.5,418.75,422.5,133305,11,False,-3.25,3.125,0.0,-15.5,407.0,-0.00792199878123101
2020-11-20,422.25,428.0,421.5,423.25,137243,11,False,0.75,0.0,0.0,-15.5,407.75,0.001842751842751733
2020-11-23,427.5,429.75,423.5,426.5,153801,11,False,3.25,0.0,0.0,-15.5,411.0,0.00797057020232983
2020-11-24,425.75,426.5,416.5,425.75,144304,11,False,-0.75,-1.25,0.0,-15.5,410.25,-0.0018248175182481452
2020-11-25,426.0,427.5,420.0,420.0,124261,11,False,-5.75,2.375,0.0,-15.5,404.5,-0.014015843997562505
2020-11-27,420.25,426.25,418.5,425.5,68262,11,False,5.5,-5.75,0.0,-15.5,410.0,0.013597033374536549
2020-11-30,427.5,430.5,418.25,419.75,14701,11,False,-5.75,0.25,0.0,-15.5,404.25,-0.014024390243902451
2020-12-01,420.0,423.0,414.0,414.75,5316,12,True,-5.0,-0.75,-4.25,-11.25,403.5,-0.0018552875695733162
2020-12-02,414.5,419.75,409.0,419.0,3551,12,False,4.25,-0.75,0.0,-11.25,407.75,0.010532837670384154
2020-12-03,419.25,423.25,417.75,422.5,2379,12,False,3.5,-0.625,0.0,-11.25,411.25,0.008583690987124415
2020-12-04,422.25,422.75,415.75,417.0,1675,12,False,-5.5,3.0,0.0,-11.25,405.75,-0.013373860182370856
2020-12-07,415.25,421.0,412.0,419.5,1156,12,False,2.5,-4.0,0.0,-11.25,408.25,0.006161429451632783
2020-12-08,418.75,419.0,415.5,417.0,1757,12,False,-2.5,3.75,0.0,-11.25,405.75,-0.006123698714023296
2020-12-09,418.0,422.25,418.0,422.0,1079,12,False,5.0,-2.125,0.0,-11.25,410.75,0.012322858903265566
2020-12-10,422.0,425.75,420.0,420.25,1262,12,False,-1.75,4.5,0.0,-11.25,409.0,-0.004260499087035963
2020-12-11,422.0,424.5,417.5,424.25,1724,12,False,4.0,-3.375,0.0,-11.25,413.0,0.009779951100244544
2020-12-14,424.75,429.75,419.25,419.25,108692,12,False,-5.0,4.75,0.0,-11.25,408.0,-0.01210653753026636
2020-12-15,424.0,425.25,420.5,424.75,98612,12,False,5.5,-1.25,0.0,-11.25,413.5,0.013480392156862697
2020-12-16,425.25,429.25,423.75,427.25,111651,12,False,2.5,5.375,0.0,-11.25,416.0,0.006045949214026569
2020-12-17,426.25,433.0,424.25,432.5,119655,12,False,5.25,3.75,0.0,-11.25,421.25,0.01262019230769229
2020-12-18,432.25,438.5,432.0,437.5,128812,12,False,5.0,3.875,0.0,-11.25,426.25,0.011869436201780381
2020-12-21,438.0,440.75,430.25,440.0,141947,12,False,2.5,4.25,0.0,-11.25,428.75,0.0058651026392961825
2020-12-22,440.0,444.25,437.25,443.5,140992,12,False,3.5,3.125,0.0,-11.25,432.25,0.008163265306122547
2020-12-23,442.75,449.75,441.5,447.25,147651,12,False,3.75,3.625,0.0,-11.25,436.0,0.008675534991324563
2020-12-24,446.75,451.5,446.5,451.0,74879,12,False,3.75,4.625,0.0,-11.25,439.75,0.008600917431192734
2020-12-28,452.0,457.5,448.0,456.5,145219,12,False,5.5,6.625,0.0,-11.25,445.25,0.012507106310403637
2020-12-29,455.75,467.25,453.5,466.0,191298,12,False,9.5,7.0,0.0,-11.25,454.75,0.021336327905671082
2020-12-30,466.0,476.0,462.0,474.5,163367,12,False,8.5,9.5,0.0,-11.25,463.25,0.01869158878504673
2020-12-31,474.0,485.75,473.0,484.0,168459,12,False,9.5,4.125,0.0,-11.25,472.75,0.020507285483000626
2021-01-04,487.25,497.75,479.5,483.75,265157,1,False,-0.25,8.75,0.0,-11.25,472.5,-0.0005288207297725611
2021-01-05,484.5,496.0,482.5,491.75,219646,1,False,8.0,1.5,0.0,-11.25,480.5,0.01693121693121702
2021-01-06,492.5,502.75,491.5,495.0,202374,1,False,3.25,3.5,0.0,-11.25,483.75,0.006763787721123737
2021-01-07,495.0,496.0,487.25,494.0,185782,1,False,-1.0,2.75,0.0,-11.25,482.75,-0.002067183462532318
2021-01-08,494.0,499.5,492.5,496.25,163270,1,False,2.25,-2.5,0.0,-11.25,485.0,0.0046607975142414215
2021-01-11,496.5,500.5,490.25,492.25,176563,1,False,-4.0,13.625,0.0,-11.25,481.0,-0.008247422680412342
2021-01-12,491.5,517.25,489.25,517.25,248448,1,False,25.0,1.625,0.0,-11.25,506.0,0.05197505197505192
2021-01-13,524.0,541.5,522.25,524.5,327689,1,False,7.25,17.375,0.0,-11.25,513.25,0.014328063241106692
2021-01-14,523.0,536.5,519.0,534.25,210370,1,False,9.75,2.25,0.0,-11.25,523.0,0.018996590355577103
2021-01-15,534.0,536.5,527.75,531.5,167504,1,False,-2.75,2.125,0.0,-11.25,520.25,-0.005258126195028634
2021-01-19,531.5,534.25,523.25,526.0,188564,1,False,-5.5,-3.375,0.0,-11.25,514.75,-0.01057184046131665
2021-01-20,525.0,526.5,512.75,522.0,217777,1,False,-4.0,-1.625,0.0,-11.25,510.75,-0.007770762506070894
2021-01-21,521.0,531.5,519.25,524.25,169566,1,False,2.25,-13.875,0.0,-11.25,513.0,0.004405286343612369
2021-01-22,522.5,522.75,499.25,500.5,289548,1,False,-23.75,6.625,0.0,-11.25,489.25,-0.04629629629629628
2021-01-25,500.0,515.5,492.5,511.5,264763,1,False,11.0,-1.5,0.0,-11.25,500.25,0.0224833929483903
2021-01-26,513.0,534.25,508.0,532.25,232259,1,False,20.75,6.375,0.0,-11.25,521.0,0.041479260369815085
2021-01-27,532.5,543.75,529.5,534.0,223887,1,False,1.75,10.625,0.0,-11.25,522.75,0.0033589251439538614
2021-01-28,533.25,550.5,529.0,534.5,252543,1,False,0.5,7.125,0.0,-11.25,523.25,0.0009564801530368428
2021-01-29,534.5,553.75,533.25,547.0,279607,1,False,12.5,1.375,0.0,-11.25,535.75,0.023889154323937012
2021-02-01,549.0,555.75,539.0,549.25,219066,2,False,2.25,3.125,0.0,-11.25,538.0,0.0041997200186654204
2021-02-02,549.75,552.5,540.25,543.0,175739,2,False,-6.25,5.625,0.0,-11.25,531.75,-0.011617100371747235
2021-02-03,543.25,552.5,536.5,552.0,210137,2,False,9.0,-4.125,0.0,-11.25,540.75,0.016925246826516194
2021-02-04,552.0,558.0,547.0,550.0,217079,2,False,-2.0,3.75,0.0,-11.25,538.75,-0.0036985668053629572
2021-02-05,548.5,552.25,545.5,548.5,216445,2,False,-1.5,6.625,0.0,-11.25,537.25,-0.0027842227378189754
2021-02-08,548.75,565.75,548.75,563.75,267647,2,False,15.25,-4.5,0.0,-11.25,552.5,0.028385295486272666
2021-02-09,565.0,574.25,545.0,556.25,390741,2,False,-7.5,-3.25,0.0,-11.25,545.0,-0.013574660633484115
2021-02-10,556.0,556.25,531.75,534.5,285720,2,False,-21.75,-0.5,0.0,-11.25,523.25,-0.03990825688073396
2021-02-11,532.25,546.5,524.75,541.0,261046,2,False,6.5,-12.0,0.0,-11.25,529.75,0.012422360248447228
2021-02-12,541.0,546.25,536.75,538.75,117970,2,False,-2.25,10.0,0.0,-11.25,527.5,-0.004247286455875465
2021-02-16,547.0,552.75,538.5,552.25,146173,2,False,13.5,-0.75,0.0,-11.25,541.0,0.025592417061611306
2021-02-17,552.0,554.75,547.5,553.0,121352,2,False,0.75,5.375,0.0,-11.25,541.75,0.0013863216266174483
2021-02-18,552.75,554.5,548.0,550.25,123409,2,False,-2.75,-3.375,0.0,-11.25,539.0,-0.005076142131979711
2021-02-19,549.25,555.5,540.75,542.75,203468,2,False,-7.5,2.75,0.0,-11.25,531.5,-0.013914656771799594
2021-02-22,544.25,551.5,543.5,551.0,140629,2,False,8.25,-2.375,0.0,-11.25,539.75,0.015522107243649996
2021-02-23,550.75,559.5,550.0,553.75,134967,2,False,2.75,6.875,0.0,-11.25,542.5,0.00509495136637339
2021-02-24,553.5,560.75,552.0,559.25,174397,2,False,5.5,-0.875,0.0,-11.25,548.0,0.010138248847926246
2021-02-25,559.0,560.5,542.5,554.75,128538,2,False,-4.5,3.125,0.0,-11.25,543.5,-0.00821167883211682
2021-02-26,554.5,556.5,546.25,555.5,21395,2,False,0.75,-6.25,0.0,-11.25,544.25,0.001379944802207822
2021-03-01,560.5,562.5,547.0,547.5,6534,3,True,-8.0,7.0,-15.0,3.75,551.25,0.012861736334405238
2021-03-02,547.25,564.0,542.0,560.75,8112,3,False,13.25,-9.25,0.0,3.75,564.5,0.024036281179138363
2021-03-03,560.0,560.0,548.0,550.25,3809,3,False,-10.5,4.625,0.0,3.75,554.0,-0.018600531443755508
2021-03-04,550.25,554.25,546.0,546.25,2129,3,False,-4.0,2.625,0.0,3.75,550.0,-0.0072202166064981865
2021-03-05,545.0,564.75,544.5,562.0,1441,3,False,15.75,-0.5,0.0,3.75,565.75,0.02863636363636357
2021-03-08,565.25,571.25,557.0,565.0,2320,3,False,3.0,6.375,0.0,3.75,568.75,0.0053026955368979944
2021-03-09,565.0,565.0,554.25,562.0,2224,3,False,-3.0,-5.625,0.0,3.75,565.75,-0.005274725274725278
2021-03-10,564.5,564.5,547.5,547.75,1986,3,False,-14.25,2.125,0.0,3.75,551.5,-0.025187803800265085
2021-03-11,547.0,556.25,547.0,555.0,672,3,False,7.25,-10.0,0.0,3.75,558.75,0.013145965548504002
2021-03-12,545.0,551.5,544.5,549.25,123442,3,False,-5.75,3.75,0.0,3.75,553.0,-0.01029082774049217
2021-03-15,537.0,550.75,532.75,549.5,140615,3,False,0.25,-0.5,0.0,3.75,553.25,0.0004520795660036825
2021-03-16,549.5,555.5,546.75,554.25,132710,3,False,4.75,2.0,0.0,3.75,558.0,0.008585630366019004
2021-03-17,554.0,558.5,552.0,558.0,129647,3,False,3.75,-3.375,0.0,3.75,561.75,0.006720430107526987
2021-03-18,556.75,558.0,545.25,546.5,157912,3,False,-11.5,7.5,0.0,3.75,550.25,-0.02047174009790831
2021-03-19,546.25,559.0,545.5,557.75,158521,3,False,11.25,-10.125,0.0,3.75,561.5,0.020445252158109994
2021-03-22,558.0,558.75,546.75,549.0,129296,3,False,-8.75,6.75,0.0,3.75,552.75,-0.01558325912733749
2021-03-23,551.25,556.0,547.75,551.25,122094,3,False,2.25,-3.375,0.0,3.75,555.0,0.004070556309362372
2021-03-24,551.0,553.75,548.25,553.25,92011,3,False,2.0,-2.25,0.0,3.75,557.0,0.003603603603603567
2021-03-25,552.25,552.5,541.5,546.5,142181,3,False,-6.75,4.0,0.0,3.75,550.25,-0.012118491921005337
2021-03-26,546.5,554.0,544.0,552.5,124031,3,False,6.0,-6.25,0.0,3.75,556.25,0.010904134484325256
2021-03-29,551.75,552.0,542.25,546.75,119797,3,False,-5.75,-0.75,0.0,3.75,550.5,-0.010337078651685427
2021-03-30,546.25,547.5,533.75,539.25,136033,3,False,-7.5,9.625,0.0,3.75,543.0,-0.013623978201634857
2021-03-31,538.25,564.25,536.25,564.25,145896,3,False,25.0,-6.0,0.0,3.75,568.0,0.046040515653775316
2021-04-01,575.0,585.0,556.5,559.75,249753,4,False,-4.5,9.25,0.0,3.75,563.5,-0.007922535211267623
2021-04-05,561.25,564.5,549.75,553.25,143679,4,False,-6.5,-1.75,0.0,3.75,557.0,-0.011535048802129522
2021-04-06,553.75,561.5,552.25,554.25,134848,4,False,1.0,-0.125,0.0,3.75,558.0,0.0017953321364452268
2021-04-07,555.75,562.25,553.75,560.5,158002,4,False,6.25,10.125,0.0,3.75,564.25,0.01120071684587809
2021-04-08,560.75,583.0,559.25,579.75,258786,4,False,19.25,1.875,0.0,3.75,583.5,0.03411608329641114
2021-04-09,579.0,595.0,575.5,577.25,249738,4,False,-2.5,5.5,0.0,3.75,581.0,-0.00428449014567267
2021-04-12,577.75,586.0,567.25,569.0,198642,4,False,-8.25,4.25,0.0,3.75,572.75,-0.01419965576592086
2021-04-13,569.0,584.5,565.5,580.0,225715,4,False,11.0,2.875,0.0,3.75,583.75,0.01920558707987774
2021-04-14,579.75,597.75,578.75,594.0,242724,4,False,14.0,3.5,0.0,3.75,597.75,0.02398286937901495
2021-04-15,594.25,601.5,587.75,590.0,176855,4,False,-4.0,4.75,0.0,3.75,593.75,-0.006691760769552468
2021-04-16,590.5,594.75,583.25,585.5,165261,4,False,-4.5,1.25,0.0,3.75,589.25,-0.0075789473684210185
2021-04-19,588.75,596.75,588.25,592.0,105991,4,False,6.5,5.0,0.0,3.75,595.75,0.011030971574034876
2021-04-20,593.0,611.75,592.75,606.5,180193,4,False,14.5,12.75,0.0,3.75,610.25,0.024339068401175057
2021-04-21,609.5,628.5,604.5,625.5,163261,4,False,19.0,19.75,0.0,3.75,629.25,0.03113478082752974
2021-04-22,624.25,650.5,623.5,650.5,147251,4,False,25.0,12.0,0.0,3.75,654.25,0.039729837107667754
2021-04-23,653.0,658.5,638.25,655.5,157732,4,False,5.0,25.0,0.0,3.75,659.25,0.007642338555597927
2021-04-26,661.0,680.5,661.0,680.5,157505,4,False,25.0,10.0,0.0,3.75,684.25,0.037921880925293916
2021-04-27,688.5,720.5,680.5,695.5,166136,4,False,15.0,7.875,0.0,3.75,699.25,0.021921812203142155
2021-04-28,697.75,720.5,676.25,686.25,107987,4,False,-9.25,15.375,0.0,3.75,690.0,-0.013228459063282072
2021-04-29,683.75,704.5,681.0,702.0,30786,4,False,15.75,14.375,0.0,3.75,705.75,0.022826086956521774
2021-04-30,702.5,746.25,699.25,740.0,9862,4,False,38.0,4.0,0.0,3.75,743.75,0.05384342897626637
2021-05-03,740.0,758.25,724.0,732.25,3094,5,True,-7.75,25.25,-33.0,36.75,769.0,0.0339495798319327
2021-05-04,732.0,758.25,730.0,744.75,1827,5,False,12.5,0.375,0.0,36.75,781.5,0.016254876462938883
2021-05-05,750.0,756.0,740.75,753.25,1778,5,False,8.5,9.375,0.0,36.75,790.0,0.010876519513755678
2021-05-06,761.0,768.0,746.25,759.5,2419,5,False,6.25,10.875,0.0,36.75,796.25,0.007911392405063333
2021-05-07,763.25,775.0,755.0,772.75,680,5,False,13.25,-9.25,0.0,36.75,809.5,0.016640502354787978
2021-05-10,766.75,770.5,744.75,748.0,814,5,False,-24.75,12.375,0.0,36.75,784.75,-0.03057442865966642
2021-05-11,747.25,771.5,747.25,759.5,404,5,False,11.5,-13.375,0.0,36.75,796.25,0.014654348518636562
2021-05-12,764.25,769.25,750.0,757.5,328,5,False,-2.0,-13.5,0.0,36.75,794.25,-0.0025117739403454076
2021-05-13,757.5,769.0,717.5,719.0,307,5,False,-38.5,-18.0,0.0,36.75,755.75,-0.04847340258105126
2021-05-14,717.25,718.75,685.0,685.0,313038,5,False,-34.0,-35.5,0.0,36.75,721.75,-0.0449884220972544
2021-05-17,642.25,656.75,633.0,652.5,185347,5,False,-32.5,-14.125,0.0,36.75,689.25,-0.045029442327675806
2021-05-18,653.5,669.5,652.5,658.25,161908,5,False,5.75,-16.25,0.0,36.75,695.0,0.008342401160681856
2021-05-19,660.5,663.0,637.0,658.25,136686,5,False,0.0,6.0,0.0,36.75,695.0,0.0
2021-05-20,662.25,671.25,656.5,664.5,119730,5,False,6.25,-2.5,0.0,36.75,701.25,0.008992805755395628
2021-05-21,664.75,666.75,653.5,659.5,109618,5,False,-5.0,2.0,0.0,36.75,696.25,-0.007130124777183555
2021-05-24,652.25,658.5,645.5,657.25,106865,5,False,-2.25,-21.0,0.0,36.75,694.0,-0.0032315978456014527
2021-05-25,660.0,661.75,617.25,620.25,211650,5,False,-37.0,1.0,0.0,36.75,657.0,-0.053314121037464024
2021-05-26,621.0,629.0,602.75,624.5,182610,5,False,4.25,1.5,0.0,36.75,661.25,0.006468797564687989
2021-05-27,626.0,664.5,621.25,664.5,160605,5,False,40.0,-1.75,0.0,36.75,701.25,0.06049149338374282
2021-05-28,666.25,672.75,651.25,656.75,150329,5,False,-7.75,36.0,0.0,36.75,693.5,-0.011051693404634633
2021-06-01,666.0,696.75,660.75,688.75,163972,6,False,32.0,-10.75,0.0,36.75,725.5,0.046142754145638065
2021-06-02,683.25,694.25,666.0,675.0,163861,6,False,-13.75,9.5,0.0,36.75,711.75,-0.018952446588559657
2021-06-03,675.5,685.0,652.75,662.0,166363,6,False,-13.0,3.5,0.0,36.75,698.75,-0.0182648401826484
2021-06-04,663.5,685.75,660.75,682.75,142300,6,False,20.75,-8.25,0.0,36.75,719.5,0.029695885509839037
2021-06-07,695.0,706.25,674.5,679.25,254039,6,False,-3.5,10.75,0.0,36.75,716.0,-0.00486448922863103
2021-06-08,682.0,698.0,677.5,680.0,224000,6,False,0.75,3.625,0.0,36.75,716.75,0.0010474860335194514
2021-06-09,682.5,695.5,669.5,690.75,214261,6,False,10.75,4.5,0.0,36.75,727.5,0.014998256016742317
2021-06-10,691.0,717.5,687.75,699.0,256320,6,False,8.25,-1.875,0.0,36.75,735.75,0.01134020618556697
2021-06-11,699.5,703.0,673.0,684.5,233946,6,False,-14.5,-8.5,0.0,36.75,721.25,-0.01970778117567107
2021-06-14,675.75,676.25,653.0,659.25,159570,6,False,-25.25,-3.125,0.0,36.75,696.0,-0.035008665511265136
2021-06-15,662.75,668.5,646.75,667.5,176454,6,False,8.25,-9.875,0.0,36.75,704.25,0.0118534482758621
2021-06-16,670.0,687.75,663.75,673.0,169908,6,False,5.5,-15.875,0.0,36.75,709.75,0.007809726659566918
2021-06-17,672.75,674.25,633.0,633.0,192026,6,False,-40.0,13.875,0.0,36.75,669.75,-0.05635787249031354
2021-06-18,631.0,663.5,629.5,655.25,184523,6,False,22.25,-18.0,0.0,36.75,692.0,0.03322135125046666
2021-06-21,640.25,665.0,636.0,659.25,127442,6,False,4.0,11.375,0.0,36.75,696.0,0.005780346820809301
2021-06-22,662.75,668.0,653.75,659.75,145930,6,False,0.5,4.25,0.0,36.75,696.5,0.0007183908045977905
2021-06-23,660.5,666.25,659.25,664.25,127090,6,False,4.5,-5.25,0.0,36.75,701.0,0.006460875807609456
2021-06-24,664.0,664.0,650.75,653.25,143749,6,False,-11.0,-6.125,0.0,36.75,690.0,-0.015691868758915817
2021-06-25,653.25,659.5,634.0,636.5,123016,6,False,-16.75,14.0,0.0,36.75,673.25,-0.024275362318840532
2021-06-28,637.75,676.5,636.75,675.5,83833,6,False,39.0,1.125,0.0,36.75,712.25,0.05792796138135903
2021-06-29,678.25,700.0,668.0,694.5,58727,6,False,19.0,32.25,0.0,36.75,731.25,0.026676026676026643
2021-06-30,694.0,743.25,675.5,720.0,18226,6,False,25.5,9.375,0.0,36.75,756.75,0.034871794871794926
2021-07-01,719.75,744.5,712.25,719.75,4706,7,True,-0.25,1.5,-1.75,38.5,758.25,0.001982160555004997
2021-07-02,720.0,727.0,683.0,697.25,4751,7,False,-22.5,-20.75,0.0,38.5,735.75,-0.029673590504451064
2021-07-06,685.25,685.25,645.5,656.0,1707,7,False,-41.25,-13.0,0.0,38.5,694.5,-0.05606523955147813
2021-07-07,656.0,666.0,645.0,652.5,590,7,False,-3.5,-27.875,0.0,38.5,691.0,-0.005039596832253412
2021-07-08,657.5,659.5,636.0,638.0,497,7,False,-14.5,-5.875,0.0,38.5,676.5,-0.02098408104196814
2021-07-09,640.75,643.5,620.0,629.75,530,7,False,-8.25,12.5,0.0,38.5,668.25,-0.012195121951219523
2021-07-12,629.75,669.25,619.5,669.25,431,7,False,39.5,-0.25,0.0,38.5,707.75,0.059109614665170174
2021-07-13,669.5,750.5,664.0,677.0,329,7,False,7.75,22.75,0.0,38.5,715.5,0.010950194277640435
2021-07-14,682.0,687.0,682.0,683.0,88996,7,False,6.0,-55.5,0.0,38.5,721.5,0.008385744234800763
2021-07-15,568.5,571.5,561.0,564.25,69356,7,False,-118.75,-1.125,0.0,38.5,602.75,-0.1645876645876646
2021-07-16,564.0,570.5,553.25,556.0,83019,7,False,-8.25,-59.375,0.0,38.5,594.5,-0.013687266694317746
2021-07-19,570.0,571.5,548.75,556.0,67343,7,False,0.0,3.75,0.0,38.5,594.5,0.0
2021-07-20,558.0,576.25,557.25,571.75,77004,7,False,15.75,0.0,0.0,38.5,610.25,0.02649285113540789
2021-07-21,572.0,579.0,567.75,571.75,78998,7,False,0.0,4.25,0.0,38.5,610.25,0.0
2021-07-22,571.5,571.75,555.0,564.5,81023,7,False,-7.25,-8.625,0.0,38.5,603.0,-0.011880376894715328
2021-07-23,564.75,569.25,544.5,547.25,81447,7,False,-17.25,-2.375,0.0,38.5,585.75,-0.028606965174129306
2021-07-26,549.25,551.25,536.75,549.75,72948,7,False,2.5,-9.125,0.0,38.5,588.25,0.004268032437046543
2021-07-27,554.0,564.0,544.25,548.75,67236,7,False,-1.0,1.5,0.0,38.5,587.25,-0.0016999575010624435
2021-07-28,554.0,554.25,545.0,549.25,62378,7,False,0.5,3.875,0.0,38.5,587.75,0.0008514261387824185
2021-07-29,549.25,559.0,546.5,558.0,71556,7,False,8.75,-5.25,0.0,38.5,596.5,0.01488728200765621
2021-07-30,557.0,557.75,546.5,547.0,65198,7,False,-11.0,10.25,0.0,38.5,585.5,-0.018440905280804665
2021-08-02,547.25,559.25,540.25,558.75,83836,8,False,11.75,-9.625,0.0,38.5,597.25,0.020068317677198966
2021-08-03,555.75,563.5,546.75,550.5,95208,8,False,-8.25,3.5,0.0,38.5,589.0,-0.013813311008790241
2021-08-04,550.5,555.25,540.25,545.75,70049,8,False,-4.75,0.875,0.0,38.5,584.25,-0.008064516129032251
2021-08-05,546.75,560.75,545.75,555.75,92967,8,False,10.0,-2.75,0.0,38.5,594.25,0.01711596063329046
2021-08-06,555.0,560.5,548.75,555.0,142762,8,False,-0.75,2.625,0.0,38.5,593.5,-0.0012620950778291506
2021-08-09,554.0,556.0,547.0,550.25,144339,8,False,-4.75,-0.875,0.0,38.5,588.75,-0.00800336983993255
2021-08-10,548.5,550.25,544.0,549.25,143634,8,False,-1.0,1.125,0.0,38.5,587.75,-0.001698513800424628
2021-08-11,548.75,558.5,548.25,556.25,184260,8,False,7.0,4.875,0.0,38.5,594.75,0.011909825606124969
2021-08-12,554.75,589.5,548.5,567.0,247372,8,False,10.75,4.125,0.0,38.5,605.5,0.018074821353509796
2021-08-13,566.75,575.0,559.0,568.25,97466,8,False,1.25,3.625,0.0,38.5,606.75,0.002064409578860449
2021-08-16,568.25,572.0,561.0,564.75,60693,8,False,-3.5,-2.625,0.0,38.5,603.25,-0.005768438401318465
2021-08-17,567.5,569.5,556.25,558.25,67739,8,False,-6.5,0.0,0.0,38.5,596.75,-0.01077496891835894
2021-08-18,559.0,563.5,556.5,561.75,64048,8,False,3.5,-9.125,0.0,38.5,600.25,0.0058651026392961825
2021-08-19,560.5,560.5,546.75,550.0,90493,8,False,-11.75,-3.875,0.0,38.5,588.5,-0.019575177009579336
2021-08-20,550.25,554.25,533.25,538.75,83003,8,False,-11.25,-6.25,0.0,38.5,577.25,-0.019116397621070536
2021-08-23,536.0,544.25,531.5,538.0,50271,8,False,-0.75,-2.375,0.0,38.5,576.5,-0.0012992637505413462
2021-08-24,539.5,546.5,537.0,544.5,82653,8,False,6.5,3.0,0.0,38.5,583.0,0.011274934952298254
2021-08-25,544.5,555.0,541.25,551.25,80083,8,False,6.75,4.0,0.0,38.5,589.75,0.011578044596912473
2021-08-26,550.0,555.75,548.0,552.75,73859,8,False,1.5,6.0,0.0,38.5,591.25,0.0025434506146673197
2021-08-27,553.0,558.75,548.75,558.0,107357,8,False,5.25,-8.125,0.0,38.5,596.5,0.008879492600422756
2021-08-30,557.25,560.0,531.5,540.25,73569,8,False,-17.75,-0.5,0.0,38.5,578.75,-0.029756915339480328
2021-08-31,540.0,542.0,524.0,534.0,8135,8,False,-6.25,-18.125,0.0,38.5,572.5,-0.010799136069114423
2021-09-01,534.0,535.0,514.25,515.5,5192,9,True,-18.5,-2.75,-15.75,54.25,569.75,-0.004803493449781704
2021-09-02,515.5,521.0,510.0,516.25,1319,9,False,0.75,-13.375,0.0,54.25,570.5,0.0013163668275559814
2021-09-03,516.75,518.25,506.75,508.0,967,9,False,-8.25,-5.75,0.0,54.25,562.25,-0.01446099912357579
2021-09-07,509.0,509.0,495.75,495.75,734,9,False,-12.25,-2.875,0.0,54.25,550.0,-0.02178746109381946
2021-09-08,497.5,504.0,495.0,498.25,451,9,False,2.5,-7.25,0.0,54.25,552.5,0.00454545454545463
2021-09-09,498.5,500.0,494.5,496.0,164,9,False,-2.25,4.625,0.0,54.25,550.25,-0.004072398190045234
2021-09-10,499.0,505.0,487.75,502.75,370,9,False,6.75,-4.125,0.0,54.25,557.0,0.012267151294865997
2021-09-13,503.5,503.5,493.0,496.75,313,9,False,-6.0,6.5,0.0,54.25,551.0,-0.010771992818671472
2021-09-14,497.0,503.0,497.0,503.0,114271,9,False,6.25,12.25,0.0,54.25,557.25,0.01134301270417426
2021-09-15,520.75,534.5,520.5,533.5,152827,9,False,30.5,1.125,0.0,54.25,587.75,0.054733064154329325
2021-09-16,533.5,537.5,528.0,529.5,118905,9,False,-4.0,14.125,0.0,54.25,583.75,-0.006805614632071411
2021-09-17,529.0,530.5,521.75,527.25,109533,9,False,-2.25,-4.75,0.0,54.25,581.5,-0.003854389721627438
2021-09-20,527.0,527.0,515.25,521.75,125356,9,False,-5.5,-3.5,0.0,54.25,576.0,-0.009458297506448887
2021-09-21,522.0,522.75,512.75,517.0,119145,9,False,-4.75,1.5,0.0,54.25,571.25,-0.00824652777777779
2021-09-22,517.0,526.25,516.0,525.5,112326,9,False,8.5,-0.5,0.0,54.25,579.75,0.014879649890590763
2021-09-23,524.5,531.0,520.25,529.25,95990,9,False,3.75,3.0,0.0,54.25,583.5,0.0064683053040104355
2021-09-24,528.5,528.75,524.0,526.75,93098,9,False,-2.5,8.25,0.0,54.25,581.0,-0.00428449014567267
2021-09-27,524.75,540.0,524.0,539.5,144946,9,False,12.75,-4.75,0.0,54.25,593.75,0.02194492254733227
2021-09-28,538.75,541.75,532.0,532.5,125830,9,False,-7.0,9.625,0.0,54.25,586.75,-0.011789473684210572
2021-09-29,533.5,541.0,533.5,539.0,107220,9,False,6.5,-4.625,0.0,54.25,593.25,0.011077971878994397
2021-09-30,539.0,548.5,527.25,536.75,222135,9,False,-2.25,5.625,0.0,54.25,591.0,-0.0037926675094817064
2021-10-01,536.75,545.25,532.0,541.5,135599,10,False,4.75,-1.5,0.0,54.25,595.75,0.008037225042301088
2021-10-04,540.0,547.5,536.0,540.75,132923,10,False,-0.75,0.75,0.0,54.25,595.0,-0.0012589173310952884
2021-10-05,540.0,543.0,535.25,537.5,119598,10,False,-3.25,-3.0,0.0,54.25,591.75,-0.00546218487394956
2021-10-06,537.0,544.75,531.5,532.25,126943,10,False,-5.25,-0.75,0.0,54.25,586.5,-0.008871989860583018
2021-10-07,532.75,535.25,527.5,534.0,104997,10,False,1.75,-4.375,0.0,54.25,588.25,0.0029838022165387112
2021-10-08,533.25,538.75,530.0,530.5,95481,10,False,-3.5,2.125,0.0,54.25,584.75,-0.005949851253718608
2021-10-11,530.0,534.0,528.75,533.0,104166,10,False,2.5,-7.0,0.0,54.25,587.25,0.004275331338178701
2021-10-12,532.75,533.0,519.25,522.5,196596,10,False,-10.5,-3.875,0.0,54.25,576.75,-0.017879948914431676
2021-10-13,523.0,525.25,506.75,512.25,203330,10,False,-10.25,-3.0,0.0,54.25,566.5,-0.017771998266146505
2021-10-14,512.25,518.25,511.0,516.75,140335,10,False,4.5,-0.625,0.0,54.25,571.0,0.007943512797881747
2021-10-15,516.25,528.5,514.25,525.75,130243,10,False,9.0,5.75,0.0,54.25,580.0,0.015761821366024442
2021-10-18,525.75,533.75,523.0,532.75,119583,10,False,7.0,3.25,0.0,54.25,587.0,0.012068965517241459
2021-10-19,532.0,537.0,529.5,530.25,119081,10,False,-2.5,8.0,0.0,54.25,584.5,-0.004258943781942026
2021-10-20,530.0,540.0,528.5,539.25,129884,10,False,9.0,-4.75,0.0,54.25,593.5,0.015397775876817787
2021-10-21,539.0,540.0,530.75,532.25,119388,10,False,-7.0,7.375,0.0,54.25,586.5,-0.011794439764111209
2021-10-22,533.0,540.0,532.0,538.0,109345,10,False,5.75,-3.5,0.0,54.25,592.25,0.009803921568627416
2021-10-25,537.0,542.0,535.0,538.0,107050,10,False,0.0,5.625,0.0,54.25,592.25,0.0
2021-10-26,538.0,547.25,533.0,543.5,146995,10,False,5.5,6.875,0.0,54.25,597.75,0.009286618826509052
2021-10-27,542.5,563.25,539.5,557.25,241141,10,False,13.75,5.5,0.0,54.25,611.5,0.023002927645336735
2021-10-28,556.5,568.75,554.0,562.75,164258,10,False,5.5,9.625,0.0,54.25,617.0,0.008994276369582943
2021-10-29,562.5,569.25,558.75,568.25,135195,10,False,5.5,8.125,0.0,54.25,622.5,0.008914100486223653
2021-11-01,568.0,582.0,565.25,579.0,197409,11,False,10.75,-0.25,0.0,54.25,633.25,0.017269076305220787
2021-11-02,578.25,586.0,572.0,573.0,174067,11,False,-6.0,0.875,0.0,54.25,627.25,-0.009474930911962054
2021-11-03,572.0,573.25,563.0,564.0,149892,11,False,-9.0,-5.375,0.0,54.25,618.25,-0.01434834595456358
2021-11-04,563.75,569.75,556.5,559.25,149483,11,False,-4.75,-7.625,0.0,54.25,613.5,-0.007682976142337261
2021-11-05,560.0,562.75,552.25,553.0,192123,11,False,-6.25,-3.125,0.0,54.25,607.25,-0.010187449062754705
2021-11-08,552.0,554.75,549.5,551.5,166976,11,False,-1.5,-1.5,0.0,54.25,605.75,-0.002470152326060071
2021-11-09,551.0,564.0,547.75,554.75,246899,11,False,3.25,6.5,0.0,54.25,609.0,0.005365249690466367
2021-11-10,555.5,571.75,555.0,569.25,209267,11,False,14.5,1.75,0.0,54.25,623.5,0.023809523809523725
2021-11-11,567.75,579.0,566.0,569.5,264523,11,False,0.25,11.125,0.0,54.25,623.75,0.000400962309542896
2021-11-12,569.25,582.0,566.75,577.25,163539,11,False,7.75,-0.25,0.0,54.25,631.5,0.012424849699398832
2021-11-15,576.25,578.75,569.75,576.5,128056,11,False,-0.75,1.125,0.0,54.25,630.75,-0.001187648456057011
2021-11-16,576.0,577.5,570.0,571.0,137344,11,False,-5.5,1.75,0.0,54.25,625.25,-0.008719778042013515
2021-11-17,570.75,584.0,570.0,575.25,185381,11,False,4.25,-3.875,0.0,54.25,629.5,0.006797281087564944
2021-11-18,575.0,583.0,572.0,573.0,171416,11,False,-2.25,1.0,0.0,54.25,627.25,-0.0035742652899126703
2021-11-19,573.0,576.0,568.0,570.75,130524,11,False,-2.25,1.875,0.0,54.25,625.0,-0.0035870864886409226
2021-11-22,570.5,579.0,569.75,576.75,172298,11,False,6.0,0.75,0.0,54.25,631.0,0.009600000000000053
2021-11-23,576.25,581.0,572.5,580.5,179297,11,False,3.75,2.625,0.0,54.25,634.75,0.005942947702060275
2021-11-24,580.25,589.0,575.5,579.75,265928,11,False,-0.75,5.375,0.0,54.25,634.0,-0.0011815675462780728
2021-11-26,571.5,588.0,566.75,586.75,180220,11,False,7.0,-3.25,0.0,54.25,641.0,0.011041009463722329
2021-11-29,586.0,588.25,576.5,581.0,158234,11,False,-5.75,-3.5,0.0,54.25,635.25,-0.008970358814352597
2021-11-30,581.0,582.0,562.0,567.0,24986,11,False,-14.0,-0.375,0.0,54.25,621.25,-0.02203856749311295
2021-12-01,568.0,576.0,567.0,572.0,6270,12,True,5.0,-4.5,9.5,44.75,616.75,-0.007243460764587484
2021-12-02,571.25,583.0,570.0,577.0,6237,12,False,5.0,7.0,0.0,44.75,621.75,0.008107012565869542
2021-12-03,576.25,588.75,576.25,586.0,3442,12,False,9.0,1.25,0.0,44.75,630.75,0.014475271411338975
2021-12-06,586.0,586.0,578.0,583.5,2208,12,False,-2.5,5.875,0.0,44.75,628.25,-0.003963535473642477
2021-12-07,584.0,589.5,579.5,586.25,1887,12,False,2.75,-2.0,0.0,44.75,631.0,0.004377238360525171
2021-12-08,585.0,589.0,584.0,584.75,2372,12,False,-1.5,3.25,0.0,44.75,629.5,-0.002377179080824132
2021-12-09,585.75,591.25,576.75,588.5,2082,12,False,3.75,-0.75,0.0,44.75,633.25,0.005957108816521117
2021-12-10,588.5,592.0,585.0,588.5,862,12,False,0.0,-0.25,0.0,44.75,633.25,0.0
2021-12-13,587.5,588.0,580.75,584.25,927,12,False,-4.25,2.25,0.0,44.75,629.0,-0.006711409395973145
2021-12-14,583.25,591.0,576.75,588.75,117292,12,False,4.5,-3.625,0.0,44.75,633.5,0.007154213036566048
2021-12-15,590.0,596.5,582.0,585.75,138521,12,False,-3.0,5.0,0.0,44.75,630.5,-0.0047355958958168465
2021-12-16,587.5,592.0,584.5,591.25,101262,12,False,5.5,-0.5,0.0,44.75,636.0,0.008723235527359208
2021-12-17,591.0,598.75,589.25,593.25,129569,12,False,2.0,1.625,0.0,44.75,638.0,0.003144654088050425
2021-12-20,595.0,595.75,587.0,591.0,106042,12,False,-2.25,4.625,0.0,44.75,635.75,-0.003526645768025083
2021-12-21,591.0,599.0,589.5,598.25,119312,12,False,7.25,1.0,0.0,44.75,643.0,0.011403853716083434
2021-12-22,597.5,606.75,597.0,602.5,154966,12,False,4.25,5.25,0.0,44.75,647.25,0.006609642301710794
2021-12-23,601.5,607.0,600.5,605.75,108565,12,False,3.25,6.625,0.0,44.75,650.5,0.005021243723445368
2021-12-27,608.25,615.5,607.0,614.75,123211,12,False,9.0,-3.375,0.0,44.75,659.5,0.013835511145272816
2021-12-28,614.25,617.75,603.75,604.75,134208,12,False,-10.0,4.875,0.0,44.75,649.5,-0.015163002274450332
2021-12-29,604.0,610.75,599.5,605.5,117570,12,False,0.75,-9.75,0.0,44.75,650.25,0.0011547344110853786
2021-12-30,605.5,606.0,592.75,596.0,122776,12,False,-9.5,-1.0,0.0,44.75,640.75,-0.014609765474817404
2021-12-31,595.75,599.25,592.5,593.25,69868,12,False,-2.75,-6.75,0.0,44.75,638.0,-0.0042918454935622075
2022-01-03,599.0,603.5,584.75,589.25,146023,1,False,-4.0,8.75,0.0,44.75,634.0,-0.006269592476489061
2022-01-04,591.75,611.25,591.5,609.5,210268,1,False,20.25,-5.625,0.0,44.75,654.25,0.03194006309148256
2022-01-05,608.5,609.75,601.25,602.25,148499,1,False,-7.25,10.875,0.0,44.75,647.0,-0.011081390905617106
2022-01-06,601.25,605.75,596.0,603.75,151442,1,False,1.5,-2.125,0.0,44.75,648.5,0.0023183925811436357
2022-01-07,605.25,608.25,599.0,606.75,140371,1,False,3.0,-2.75,0.0,44.75,651.5,0.004626060138781751
2022-01-10,605.25,608.0,596.25,599.75,135265,1,False,-7.0,2.125,0.0,44.75,644.5,-0.010744435917114381
2022-01-11,599.75,604.75,598.0,601.0,128305,1,False,1.25,-4.5,0.0,44.75,645.75,0.0019394879751746252
2022-01-12,601.0,604.0,591.0,599.0,181633,1,False,-2.0,-5.125,0.0,44.75,643.75,-0.0030971738288811945
2022-01-13,599.0,599.75,585.25,587.5,186546,1,False,-11.5,3.375,0.0,44.75,632.25,-0.017864077669902945
2022-01-14,587.5,598.25,585.25,596.25,140634,1,False,8.75,-4.125,0.0,44.75,641.0,0.013839462238038669
2022-01-18,592.75,600.75,588.25,599.5,141742,1,False,3.25,9.875,0.0,44.75,644.25,0.005070202808112434
2022-01-19,600.0,614.5,600.0,610.5,179943,1,False,11.0,1.875,0.0,44.75,655.25,0.017074117190531535
2022-01-20,609.0,614.25,606.25,611.0,127683,1,False,0.5,8.125,0.0,44.75,655.75,0.0007630675314764801
2022-01-21,607.5,618.5,604.25,616.25,187471,1,False,5.25,2.625,0.0,44.75,661.0,0.00800609988562706
2022-01-24,617.5,621.5,609.25,621.0,194809,1,False,4.75,2.125,0.0,44.75,665.75,0.007186081694402491
2022-01-25,620.0,631.0,618.5,620.0,298396,1,False,-1.0,5.875,0.0,44.75,664.75,-0.0015020653398423178
2022-01-26,619.0,627.75,615.0,627.0,172723,1,False,7.0,-1.375,0.0,44.75,671.75,0.010530274539300555
2022-01-27,625.0,627.75,621.25,625.25,151696,1,False,-1.75,8.875,0.0,44.75,670.0,-0.002605135839225947
2022-01-28,623.25,637.25,623.0,636.0,188658,1,False,10.75,-5.875,0.0,44.75,680.75,0.016044776119402915
2022-01-31,635.75,642.5,622.5,626.0,243891,1,False,-10.0,9.75,0.0,44.75,670.75,-0.014689680499449187
2022-02-01,626.0,639.5,624.5,634.75,196298,2,False,8.75,-11.125,0.0,44.75,679.5,0.013045098770033459
2022-02-02,634.5,640.75,616.75,622.5,275662,2,False,-12.25,1.5,0.0,44.75,667.25,-0.018027961736571063
2022-02-03,622.5,624.25,610.25,616.75,215871,2,False,-5.75,-4.25,0.0,44.75,661.5,-0.008617459722742637
2022-02-04,618.5,623.25,613.25,620.5,181430,2,False,3.75,4.5,0.0,44.75,665.25,0.005668934240362855
2022-02-07,628.75,636.75,624.75,635.25,232607,2,False,14.75,0.375,0.0,44.75,680.0,0.02217211574596023
2022-02-08,636.5,636.75,627.25,632.25,200583,2,False,-3.0,14.625,0.0,44.75,677.0,-0.004411764705882337
2022-02-09,632.25,647.75,630.5,646.75,320406,2,False,14.5,-4.0,0.0,44.75,691.5,0.021418020679468297
2022-02-10,646.0,662.75,638.75,641.75,372991,2,False,-5.0,11.875,0.0,44.75,686.5,-0.007230657989877098
2022-02-11,641.0,657.75,637.75,651.0,243969,2,False,9.25,-0.125,0.0,44.75,695.75,0.013474144209759675
2022-02-14,651.25,656.75,642.5,655.75,144923,2,False,4.75,-4.25,0.0,44.75,700.5,0.006827164929931628
2022-02-15,655.0,655.5,635.5,638.0,177958,2,False,-17.75,6.875,0.0,44.75,682.75,-0.025339043540328343
2022-02-16,637.75,647.75,636.25,647.0,126554,2,False,9.0,-7.375,0.0,44.75,691.75,0.01318198462101794
2022-02-17,645.5,652.0,642.75,650.0,121279,2,False,3.0,6.625,0.0,44.75,694.75,0.004336826888326817
2022-02-18,648.5,658.0,647.0,654.25,154047,2,False,4.25,11.75,0.0,44.75,699.0,0.006117308384310904
2022-02-22,657.75,676.75,657.75,674.75,168824,2,False,20.5,6.625,0.0,44.75,719.5,0.029327610872675214
2022-02-23,674.0,685.0,669.25,683.75,154730,2,False,9.0,15.875,0.0,44.75,728.5,0.012508686587908269
2022-02-24,683.5,718.75,682.0,695.0,161611,2,False,11.25,-13.25,0.0,44.75,739.75,0.015442690459849029
2022-02-25,696.75,707.0,657.0,659.5,94802,2,False,-35.5,24.625,0.0,44.75,704.25,-0.0479891855356539
2022-02-28,688.0,704.75,679.0,697.5,15651,2,False,38.0,3.375,0.0,44.75,742.25,0.053958111466098746
2022-03-01,699.75,744.25,699.75,739.75,7258,3,True,42.25,18.625,23.625,21.125,760.875,0.025092623779050083
2022-03-02,741.75,760.0,723.0,739.0,3350,3,False,-0.75,27.25,0.0,21.125,760.125,-0.0009857072449482862
2022-03-03,745.0,778.5,745.0,751.25,3447,3,False,12.25,2.25,0.0,21.125,772.375,0.01611577043249457
2022-03-04,761.75,800.0,741.0,756.5,2186,3,False,5.25,2.5,0.0,21.125,777.625,0.006797216378054749
2022-03-07,782.75,782.75,742.75,749.25,1309,3,False,-7.25,5.25,0.0,21.125,770.375,-0.00932325992605687
2022-03-08,747.5,759.0,724.0,754.5,547,3,False,5.25,-13.375,0.0,21.125,775.625,0.006814862891449058
2022-03-09,756.25,757.25,734.0,735.0,188,3,False,-19.5,14.0,0.0,21.125,756.125,-0.025141015310233716
2022-03-10,738.5,768.0,738.5,757.75,74,3,False,22.75,-6.375,0.0,21.125,778.875,0.030087617788064236
2022-03-11,758.0,768.5,755.0,764.5,233,3,False,6.75,-6.75,0.0,21.125,785.625,0.008666345690900412
2022-03-14,745.0,752.0,725.5,728.25,104100,3,False,-36.25,18.25,0.0,21.125,749.375,-0.046141607000795504
2022-03-15,745.25,759.0,736.0,758.0,89348,3,False,29.75,-32.125,0.0,21.125,779.125,0.03969974979149282
2022-03-16,756.75,757.0,726.75,730.0,106537,3,False,-28.0,27.125,0.0,21.125,751.125,-0.035937750681854674
2022-03-17,730.0,757.5,728.5,754.5,90267,3,False,24.5,-20.375,0.0,21.125,775.625,0.03261774005658169
2022-03-18,753.75,755.0,736.5,741.75,84411,3,False,-12.75,19.5,0.0,21.125,762.875,-0.016438356164383605
2022-03-21,746.5,765.0,743.0,756.25,93775,3,False,14.5,-8.0,0.0,21.125,777.375,0.01900704571522205
2022-03-22,756.75,761.0,744.0,753.0,104191,3,False,-3.25,9.625,0.0,21.125,774.125,-0.004180736452805922
2022-03-23,752.25,770.5,749.0,757.75,112399,3,False,4.75,-6.375,0.0,21.125,778.875,0.006135959954787662
2022-03-24,757.0,762.5,745.0,748.25,100951,3,False,-9.5,5.25,0.0,21.125,769.375,-0.012197079120526366
2022-03-25,748.5,755.25,742.5,754.0,73846,3,False,5.75,-7.5,0.0,21.125,775.125,0.007473598700243667
2022-03-28,749.0,750.25,740.5,748.5,89177,3,False,-5.5,-8.25,0.0,21.125,769.625,-0.007095629737139175
2022-03-29,746.25,747.5,713.5,726.25,180171,3,False,-22.25,3.125,0.0,21.125,747.375,-0.028910183530940436
2022-03-30,727.0,748.75,726.75,738.0,109719,3,False,11.75,-5.75,0.0,21.125,759.125,0.015721692590734193
2022-03-31,739.25,770.0,732.5,748.75,173737,3,False,10.75,-1.0,0.0,21.125,769.875,0.01416104067182622
2022-04-01,748.5,751.5,730.25,735.0,155927,4,False,-13.75,13.125,0.0,21.125,756.125,-0.01786004221464521
2022-04-04,737.0,752.25,734.75,750.5,112649,4,False,15.5,-2.25,0.0,21.125,771.625,0.020499256075384276
2022-04-05,750.75,768.0,749.25,759.75,123890,4,False,9.25,6.125,0.0,21.125,780.875,0.011987688320103773
2022-04-06,759.75,761.5,750.25,756.5,110915,4,False,-3.25,5.25,0.0,21.125,777.625,-0.00416199775892423
2022-04-07,755.75,759.25,748.5,757.75,149456,4,False,1.25,3.875,0.0,21.125,778.875,0.0016074586079408704
2022-04-08,757.0,773.0,752.75,768.75,170872,4,False,11.0,-1.5,0.0,21.125,789.875,0.01412293371850426
2022-04-11,767.0,778.0,762.0,764.5,170234,4,False,-4.25,11.375,0.0,21.125,785.625,-0.0053805981959170746
2022-04-12,765.5,779.0,765.0,776.25,154266,4,False,11.75,1.5,0.0,21.125,797.375,0.014956245027843984
2022-04-13,775.0,786.25,767.25,783.5,182922,4,False,7.25,9.25,0.0,21.125,804.625,0.009092334221664888
2022-04-14,783.5,793.0,781.0,790.25,108878,4,False,6.75,15.125,0.0,21.125,811.375,0.00838900108746321
2022-04-18,791.0,816.75,790.25,813.25,114979,4,False,23.0,-1.25,0.0,21.125,834.375,0.02834694191958098
2022-04-19,813.25,819.75,799.75,804.0,133531,4,False,-9.25,17.375,0.0,21.125,825.125,-0.01108614232209737
2022-04-20,803.5,816.5,796.75,815.75,128911,4,False,11.75,-12.875,0.0,21.125,836.875,0.01424026662626865
2022-04-21,814.0,814.25,797.5,799.25,111004,4,False,-16.5,2.75,0.0,21.125,820.375,-0.019716206123973068
2022-04-22,798.75,807.5,783.5,793.0,140795,4,False,-6.25,-4.625,0.0,21.125,814.125,-0.007618467164406506
2022-04-25,796.75,802.0,784.75,800.25,114116,4,False,7.25,-1.625,0.0,21.125,821.375,0.008905266390296429
2022-04-26,800.25,812.25,795.0,803.25,85308,4,False,3.0,9.75,0.0,21.125,824.375,0.003652412113833492
2022-04-27,802.75,820.25,797.5,815.5,70673,4,False,12.25,1.75,0.0,21.125,836.625,0.014859742228961359
2022-04-28,816.25,823.5,811.0,816.0,47633,4,False,0.5,7.25,0.0,21.125,837.125,0.0005976393246676093
2022-04-29,816.25,827.0,814.0,818.25,11143,4,False,2.25,-2.375,0.0,21.125,839.375,0.0026877706435717297
2022-05-02,811.5,814.0,798.0,813.0,2848,5,True,-5.25,-5.0,-0.25,21.375,834.375,-0.005956813104988856
2022-05-03,817.5,822.0,799.75,800.75,2214,5,False,-12.25,-3.75,0.0,21.375,822.125,-0.014681647940074871
2022-05-04,801.0,808.75,796.0,798.5,1267,5,False,-2.25,-3.5,0.0,21.375,819.875,-0.0027368100957883
2022-05-05,799.75,804.75,796.0,803.75,410,5,False,5.25,-6.875,0.0,21.375,825.125,0.006403415154749181
2022-05-06,800.0,800.0,784.25,792.25,1248,5,False,-11.5,-1.25,0.0,21.375,813.625,-0.013937282229965153
2022-05-09,792.25,792.25,782.0,784.5,745,5,False,-7.75,-4.75,0.0,21.375,805.875,-0.009525272699339338
2022-05-10,787.5,790.75,782.5,786.5,597,5,False,2.0,4.0,0.0,21.375,807.875,0.0024817744687450904
2022-05-11,788.0,802.75,788.0,802.25,653,5,False,15.75,6.625,0.0,21.375,823.625,0.019495590283150177
2022-05-12,802.5,814.0,798.75,813.5,911,5,False,11.25,-1.625,0.0,21.375,834.875,0.01365912885111542
2022-05-13,808.0,808.0,794.5,794.5,113807,5,False,-19.0,13.125,0.0,21.375,815.875,-0.022757897888905476
2022-05-16,795.0,810.25,792.75,809.5,138859,5,False,15.0,-13.875,0.0,21.375,830.875,0.018385169296767367
2022-05-17,808.0,809.25,797.25,800.75,98317,5,False,-8.75,-2.125,0.0,21.375,822.125,-0.010531066646607523
2022-05-18,800.75,802.25,778.0,781.5,120123,5,False,-19.25,-3.5,0.0,21.375,802.875,-0.023414930819522617
2022-05-19,782.0,789.75,773.25,783.25,106424,5,False,1.75,-11.875,0.0,21.375,804.625,0.0021796668223572624
2022-05-20,781.25,782.0,774.5,778.75,88004,5,False,-4.5,4.625,0.0,21.375,800.125,-0.005592667391642103
2022-05-23,780.25,788.0,774.5,786.25,88355,5,False,7.5,-9.5,0.0,21.375,807.625,0.00937353538509611
2022-05-24,785.0,787.0,762.0,771.75,147022,5,False,-14.5,4.0,0.0,21.375,793.125,-0.017953877108806693
2022-05-25,770.0,773.0,755.0,772.25,127425,5,False,0.5,-10.875,0.0,21.375,793.625,0.0006304176516942483
2022-05-26,762.75,772.5,757.5,765.0,104920,5,False,-7.25,6.375,0.0,21.375,786.375,-0.009135296897149203
2022-05-27,765.0,780.5,761.0,777.25,101090,5,False,12.25,-15.5,0.0,21.375,798.625,0.015577809569225831
2022-05-31,777.0,777.25,747.25,753.5,175461,5,False,-23.75,-5.0,0.0,21.375,774.875,-0.029738613241508838
2022-06-01,753.75,756.25,720.5,731.25,210389,6,False,-22.25,-12.375,0.0,21.375,752.625,-0.028714308759477336
2022-06-02,731.25,739.25,726.25,730.25,127143,6,False,-1.0,-12.75,0.0,21.375,751.625,-0.0013286829430326774
2022-06-03,730.25,736.0,725.75,727.0,105542,6,False,-3.25,7.25,0.0,21.375,748.375,-0.004323964743056741
2022-06-06,732.25,744.25,731.5,742.5,131922,6,False,15.5,5.625,0.0,21.375,763.875,0.0207115416736261
2022-06-07,739.0,765.0,735.0,757.0,227575,6,False,14.5,11.5,0.0,21.375,778.375,0.018982163312060152
2022-06-08,757.0,774.0,756.0,764.5,223848,6,False,7.5,11.5,0.0,21.375,785.875,0.009635458487233128
2022-06-09,764.5,782.75,758.0,773.0,226325,6,False,8.5,3.875,0.0,21.375,794.375,0.010815969460792108
2022-06-10,772.25,781.0,765.75,773.25,156100,6,False,0.25,2.25,0.0,21.375,794.625,0.00031471282454753613
2022-06-13,781.0,782.25,758.5,769.25,170044,6,False,-4.0,-0.375,0.0,21.375,790.625,-0.005033820984741255
2022-06-14,765.75,771.0,759.0,768.25,125798,6,False,-1.0,0.875,0.0,21.375,789.625,-0.0012648221343873889
2022-06-15,767.0,779.75,762.0,774.0,105906,6,False,5.75,6.625,0.0,21.375,795.375,0.007281937628621282
2022-06-16,774.0,792.0,773.0,788.25,121542,6,False,14.25,1.0,0.0,21.375,809.625,0.017916077322017943
2022-06-17,787.5,800.0,782.25,784.5,116061,6,False,-3.75,-4.75,0.0,21.375,805.875,-0.004631773969430264
2022-06-21,777.5,778.25,752.25,760.75,192144,6,False,-23.75,1.75,0.0,21.375,782.125,-0.02947107181634867
2022-06-22,762.0,770.5,754.5,768.0,167778,6,False,7.25,-22.5,0.0,21.375,789.375,0.009269618027808901
2022-06-23,767.25,767.25,734.5,746.75,215839,6,False,-21.25,5.375,0.0,21.375,768.125,-0.02692003167062551
2022-06-24,745.0,762.25,735.0,750.25,155989,6,False,3.5,-13.625,0.0,21.375,771.625,0.004556550040683449
2022-06-27,740.0,746.25,731.0,744.25,121830,6,False,-6.0,9.375,0.0,21.375,765.625,-0.0077757978292564145
2022-06-28,747.5,762.75,744.25,759.5,86035,6,False,15.25,2.375,0.0,21.375,780.875,0.019918367346938748
2022-06-29,758.25,780.0,755.5,770.25,63702,6,False,10.75,-5.625,0.0,21.375,791.625,0.013766607971826383
2022-06-30,770.0,775.25,742.25,743.75,14477,6,False,-26.5,10.75,0.0,21.375,765.125,-0.033475446076109305
2022-07-01,748.0,760.0,743.75,754.5,5489,7,True,10.75,-22.5,33.25,-11.875,742.625,-0.029406959647116482
2022-07-05,750.25,765.0,726.0,736.0,3775,7,False,-18.5,9.5,0.0,-11.875,724.125,-0.024911631038545656
2022-07-06,746.0,761.0,726.0,744.25,2703,7,False,8.25,-7.875,0.0,-11.875,732.375,0.011393060590367599
2022-07-07,749.5,763.5,740.0,747.0,784,7,False,2.75,19.75,0.0,-11.875,735.125,0.003754906980713457
2022-07-08,750.75,781.0,744.0,778.25,1438,7,False,31.25,2.875,0.0,-11.875,766.375,0.042509777248767255
2022-07-11,783.25,800.0,780.75,781.25,1344,7,False,3.0,-8.625,0.0,-11.875,769.375,0.003914532702658624
2022-07-12,781.0,785.25,732.0,732.75,1320,7,False,-48.5,5.125,0.0,-11.875,720.875,-0.06303818034118602
2022-07-13,726.0,756.5,725.0,740.0,485,7,False,7.25,-46.75,0.0,-11.875,728.125,0.010057222125888776
2022-07-14,738.25,746.5,694.0,695.0,102346,7,False,-45.0,-41.75,0.0,-11.875,683.125,-0.06180257510729614
2022-07-15,606.75,612.0,596.0,604.25,81572,7,False,-90.75,-18.5,0.0,-11.875,592.375,-0.1328453796889295
2022-07-18,610.75,623.5,601.5,612.25,75978,7,False,8.0,-53.125,0.0,-11.875,600.375,0.013504958852078586
2022-07-19,610.5,611.0,585.75,596.75,94156,7,False,-15.5,1.75,0.0,-11.875,584.875,-0.0258171975848428
2022-07-20,595.5,600.5,589.0,592.25,76176,7,False,-4.5,-16.0,0.0,-11.875,580.375,-0.0076939516990810475
2022-07-21,592.75,593.5,572.75,575.75,76755,7,False,-16.5,-8.0,0.0,-11.875,563.875,-0.02842989446478572
2022-07-22,575.0,582.75,561.5,564.25,95957,7,False,-11.5,-0.375,0.0,-11.875,552.375,-0.02039459099977836
2022-07-25,574.25,580.75,566.25,580.0,103447,7,False,15.75,2.75,0.0,-11.875,568.125,0.02851323828920571
2022-07-26,587.75,599.75,586.25,597.0,95701,7,False,17.0,9.5,0.0,-11.875,585.125,0.0299229922992299
2022-07-27,597.0,604.25,591.75,600.25,80955,7,False,3.25,15.875,0.0,-11.875,588.375,0.005554368724631553
2022-07-28,603.75,618.0,601.25,615.0,72681,7,False,14.75,2.25,0.0,-11.875,603.125,0.025069046101550807
2022-07-29,615.0,632.0,611.5,616.25,99164,7,False,1.25,2.75,0.0,-11.875,604.375,0.002072538860103723
2022-08-01,619.75,621.5,594.25,607.0,91871,8,False,-9.25,-7.25,0.0,-11.875,595.125,-0.015305067218200574
2022-08-02,604.0,605.25,589.25,591.25,107008,8,False,-15.75,-4.5,0.0,-11.875,579.375,-0.026465028355387554
2022-08-03,587.0,597.0,583.0,591.5,101905,8,False,0.25,-2.5,0.0,-11.875,579.625,0.0004314994606255951
2022-08-04,591.5,607.0,585.75,602.25,83780,8,False,10.75,4.125,0.0,-11.875,590.375,0.01854647401337073
2022-08-05,602.0,614.0,597.0,610.25,125020,8,False,8.0,4.5,0.0,-11.875,598.375,0.013550709294939622
2022-08-08,603.0,616.0,601.75,608.5,155070,8,False,-1.75,7.5,0.0,-11.875,596.625,-0.002924587424274039
2022-08-09,614.5,626.0,613.5,615.5,142242,8,False,7.0,2.0,0.0,-11.875,603.625,0.011732662895453494
2022-08-10,615.0,632.5,613.0,621.25,134330,8,False,5.75,7.5,0.0,-11.875,609.375,0.009525781735348904
2022-08-11,621.0,630.75,618.75,629.25,112043,8,False,8.0,8.125,0.0,-11.875,617.375,0.013128205128205117
2022-08-12,629.25,640.5,616.0,639.75,98631,8,False,10.5,-2.5,0.0,-11.875,627.875,0.017007491395019336
2022-08-15,630.5,635.25,616.5,626.75,56712,8,False,-13.0,-2.625,0.0,-11.875,614.875,-0.020704758112681687
2022-08-16,624.0,628.25,608.0,611.0,67190,8,False,-15.75,-4.5,0.0,-11.875,599.125,-0.0256149623907298
2022-08-17,611.0,618.5,608.0,615.0,49240,8,False,4.0,-5.5,0.0,-11.875,603.125,0.006676403087836347
2022-08-18,615.0,624.0,608.25,619.75,52153,8,False,4.75,5.125,0.0,-11.875,607.875,0.007875647668393881
2022-08-19,619.0,627.75,616.0,626.0,51219,8,False,6.25,6.125,0.0,-11.875,614.125,0.010281719103434117
2022-08-22,622.75,635.25,618.0,633.5,67378,8,False,7.5,16.375,0.0,-11.875,621.625,0.01221249745572961
2022-08-23,637.0,666.75,635.75,660.0,95345,8,False,26.5,6.625,0.0,-11.875,648.125,0.042630203096722274
2022-08-24,659.75,675.5,655.75,665.75,76015,8,False,5.75,9.125,0.0,-11.875,653.875,0.008871745419479327
2022-08-25,665.0,674.25,656.75,657.5,78316,8,False,-8.25,8.5,0.0,-11.875,645.625,-0.01261709042248138
2022-08-26,657.0,671.0,654.75,668.75,75544,8,False,11.25,3.375,0.0,-11.875,656.875,0.01742497579864466
2022-08-29,675.0,684.25,668.5,683.75,86635,8,False,15.0,3.625,0.0,-11.875,671.875,0.022835394862036118
2022-08-30,681.25,682.75,671.25,679.75,48457,8,False,-4.0,4.5,0.0,-11.875,667.875,-0.005953488372092974
2022-08-31,680.75,683.0,664.25,673.75,7831,8,False,-6.0,-9.75,0.0,-11.875,661.875,-0.008983717012914116
2022-09-01,671.0,673.75,655.0,658.25,9013,9,True,-15.5,2.375,-17.875,6.0,664.25,0.0035882908404154534
2022-09-02,657.0,671.0,656.75,669.0,2137,9,False,10.75,-1.875,0.0,6.0,675.0,0.016183665788483292
2022-09-06,670.75,682.0,667.5,680.75,1289,9,False,11.75,3.375,0.0,6.0,686.75,0.017407407407407316
2022-09-07,678.5,690.0,675.25,676.75,1269,9,False,-4.0,4.75,0.0,6.0,682.75,-0.005824535857298918
2022-09-08,676.75,679.5,666.5,674.5,1219,9,False,-2.25,10.0,0.0,6.0,680.5,-0.003295496155254485
2022-09-09,678.75,700.5,678.75,698.5,1439,9,False,24.0,5.75,0.0,6.0,704.5,0.03526818515797214
2022-09-12,690.25,721.5,689.0,712.25,1332,9,False,13.75,10.375,0.0,6.0,718.25,0.019517388218594833
2022-09-13,721.25,725.0,709.0,709.0,607,9,False,-3.25,6.875,0.0,6.0,715.0,-0.004524886877828038
2022-09-14,709.0,709.0,709.0,709.0,117138,9,False,0.0,-17.375,0.0,6.0,715.0,0.0
2022-09-15,681.75,690.0,676.25,677.5,111789,9,False,-31.5,-0.125,0.0,6.0,683.5,-0.04405594405594404
2022-09-16,676.25,680.5,667.5,677.25,121327,9,False,-0.25,-15.25,0.0,6.0,683.25,-0.000365764447695649
2022-09-19,675.75,680.0,668.25,678.25,96685,9,False,1.0,6.75,0.0,6.0,684.25,0.0014635931211124387
2022-09-20,677.75,693.5,677.5,692.0,123234,9,False,13.75,-2.75,0.0,6.0,698.0,0.020094994519546994
2022-09-21,692.0,698.5,679.25,685.5,127215,9,False,-6.5,8.25,0.0,6.0,691.5,-0.009312320916905481
2022-09-22,683.5,691.0,681.5,688.25,97065,9,False,2.75,-9.0,0.0,6.0,694.25,0.003976861894432471
2022-09-23,687.0,688.0,669.5,676.75,154393,9,False,-11.5,-3.875,0.0,6.0,682.75,-0.016564638098667595
2022-09-26,673.25,679.0,665.5,666.25,140725,9,False,-10.5,-5.125,0.0,6.0,672.25,-0.015378982057854262
2022-09-27,666.25,678.0,666.25,667.5,163167,9,False,1.25,-3.75,0.0,6.0,673.5,0.0018594272963927683
2022-09-28,668.25,673.25,661.5,670.5,137430,9,False,3.0,0.125,0.0,6.0,676.5,0.00445434298440972
2022-09-29,670.5,676.75,666.0,669.5,139450,9,False,-1.0,5.5,0.0,6.0,675.5,-0.0014781966001478075
2022-09-30,669.5,696.25,669.25,677.5,253847,9,False,8.0,1.125,0.0,6.0,683.5,0.011843079200592133
2022-10-03,680.0,687.5,672.5,680.75,132393,10,False,3.25,5.125,0.0,6.0,686.75,0.004754937820043992
2022-10-04,680.75,691.5,676.5,683.0,119212,10,False,2.25,2.125,0.0,6.0,689.0,0.003276301419730565
2022-10-05,683.0,687.5,675.75,684.0,114315,10,False,1.0,-3.125,0.0,6.0,690.0,0.0014513788098693414
2022-10-06,683.75,685.75,672.0,675.5,128778,10,False,-8.5,4.375,0.0,6.0,681.5,-0.01231884057971011
2022-10-07,675.5,684.5,671.5,683.25,113581,10,False,7.75,3.25,0.0,6.0,689.25,0.011371973587674278
2022-10-10,683.75,706.5,683.5,698.25,201817,10,False,15.0,1.25,0.0,6.0,704.25,0.02176278563656142
2022-10-11,697.0,702.0,690.75,693.0,140432,10,False,-5.25,7.5,0.0,6.0,699.0,-0.007454739084132078
2022-10-12,693.25,700.0,680.0,693.0,180209,10,False,0.0,-0.25,0.0,6.0,699.0,0.0
2022-10-13,692.25,699.5,684.0,697.75,167244,10,False,4.75,-4.0,0.0,6.0,703.75,0.00679542203147343
2022-10-14,697.0,699.5,688.5,689.75,108816,10,False,-8.0,-0.75,0.0,6.0,695.75,-0.011367673179396132
2022-10-17,689.0,692.25,681.25,683.5,106164,10,False,-6.25,-5.25,0.0,6.0,689.5,-0.008983111749910178
2022-10-18,683.0,683.75,674.5,681.0,147455,10,False,-2.5,-4.5,0.0,6.0,687.0,-0.0036258158085569203
2022-10-19,681.0,684.5,674.0,678.25,112233,10,False,-2.75,1.625,0.0,6.0,684.25,-0.004002911208151327
2022-10-20,678.0,687.0,676.75,684.0,134819,10,False,5.75,-1.25,0.0,6.0,690.0,0.008403361344537785
2022-10-21,683.5,688.0,677.75,684.25,109021,10,False,0.25,1.5,0.0,6.0,690.25,0.00036231884057968955
2022-10-24,682.25,686.5,677.25,681.5,119463,10,False,-2.75,2.5,0.0,6.0,687.5,-0.003984063745019917
2022-10-25,681.5,687.5,677.75,686.25,116661,10,False,4.75,-2.0,0.0,6.0,692.25,0.006909090909090976
2022-10-26,684.25,689.75,683.25,685.0,106226,10,False,-1.25,1.0,0.0,6.0,691.0,-0.0018057060310581186
2022-10-27,685.0,689.25,679.25,682.25,112300,10,False,-2.75,-1.375,0.0,6.0,688.25,-0.00397973950795949
2022-10-28,681.25,683.75,676.25,680.75,115074,10,False,-1.5,4.0,0.0,6.0,686.75,-0.002179440610243333
2022-10-31,696.5,700.0,684.25,691.5,226696,10,False,10.75,2.375,0.0,6.0,697.5,0.015653440116490724
2022-11-01,689.0,698.5,687.25,697.75,146466,11,False,6.25,0.25,0.0,6.0,703.75,0.008960573476702427
2022-11-02,696.5,697.25,680.0,687.5,168334,11,False,-10.25,-1.0,0.0,6.0,693.5,-0.014564831261101197
2022-11-03,686.0,686.5,678.5,679.25,123352,11,False,-8.25,-4.25,0.0,6.0,685.25,-0.011896178803172286
2022-11-04,679.25,685.25,678.5,681.0,112564,11,False,1.75,-6.75,0.0,6.0,687.0,0.002553812477197992
2022-11-07,679.0,680.75,675.25,675.75,162563,11,False,-5.25,-3.25,0.0,6.0,681.75,-0.007641921397379958
2022-11-08,675.75,677.0,666.25,667.5,227158,11,False,-8.25,-4.125,0.0,6.0,673.5,-0.012101210121012063
2022-11-09,667.0,671.75,658.0,664.5,246968,11,False,-3.0,-9.75,0.0,6.0,670.5,-0.0044543429844098315
2022-11-10,664.5,667.25,652.75,653.25,229081,11,False,-11.25,0.875,0.0,6.0,659.25,-0.016778523489932917
2022-11-11,653.75,661.0,653.5,658.0,233358,11,False,4.75,-6.0,0.0,6.0,664.0,0.0072051573758058485
2022-11-14,657.0,662.0,652.25,657.25,181567,11,False,-0.75,7.125,0.0,6.0,663.25,-0.0011295180722891152
2022-11-15,657.0,675.0,651.25,666.75,234097,11,False,9.5,-1.125,0.0,6.0,672.75,0.014323407463249227
2022-11-16,665.25,666.0,657.5,665.25,121435,11,False,-1.5,5.875,0.0,6.0,671.25,-0.0022296544035674826
2022-11-17,665.0,668.25,654.75,667.5,138561,11,False,2.25,-0.625,0.0,6.0,673.5,0.003351955307262511
2022-11-18,667.5,672.75,665.25,667.75,131275,11,False,0.25,-3.0,0.0,6.0,673.75,0.00037119524870088405
2022-11-21,666.5,666.75,657.25,659.5,143717,11,False,-8.25,-1.25,0.0,6.0,665.5,-0.01224489795918371
2022-11-22,659.5,663.0,656.25,656.75,107549,11,False,-2.75,-0.875,0.0,6.0,662.75,-0.004132231404958664
2022-11-23,657.75,663.75,655.75,663.25,104569,11,False,6.5,1.0,0.0,6.0,669.25,0.009807619766126097
2022-11-25,661.25,669.75,661.0,668.0,71244,11,False,4.75,3.625,0.0,6.0,674.0,0.007097497198356395
2022-11-28,665.0,670.0,661.0,668.75,149233,11,False,0.75,0.875,0.0,6.0,674.75,0.001112759643916883
2022-11-29,667.5,671.25,665.25,665.75,110381,11,False,-3.0,-1.5,0.0,6.0,671.75,-0.0044460911448684914
2022-11-30,665.75,667.0,660.0,662.0,18198,11,False,-3.75,-7.5,0.0,6.0,668.0,-0.005582433941198395
2022-12-01,661.75,663.75,647.0,650.0,8565,12,True,-12.0,-9.375,-2.625,8.625,658.625,-0.014034431137724512
2022-12-02,650.25,650.25,629.0,635.0,5678,12,False,-15.0,-9.125,0.0,8.625,643.625,-0.022774720060732556
2022-12-05,635.5,638.25,625.5,628.75,762,12,False,-6.25,-9.125,0.0,8.625,637.375,-0.009710623422023668
2022-12-06,630.75,635.5,623.0,625.5,512,12,False,-3.25,-2.0,0.0,8.625,634.125,-0.005099039027260277
2022-12-07,626.5,632.5,624.0,627.75,662,12,False,2.25,0.5,0.0,8.625,636.375,0.003548196333530429
2022-12-08,628.0,632.5,626.0,632.0,425,12,False,4.25,2.5,0.0,8.625,640.625,0.006678452170497007
2022-12-09,631.5,639.75,631.5,634.75,453,12,False,2.75,5.375,0.0,8.625,643.375,0.004292682926829272
2022-12-12,634.5,644.5,634.5,641.25,263,12,False,6.5,2.625,0.0,8.625,649.875,0.010102972605401161
2022-12-13,642.5,650.5,639.25,643.75,184,12,False,2.5,0.875,0.0,8.625,652.375,0.0038468936333910797
2022-12-14,644.25,644.25,639.0,639.0,92295,12,False,-4.75,8.5,0.0,8.625,647.625,-0.0072810883310978625
2022-12-15,650.25,654.25,647.75,653.5,93735,12,False,14.5,-2.625,0.0,8.625,662.125,0.02238950009650642
2022-12-16,653.5,655.75,650.0,653.0,66395,12,False,-0.5,4.375,0.0,8.625,661.625,-0.0007551444213705905
2022-12-19,650.5,650.75,644.0,647.25,83168,12,False,-5.75,2.125,0.0,8.625,655.875,-0.008690723597203909
2022-12-20,647.75,654.25,646.75,652.0,91464,12,False,4.75,2.25,0.0,8.625,660.625,0.007242233657327901
2022-12-21,651.5,663.0,651.0,662.25,125592,12,False,10.25,1.5,0.0,8.625,670.875,0.015515610217597064
2022-12-22,662.0,664.75,658.75,660.5,79924,12,False,-1.75,8.0,0.0,8.625,669.125,-0.002608533631451415
2022-12-23,659.5,667.75,659.25,666.25,94496,12,False,5.75,3.375,0.0,8.625,674.875,0.008593312161404798
2022-12-27,669.0,675.75,667.25,674.75,123172,12,False,8.5,6.875,0.0,8.625,683.375,0.012594924986108591
2022-12-28,673.25,683.5,672.75,682.75,122193,12,False,8.0,2.625,0.0,8.625,691.375,0.011706603255899006
2022-12-29,681.75,682.25,677.25,679.5,104937,12,False,-3.25,3.5,0.0,8.625,688.125,-0.004700777436268289
2022-12-30,679.5,685.0,676.5,678.5,90321,12,False,-1.0,-5.625,0.0,8.625,687.125,-0.0014532243415077417
2023-01-03,677.25,681.25,668.0,670.5,155538,1,False,-8.0,-8.875,0.0,8.625,679.125,-0.01164271420774965
2023-01-04,670.75,671.75,652.5,653.75,175762,1,False,-16.75,-4.5,0.0,8.625,662.375,-0.0246640898214614
2023-01-05,654.5,657.75,648.5,652.75,138833,1,False,-1.0,-7.75,0.0,8.625,661.375,-0.0015097188148707197
2023-01-06,653.75,659.5,651.75,654.0,114158,1,False,1.25,-1.125,0.0,8.625,662.625,0.00189000189000188
2023-01-09,655.5,657.0,650.75,652.75,112236,1,False,-1.25,1.75,0.0,8.625,661.375,-0.0018864365214110723
2023-01-10,651.75,664.0,648.25,655.0,181158,1,False,2.25,-0.125,0.0,8.625,663.625,0.003402003402003473
2023-01-11,654.5,659.0,652.75,656.0,110880,1,False,1.0,8.625,0.0,8.625,664.625,0.0015068751177245154
2023-01-12,656.0,673.5,649.25,671.0,242526,1,False,15.0,2.5,0.0,8.625,679.625,0.022569117923641135
2023-01-13,670.75,676.75,669.75,675.0,158823,1,False,4.0,12.625,0.0,8.625,683.625,0.005885598675740233
2023-01-17,671.5,687.0,668.75,685.25,179918,1,False,10.25,0.0,0.0,8.625,693.875,0.01499360029255814
2023-01-18,684.25,688.75,678.0,681.25,175374,1,False,-4.0,3.125,0.0,8.625,689.875,-0.005764727076202458
2023-01-19,680.0,685.25,676.0,677.25,149959,1,False,-4.0,-2.5,0.0,8.625,685.875,-0.005798151839101262
2023-01-20,675.5,678.0,672.5,676.25,134978,1,False,-1.0,-7.0,0.0,8.625,684.875,-0.0014579916165482487
2023-01-23,674.0,674.75,661.25,666.25,184766,1,False,-10.0,4.875,0.0,8.625,674.875,-0.014601204599379414
2023-01-24,667.0,677.5,666.25,677.0,165294,1,False,10.75,-6.125,0.0,8.625,685.625,0.01592887571772561
2023-01-25,676.75,681.0,673.75,674.75,126030,1,False,-2.25,9.25,0.0,8.625,683.375,-0.003281677301732011
2023-01-26,674.0,685.5,673.0,682.5,146553,1,False,7.75,-0.875,0.0,8.625,691.125,0.01134077190415228
2023-01-27,681.75,686.0,678.25,683.0,141239,1,False,0.5,4.25,0.0,8.625,691.625,0.0007234581298607434
2023-01-30,685.0,687.25,678.5,683.75,127942,1,False,0.75,-1.75,0.0,8.625,692.375,0.0010844026748599855
2023-01-31,683.5,688.5,678.0,679.75,161229,1,False,-4.0,1.0,0.0,8.625,688.375,-0.005777216103989846
2023-02-01,679.25,682.0,672.75,681.0,144367,2,False,1.25,-4.875,0.0,8.625,689.625,0.0018158707100055516
2023-02-02,681.0,686.0,674.25,675.25,149905,2,False,-5.75,1.75,0.0,8.625,683.875,-0.008337864781584159
2023-02-03,674.25,680.0,671.5,677.5,124847,2,False,2.25,-2.125,0.0,8.625,686.125,0.003290074940595966
2023-02-06,677.25,679.25,672.25,679.0,123611,2,False,1.5,-1.375,0.0,8.625,687.625,0.0021861905629441125
2023-02-07,677.0,678.5,673.5,674.0,149454,2,False,-5.0,3.0,0.0,8.625,682.625,-0.00727140519905467
2023-02-08,673.75,679.5,672.75,678.5,223791,2,False,4.5,-6.375,0.0,8.625,687.125,0.006592199230910145
2023-02-09,678.25,681.0,670.25,670.75,214275,2,False,-7.75,7.125,0.0,8.625,679.375,-0.01127887938875749
2023-02-10,670.75,682.75,669.25,680.5,226648,2,False,9.75,-1.625,0.0,8.625,689.125,0.014351425942962237
2023-02-13,680.0,686.5,676.75,685.0,193009,2,False,4.5,3.5,0.0,8.625,693.625,0.006530019952838639
2023-02-14,684.0,688.25,681.75,682.25,137226,2,False,-2.75,-0.75,0.0,8.625,690.875,-0.003964678320418136
2023-02-15,682.0,682.5,675.5,676.25,116550,2,False,-6.0,-1.5,0.0,8.625,684.875,-0.008684639044689746
2023-02-16,676.5,677.25,673.25,676.0,134971,2,False,-0.25,-2.125,0.0,8.625,684.625,-0.0003650301149844548
2023-02-17,676.0,679.0,675.0,677.75,144084,2,False,1.75,1.25,0.0,8.625,686.375,0.002556143874383743
2023-02-21,678.5,683.0,675.5,680.5,156078,2,False,2.75,-2.375,0.0,8.625,689.125,0.004006556182844623
2023-02-22,680.0,681.5,673.75,674.0,114787,2,False,-6.5,-5.5,0.0,8.625,682.625,-0.009432251042989281
2023-02-23,674.5,676.25,658.5,660.25,173384,2,False,-13.75,-8.375,0.0,8.625,668.875,-0.020142830983336357
2023-02-24,660.5,662.5,649.75,650.0,146407,2,False,-10.25,-10.5,0.0,8.625,658.625,-0.015324238460100892
2023-02-27,650.75,654.0,642.25,642.75,105656,2,False,-7.25,-11.75,0.0,8.625,651.375,-0.01100778136268743
2023-02-28,642.0,644.75,629.25,629.5,15545,2,False,-13.25,1.875,0.0,8.625,638.125,-0.02034158510842443
2023-03-01,630.0,641.5,623.5,640.5,5431,3,True,11.0,-8.0,19.0,-10.375,630.125,-0.01253672869735556
2023-03-02,641.0,647.25,636.0,637.75,1871,3,False,-2.75,9.25,0.0,-10.375,627.375,-0.004364213449712384
2023-03-03,639.75,648.25,638.25,645.25,1043,3,False,7.5,-1.75,0.0,-10.375,634.875,0.011954572624028659
2023-03-06,645.25,646.75,641.25,644.5,369,3,False,-0.75,2.5,0.0,-10.375,634.125,-0.0011813349084465186
2023-03-07,644.25,646.75,639.75,642.0,702,3,False,-2.5,-4.125,0.0,-10.375,631.625,-0.0039424403705894395
2023-03-08,644.0,646.0,634.0,634.5,808,3,False,-7.5,-9.25,0.0,-10.375,624.125,-0.011874134177716211
2023-03-09,633.75,637.25,618.25,618.5,597,3,False,-16.0,-0.875,0.0,-10.375,608.125,-0.025635890246344828
2023-03-10,620.0,626.75,618.5,624.25,540,3,False,5.75,-7.875,0.0,-10.375,613.875,0.00945529290853031
2023-03-13,622.25,629.0,622.25,624.5,542,3,False,0.25,4.375,0.0,-10.375,614.125,0.00040724903278355207
2023-03-14,624.0,627.5,624.0,627.5,153530,3,False,3.0,-0.375,0.0,-10.375,617.125,0.004884998982291888
2023-03-15,623.75,629.0,619.25,626.5,156411,3,False,-1.0,4.625,0.0,-10.375,616.125,-0.0016204172574437736
2023-03-16,626.0,635.0,624.75,632.75,167311,3,False,6.25,0.25,0.0,-10.375,622.375,0.010144045445323657
2023-03-17,633.25,638.75,630.25,634.25,141477,3,False,1.5,2.5,0.0,-10.375,623.875,0.002410122514561186
2023-03-20,633.0,634.0,625.0,633.0,115794,3,False,-1.25,-0.75,0.0,-10.375,622.625,-0.0020036064916850727
2023-03-21,632.75,638.25,628.75,630.0,133312,3,False,-3.0,1.125,0.0,-10.375,619.625,-0.0048183095763902895
2023-03-22,631.25,636.0,623.25,633.5,154747,3,False,3.5,-2.375,0.0,-10.375,623.125,0.00564857776881178
2023-03-23,633.0,644.0,627.25,631.75,186439,3,False,-1.75,7.375,0.0,-10.375,621.375,-0.0028084252758274753
2023-03-24,631.0,645.0,627.5,643.0,191256,3,False,11.25,1.75,0.0,-10.375,632.625,0.01810500905250456
2023-03-27,643.0,648.75,637.0,648.25,145573,3,False,5.25,5.125,0.0,-10.375,637.875,0.008298755186721962
2023-03-28,646.75,651.25,644.5,647.25,135236,3,False,-1.0,4.25,0.0,-10.375,636.875,-0.0015677052714089257
2023-03-29,646.25,655.5,645.75,650.5,156693,3,False,3.25,-1.0,0.0,-10.375,640.125,0.005103042198233654
2023-03-30,649.75,654.75,648.0,649.5,119486,3,False,-1.0,7.125,0.0,-10.375,639.125,-0.0015621948838117072
2023-03-31,648.75,664.5,647.25,660.5,201892,3,False,11.0,-1.875,0.0,-10.375,650.125,0.01721103070604335
2023-04-03,659.5,668.5,656.0,657.75,153870,4,False,-2.75,3.5,0.0,-10.375,647.375,-0.004229955777735106
2023-04-04,657.0,657.5,648.5,653.75,140103,4,False,-4.0,-1.875,0.0,-10.375,643.375,-0.0061787989959452005
2023-04-05,653.75,660.0,646.5,652.75,143556,4,False,-1.0,-6.625,0.0,-10.375,642.375,-0.0015543034777539821
2023-04-06,652.25,652.5,641.75,643.5,0,4,False,-9.25,4.75,0.0,-10.375,633.125,-0.014399688655380438
2023-04-10,644.5,655.0,640.25,654.0,150098,4,False,10.5,-6.125,0.0,-10.375,643.625,0.01658440276406714
2023-04-11,653.5,657.75,646.75,651.0,200256,4,False,-3.0,7.75,0.0,-10.375,640.625,-0.004661099242571409
2023-04-12,651.0,658.5,648.75,656.0,150111,4,False,5.0,-3.375,0.0,-10.375,645.625,0.007804878048780495
2023-04-13,656.0,661.75,651.5,652.25,147150,4,False,-3.75,9.5,0.0,-10.375,641.875,-0.0058083252662148865
2023-04-14,653.75,668.0,651.0,666.25,154000,4,False,14.0,3.25,0.0,-10.375,655.875,0.02181110029211286
2023-04-17,666.0,677.0,662.25,676.5,146895,4,False,10.25,7.5,0.0,-10.375,666.125,0.015627977892128886
2023-04-18,676.0,682.5,669.75,677.5,130891,4,False,1.0,2.5,0.0,-10.375,667.125,0.0015012197410395611
2023-04-19,675.75,680.0,671.0,672.25,114514,4,False,-5.25,-3.75,0.0,-10.375,661.875,-0.00786958965711071
2023-04-20,672.0,674.0,661.5,663.75,120915,4,False,-8.5,-2.875,0.0,-10.375,653.375,-0.012842304060434406
2023-04-21,664.25,665.5,656.5,663.25,127468,4,False,-0.5,-10.25,0.0,-10.375,652.875,-0.0007652573177731048
2023-04-24,663.25,667.5,648.5,651.25,134977,4,False,-12.0,-2.625,0.0,-10.375,640.875,-0.018380241240666284
2023-04-25,651.25,653.0,641.5,646.5,100633,4,False,-4.75,-8.5,0.0,-10.375,636.125,-0.007411741759313473
2023-04-26,648.0,652.25,641.0,641.5,65293,4,False,-5.0,-9.625,0.0,-10.375,631.125,-0.00786009039103952
2023-04-27,642.0,644.25,621.75,627.0,59707,4,False,-14.5,2.0,0.0,-10.375,616.625,-0.022974846504258295
2023-04-28,628.25,639.0,622.0,636.0,13722,4,False,9.0,-5.5,0.0,-10.375,625.625,0.014595580782485351
2023-05-01,632.5,641.0,628.0,639.5,2753,5,True,3.5,3.75,-0.25,-10.125,629.375,0.005994005994006013
2023-05-02,641.75,652.0,635.5,638.0,5508,5,False,-1.5,5.375,0.0,-10.125,627.875,-0.002383316782522349
2023-05-03,636.5,646.0,626.5,645.25,2081,5,False,7.25,-0.125,0.0,-10.125,635.125,0.011546884332072516
2023-05-04,642.25,649.5,637.5,646.5,2272,5,False,1.25,7.0,0.0,-10.125,636.375,0.0019681165124976197
2023-05-05,644.0,656.25,644.0,653.25,1223,5,False,6.75,2.25,0.0,-10.125,643.125,0.010606953447259926
2023-05-08,652.75,658.5,651.5,656.5,677,5,False,3.25,-3.75,0.0,-10.125,646.375,0.005053449951409217
2023-05-09,654.75,654.75,639.5,642.25,1588,5,False,-14.25,3.25,0.0,-10.125,632.125,-0.02204602591374971
2023-05-10,642.0,649.75,637.25,645.5,1067,5,False,3.25,-13.625,0.0,-10.125,635.375,0.005141388174807249
2023-05-11,641.75,648.0,632.0,632.5,987,5,False,-13.0,2.0,0.0,-10.125,622.375,-0.020460358056266004
2023-05-12,634.75,638.75,623.5,633.25,169418,5,False,0.75,-26.875,0.0,-10.125,623.125,0.001205061257280482
2023-05-15,581.5,598.75,581.5,592.5,164174,5,False,-40.75,-5.25,0.0,-10.125,582.375,-0.06539618856569707
2023-05-16,592.0,593.0,578.25,581.25,133849,5,False,-11.25,-30.25,0.0,-10.125,571.125,-0.019317450096587252
2023-05-17,581.75,582.75,554.25,561.5,265000,5,False,-19.75,-8.75,0.0,-10.125,551.375,-0.03458087108776542
2023-05-18,561.25,561.75,547.0,555.25,181018,5,False,-6.25,-10.25,0.0,-10.125,545.125,-0.011335298118340553
2023-05-19,555.0,571.75,551.5,554.5,183019,5,False,-0.75,5.125,0.0,-10.125,544.375,-0.0013758312313689736
2023-05-22,554.75,575.5,553.25,571.0,148542,5,False,16.5,2.875,0.0,-10.125,560.875,0.03030998851894373
2023-05-23,570.25,580.75,564.0,577.5,133375,5,False,6.5,13.125,0.0,-10.125,567.375,0.011589034989970992
2023-05-24,577.0,589.75,574.0,587.25,152816,5,False,9.75,5.0,0.0,-10.125,577.125,0.017184401850627973
2023-05-25,587.5,593.0,583.5,590.75,145545,5,False,3.5,11.5,0.0,-10.125,580.625,0.006064544076239908
2023-05-26,590.25,606.75,588.25,604.0,178644,5,False,13.25,-3.25,0.0,-10.125,593.875,0.022820236813778205
2023-05-30,603.75,605.0,591.5,594.0,176207,5,False,-10.0,6.625,0.0,-10.125,583.875,-0.016838560303094052
2023-05-31,594.25,594.75,577.5,594.0,170159,5,False,0.0,-5.75,0.0,-10.125,583.875,0.0
2023-06-01,594.0,606.0,591.75,592.5,153589,6,False,-1.5,8.25,0.0,-10.125,582.375,-0.0025690430314707635
2023-06-02,592.5,610.5,581.25,609.0,199864,6,False,16.5,-6.5,0.0,-10.125,598.875,0.028332260141661347
2023-06-05,609.0,614.0,595.0,597.5,168376,6,False,-11.5,13.5,0.0,-10.125,587.375,-0.01920267167605927
2023-06-06,599.75,610.75,599.75,608.0,185929,6,False,10.5,-7.625,0.0,-10.125,597.875,0.01787614386039582
2023-06-07,605.0,612.5,601.75,604.25,174301,6,False,-3.75,8.25,0.0,-10.125,594.125,-0.006272214091574302
2023-06-08,600.0,613.25,595.25,610.25,178765,6,False,6.0,-4.875,0.0,-10.125,600.125,0.010098884914790718
2023-06-09,608.25,609.0,597.5,604.25,174688,6,False,-6.0,9.5,0.0,-10.125,594.125,-0.009997917100604048
2023-06-12,609.0,623.75,608.75,617.25,208159,6,False,13.0,-5.375,0.0,-10.125,607.125,0.021880917315379778
2023-06-13,617.0,625.0,610.75,612.5,202991,6,False,-4.75,4.125,0.0,-10.125,602.375,-0.007823759522338936
2023-06-14,610.25,618.75,601.5,607.75,187535,6,False,-4.75,5.375,0.0,-10.125,597.625,-0.007885453413571275
2023-06-15,608.0,626.5,607.25,623.25,194030,6,False,15.5,6.125,0.0,-10.125,613.125,0.025935996653419835
2023-06-16,623.0,641.0,622.25,640.25,223694,6,False,17.0,9.5,0.0,-10.125,630.125,0.027726809378185502
2023-06-20,640.75,647.0,635.5,643.75,151986,6,False,3.5,22.125,0.0,-10.125,633.625,0.005554453481452004
2023-06-21,650.0,672.5,647.25,671.0,150762,6,False,27.25,-3.5,0.0,-10.125,660.875,0.04300651015979473
2023-06-22,668.25,670.25,653.0,660.5,117760,6,False,-10.5,-1.25,0.0,-10.125,650.375,-0.015888027236618085
2023-06-23,655.75,657.5,629.0,630.75,142972,6,False,-29.75,-2.0,0.0,-10.125,620.625,-0.04574284066884493
2023-06-26,634.5,649.75,621.0,637.25,117529,6,False,6.5,-22.0,0.0,-10.125,627.125,0.010473313192346456
2023-06-27,643.0,644.5,622.25,623.0,93042,6,False,-14.25,-13.25,0.0,-10.125,612.875,-0.022722742674905372
2023-06-28,625.0,630.75,582.0,590.0,89617,6,False,-33.0,-11.625,0.0,-10.125,579.875,-0.05384458494799105
2023-06-29,591.75,603.5,574.0,581.0,42588,6,False,-9.0,-29.75,0.0,-10.125,570.875,-0.015520586333261477
2023-06-30,585.0,595.0,552.0,554.5,6458,6,False,-26.5,-3.125,0.0,-10.125,544.375,-0.046419969345303236
2023-07-03,558.5,568.25,553.25,557.25,1610,7,True,2.75,-17.75,20.5,-30.625,526.625,-0.03260619977037893
2023-07-05,558.0,564.25,545.5,548.25,1921,7,False,-9.0,10.625,0.0,-30.625,517.625,-0.01708995964870641
2023-07-06,547.25,569.25,547.25,566.75,1410,7,False,18.5,-7.625,0.0,-30.625,536.125,0.03574015938179187
2023-07-07,567.0,571.75,560.0,560.5,1322,7,False,-6.25,14.375,0.0,-30.625,529.875,-0.011657729074376344
2023-07-10,561.0,572.0,561.0,570.75,518,7,False,10.25,-2.625,0.0,-30.625,540.125,0.019344184949280585
2023-07-11,567.5,585.5,567.5,571.75,789,7,False,1.0,-5.875,0.0,-30.625,541.125,0.0018514232816477794
2023-07-12,573.0,574.5,547.25,549.75,713,7,False,-22.0,22.375,0.0,-30.625,519.125,-0.04065604065604067
2023-07-13,547.5,593.75,547.5,593.5,129,7,False,43.75,-7.875,0.0,-30.625,562.875,0.08427642667950885
2023-07-14,609.75,614.75,599.75,599.75,107632,7,False,6.25,-28.375,0.0,-30.625,569.125,0.011103708638685372
2023-07-17,512.0,519.75,496.25,499.25,87969,7,False,-100.5,17.875,0.0,-30.625,468.625,-0.1765868658027674
2023-07-18,497.75,534.75,495.25,528.75,132495,7,False,29.5,-41.875,0.0,-30.625,498.125,0.06295012003200862
2023-07-19,526.75,557.5,525.75,545.5,193393,7,False,16.75,10.625,0.0,-30.625,514.875,0.033626097867001326
2023-07-20,545.0,554.5,533.0,537.25,123962,7,False,-8.25,3.25,0.0,-30.625,506.625,-0.016023306627822254
2023-07-21,536.5,538.75,522.5,527.0,121026,7,False,-10.25,12.625,0.0,-30.625,496.375,-0.020231926967678282
2023-07-24,534.0,564.5,531.5,560.5,115440,7,False,33.5,-6.625,0.0,-30.625,529.875,0.06748929740619491
2023-07-25,559.75,563.75,545.5,557.5,104803,7,False,-3.0,8.125,0.0,-30.625,526.875,-0.005661712668082131
2023-07-26,557.0,557.25,536.75,540.25,106980,7,False,-17.25,-5.0,0.0,-30.625,509.625,-0.03274021352313172
2023-07-27,540.25,547.0,532.25,533.25,95908,7,False,-7.0,-14.75,0.0,-30.625,502.625,-0.013735589894530276
2023-07-28,533.0,538.5,516.75,521.0,90547,7,False,-12.25,-12.0,0.0,-30.625,490.375,-0.024372046754538634
2023-07-31,516.25,516.25,498.5,504.0,111158,7,False,-17.0,-9.625,0.0,-30.625,473.375,-0.03466734641855718
2023-08-01,504.0,508.0,496.5,497.0,116230,8,False,-7.0,-12.875,0.0,-30.625,466.375,-0.014787430683918634
2023-08-02,497.25,512.25,485.75,488.25,158406,8,False,-8.75,-7.25,0.0,-30.625,457.625,-0.018761726078799223
2023-08-03,486.25,489.75,480.25,480.75,101378,8,False,-7.5,-2.625,0.0,-30.625,450.125,-0.016388964763725755
2023-08-04,482.5,493.5,480.25,484.25,96911,8,False,3.5,-4.75,0.0,-30.625,453.625,0.0077756178839212264
2023-08-07,484.75,488.5,476.0,482.25,164880,8,False,-2.0,3.5,0.0,-30.625,451.625,-0.004408928079360663
2023-08-08,482.0,488.75,477.25,485.75,124554,8,False,3.5,-3.375,0.0,-30.625,455.125,0.0077497924162746035
2023-08-09,485.75,490.0,479.0,481.0,120224,8,False,-4.75,2.875,0.0,-30.625,450.375,-0.010436693216149373
2023-08-10,481.5,485.5,480.0,483.25,93318,8,False,2.25,-6.75,0.0,-30.625,452.625,0.004995836802664355
2023-08-11,483.0,494.75,470.5,474.5,174425,8,False,-8.75,1.75,0.0,-30.625,443.875,-0.019331676332504877
2023-08-14,476.25,479.75,468.75,475.75,73606,8,False,1.25,-10.25,0.0,-30.625,445.125,0.0028161081385524867
2023-08-15,474.0,474.0,462.0,464.0,89967,8,False,-11.75,3.375,0.0,-30.625,433.375,-0.026397079472058382
2023-08-16,463.0,473.0,462.0,469.5,70843,8,False,5.5,-4.125,0.0,-30.625,438.875,0.012691087395442668
2023-08-17,470.0,475.0,464.75,473.0,69172,8,False,3.5,6.0,0.0,-30.625,442.375,0.007974935915693537
2023-08-18,473.75,482.5,472.5,479.5,66477,8,False,6.5,-3.375,0.0,-30.625,448.875,0.014693416219270894
2023-08-21,486.0,493.0,468.0,469.25,74711,8,False,-10.25,1.875,0.0,-30.625,438.625,-0.022834864940128097
2023-08-22,469.25,472.5,461.0,466.5,72976,8,False,-2.75,-0.25,0.0,-30.625,435.875,-0.006269592476489061
2023-08-23,467.0,478.25,465.5,476.25,84523,8,False,9.75,-3.375,0.0,-30.625,445.625,0.02236879839403505
2023-08-24,476.25,480.5,468.5,472.25,85162,8,False,-4.0,4.125,0.0,-30.625,441.625,-0.008976157082748903
2023-08-25,471.25,477.0,469.0,470.75,84408,8,False,-1.5,1.875,0.0,-30.625,440.125,-0.0033965468440418922
2023-08-28,476.25,480.0,472.25,478.5,87576,8,False,7.75,-5.25,0.0,-30.625,447.875,0.017608633910820792
2023-08-29,476.5,483.0,468.5,469.5,98795,8,False,-9.0,0.0,0.0,-30.625,438.875,-0.020094892548144005
2023-08-30,469.0,474.75,460.25,461.75,74605,8,False,-7.75,-4.875,0.0,-30.625,431.125,-0.017658786670464277
2023-08-31,461.75,468.0,459.0,461.0,12073,8,False,-0.75,-2.0,0.0,-30.625,430.375,-0.0017396346767178938
2023-09-01,461.0,468.25,460.25,464.75,3311,9,True,3.75,2.75,1.0,-31.625,433.125,0.006389776357827559
2023-09-05,466.0,473.75,462.5,471.0,1553,9,False,6.25,2.125,0.0,-31.625,439.375,0.01443001443001446
2023-09-06,473.5,476.25,471.25,471.5,841,9,False,0.5,2.75,0.0,-31.625,439.875,0.0011379800853486
2023-09-07,471.25,474.0,468.5,470.75,741,9,False,-0.75,-0.875,0.0,-31.625,439.125,-0.0017050298380221207
2023-09-08,471.25,472.25,467.0,468.5,233,9,False,-2.25,1.0,0.0,-31.625,436.875,-0.005123825789923098
2023-09-11,470.25,471.5,468.0,471.25,430,9,False,2.75,-5.125,0.0,-31.625,439.625,0.006294706723891208
2023-09-12,473.5,473.5,462.75,463.25,174,9,False,-8.0,1.75,0.0,-31.625,431.625,-0.018197327267557628
2023-09-13,466.75,467.75,462.5,464.0,120,9,False,0.75,-4.75,0.0,-31.625,432.375,0.0017376194613378804
2023-09-14,455.75,462.5,455.75,462.5,113552,9,False,-1.5,7.25,0.0,-31.625,430.875,-0.003469210754553309
2023-09-15,480.0,483.5,475.0,476.25,110377,9,False,13.75,-3.125,0.0,-31.625,444.625,0.03191180736872634
2023-09-18,475.25,478.75,469.0,471.5,143316,9,False,-4.75,9.25,0.0,-31.625,439.875,-0.010683159966263678
2023-09-19,471.25,477.0,467.75,476.25,139647,9,False,4.75,0.625,0.0,-31.625,444.625,0.010798522307473801
2023-09-20,476.0,483.0,474.5,482.25,162298,9,False,6.0,-1.125,0.0,-31.625,450.625,0.013494517852122634
2023-09-21,481.0,482.5,474.0,475.25,115196,9,False,-7.0,4.0,0.0,-31.625,443.625,-0.01553398058252431
2023-09-22,475.0,478.5,474.25,477.25,88610,9,False,2.0,-1.5,0.0,-31.625,445.625,0.004508312200619979
2023-09-25,475.25,482.5,473.75,481.25,101591,9,False,4.0,0.25,0.0,-31.625,449.625,0.008976157082748903
2023-09-26,481.0,483.5,476.5,479.75,117585,9,False,-1.5,3.75,0.0,-31.625,448.125,-0.0033361134278565574
2023-09-27,479.75,486.75,479.0,483.25,125713,9,False,3.5,1.875,0.0,-31.625,451.625,0.007810320781032054
2023-09-28,483.75,489.25,481.0,488.5,114318,9,False,5.25,-4.125,0.0,-31.625,456.875,0.011624688624411794
2023-09-29,487.5,490.0,475.5,476.75,209423,9,False,-11.75,8.625,0.0,-31.625,445.125,-0.025718194254445992
2023-10-02,477.0,489.75,476.0,488.75,159224,10,False,12.0,-6.5,0.0,-31.625,457.125,0.02695871946082562
2023-10-03,488.0,489.25,484.25,487.5,138101,10,False,-1.25,5.25,0.0,-31.625,455.875,-0.0027344818156959105
2023-10-04,487.5,489.75,482.5,486.0,129880,10,False,-1.5,5.125,0.0,-31.625,454.375,-0.0032903756512201454
2023-10-05,486.0,498.5,482.5,497.5,186342,10,False,11.5,-3.5,0.0,-31.625,465.875,0.02530949105914715
2023-10-06,496.0,499.0,491.5,492.0,125225,10,False,-5.5,3.875,0.0,-31.625,460.375,-0.011805741883552434
2023-10-09,492.0,497.0,487.25,488.25,115532,10,False,-3.75,-4.125,0.0,-31.625,456.625,-0.008145533532446403
2023-10-10,488.0,488.25,484.25,485.5,110081,10,False,-2.75,-0.625,0.0,-31.625,453.875,-0.0060224473035861426
2023-10-11,485.5,488.5,483.5,488.0,102590,10,False,2.5,2.625,0.0,-31.625,456.375,0.005508124483613264
2023-10-12,487.75,498.75,482.25,496.0,208365,10,False,8.0,-0.125,0.0,-31.625,464.375,0.017529443987948534
2023-10-13,495.0,498.75,490.5,493.25,138232,10,False,-2.75,2.375,0.0,-31.625,461.625,-0.005921938088829126
2023-10-16,493.5,496.75,489.5,490.0,113486,10,False,-3.25,-1.875,0.0,-31.625,458.375,-0.0070403466016788485
2023-10-17,490.0,492.75,487.75,489.0,102031,10,False,-1.0,-0.125,0.0,-31.625,457.375,-0.0021816198527406794
2023-10-18,488.5,494.0,488.5,492.0,119274,10,False,3.0,6.0,0.0,-31.625,460.375,0.0065591691719049106
2023-10-19,492.0,505.5,490.25,505.0,279440,10,False,13.0,-3.25,0.0,-31.625,473.375,0.028237849579147545
2023-10-20,504.0,509.5,495.0,495.5,264540,10,False,-9.5,3.875,0.0,-31.625,463.875,-0.020068655928175305
2023-10-23,494.25,497.0,490.25,490.25,126442,10,False,-5.25,-7.875,0.0,-31.625,458.625,-0.011317704122877914
2023-10-24,490.75,491.5,482.75,484.0,161081,10,False,-6.25,-4.625,0.0,-31.625,452.375,-0.013627691469065173
2023-10-25,483.5,486.0,476.75,480.0,177281,10,False,-4.0,-3.5,0.0,-31.625,448.375,-0.008842221608179046
2023-10-26,480.0,484.25,477.5,479.25,190730,10,False,-0.75,-1.25,0.0,-31.625,447.625,-0.0016727069974908915
2023-10-27,479.25,484.0,478.25,480.75,126300,10,False,1.5,-1.625,0.0,-31.625,449.125,0.0033510192683607887
2023-10-30,480.0,484.25,477.5,478.25,136565,10,False,-2.5,1.0,0.0,-31.625,446.625,-0.005566379070414684
2023-10-31,478.25,483.0,477.5,478.75,136045,10,False,0.5,-3.125,0.0,-31.625,447.125,0.0011195074167367203
2023-11-01,478.75,480.0,472.5,475.0,180119,11,False,-3.75,-2.25,0.0,-31.625,443.375,-0.008386916410399792
2023-11-02,475.0,477.0,469.5,470.0,202193,11,False,-5.0,1.75,0.0,-31.625,438.375,-0.011277135607555722
2023-11-03,470.0,481.25,468.0,477.25,200217,11,False,7.25,-2.5,0.0,-31.625,445.625,0.016538351867693146
2023-11-06,477.25,480.75,476.75,477.25,131646,11,False,0.0,-0.75,0.0,-31.625,445.625,0.0
2023-11-07,477.0,477.5,468.0,468.5,215810,11,False,-8.75,3.75,0.0,-31.625,436.875,-0.01963534361851338
2023-11-08,469.0,480.5,468.5,476.0,322782,11,False,7.5,-8.375,0.0,-31.625,444.375,0.01716738197424883
2023-11-09,475.0,476.0,466.5,468.0,257163,11,False,-8.0,1.75,0.0,-31.625,436.375,-0.018002812939521773
2023-11-10,468.0,469.0,461.75,464.0,230543,11,False,-4.0,2.625,0.0,-31.625,432.375,-0.00916642795760525
2023-11-13,463.25,477.75,461.0,477.25,249727,11,False,13.25,-1.5,0.0,-31.625,445.625,0.0306446949985546
2023-11-14,477.0,480.0,473.0,478.25,183143,11,False,1.0,2.875,0.0,-31.625,446.625,0.0022440392706872814
2023-11-15,477.75,480.5,467.25,470.75,245509,11,False,-7.5,2.5,0.0,-31.625,439.125,-0.016792611251049583
2023-11-16,471.0,476.25,465.25,474.75,182325,11,False,4.0,-7.625,0.0,-31.625,443.125,0.0091090236265301
2023-11-17,474.5,475.0,466.75,467.0,132235,11,False,-7.75,3.25,0.0,-31.625,435.375,-0.017489421720733422
2023-11-20,467.0,470.25,464.5,469.5,139825,11,False,2.5,-3.625,0.0,-31.625,437.875,0.005742176284811995
2023-11-21,469.25,475.0,468.0,470.0,173228,11,False,0.5,0.625,0.0,-31.625,438.375,0.0011418783899515006
2023-11-22,468.75,473.75,467.75,468.75,126935,11,False,-1.25,-2.5,0.0,-31.625,437.125,-0.002851439977188508
2023-11-24,468.0,470.5,462.5,463.25,113555,11,False,-5.5,-4.5,0.0,-31.625,431.625,-0.012582213325707747
2023-11-27,464.25,465.75,453.75,455.5,180939,11,False,-7.75,-4.75,0.0,-31.625,423.875,-0.01795540110049232
2023-11-28,455.5,456.75,450.25,451.5,181371,11,False,-4.0,-4.75,0.0,-31.625,419.875,-0.009436744323208512
2023-11-29,451.0,453.5,447.0,449.75,139560,11,False,-1.75,4.0,0.0,-31.625,418.125,-0.0041679071152128655
2023-11-30,449.75,462.75,449.75,461.75,14188,11,False,12.0,0.5,0.0,-31.625,430.125,0.028699551569506765
2023-12-01,460.25,469.5,458.25,464.5,3312,12,True,2.75,3.875,-1.125,-30.5,434.0,0.009009009009008917
2023-12-04,461.25,463.75,457.0,460.25,1925,12,False,-4.25,5.5,0.0,-30.5,429.75,-0.009792626728110654
2023-12-05,460.25,468.5,460.25,468.5,639,12,False,8.25,-4.0,0.0,-30.5,438.0,0.01919720767888311
2023-12-06,467.75,473.0,463.75,464.75,347,12,False,-3.75,5.875,0.0,-30.5,434.25,-0.008561643835616417
2023-12-07,465.0,469.25,465.0,468.25,322,12,False,3.5,-3.125,0.0,-30.5,437.75,0.008059873344847368
2023-12-08,468.0,472.0,465.75,465.75,319,12,False,-2.5,-0.875,0.0,-30.5,435.25,-0.00571102227298681
2023-12-11,465.5,466.25,460.5,460.5,379,12,False,-5.25,-0.25,0.0,-30.5,430.0,-0.012062033314187204
2023-12-12,459.25,467.0,459.25,462.5,265,12,False,2.0,-5.5,0.0,-30.5,432.0,0.0046511627906977715
2023-12-13,462.5,462.5,455.0,456.75,256,12,False,-5.75,1.0,0.0,-30.5,426.25,-0.01331018518518523
2023-12-14,459.0,460.0,456.75,456.75,106424,12,False,0.0,10.25,0.0,-30.5,426.25,0.0
2023-12-15,479.25,484.0,477.75,483.0,108554,12,False,26.25,-3.0,0.0,-30.5,452.5,0.061583577712609916
2023-12-18,482.5,482.75,475.5,477.0,129446,12,False,-6.0,11.0,0.0,-30.5,446.5,-0.013259668508287303
2023-12-19,477.25,478.25,471.5,472.75,130033,12,False,-4.25,-4.5,0.0,-30.5,442.25,-0.009518477043673035
2023-12-20,472.75,475.5,468.25,469.75,131027,12,False,-3.0,-0.75,0.0,-30.5,439.25,-0.006783493499152082
2023-12-21,470.0,474.0,469.25,472.5,108597,12,False,2.75,-1.25,0.0,-30.5,442.0,0.00626067159931698
2023-12-22,472.5,474.0,471.5,473.0,80484,12,False,0.5,5.0,0.0,-30.5,442.5,0.0011312217194570096
2023-12-26,473.0,481.0,471.5,480.25,114198,12,False,7.25,-1.625,0.0,-30.5,449.75,0.01638418079096038
2023-12-27,479.75,480.25,474.5,476.5,107950,12,False,-3.75,2.5,0.0,-30.5,446.0,-0.008337965536409087
2023-12-28,476.0,478.75,474.0,474.25,99398,12,False,-2.25,-3.375,0.0,-30.5,443.75,-0.005044843049327397
2023-12-29,473.75,475.0,470.5,471.25,109649,12,False,-3.0,-4.875,0.0,-30.5,440.75,-0.006760563380281637
2024-01-02,470.5,470.75,462.5,463.75,187193,1,False,-7.5,-0.75,0.0,-30.5,433.25,-0.017016449234259823
2024-01-03,464.75,466.0,461.75,465.25,147913,1,False,1.5,-3.125,0.0,-30.5,434.75,0.0034622042700518385
2024-01-04,465.0,469.0,463.5,466.5,127034,1,False,1.25,-2.125,0.0,-30.5,436.0,0.002875215641173101
2024-01-05,466.5,467.75,460.0,460.75,151589,1,False,-5.75,-2.25,0.0,-30.5,430.25,-0.013188073394495459
2024-01-08,461.0,462.5,452.0,455.0,214324,1,False,-5.75,-0.75,0.0,-30.5,424.5,-0.013364323067983741
2024-01-09,454.75,460.5,451.75,459.25,215153,1,False,4.25,-2.75,0.0,-30.5,428.75,0.010011778563015383
2024-01-10,459.0,461.75,454.5,459.5,193507,1,False,0.25,1.25,0.0,-30.5,429.0,0.0005830903790087216
2024-01-11,459.0,461.5,455.75,457.75,165189,1,False,-1.75,-5.25,0.0,-30.5,427.25,-0.004079254079254024
2024-01-12,457.0,460.0,441.0,447.0,314095,1,False,-10.75,-2.625,0.0,-30.5,416.5,-0.025160912814511383
2024-01-16,447.75,451.25,442.0,443.5,175650,1,False,-3.5,-6.0,0.0,-30.5,413.0,-0.008403361344537785
2024-01-17,443.5,448.25,440.0,442.25,205711,1,False,-1.25,-0.875,0.0,-30.5,411.75,-0.003026634382566562
2024-01-18,442.0,445.0,436.75,444.0,180948,1,False,1.75,0.125,0.0,-30.5,413.5,0.004250151791135304
2024-01-19,443.5,449.5,443.0,445.5,148101,1,False,1.5,1.0,0.0,-30.5,415.0,0.0036275695284160303
2024-01-22,445.5,448.0,444.0,445.75,112771,1,False,0.25,1.125,0.0,-30.5,415.25,0.00060240963855418
2024-01-23,445.75,450.5,444.0,446.5,152301,1,False,0.75,3.0,0.0,-30.5,416.0,0.0018061408789886713
2024-01-24,446.5,452.75,446.25,452.25,156004,1,False,5.75,0.125,0.0,-30.5,421.75,0.013822115384615419
2024-01-25,451.5,453.25,447.5,451.75,169289,1,False,-0.5,0.125,0.0,-30.5,421.25,-0.0011855364552459946
2024-01-26,451.0,451.75,445.5,446.25,135726,1,False,-5.5,-3.25,0.0,-30.5,415.75,-0.013056379821958508
2024-01-29,446.25,447.5,437.5,440.25,203565,1,False,-6.0,1.0,0.0,-30.5,409.75,-0.014431749849669218
2024-01-30,439.75,448.25,436.5,447.75,194898,1,False,7.5,-2.75,0.0,-30.5,417.25,0.018303843807199405
2024-01-31,447.25,448.75,443.25,448.25,135485,1,False,0.5,3.25,0.0,-30.5,417.75,0.0011983223487117556
2024-02-01,448.0,448.0,443.5,447.25,153724,2,False,-1.0,-2.0,0.0,-30.5,416.75,-0.002393776181927043
2024-02-02,446.5,448.75,442.0,442.75,129450,2,False,-4.5,-0.5,0.0,-30.5,412.25,-0.010797840431913563
2024-02-05,442.75,445.0,439.5,442.75,137664,2,False,0.0,-4.25,0.0,-30.5,412.25,0.0
2024-02-06,442.75,445.5,438.25,438.75,193360,2,False,-4.0,-2.25,0.0,-30.5,408.25,-0.009702850212249814
2024-02-07,438.5,439.25,432.75,434.25,245418,2,False,-4.5,-2.5,0.0,-30.5,403.75,-0.01102265768524191
2024-02-08,434.5,437.0,429.75,433.25,222878,2,False,-1.0,-4.375,0.0,-30.5,402.75,-0.002476780185758476
2024-02-09,433.0,437.0,428.25,429.0,206271,2,False,-4.25,0.25,0.0,-30.5,398.5,-0.01055245189323406
2024-02-12,430.25,432.75,427.75,430.5,198795,2,False,1.5,-2.0,0.0,-30.5,400.0,0.0037641154328733606
2024-02-13,430.25,434.75,428.75,430.75,182682,2,False,0.25,-2.5,0.0,-30.5,400.25,0.0006250000000000977
2024-02-14,430.75,431.0,422.25,424.25,230224,2,False,-6.5,-3.125,0.0,-30.5,393.75,-0.016239850093691444
2024-02-15,424.0,425.0,417.25,417.75,217729,2,False,-6.5,-3.875,0.0,-30.5,387.25,-0.01650793650793647
2024-02-16,417.5,421.5,415.0,416.5,176972,2,False,-1.25,-2.125,0.0,-30.5,386.0,-0.0032278889606197625
2024-02-20,416.25,421.5,414.75,418.75,217838,2,False,2.25,-4.5,0.0,-30.5,388.25,0.0058290155440414715
2024-02-21,418.5,419.5,410.0,411.0,180048,2,False,-7.75,-1.375,0.0,-30.5,380.5,-0.019961365099806838
2024-02-22,410.0,415.5,404.25,406.0,199941,2,False,-5.0,-7.0,0.0,-30.5,375.5,-0.013140604467805517
2024-02-23,406.0,409.25,398.5,399.75,218218,2,False,-6.25,1.125,0.0,-30.5,369.25,-0.01664447403462055
2024-02-26,399.75,407.75,394.5,407.0,227175,2,False,7.25,-2.5,0.0,-30.5,376.5,0.019634394041976977
2024-02-27,406.5,411.5,406.25,408.25,139596,2,False,1.25,6.125,0.0,-30.5,377.75,0.0033200531208499307
2024-02-28,408.25,414.75,406.5,413.25,118959,2,False,5.0,1.875,0.0,-30.5,382.75,0.013236267372600974
2024-02-29,415.0,418.75,409.75,415.75,8781,2,False,2.5,0.75,0.0,-30.5,385.25,0.00653167864141091
2024-03-01,415.5,418.0,409.25,412.25,3475,3,True,-3.5,3.875,-7.375,-23.125,389.125,0.010058403634003898
2024-03-04,412.0,420.75,412.0,417.5,2214,3,False,5.25,-3.75,0.0,-23.125,394.375,0.013491808544812134
2024-03-05,417.25,418.0,412.5,413.5,1544,3,False,-4.0,4.875,0.0,-23.125,390.375,-0.010142630744849446
2024-03-06,413.25,418.0,412.0,418.0,2542,3,False,4.5,2.0,0.0,-23.125,394.875,0.011527377521613813
2024-03-07,418.25,427.5,418.25,426.0,1645,3,False,8.0,2.375,0.0,-23.125,402.875,0.02025957581513138
2024-03-08,424.25,426.5,420.5,426.25,755,3,False,0.25,5.0,0.0,-23.125,403.125,0.000620539869686576
2024-03-11,421.75,428.5,419.75,428.25,615,3,False,2.0,0.5,0.0,-23.125,405.125,0.004961240310077608
2024-03-12,425.0,435.0,424.75,429.0,527,3,False,0.75,-0.25,0.0,-23.125,405.875,0.0018512804689909679
2024-03-13,430.0,432.5,426.5,426.5,75,3,False,-2.5,-1.625,0.0,-23.125,403.375,-0.006159531875577495
2024-03-14,426.0,426.0,422.5,422.5,153348,3,False,-4.0,5.875,0.0,-23.125,399.375,-0.009916330957545738
2024-03-15,433.75,440.0,431.75,436.75,140242,3,False,14.25,-2.375,0.0,-23.125,413.625,0.03568075117370895
2024-03-18,437.0,440.5,434.0,436.0,121822,3,False,-0.75,8.875,0.0,-23.125,412.875,-0.0018132366273798661
2024-03-19,436.5,440.0,435.0,439.5,115115,3,False,3.5,-0.625,0.0,-23.125,416.375,0.008477141992128345
2024-03-20,439.0,439.5,435.5,439.0,131971,3,False,-0.5,2.625,0.0,-23.125,415.875,-0.0012008405884118556
2024-03-21,439.0,445.75,437.5,440.75,158789,3,False,1.75,-1.0,0.0,-23.125,417.625,0.004207995190862679
2024-03-22,440.25,441.5,436.0,439.25,132898,3,False,-1.5,0.125,0.0,-23.125,416.125,-0.003591739000299299
2024-03-25,439.0,441.25,437.0,437.75,118606,3,False,-1.5,-3.375,0.0,-23.125,414.625,-0.00360468609191944
2024-03-26,437.25,440.75,432.0,432.5,155311,3,False,-5.25,-3.625,0.0,-23.125,409.375,-0.012662044015676832
2024-03-27,432.0,432.25,426.25,426.75,165189,3,False,-5.75,5.0,0.0,-23.125,403.625,-0.014045801526717527
2024-03-28,426.75,448.0,426.0,442.0,360086,3,False,15.25,-6.125,0.0,-23.125,418.875,0.03778259523072158
2024-04-01,441.75,442.0,432.25,435.5,200474,4,False,-6.5,3.125,0.0,-23.125,412.375,-0.01551775589376303
2024-04-02,435.75,436.75,424.5,426.5,235504,4,False,-9.0,-0.625,0.0,-23.125,403.375,-0.021824795392543228
2024-04-03,428.25,433.0,425.75,431.75,187684,4,False,5.25,-2.75,0.0,-23.125,408.625,0.013015184381778733
2024-04-04,432.25,436.0,429.75,435.25,153811,4,False,3.5,2.125,0.0,-23.125,412.125,0.008565310492505418
2024-04-05,435.0,438.5,432.25,434.25,192940,4,False,-1.0,2.375,0.0,-23.125,411.125,-0.0024264482863208814
2024-04-08,433.75,437.5,431.5,435.5,215991,4,False,1.25,-2.625,0.0,-23.125,412.375,0.0030404378230464157
2024-04-09,435.0,435.75,429.75,431.25,219304,4,False,-4.25,2.125,0.0,-23.125,408.125,-0.01030615337981211
2024-04-10,431.0,435.75,430.75,434.25,210255,4,False,3.0,-4.875,0.0,-23.125,411.125,0.00735068912710557
2024-04-11,434.0,437.5,427.5,428.75,250695,4,False,-5.5,4.875,0.0,-23.125,405.625,-0.013377926421404673
2024-04-12,428.25,437.5,427.0,435.5,202052,4,False,6.75,-4.75,0.0,-23.125,412.375,0.016640986132511637
2024-04-15,434.5,435.0,430.25,431.5,152252,4,False,-4.0,3.125,0.0,-23.125,408.375,-0.009699909063352496
2024-04-16,431.25,432.25,428.5,431.0,148116,4,False,-0.5,-2.375,0.0,-23.125,407.875,-0.0012243648607285218
2024-04-17,431.0,433.0,429.5,430.25,139235,4,False,-0.75,-2.0,0.0,-23.125,407.125,-0.0018387986515476795
2024-04-18,429.5,431.0,426.25,426.75,180777,4,False,-3.5,3.0,0.0,-23.125,403.625,-0.008596868283696657
2024-04-19,427.25,434.0,426.75,433.5,163574,4,False,6.75,1.375,0.0,-23.125,410.375,0.016723443790647163
2024-04-22,432.25,441.0,431.0,439.75,192556,4,False,6.25,5.0,0.0,-23.125,416.625,0.015229972586049412
2024-04-23,439.25,443.75,438.5,443.0,144096,4,False,3.25,0.5,0.0,-23.125,419.875,0.007800780078007774
2024-04-24,442.75,444.5,437.25,437.75,161654,4,False,-5.25,3.25,0.0,-23.125,414.625,-0.012503721345638596
2024-04-25,437.75,442.0,436.0,441.0,168023,4,False,3.25,-3.125,0.0,-23.125,417.875,0.00783840820018078
2024-04-26,441.0,442.75,439.0,440.0,165048,4,False,-1.0,1.25,0.0,-23.125,416.875,-0.002393060125635671
2024-04-29,440.0,441.5,435.0,439.25,117196,4,False,-0.75,-0.375,0.0,-23.125,416.125,-0.0017991004497751595
2024-04-30,439.25,441.25,437.0,439.5,14833,4,False,0.25,1.5,0.0,-23.125,416.375,0.0006007810153199067
2024-05-01,440.0,444.25,437.25,443.25,4184,5,True,3.75,4.5,-0.75,-22.375,420.875,0.010807565295706922
2024-05-02,442.75,452.25,442.5,452.0,2944,5,False,8.75,-0.625,0.0,-22.375,429.625,0.02079002079002068
2024-05-03,451.25,458.5,446.75,447.0,2540,5,False,-5.0,9.375,0.0,-22.375,424.625,-0.011638056444573719
2024-05-06,447.0,458.5,444.5,457.0,1907,5,False,10.0,-4.125,0.0,-22.375,434.625,0.023550191345304672
2024-05-07,457.0,459.5,453.75,453.75,1021,5,False,-3.25,0.875,0.0,-22.375,431.375,-0.007477710670117932
2024-05-08,452.75,452.75,444.25,445.5,634,5,False,-8.25,-3.0,0.0,-22.375,423.125,-0.019124891335844718
2024-05-09,447.25,447.5,441.0,442.75,573,5,False,-2.75,2.375,0.0,-22.375,420.375,-0.006499261447562743
2024-05-10,443.25,455.75,443.25,455.75,316,5,False,13.0,0.0,0.0,-22.375,433.375,0.03092476955099621
2024-05-13,453.5,461.5,453.5,458.5,317,5,False,2.75,4.125,0.0,-22.375,436.125,0.006345543697721334
2024-05-14,461.0,461.0,453.25,453.75,246243,5,False,-4.75,5.75,0.0,-22.375,431.375,-0.01089137288621378
2024-05-15,467.75,473.25,461.5,462.5,222335,5,False,8.75,-5.125,0.0,-22.375,440.125,0.020283975659229236
2024-05-16,462.25,465.25,456.0,457.0,200532,5,False,-5.5,2.125,0.0,-22.375,434.625,-0.012496449872195448
2024-05-17,457.25,460.5,451.0,452.5,217848,5,False,-4.5,1.25,0.0,-22.375,430.125,-0.01035375323554788
2024-05-20,452.75,463.5,452.25,460.5,185086,5,False,8.0,-3.5,0.0,-22.375,438.125,0.018599244405695936
2024-05-21,460.0,461.25,455.0,458.0,168069,5,False,-2.5,5.625,0.0,-22.375,435.625,-0.005706134094151216
2024-05-22,458.5,463.25,458.0,461.25,175899,5,False,3.25,0.125,0.0,-22.375,438.875,0.007460545193687329
2024-05-23,461.25,467.25,458.5,464.0,166864,5,False,2.75,2.0,0.0,-22.375,441.625,0.006266021076616335
2024-05-24,464.5,466.75,460.75,464.75,169182,5,False,0.75,0.25,0.0,-22.375,442.375,0.0016982734220210016
2024-05-28,467.0,471.0,460.0,462.5,166128,5,False,-2.25,-3.25,0.0,-22.375,440.125,-0.005086182537439976
2024-05-29,462.5,463.0,454.25,455.25,166319,5,False,-7.25,-4.375,0.0,-22.375,432.875,-0.01647259301334847
2024-05-30,455.25,457.0,447.5,448.75,225176,5,False,-6.5,-4.875,0.0,-22.375,426.375,-0.015015882183078255
2024-05-31,449.0,453.75,445.5,446.25,174860,5,False,-2.5,-4.625,0.0,-22.375,423.875,-0.005863383172090342
2024-06-03,445.75,449.0,439.0,443.5,262804,6,False,-2.75,-1.75,0.0,-22.375,421.125,-0.006487761722205887
2024-06-04,442.5,448.25,440.0,442.5,221274,6,False,-1.0,-3.0,0.0,-22.375,420.125,-0.002374591867022824
2024-06-05,442.5,444.25,438.25,439.25,183305,6,False,-3.25,5.875,0.0,-22.375,416.875,-0.0077357929187741314
2024-06-06,439.25,453.25,438.75,452.0,261537,6,False,12.75,-3.25,0.0,-22.375,429.625,0.030584707646176934
2024-06-07,452.0,454.25,444.25,448.75,238072,6,False,-3.25,7.875,0.0,-22.375,426.375,-0.007564736688972951
2024-06-10,448.75,452.75,447.75,451.75,230930,6,False,3.0,-2.75,0.0,-22.375,429.375,0.0070360598065084545
2024-06-11,450.75,456.25,449.0,449.5,271960,6,False,-2.25,3.875,0.0,-22.375,427.125,-0.005240174672489051
2024-06-12,449.0,455.0,448.5,454.25,276468,6,False,4.75,1.0,0.0,-22.375,431.875,0.011120866256950634
2024-06-13,453.5,460.5,453.5,458.5,296248,6,False,4.25,-1.875,0.0,-22.375,436.125,0.009840810419681656
2024-06-14,458.0,459.5,448.0,450.0,228388,6,False,-8.5,-1.0,0.0,-22.375,427.625,-0.019489825164803687
2024-06-17,448.0,450.0,443.25,443.75,172134,6,False,-6.25,-1.125,0.0,-22.375,421.375,-0.014615609470914892
2024-06-18,444.25,452.0,443.75,450.0,191652,6,False,6.25,-8.25,0.0,-22.375,427.625,0.014832393948383205
2024-06-20,448.25,449.5,439.25,439.75,229750,6,False,-10.25,0.75,0.0,-22.375,417.375,-0.02396959953230049
2024-06-21,440.0,442.5,434.25,435.0,217553,6,False,-4.75,-5.875,0.0,-22.375,412.625,-0.011380652890086829
2024-06-24,435.0,436.0,425.0,433.5,203582,6,False,-1.5,-6.375,0.0,-22.375,411.125,-0.0036352620418055315
2024-06-25,433.5,434.5,423.5,425.5,172164,6,False,-8.0,-3.5,0.0,-22.375,403.125,-0.019458802067497727
2024-06-26,425.0,430.0,418.75,420.0,161453,6,False,-5.5,-7.125,0.0,-22.375,397.625,-0.013643410852713145
2024-06-27,420.0,421.25,413.5,413.75,142693,6,False,-6.25,-11.0,0.0,-22.375,391.375,-0.01571832756994651
2024-06-28,414.0,419.0,390.5,397.25,15899,6,False,-16.5,-2.625,0.0,-22.375,374.875,-0.04215905461513891
2024-07-01,397.25,401.25,391.75,398.25,1731,7,True,1.0,-6.375,7.375,-29.75,368.5,-0.01700566855618535
2024-07-02,398.25,403.75,398.25,402.0,764,7,False,3.75,1.25,0.0,-29.75,372.25,0.010176390773405597
2024-07-03,402.25,405.0,399.0,403.5,584,7,False,1.5,5.75,0.0,-29.75,373.75,0.004029550033579632
2024-07-05,406.0,412.0,405.5,411.25,398,7,False,7.75,-7.0,0.0,-29.75,381.5,0.020735785953177155
2024-07-08,411.75,411.75,394.5,395.75,666,7,False,-15.5,6.125,0.0,-29.75,366.0,-0.0406290956749672
2024-07-09,400.25,406.75,397.0,400.25,585,7,False,4.5,-6.25,0.0,-29.75,370.5,0.012295081967213184
2024-07-10,399.75,405.75,399.75,403.25,214,7,False,3.0,4.0,0.0,-29.75,373.5,0.00809716599190291
2024-07-11,411.0,411.0,406.75,406.75,65,7,False,3.5,-1.875,0.0,-29.75,377.0,0.009370816599732157
2024-07-12,395.75,400.0,395.25,400.0,211323,7,False,-6.75,-3.0,0.0,-29.75,370.25,-0.017904509283819592
2024-07-15,403.0,403.0,389.5,390.5,140155,7,False,-9.5,-0.75,0.0,-29.75,360.75,-0.025658338960162008
2024-07-16,390.0,398.0,390.0,395.75,133849,7,False,5.25,-3.625,0.0,-29.75,366.0,0.01455301455301461
2024-07-17,395.75,400.0,395.0,398.0,115086,7,False,2.25,-0.75,0.0,-29.75,368.25,0.006147540983606481
2024-07-18,398.0,399.0,390.0,391.25,114790,7,False,-6.75,0.75,0.0,-29.75,361.5,-0.018329938900203624
2024-07-19,391.0,396.25,390.0,390.5,111883,7,False,-0.75,1.5,0.0,-29.75,360.75,-0.0020746887966804906
2024-07-22,391.0,401.0,391.0,400.25,150907,7,False,9.75,0.75,0.0,-29.75,370.5,0.027027027027026973
2024-07-23,399.0,407.0,397.25,402.5,143835,7,False,2.25,5.5,0.0,-29.75,372.75,0.006072874493927127
2024-07-24,401.5,409.5,399.0,403.75,149625,7,False,1.25,2.25,0.0,-29.75,374.0,0.0033534540576793948
2024-07-25,403.0,408.75,402.0,406.0,119013,7,False,2.25,-5.125,0.0,-29.75,376.25,0.006016042780748743
2024-07-26,405.75,406.5,394.0,394.5,154397,7,False,-11.5,2.0,0.0,-29.75,364.75,-0.030564784053156102
2024-07-29,392.75,397.0,390.0,396.25,142225,7,False,1.75,-9.5,0.0,-29.75,366.5,0.00479780671692942
2024-07-30,396.0,396.75,387.25,388.75,123321,7,False,-7.5,-2.125,0.0,-29.75,359.0,-0.02046384720327421
2024-07-31,387.75,390.5,381.0,382.75,156261,7,False,-6.0,-4.125,0.0,-29.75,353.0,-0.01671309192200554
2024-08-01,382.5,384.0,378.0,382.0,116742,8,False,-0.75,-0.75,0.0,-29.75,352.25,-0.0021246458923512845
2024-08-02,383.0,387.75,381.75,386.5,113751,8,False,4.5,1.75,0.0,-29.75,356.75,0.012775017743080097
2024-08-05,385.75,391.75,378.75,390.75,157029,8,False,4.25,1.25,0.0,-29.75,361.0,0.01191310441485638
2024-08-06,390.75,393.0,385.75,388.75,107227,8,False,-2.0,-0.625,0.0,-29.75,359.0,-0.005540166204986097
2024-08-07,387.75,388.0,381.75,383.25,199142,8,False,-5.5,-3.0,0.0,-29.75,353.5,-0.01532033426183843
2024-08-08,383.0,386.5,378.5,379.25,157714,8,False,-4.0,-4.0,0.0,-29.75,349.5,-0.011315417256011262
2024-08-09,379.0,381.25,375.25,376.75,157231,8,False,-2.5,1.25,0.0,-29.75,347.0,-0.007153075822603716
2024-08-12,376.25,385.25,372.5,383.25,203695,8,False,6.5,-4.0,0.0,-29.75,353.5,0.018731988472622474
2024-08-13,382.75,385.0,376.25,377.75,172577,8,False,-5.5,4.875,0.0,-29.75,348.0,-0.01555869872701554
2024-08-14,377.25,382.0,376.0,381.0,125031,8,False,3.25,-5.75,0.0,-29.75,351.25,0.009339080459770166
2024-08-15,380.75,383.5,374.5,375.0,151990,8,False,-6.0,-0.625,0.0,-29.75,345.25,-0.01708185053380784
2024-08-16,374.5,375.75,367.75,370.5,137465,8,False,-4.5,0.75,0.0,-29.75,340.75,-0.01303403330919628
2024-08-19,370.25,378.5,370.0,378.0,151084,8,False,7.5,-3.75,0.0,-29.75,348.25,0.022010271460014774
2024-08-20,377.75,378.5,374.75,375.0,122507,8,False,-3.0,4.0,0.0,-29.75,345.25,-0.008614501076812608
2024-08-21,374.75,378.0,374.0,375.5,96191,8,False,0.5,-3.5,0.0,-29.75,345.75,0.0014482259232440065
2024-08-22,375.5,376.5,370.75,371.5,131932,8,False,-4.0,-1.625,0.0,-29.75,341.75,-0.01156905278380338
2024-08-23,371.0,374.0,367.25,367.75,138358,8,False,-3.75,-4.875,0.0,-29.75,338.0,-0.010972933430870468
2024-08-26,367.25,367.5,360.5,362.0,143588,8,False,-5.75,0.75,0.0,-29.75,332.25,-0.017011834319526575
2024-08-27,361.5,369.25,360.75,367.25,161618,8,False,5.25,-3.875,0.0,-29.75,337.5,0.015801354401805856
2024-08-28,367.0,367.75,362.25,365.25,160784,8,False,-2.0,5.875,0.0,-29.75,335.5,-0.00592592592592589
2024-08-29,364.25,372.75,363.75,371.75,100531,8,False,6.5,2.125,0.0,-29.75,342.0,0.019374068554396384
2024-08-30,371.25,378.75,371.0,378.0,6393,8,False,6.25,7.5,0.0,-29.75,348.25,0.018274853801169666
2024-09-03,378.0,386.75,376.5,386.5,3017,9,True,8.5,5.125,3.375,-33.125,353.375,0.01471643933955491
2024-09-04,385.5,391.25,383.0,390.5,1519,9,False,4.0,4.0,0.0,-33.125,357.375,0.011319419879731063
2024-09-05,389.0,390.0,386.75,390.0,485,9,False,-0.5,-1.125,0.0,-33.125,356.875,-0.0013990905911157592
2024-09-06,389.75,395.25,383.0,383.75,504,9,False,-6.25,0.0,0.0,-33.125,350.625,-0.017513134851138368
2024-09-09,383.75,385.25,381.0,384.25,504,9,False,0.5,-5.5,0.0,-33.125,351.125,0.0014260249554367554
2024-09-10,382.75,382.75,379.5,379.5,296,9,False,-4.75,0.75,0.0,-33.125,346.375,-0.013527945888216486
2024-09-11,379.75,381.25,377.0,380.5,117,9,False,1.0,0.5,0.0,-33.125,347.375,0.002887044388307558
2024-09-12,380.5,387.5,380.5,386.25,123,9,False,5.75,2.75,0.0,-33.125,353.125,0.016552716804606016
2024-09-13,381.25,394.0,381.0,390.75,229028,9,False,4.5,12.875,0.0,-33.125,357.625,0.012743362831858507
2024-09-16,413.0,413.0,408.5,410.75,150818,9,False,20.0,3.125,0.0,-33.125,377.625,0.055924501922404835
2024-09-17,410.0,413.0,408.5,412.5,123973,9,False,1.75,10.125,0.0,-33.125,379.375,0.004634227077126685
2024-09-18,412.0,415.0,411.0,412.75,134644,9,False,0.25,-2.625,0.0,-33.125,379.625,0.0006589785831960793
2024-09-19,412.25,413.0,405.25,405.75,166204,9,False,-7.0,-1.875,0.0,-33.125,372.625,-0.018439249259137314
2024-09-20,406.0,407.25,401.5,401.75,178231,9,False,-4.0,2.375,0.0,-33.125,368.625,-0.010734652801073441
2024-09-23,401.5,414.25,401.25,413.5,228072,9,False,11.75,-2.875,0.0,-33.125,380.375,0.03187521193624954
2024-09-24,413.0,418.25,410.0,411.75,210496,9,False,-1.75,7.625,0.0,-33.125,378.625,-0.0046007229707525354
2024-09-25,411.75,415.5,408.5,415.25,158957,9,False,3.5,-1.875,0.0,-33.125,382.125,0.009243974909211028
2024-09-26,414.75,419.25,412.5,413.25,204872,9,False,-2.0,4.125,0.0,-33.125,380.125,-0.005233889434085759
2024-09-27,413.0,419.75,410.75,418.0,218578,9,False,4.75,2.375,0.0,-33.125,384.875,0.012495889510029556
2024-09-30,416.5,427.75,415.5,424.75,272926,9,False,6.75,4.5,0.0,-33.125,391.625,0.01753816174082501
2024-10-01,423.5,432.5,421.75,429.0,262757,10,False,4.25,5.125,0.0,-33.125,395.875,0.01085221832109795
2024-10-02,428.5,434.25,428.5,432.5,239747,10,False,3.5,0.0,0.0,-33.125,399.375,0.008841174613198666
2024-10-03,431.5,433.25,427.5,428.25,181331,10,False,-4.25,0.0,0.0,-33.125,395.125,-0.010641627543035992
2024-10-04,427.5,427.5,423.0,424.75,165354,10,False,-3.5,-1.5,0.0,-33.125,391.625,-0.008857956342929407
2024-10-07,424.0,427.0,421.25,426.0,161439,10,False,1.25,-4.375,0.0,-33.125,392.875,0.0031918289179699855
2024-10-08,426.0,428.0,419.25,420.75,229659,10,False,-5.25,0.75,0.0,-33.125,387.625,-0.013363028953229383
2024-10-09,420.25,423.5,420.0,421.0,148815,10,False,0.25,-3.875,0.0,-33.125,387.875,0.0006449532408900893
2024-10-10,421.0,424.0,418.0,418.5,171360,10,False,-2.5,-1.25,0.0,-33.125,385.375,-0.0064453754431195165
2024-10-11,418.5,422.75,415.25,415.75,224069,10,False,-2.75,-5.0,0.0,-33.125,382.625,-0.007135906584495588
2024-10-14,415.0,415.25,407.5,408.25,257782,10,False,-7.5,-4.875,0.0,-33.125,375.125,-0.01960143743874554
2024-10-15,408.0,408.0,400.5,401.25,305403,10,False,-7.0,-2.0,0.0,-33.125,368.125,-0.01866044651782739
2024-10-16,401.25,406.75,401.0,404.75,214285,10,False,3.5,-2.5,0.0,-33.125,371.625,0.009507640067911716
2024-10-17,404.5,407.5,399.0,406.75,255482,10,False,2.0,0.75,0.0,-33.125,373.625,0.005381769256643132
2024-10-18,406.75,409.5,403.75,404.75,193538,10,False,-2.0,3.375,0.0,-33.125,371.625,-0.005352960856473743
2024-10-21,403.75,411.75,403.0,409.5,241760,10,False,4.75,2.5,0.0,-33.125,376.375,0.012781701984527327
2024-10-22,409.0,417.0,408.25,416.5,267224,10,False,7.0,3.625,0.0,-33.125,383.375,0.01859847226834943
2024-10-23,416.0,420.0,414.0,419.0,246005,10,False,2.5,4.75,0.0,-33.125,385.875,0.006521030322790944
2024-10-24,418.75,424.0,418.25,421.5,287987,10,False,2.5,-1.875,0.0,-33.125,388.375,0.006478781988985993
2024-10-25,420.5,421.0,414.5,415.25,247609,10,False,-6.25,-1.0,0.0,-33.125,382.125,-0.016092693916961665
2024-10-28,413.25,414.75,410.0,410.75,251359,10,False,-4.5,-1.625,0.0,-33.125,377.625,-0.011776251226692791
2024-10-29,410.0,414.75,410.0,413.75,197431,10,False,3.0,-3.375,0.0,-33.125,380.625,0.00794438927507457
2024-10-30,413.25,414.25,411.0,411.5,170092,10,False,-2.25,1.125,0.0,-33.125,378.375,-0.005911330049261032
2024-10-31,411.5,412.75,409.25,410.75,238814,10,False,-0.75,0.75,0.0,-33.125,377.625,-0.001982160555004997
2024-11-01,410.75,415.75,410.5,414.5,197406,11,False,3.75,0.625,0.0,-33.125,381.375,0.009930486593842991
2024-11-04,414.0,420.0,413.0,416.5,219138,11,False,2.0,2.875,0.0,-33.125,383.375,0.005244182235332628
2024-11-05,416.25,419.75,415.25,418.5,167928,11,False,2.0,4.875,0.0,-33.125,385.375,0.005216824258232888
2024-11-06,418.0,426.75,414.25,426.25,283193,11,False,7.75,1.625,0.0,-33.125,393.125,0.020110282192669526
2024-11-07,425.75,428.5,422.25,427.5,310584,11,False,1.25,5.625,0.0,-33.125,394.375,0.0031796502384737746
2024-11-08,427.5,434.75,426.75,431.0,347310,11,False,3.5,0.125,0.0,-33.125,397.875,0.008874801901743279
2024-11-11,430.0,432.0,426.5,430.0,250205,11,False,-1.0,1.0,0.0,-33.125,396.875,-0.002513352183474704
2024-11-12,429.75,433.5,426.75,428.5,250503,11,False,-1.5,-1.5,0.0,-33.125,395.375,-0.0037795275590550848
2024-11-13,428.5,429.75,424.25,426.5,235165,11,False,-2.0,-4.5,0.0,-33.125,393.375,-0.005058488776478076
2024-11-14,426.0,428.0,418.25,419.0,292267,11,False,-7.5,1.5,0.0,-33.125,385.875,-0.019065776930409895
2024-11-15,418.75,425.0,417.0,424.0,218570,11,False,5.0,-1.125,0.0,-33.125,390.875,0.012957563977972208
2024-11-18,423.75,429.5,422.25,429.25,190964,11,False,5.25,1.5,0.0,-33.125,396.125,0.013431403901503103
2024-11-19,428.75,431.5,426.5,427.25,215160,11,False,-2.0,4.125,0.0,-33.125,394.125,-0.005048911328494832
2024-11-20,427.0,432.0,424.75,430.25,224875,11,False,3.0,-2.75,0.0,-33.125,397.125,0.007611798287345373
2024-11-21,430.0,432.0,426.25,426.75,187445,11,False,-3.5,0.875,0.0,-33.125,393.625,-0.008813345923827542
2024-11-22,426.75,429.5,425.0,425.5,159873,11,False,-1.25,-2.125,0.0,-33.125,392.375,-0.0031756113051762958
2024-11-25,425.25,426.25,422.25,424.75,226269,11,False,-0.75,-3.0,0.0,-33.125,391.625,-0.0019114367633004115
2024-11-26,424.25,425.75,417.75,420.0,210241,11,False,-4.75,-2.5,0.0,-33.125,386.875,-0.012128949888285945
2024-11-27,420.0,422.25,414.75,415.75,145009,11,False,-4.25,1.25,0.0,-33.125,382.625,-0.010985460420032345
2024-11-29,416.0,423.5,415.0,423.0,7903,11,False,7.25,-1.375,0.0,-33.125,389.875,0.01894805619078732
2024-12-02,423.0,425.5,420.75,424.5,3895,12,True,1.5,3.0,-1.5,-31.625,392.875,0.007694773966014701
2024-12-03,425.0,428.0,422.75,423.25,4091,12,False,-1.25,0.125,0.0,-31.625,391.625,-0.0031816735602927526
2024-12-04,423.25,424.5,421.0,422.0,1723,12,False,-1.25,1.625,0.0,-31.625,390.375,-0.0031918289179699855
2024-12-05,421.5,427.0,420.25,426.5,2566,12,False,4.5,1.5,0.0,-31.625,394.875,0.011527377521613813
2024-12-06,426.5,431.5,425.25,430.75,1372,12,False,4.25,3.875,0.0,-31.625,399.125,0.01076289965178856
2024-12-09,431.25,434.75,431.0,434.0,1586,12,False,3.25,5.375,0.0,-31.625,402.375,0.008142812402129662
2024-12-10,433.5,440.75,433.25,440.5,1685,12,False,6.5,0.375,0.0,-31.625,408.875,0.016154085119602257
2024-12-11,440.0,443.25,437.75,438.0,570,12,False,-2.5,0.125,0.0,-31.625,406.375,-0.0061143381228981886
2024-12-12,436.5,439.0,431.75,431.75,334,12,False,-6.25,-2.125,0.0,-31.625,400.125,-0.015379883112888293
2024-12-13,434.25,434.25,426.25,430.0,170867,12,False,-1.75,4.375,0.0,-31.625,398.375,-0.004373633239612595
2024-12-16,441.25,445.75,441.25,445.0,157167,12,False,15.0,-1.625,0.0,-31.625,413.375,0.037652965171007136
2024-12-17,445.0,446.75,441.25,443.5,164416,12,False,-1.5,4.375,0.0,-31.625,411.875,-0.003628666465074093
2024-12-18,443.75,446.5,437.0,437.25,176178,12,False,-6.25,1.0,0.0,-31.625,405.625,-0.015174506828528056
2024-12-19,437.0,441.0,435.75,440.75,182519,12,False,3.5,-0.375,0.0,-31.625,409.125,0.008628659476117129
2024-12-20,439.75,447.5,439.5,446.25,191422,12,False,5.5,2.5,0.0,-31.625,414.625,0.013443324167430548
2024-12-23,446.0,448.25,445.25,447.75,132878,12,False,1.5,3.125,0.0,-31.625,416.125,0.0036177268616219838
2024-12-24,447.25,448.75,446.75,448.5,88153,12,False,0.75,3.375,0.0,-31.625,416.875,0.00180234304595972
2024-12-26,448.5,454.25,448.5,453.75,176165,12,False,5.25,0.5,0.0,-31.625,422.125,0.012593703148425783
2024-12-27,453.25,455.0,452.25,454.0,162024,12,False,0.25,1.75,0.0,-31.625,422.375,0.0005922416345869319
2024-12-30,453.75,458.5,449.75,452.25,217069,12,False,-1.75,3.25,0.0,-31.625,420.625,-0.00414323764427349
2024-12-31,452.25,459.0,452.0,458.5,172882,12,False,6.25,-0.375,0.0,-31.625,426.875,0.014858841010401136
2025-01-02,457.25,459.75,456.25,459.5,163449,1,False,1.0,-1.25,0.0,-31.625,427.875,0.002342606149341231
2025-01-03,459.5,459.75,449.25,450.75,199340,1,False,-8.75,4.0,0.0,-31.625,419.125,-0.020449897750511203
2025-01-06,451.5,460.25,451.5,457.75,227403,1,False,7.0,-4.25,0.0,-31.625,426.125,0.016701461377870652
2025-01-07,456.0,458.5,453.0,458.0,211629,1,False,0.25,1.5,0.0,-31.625,426.375,0.0005866823115283637
2025-01-08,457.75,459.25,453.5,454.0,192588,1,False,-4.0,1.125,0.0,-31.625,422.375,-0.009381413075344458
2025-01-09,454.0,457.25,453.5,456.0,157712,1,False,2.0,5.25,0.0,-31.625,424.375,0.004735128736312433
2025-01-10,456.0,472.5,455.75,470.5,467086,1,False,14.5,4.0,0.0,-31.625,438.875,0.034167893961708495
2025-01-13,469.75,477.0,469.25,476.5,376883,1,False,6.0,6.25,0.0,-31.625,444.875,0.013671318712617397
2025-01-14,475.5,479.75,473.5,474.5,278017,1,False,-2.0,5.125,0.0,-31.625,442.875,-0.004495644844057289
2025-01-15,474.25,479.5,474.0,478.75,218140,1,False,4.25,-3.125,0.0,-31.625,447.125,0.009596387242449822
2025-01-16,478.75,479.0,473.25,474.5,209824,1,False,-4.25,7.0,0.0,-31.625,442.875,-0.00950517193178646
2025-01-17,474.0,485.0,474.0,484.25,305007,1,False,9.75,0.75,0.0,-31.625,452.625,0.02201524132091448
2025-01-21,484.25,490.5,482.5,490.0,295105,1,False,5.75,2.0,0.0,-31.625,458.375,0.012703673018503281
2025-01-22,489.5,492.25,482.5,484.25,264538,1,False,-5.75,5.625,0.0,-31.625,452.625,-0.01254431415325874
2025-01-23,484.25,494.5,480.5,489.75,250550,1,False,5.5,-4.5,0.0,-31.625,458.125,0.012151339409003148
2025-01-24,487.0,489.5,483.5,486.5,208959,1,False,-3.25,0.5,0.0,-31.625,454.875,-0.007094133697135074
2025-01-27,484.5,484.75,477.75,482.0,216234,1,False,-4.5,0.0,0.0,-31.625,450.375,-0.009892827699917506
2025-01-28,482.25,489.25,481.0,485.25,225855,1,False,3.25,3.625,0.0,-31.625,453.625,0.007216208714959649
2025-01-29,485.0,497.5,485.0,497.0,277207,1,False,11.75,-1.75,0.0,-31.625,465.375,0.02590245246624412
2025-01-30,496.25,497.0,490.0,490.25,218110,1,False,-6.75,1.75,0.0,-31.625,458.625,-0.014504431909750148
2025-01-31,488.25,488.75,479.25,482.0,318483,1,False,-8.25,0.0,0.0,-31.625,450.375,-0.017988552739165997
2025-02-03,476.75,491.0,472.5,488.75,322166,2,False,6.75,-1.25,0.0,-31.625,457.125,0.014987510407993287
2025-02-04,488.0,497.25,487.25,494.5,279780,2,False,5.75,2.75,0.0,-31.625,462.875,0.012578616352201255
2025-02-05,494.0,498.5,489.75,493.25,226004,2,False,-1.25,3.875,0.0,-31.625,461.625,-0.0027005130974885327
2025-02-06,493.25,496.5,486.0,495.25,299134,2,False,2.0,-4.5,0.0,-31.625,463.625,0.004332520985648625
2025-02-07,495.5,496.5,485.5,487.5,287303,2,False,-7.75,3.0,0.0,-31.625,455.875,-0.016716095982744705
2025-02-10,485.75,492.75,482.25,491.5,250904,2,False,4.0,-7.625,0.0,-31.625,459.875,0.008774335069920536
2025-02-11,491.75,497.0,483.25,484.0,311257,2,False,-7.5,5.125,0.0,-31.625,452.375,-0.016308779559662923
2025-02-12,483.75,492.25,481.5,490.25,271391,2,False,6.25,-2.125,0.0,-31.625,458.625,0.01381597126277967
2025-02-13,489.75,494.25,485.25,493.5,269316,2,False,3.25,4.5,0.0,-31.625,461.875,0.007086399563913881
2025-02-14,493.0,499.75,492.5,496.25,195600,2,False,2.75,4.5,0.0,-31.625,464.625,0.005953991880920162
2025-02-18,496.25,504.25,493.25,502.0,238775,2,False,5.75,-0.875,0.0,-31.625,470.375,0.012375571697605503
2025-02-19,502.0,504.5,496.25,497.5,210080,2,False,-4.5,3.125,0.0,-31.625,465.875,-0.00956683497209676
2025-02-20,497.75,503.25,497.5,498.0,163804,2,False,0.5,-5.625,0.0,-31.625,466.375,0.0010732492621410294
2025-02-21,498.0,499.5,490.0,491.25,209485,2,False,-6.75,-4.125,0.0,-31.625,459.625,-0.014473331546502322
2025-02-24,490.0,491.0,481.5,482.5,189315,2,False,-8.75,-4.75,0.0,-31.625,450.875,-0.019037258634756582
2025-02-25,483.25,484.5,474.25,479.75,116438,2,False,-2.75,-5.125,0.0,-31.625,448.125,-0.006099251455503163
2025-02-26,480.25,485.0,477.0,478.25,101750,2,False,-1.5,-8.125,0.0,-31.625,446.625,-0.0033472803347280866
2025-02-27,478.25,481.25,463.75,464.75,86413,2,False,-13.5,-6.375,0.0,-31.625,433.125,-0.030226700251889116
2025-02-28,465.5,468.0,453.0,453.5,8178,2,False,-11.25,-13.375,0.0,-31.625,421.875,-0.025974025974025983
2025-03-03,455.25,456.75,439.0,440.25,3364,3,True,-13.25,-7.75,-5.5,-26.125,414.125,-0.01837037037037037
2025-03-04,440.5,440.5,426.5,436.0,2273,3,False,-4.25,-4.5,0.0,-26.125,409.875,-0.010262601871415589
2025-03-05,436.75,442.0,433.25,440.25,1169,3,False,4.25,2.5,0.0,-26.125,414.125,0.010369014943580446
2025-03-06,443.5,452.75,439.75,449.5,668,3,False,9.25,5.0,0.0,-26.125,423.375,0.022336251131904516
2025-03-07,450.25,456.75,448.0,455.25,311,3,False,5.75,6.375,0.0,-26.125,429.125,0.013581340419249965
2025-03-10,458.0,459.5,454.0,458.75,479,3,False,3.5,1.75,0.0,-26.125,432.625,0.00815613166326834
2025-03-11,458.0,464.0,456.5,456.5,76,3,False,-2.25,-2.125,0.0,-26.125,430.375,-0.00520080901473563
2025-03-12,455.0,455.0,444.0,448.75,233,3,False,-7.75,1.25,0.0,-26.125,422.625,-0.018007551553877454
2025-03-13,450.0,459.25,450.0,453.5,101,3,False,4.75,-7.875,0.0,-26.125,427.375,0.011239278320023693
2025-03-14,443.25,445.5,443.25,445.5,242039,3,False,-8.0,10.125,0.0,-26.125,419.375,-0.01871892366188943
2025-03-17,460.0,465.5,457.25,461.0,180875,3,False,15.5,-5.125,0.0,-26.125,434.875,0.03695976154992553
2025-03-18,461.0,462.5,455.25,458.75,177170,3,False,-2.25,9.375,0.0,-26.125,432.625,-0.00517390054613398
2025-03-19,458.25,463.0,455.75,462.0,185225,3,False,3.25,2.375,0.0,-26.125,435.875,0.007512279687951429
2025-03-20,462.0,470.25,462.0,469.0,219751,3,False,7.0,-0.75,0.0,-26.125,442.875,0.016059650129050862
2025-03-21,467.25,469.75,461.25,464.25,182427,3,False,-4.75,3.625,0.0,-26.125,438.125,-0.010725373976855801
2025-03-24,465.0,466.25,459.5,464.5,125182,3,False,0.25,-5.75,0.0,-26.125,438.375,0.0005706134094152215
2025-03-25,464.5,464.75,457.0,457.75,148189,3,False,-6.75,-3.125,0.0,-26.125,431.625,-0.015397775876817787
2025-03-26,458.75,461.0,450.75,451.25,154487,3,False,-6.5,-4.0,0.0,-26.125,425.125,-0.015059368664929074
2025-03-27,451.75,452.75,447.25,450.0,170192,3,False,-1.25,-1.625,0.0,-26.125,423.875,-0.0029403116730373213
2025-03-28,450.25,454.0,442.0,453.25,206960,3,False,3.25,1.375,0.0,-26.125,427.125,0.007667354762606937
2025-03-31,453.0,459.25,444.0,457.25,282804,3,False,4.0,3.875,0.0,-26.125,431.125,0.009364940005853084
2025-04-01,457.75,465.0,454.0,461.75,179571,4,False,4.5,0.0,0.0,-26.125,435.625,0.010437808060307363
2025-04-02,460.25,460.75,454.0,457.75,159591,4,False,-4.0,2.125,0.0,-26.125,431.625,-0.00918220946915349
2025-04-03,450.0,462.25,447.5,457.5,203152,4,False,-0.25,-0.625,0.0,-26.125,431.375,-0.0005792064871126268
2025-04-04,457.75,462.5,449.25,460.25,212888,4,False,2.75,2.0,0.0,-26.125,434.125,0.006374963778614795
2025-04-07,456.0,467.5,454.25,464.5,216782,4,False,4.25,3.625,0.0,-26.125,438.375,0.00978980708321342
2025-04-08,464.5,469.75,462.75,469.0,255177,4,False,4.5,4.625,0.0,-26.125,442.875,0.010265183917878451
2025-04-09,468.0,475.5,465.75,474.0,257173,4,False,5.0,6.75,0.0,-26.125,447.875,0.01128986734405868
2025-04-10,473.25,484.0,473.0,483.0,326270,4,False,9.0,6.125,0.0,-26.125,456.875,0.020094892548144117
2025-04-11,482.0,490.75,481.75,490.25,284335,4,False,7.25,1.875,0.0,-26.125,464.125,0.015868673050615678
2025-04-14,489.0,490.25,484.25,485.0,201393,4,False,-5.25,1.75,0.0,-26.125,458.875,-0.011311607864260664
2025-04-15,485.0,488.75,479.0,481.25,178411,4,False,-3.75,-1.125,0.0,-26.125,455.125,-0.008172160174339416
2025-04-16,481.25,487.0,479.25,484.25,136221,4,False,3.0,-2.875,0.0,-26.125,458.125,0.00659159571546275
2025-04-17,483.25,486.5,481.5,482.25,117566,4,False,-2.0,1.25,0.0,-26.125,456.125,-0.00436562073669855
2025-04-21,483.25,487.25,481.25,481.75,128840,4,False,-0.5,-4.0,0.0,-26.125,455.625,-0.0010961907371882518
2025-04-22,481.75,483.0,475.0,475.75,152079,4,False,-6.0,-2.125,0.0,-26.125,449.625,-0.013168724279835398
2025-04-23,476.25,477.0,470.25,472.0,147853,4,False,-3.75,-0.375,0.0,-26.125,445.875,-0.008340283569641338
2025-04-24,472.25,478.5,472.25,477.25,146915,4,False,5.25,-1.125,0.0,-26.125,451.125,0.011774600504625754
2025-04-25,477.0,480.75,476.75,478.75,129454,4,False,1.5,1.0,0.0,-26.125,452.625,0.0033250207813799726
2025-04-28,477.0,478.75,469.5,475.5,176588,4,False,-3.25,-6.75,0.0,-26.125,449.375,-0.00718033692350184
2025-04-29,475.5,477.25,460.25,460.5,100359,4,False,-15.0,1.75,0.0,-26.125,434.375,-0.033379694019471495
2025-04-30,461.0,470.0,460.5,467.25,10991,4,False,6.75,-9.0,0.0,-26.125,441.125,0.015539568345323662
2025-05-01,467.25,472.25,463.0,464.25,3008,5,True,-3.0,1.875,-4.875,-21.25,443.0,0.004250495891187311
2025-05-02,464.5,468.75,460.75,461.25,2624,5,False,-3.0,-8.875,0.0,-21.25,440.0,-0.006772009029345383
2025-05-05,461.0,461.0,446.5,446.5,1098,5,False,-14.75,-1.0,0.0,-21.25,425.25,-0.033522727272727315
2025-05-06,448.75,448.75,445.5,447.5,466,5,False,1.0,-10.625,0.0,-21.25,426.25,0.0023515579071133885
2025-05-07,449.75,453.25,440.5,441.0,617,5,False,-6.5,-0.5,0.0,-21.25,419.75,-0.015249266862170097
2025-05-08,440.5,440.5,434.0,439.0,438,5,False,-2.0,-2.0,0.0,-21.25,417.75,-0.004764740917212573
2025-05-09,440.75,444.0,439.5,441.5,240,5,False,2.5,-1.625,0.0,-21.25,420.25,0.005984440454817497
2025-05-12,444.0,447.5,438.5,440.25,205,5,False,-1.25,-0.875,0.0,-21.25,419.0,-0.002974419988102328
2025-05-13,433.5,436.0,430.75,436.0,66,5,False,-4.25,0.625,0.0,-21.25,414.75,-0.010143198090692085
2025-05-14,440.25,440.25,436.75,438.5,177064,5,False,2.5,2.875,0.0,-21.25,417.25,0.006027727546714878
2025-05-15,444.75,450.5,443.5,448.5,191182,5,False,10.0,-1.25,0.0,-21.25,427.25,0.023966446974236
2025-05-16,449.0,451.5,442.75,443.5,173410,5,False,-5.0,7.0,0.0,-21.25,422.25,-0.011702750146284413
2025-05-19,443.5,449.75,443.0,447.5,179623,5,False,4.0,1.0,0.0,-21.25,426.25,0.009473060982830184
2025-05-20,446.75,455.5,444.75,454.5,194894,5,False,7.0,5.25,0.0,-21.25,433.25,0.016422287390029267
2025-05-21,454.5,462.0,453.5,461.0,201425,5,False,6.5,4.5,0.0,-21.25,439.75,0.015002885170225078
2025-05-22,459.25,464.75,456.5,463.0,192800,5,False,2.0,1.5,0.0,-21.25,441.75,0.004548038658328535
2025-05-23,462.75,464.5,455.0,459.5,167356,5,False,-3.5,1.0,0.0,-21.25,438.25,-0.007923033389926393
2025-05-27,459.0,463.0,456.0,459.5,153148,5,False,0.0,-6.0,0.0,-21.25,438.25,0.0
2025-05-28,459.5,463.0,450.0,451.0,196402,5,False,-8.5,-2.0,0.0,-21.25,429.75,-0.0193953223046206
2025-05-29,452.25,453.0,443.5,447.0,157586,5,False,-4.0,-5.75,0.0,-21.25,425.75,-0.009307737056428178
2025-05-30,447.0,449.5,443.0,444.0,140113,5,False,-3.0,-4.875,0.0,-21.25,422.75,-0.007046388725778008
2025-06-02,444.0,451.0,437.75,438.25,211154,6,False,-5.75,-1.375,0.0,-21.25,417.0,-0.013601419278533422
2025-06-03,438.25,442.5,434.25,438.5,209493,6,False,0.25,-2.75,0.0,-21.25,417.25,0.0005995203836930418
2025-06-04,438.5,446.0,437.5,438.75,220751,6,False,0.25,0.5,0.0,-21.25,417.5,0.0005991611743558778
2025-06-05,438.5,442.75,433.25,439.5,0,6,False,0.75,1.625,0.0,-21.25,418.25,0.001796407185628679
2025-06-06,438.25,445.0,435.0,442.5,229798,6,False,3.0,-4.125,0.0,-21.25,421.25,0.007172743574417106
2025-06-09,442.25,445.75,432.75,433.5,228598,6,False,-9.0,4.125,0.0,-21.25,412.25,-0.02136498516320473
2025-06-10,433.5,439.5,429.25,438.75,245097,6,False,5.25,-5.375,0.0,-21.25,417.5,0.01273499090357788
2025-06-11,439.0,444.75,436.0,437.0,201677,6,False,-1.75,3.375,0.0,-21.25,415.75,-0.004191616766467066
2025-06-12,436.5,441.75,435.25,438.5,190442,6,False,1.5,2.125,0.0,-21.25,417.25,0.0036079374624173877
2025-06-13,438.25,445.25,435.0,444.5,179124,6,False,6.0,-4.125,0.0,-21.25,423.25,0.014379868184541733
2025-06-16,444.0,446.5,431.25,434.75,177619,6,False,-9.75,1.375,0.0,-21.25,413.5,-0.02303603071470761
2025-06-17,434.75,437.5,429.5,431.5,231168,6,False,-3.25,-3.875,0.0,-21.25,410.25,-0.007859733978234584
2025-06-18,431.5,434.5,430.0,433.5,0,6,False,2.0,-4.0,0.0,-21.25,412.25,0.0048750761730651515
2025-06-20,433.0,435.0,428.25,428.75,189743,6,False,-4.75,-3.75,0.0,-21.25,407.5,-0.011522134627046654
2025-06-23,430.0,430.75,417.25,419.25,197265,6,False,-9.5,-3.875,0.0,-21.25,398.0,-0.0233128834355828
2025-06-24,419.0,422.5,415.0,416.25,192057,6,False,-3.0,-7.75,0.0,-21.25,395.0,-0.007537688442211032
2025-06-25,415.5,417.5,408.0,410.25,144137,6,False,-6.0,-1.875,0.0,-21.25,389.0,-0.015189873417721489
2025-06-26,410.0,414.5,408.0,409.5,159014,6,False,-0.75,1.0,0.0,-21.25,388.25,-0.001928020565552746
2025-06-27,409.5,419.25,409.25,417.5,106238,6,False,8.0,1.125,0.0,-21.25,396.25,0.020605280103026313
2025-06-30,417.75,422.75,415.0,420.5,12555,6,False,3.0,3.75,0.0,-21.25,399.25,0.007570977917981114
2025-07-01,421.25,423.0,414.5,420.0,4103,7,True,-0.5,6.125,-6.625,-14.625,405.375,0.01534126487163423
2025-07-02,419.75,430.25,415.5,429.25,3639,7,False,9.25,0.875,0.0,-14.625,414.625,0.02281837804501996
2025-07-03,429.5,435.25,429.25,431.5,0,7,False,2.25,-2.125,0.0,-14.625,416.875,0.005426590292432865
2025-07-07,426.0,426.0,417.0,418.0,709,7,False,-13.5,-2.375,0.0,-14.625,403.375,-0.03238380809595198
2025-07-08,420.5,420.5,411.0,411.0,573,7,False,-7.0,-6.0,0.0,-14.625,396.375,-0.017353579175705014
2025-07-09,415.5,415.5,409.75,412.5,349,7,False,1.5,-6.125,0.0,-14.625,397.875,0.0037842951750235443
2025-07-10,412.5,414.0,407.25,407.25,571,7,False,-5.25,-1.375,0.0,-14.625,392.625,-0.013195098963242224
2025-07-11,407.25,409.75,400.0,403.0,315,7,False,-4.25,2.25,0.0,-14.625,388.375,-0.01082457815982174
2025-07-14,411.75,412.75,398.75,412.75,185262,7,False,9.75,-7.875,0.0,-14.625,398.125,0.025104602510460206
2025-07-15,399.5,406.25,395.0,401.25,182568,7,False,-11.5,6.875,0.0,-14.625,386.625,-0.028885400313971688
2025-07-16,400.0,407.25,400.0,405.25,163241,7,False,4.0,-7.375,0.0,-14.625,390.625,0.01034594245069509
2025-07-17,405.0,407.0,400.25,402.0,103691,7,False,-3.25,5.25,0.0,-14.625,387.375,-0.008319999999999994
2025-07-18,403.0,411.0,402.5,408.5,127464,7,False,6.5,-4.0,0.0,-14.625,393.875,0.016779606324620833
2025-07-21,406.5,408.75,400.25,403.75,112066,7,False,-4.75,1.0,0.0,-14.625,389.125,-0.012059663598857462
2025-07-22,404.5,406.0,398.5,399.25,114958,7,False,-4.5,-2.75,0.0,-14.625,384.625,-0.01156440732412467
2025-07-23,399.25,401.75,397.25,398.5,92982,7,False,-0.75,-0.625,0.0,-14.625,383.875,-0.0019499512512187733
2025-07-24,398.25,404.25,398.25,401.75,111447,7,False,3.25,-1.5,0.0,-14.625,387.125,0.008466297622924168
2025-07-25,401.5,403.0,398.25,399.5,97166,7,False,-2.25,-1.25,0.0,-14.625,384.875,-0.005812076202776906
2025-07-28,399.0,400.0,392.0,393.75,141670,7,False,-5.75,-3.375,0.0,-14.625,379.125,-0.014939915556999028
2025-07-29,392.0,394.25,387.75,389.25,169994,7,False,-4.5,-1.625,0.0,-14.625,374.625,-0.011869436201780381
2025-07-30,389.0,393.5,388.25,391.75,132091,7,False,2.5,-1.125,0.0,-14.625,377.125,0.006673340006673412
2025-07-31,391.25,394.75,388.0,394.0,124175,7,False,2.25,-1.0,0.0,-14.625,379.375,0.005966191581040725
2025-08-01,394.0,396.25,388.75,389.5,111475,8,False,-4.5,-0.125,0.0,-14.625,374.875,-0.011861614497528872
2025-08-04,389.5,392.5,386.5,387.0,133486,8,False,-2.5,-5.0,0.0,-14.625,372.375,-0.006668889629876662
2025-08-05,386.25,386.75,380.5,381.5,166267,8,False,-5.5,-2.125,0.0,-14.625,366.875,-0.01477005706612955
2025-08-06,381.0,381.25,375.0,379.75,151730,8,False,-1.75,-0.375,0.0,-14.625,365.125,-0.004770017035775176
2025-08-07,379.75,386.0,379.75,384.5,154983,8,False,4.75,-1.75,0.0,-14.625,369.875,0.01300924340979126
2025-08-08,384.0,389.25,382.0,382.75,174531,8,False,-1.75,3.5,0.0,-14.625,368.125,-0.004731328151402536
2025-08-11,382.5,387.0,380.5,385.0,180486,8,False,2.25,-7.625,0.0,-14.625,370.375,0.0061120543293717855
2025-08-12,384.5,384.75,368.75,371.5,252732,8,False,-13.5,2.375,0.0,-14.625,356.875,-0.036449544380695253
2025-08-13,371.5,376.0,370.75,374.0,167774,8,False,2.5,-6.25,0.0,-14.625,359.375,0.007005253940455258
2025-08-14,373.25,376.75,369.5,375.0,112000,8,False,1.0,5.625,0.0,-14.625,360.375,0.0027826086956521667
2025-08-15,375.5,384.25,374.5,383.75,129521,8,False,8.75,0.125,0.0,-14.625,369.125,0.024280263614290698
2025-08-18,383.0,384.75,379.25,383.0,104730,8,False,-0.75,2.625,0.0,-14.625,368.375,-0.002031832035218395
2025-08-19,383.0,383.0,377.75,379.5,79845,8,False,-3.5,-0.125,0.0,-14.625,364.875,-0.009501187648456089
2025-08-20,379.5,382.25,378.25,380.0,109776,8,False,0.5,1.875,0.0,-14.625,365.375,0.0013703323055840322
2025-08-21,379.75,389.5,379.25,387.25,116898,8,False,7.25,0.75,0.0,-14.625,372.625,0.019842627437564042
2025-08-22,387.25,389.25,385.5,388.25,108358,8,False,1.0,4.125,0.0,-14.625,373.625,0.0026836632002684713
2025-08-25,389.25,394.0,388.25,389.25,123992,8,False,1.0,-0.375,0.0,-14.625,374.625,0.0026764804282368715
2025-08-26,389.0,392.0,386.75,387.5,170218,8,False,-1.75,-2.0,0.0,-14.625,372.875,-0.004671338004671344
2025-08-27,387.0,387.5,381.75,382.5,108482,8,False,-5.0,0.625,0.0,-14.625,367.875,-0.013409319477036497
2025-08-28,382.5,387.5,379.75,385.5,81216,8,False,3.0,3.75,0.0,-14.625,370.875,0.00815494393476035
2025-08-29,387.0,398.5,387.0,398.0,0,8,False,12.5,4.0,0.0,-14.625,383.375,0.03370407819346144
2025-09-02,396.25,403.75,393.5,403.0,1546,9,True,5.0,3.625,1.375,-16.0,387.0,0.009455493968046902
2025-09-03,403.0,404.5,396.5,397.75,1025,9,False,-5.25,3.5,0.0,-16.0,381.75,-0.013565891472868241
2025-09-04,397.5,400.25,394.25,399.75,863,9,False,2.0,-3.0,0.0,-16.0,383.75,0.0052390307793057644
2025-09-05,401.25,405.25,397.25,399.0,417,9,False,-0.75,3.0,0.0,-16.0,383.0,-0.001954397394136831
2025-09-08,398.0,403.75,394.0,403.0,549,9,False,4.0,-1.25,0.0,-16.0,387.0,0.010443864229765065
2025-09-09,402.0,403.5,398.75,401.25,146,9,False,-1.75,0.0,0.0,-16.0,385.25,-0.004521963824289377
2025-09-10,401.0,401.25,395.5,397.25,57,9,False,-4.0,0.0,0.0,-16.0,381.25,-0.010382868267358902
2025-09-11,398.25,399.0,396.75,399.0,120,9,False,1.75,-2.0,0.0,-16.0,383.0,0.004590163934426128
2025-09-12,402.5,405.25,398.5,399.0,363844,9,False,0.0,13.0,0.0,-16.0,383.0,0.0
2025-09-15,426.25,428.5,422.0,423.25,192792,9,False,24.25,3.125,0.0,-16.0,407.25,0.0633159268929504
2025-09-16,423.0,431.25,423.0,429.5,178779,9,False,6.25,10.75,0.0,-16.0,413.5,0.015346838551258513
2025-09-17,428.75,431.25,425.5,426.75,146851,9,False,-2.75,1.625,0.0,-16.0,410.75,-0.006650544135429315
2025-09-18,426.5,428.0,423.5,423.75,113263,9,False,-3.0,-1.25,0.0,-16.0,407.75,-0.0073037127206330155
2025-09-19,424.0,429.75,422.25,424.0,162409,9,False,0.25,-2.625,0.0,-16.0,408.0,0.0006131207847945852
2025-09-22,424.0,424.75,418.25,421.75,189769,9,False,-2.25,2.375,0.0,-16.0,405.75,-0.005514705882352922
2025-09-23,421.75,426.5,418.75,426.25,145931,9,False,4.5,-2.125,0.0,-16.0,410.25,0.01109057301293892
2025-09-24,425.0,427.5,423.5,424.25,134256,9,False,-2.0,3.0,0.0,-16.0,408.25,-0.0048750761730651515
2025-09-25,423.75,428.25,423.5,425.75,146851,9,False,1.5,-2.875,0.0,-16.0,409.75,0.003674219228414044
2025-09-26,425.25,425.75,421.25,422.0,131813,9,False,-3.75,0.5,0.0,-16.0,406.0,-0.009151921903599702
2025-09-29,421.0,422.75,418.75,421.5,146154,9,False,-0.5,-4.875,0.0,-16.0,405.5,-0.0012315270935960854
2025-09-30,421.25,421.5,414.0,415.5,279177,9,False,-6.0,0.25,0.0,-16.0,399.5,-0.01479654747225645
2025-10-01,415.75,419.5,410.5,416.5,285170,10,False,1.0,-0.375,0.0,-16.0,400.5,0.0025031289111390187
2025-10-02,417.25,422.5,414.75,421.75,192896,10,False,5.25,-0.875,0.0,-16.0,405.75,0.013108614232209659
2025-10-03,420.75,423.0,418.5,419.0,179524,10,False,-2.75,4.0,0.0,-16.0,403.0,-0.0067775723967961055
2025-10-06,419.0,422.5,417.25,421.75,141859,10,False,2.75,-2.375,0.0,-16.0,405.75,0.006823821339950298
2025-10-07,421.5,424.5,419.0,419.75,219828,10,False,-2.0,2.5,0.0,-16.0,403.75,-0.004929143561306248
2025-10-08,419.25,422.75,418.5,422.0,167360,10,False,2.25,-2.875,0.0,-16.0,406.0,0.005572755417956765
2025-10-09,422.0,423.25,418.0,418.25,207206,10,False,-3.75,-1.5,0.0,-16.0,402.25,-0.009236453201970418
2025-10-10,418.25,419.25,412.25,413.0,233653,10,False,-5.25,-3.0,0.0,-16.0,397.0,-0.013051584835301444
2025-10-13,413.0,415.0,410.5,410.75,233653,10,False,-2.25,-1.5,0.0,-16.0,394.75,-0.00566750629722923
2025-10-14,410.75,413.5,409.25,413.0,192433,10,False,2.25,0.75,0.0,-16.0,397.0,0.005699810006333017
2025-10-15,412.75,418.5,411.25,416.75,195171,10,False,3.75,3.625,0.0,-16.0,400.75,0.009445843828715272
2025-10-16,416.75,423.5,416.25,421.75,304262,10,False,5.0,2.25,0.0,-16.0,405.75,0.012476606363069243
2025-10-17,421.25,424.75,421.0,422.5,185452,10,False,0.75,2.875,0.0,-16.0,406.5,0.001848428835489857
2025-10-20,422.5,424.0,419.5,423.25,179465,10,False,0.75,-1.375,0.0,-16.0,407.25,0.0018450184501845879
2025-10-21,423.25,424.5,418.5,419.75,181051,10,False,-3.5,2.0,0.0,-16.0,403.75,-0.008594229588704705
2025-10-22,419.75,424.0,418.5,423.0,186819,10,False,3.25,0.75,0.0,-16.0,407.0,0.00804953560371513
2025-10-23,423.0,428.5,421.0,428.0,206571,10,False,5.0,-0.75,0.0,-16.0,412.0,0.01228501228501222
2025-10-24,427.25,427.5,423.0,423.25,211852,10,False,-4.75,5.25,0.0,-16.0,407.25,-0.011529126213592256
2025-10-27,427.0,431.75,426.0,428.75,295622,10,False,5.5,-0.75,0.0,-16.0,412.75,0.013505217925107393
2025-10-28,428.0,436.25,427.25,432.0,378016,10,False,3.25,3.75,0.0,-16.0,416.0,0.007874015748031482
2025-10-29,431.25,435.0,430.0,434.0,239879,10,False,2.0,-0.25,0.0,-16.0,418.0,0.004807692307692291
2025-10-30,434.0,437.0,427.75,430.25,301183,10,False,-3.75,1.625,0.0,-16.0,414.25,-0.008971291866028741
2025-10-31,429.25,432.25,426.5,431.5,214312,10,False,1.25,-0.5,0.0,-16.0,415.5,0.0030175015087507973
2025-11-03,431.0,435.0,427.75,434.25,0,11,False,2.75,-0.75,0.0,-16.0,418.25,0.006618531889289958
2025-11-04,434.0,434.5,429.25,431.5,183033,11,False,-2.75,3.25,0.0,-16.0,415.5,-0.006575014943215773
2025-11-05,430.5,436.0,428.75,435.25,201307,11,False,3.75,-4.625,0.0,-16.0,419.25,0.00902527075812265
2025-11-06,434.5,434.75,428.25,428.75,228266,11,False,-6.5,1.125,0.0,-16.0,412.75,-0.015503875968992276
2025-11-07,428.5,430.5,426.75,427.25,186066,11,False,-1.5,-2.0,0.0,-16.0,411.25,-0.00363416111447612
2025-11-10,426.75,431.25,426.25,429.75,220392,11,False,2.5,0.375,0.0,-16.0,413.75,0.006079027355623046
2025-11-11,429.0,432.75,428.5,432.0,221848,11,False,2.25,2.875,0.0,-16.0,416.0,0.005438066465256908
2025-11-12,431.5,436.0,431.0,435.25,271699,11,False,3.25,4.25,0.0,-16.0,419.25,0.0078125
2025-11-13,434.75,442.75,434.0,441.5,400924,11,False,6.25,-4.0,0.0,-16.0,425.5,0.014907573047107991
2025-11-14,441.5,442.75,429.5,430.25,411585,11,False,-11.25,5.375,0.0,-16.0,414.25,-0.026439482961222116
2025-11-17,429.75,437.25,428.5,434.75,219642,11,False,4.5,-4.625,0.0,-16.0,418.75,0.010863005431502648
2025-11-18,434.75,438.5,433.25,436.75,162294,11,False,2.0,-1.25,0.0,-16.0,420.75,0.004776119402985168
2025-11-19,435.5,436.25,428.25,429.75,198902,11,False,-7.0,-0.625,0.0,-16.0,413.75,-0.016636957813428443
2025-11-20,429.75,431.25,425.75,426.5,195292,11,False,-3.25,-4.0,0.0,-16.0,410.5,-0.007854984894259842
2025-11-21,426.25,427.75,424.0,425.5,194578,11,False,-1.0,-2.5,0.0,-16.0,409.5,-0.0024360535931789995
2025-11-24,426.0,426.5,422.25,423.75,227312,11,False,-1.75,-0.625,0.0,-16.0,407.75,-0.004273504273504258
2025-11-25,423.75,426.0,422.25,423.5,227795,11,False,-0.25,3.25,0.0,-16.0,407.5,-0.0006131207847945852
2025-11-26,423.0,433.5,423.0,431.75,158325,11,False,8.25,1.75,0.0,-16.0,415.75,0.02024539877300624
2025-11-28,432.0,437.0,430.75,435.5,8642,11,False,3.75,2.75,0.0,-16.0,419.5,0.009019843656043358
2025-12-01,434.5,436.5,432.0,432.75,3265,12,True,-2.75,4.5,-7.25,-8.75,424.0,0.010727056019070424
2025-12-02,433.25,439.25,430.75,438.0,2267,12,False,5.25,-4.625,0.0,-8.75,429.25,0.012382075471698117
2025-12-03,438.0,438.0,431.0,431.5,1340,12,False,-6.5,5.75,0.0,-8.75,422.75,-0.015142690739662235
2025-12-04,432.75,438.25,431.0,437.75,1242,12,False,6.25,-3.75,0.0,-8.75,429.0,0.014784151389710232
2025-12-05,435.75,439.0,435.5,436.75,1038,12,False,-1.0,2.875,0.0,-8.75,428.0,-0.002331002331002363
2025-12-08,437.25,439.75,432.5,436.25,1738,12,False,-0.5,1.75,0.0,-8.75,427.5,-0.001168224299065379
2025-12-09,437.0,441.75,434.5,440.75,1093,12,False,4.5,-3.25,0.0,-8.75,432.0,0.010526315789473717
2025-12-10,440.5,440.5,434.0,434.75,702,12,False,-6.0,2.5,0.0,-8.75,426.0,-0.01388888888888884
2025-12-11,436.75,440.0,432.5,435.25,257,12,False,0.5,-4.875,0.0,-8.75,426.5,0.0011737089201877549
2025-12-12,433.25,437.0,428.25,431.5,218646,12,False,-3.75,4.375,0.0,-8.75,422.75,-0.008792497069167626
2025-12-15,440.25,441.25,436.75,439.75,182672,12,False,8.25,-3.5,0.0,-8.75,431.0,0.01951507983441747
2025-12-16,439.75,440.0,435.5,436.5,146742,12,False,-3.25,6.125,0.0,-8.75,427.75,-0.007540603248259892
2025-12-17,436.0,441.5,436.0,440.5,164256,12,False,4.0,0.375,0.0,-8.75,431.75,0.009351256575102385
2025-12-18,440.5,446.0,440.5,444.5,178974,12,False,4.0,1.625,0.0,-8.75,435.75,0.00926462072958878
2025-12-19,444.0,444.75,442.5,443.75,129516,12,False,-0.75,3.625,0.0,-8.75,435.0,-0.0017211703958691649
2025-12-22,443.25,447.75,443.0,447.0,136615,12,False,3.25,-0.125,0.0,-8.75,438.25,0.007471264367816088
2025-12-23,446.5,449.0,446.25,447.5,123702,12,False,0.5,3.375,0.0,-8.75,438.75,0.0011409013120364797
2025-12-24,447.0,451.25,446.75,451.0,95803,12,False,3.5,-0.25,0.0,-8.75,442.25,0.007977207977208023
2025-12-26,451.0,453.0,448.75,450.0,100523,12,False,-1.0,-2.125,0.0,-8.75,441.25,-0.0022611644997173608
2025-12-29,450.0,451.0,442.0,442.25,169679,12,False,-7.75,-1.375,0.0,-8.75,433.5,-0.017563739376770582
2025-12-30,442.0,443.0,439.75,440.5,121253,12,False,-1.75,-4.0,0.0,-8.75,431.75,-0.0040369088811995635
2025-12-31,440.5,442.5,439.0,440.25,98189,12,False,-0.25,-2.25,0.0,-8.75,431.5,-0.0005790387955992848
2026-01-02,440.75,440.75,437.0,437.5,143948,1,False,-2.75,3.375,0.0,-8.75,428.75,-0.006373117033603659
2026-01-05,437.25,445.5,436.25,444.5,183496,1,False,7.0,-1.625,0.0,-8.75,435.75,0.01632653061224487
2026-01-06,444.0,447.0,443.5,444.0,185037,1,False,-0.5,4.875,0.0,-8.75,435.25,-0.0011474469305794432
2026-01-07,443.75,447.25,443.75,446.75,155458,1,False,2.75,-0.625,0.0,-8.75,438.0,0.006318207926478969
2026-01-08,446.0,448.0,445.5,446.0,169477,1,False,-0.75,1.25,0.0,-8.75,437.25,-0.001712328767123239
2026-01-09,445.25,447.5,443.75,445.75,171304,1,False,-0.25,-12.5,0.0,-8.75,437.0,-0.0005717552887364308
2026-01-12,445.0,448.75,420.0,421.5,570230,1,False,-24.25,-1.0,0.0,-8.75,412.75,-0.05549199084668188
2026-01-13,421.75,422.75,417.25,419.75,357198,1,False,-1.75,-11.0,0.0,-8.75,411.0,-0.004239854633555473
2026-01-14,420.0,425.0,419.5,422.0,232729,1,False,2.25,-1.75,0.0,-8.75,413.25,0.005474452554744547
2026-01-15,422.5,425.0,420.0,420.25,193927,1,False,-1.75,3.375,0.0,-8.75,411.5,-0.00423472474289166
2026-01-16,420.25,427.25,420.0,424.75,200728,1,False,4.5,-1.375,0.0,-8.75,416.0,0.010935601458080146
2026-01-20,423.5,425.5,422.0,423.75,174838,1,False,-1.0,1.25,0.0,-8.75,415.0,-0.0024038461538461453
2026-01-21,423.75,427.75,421.25,421.75,155623,1,False,-2.0,0.625,0.0,-8.75,413.0,-0.004819277108433773
2026-01-22,422.5,424.25,421.0,424.0,147104,1,False,2.25,2.25,0.0,-8.75,415.25,0.005447941888619745
2026-01-23,423.75,431.25,422.5,430.5,257317,1,False,6.5,0.0,0.0,-8.75,421.75,0.015653220951234115
2026-01-26,430.0,431.5,427.25,428.25,158114,1,False,-2.25,2.375,0.0,-8.75,419.5,-0.005334914048606976
2026-01-27,428.25,429.75,426.0,426.5,124209,1,False,-1.75,0.625,0.0,-8.75,417.75,-0.004171632896305177
2026-01-28,427.0,433.25,426.75,430.0,200201,1,False,3.5,-0.5,0.0,-8.75,421.25,0.00837821663674454
2026-01-29,430.0,434.0,428.0,430.75,180152,1,False,0.75,0.5,0.0,-8.75,422.0,0.0017804154302669684
2026-01-30,430.75,431.75,425.25,428.25,193268,1,False,-2.5,-0.875,0.0,-8.75,419.5,-0.005924170616113722
2026-02-02,428.25,428.25,424.0,425.75,153885,2,False,-2.5,0.125,0.0,-8.75,417.0,-0.005959475566150174
2026-02-03,425.75,429.25,425.5,428.5,158964,2,False,2.75,-0.75,0.0,-8.75,419.75,0.00659472422062346
2026-02-04,428.5,432.75,425.25,429.5,240663,2,False,1.0,4.125,0.0,-8.75,420.75,0.002382370458606342
2026-02-05,429.0,435.75,427.0,435.0,224622,2,False,5.5,-1.875,0.0,-8.75,426.25,0.013071895424836555
2026-02-06,434.5,436.0,428.75,430.25,240381,2,False,-4.75,2.0,0.0,-8.75,421.5,-0.011143695014662724
2026-02-09,428.75,430.0,427.25,428.75,182317,2,False,-1.5,-2.375,0.0,-8.75,420.0,-0.003558718861209953
2026-02-10,428.0,431.0,427.75,428.75,222724,2,False,0.0,-1.375,0.0,-8.75,420.0,0.0
2026-02-11,428.75,429.5,425.25,427.5,252146,2,False,-1.25,1.875,0.0,-8.75,418.75,-0.0029761904761904656
2026-02-12,428.0,431.5,427.0,431.25,339184,2,False,3.75,-0.375,0.0,-8.75,422.5,0.008955223880596996
2026-02-13,431.0,432.75,429.5,431.75,236783,2,False,0.5,-0.875,0.0,-8.75,423.0,0.0011834319526626835
2026-02-17,431.0,431.25,426.0,426.25,194390,2,False,-5.5,0.625,0.0,-8.75,417.5,-0.013002364066193817
2026-02-18,426.25,428.5,425.25,427.0,168146,2,False,0.75,-3.375,0.0,-8.75,418.25,0.001796407185628679
2026-02-19,426.75,427.75,424.0,425.75,217087,2,False,-1.25,1.25,0.0,-8.75,417.0,-0.00298864315600722
2026-02-20,425.75,428.75,424.0,427.5,249050,2,False,1.75,-0.625,0.0,-8.75,418.75,0.004196642685851293
2026-02-23,427.25,431.5,425.25,427.5,234474,2,False,0.0,1.0,0.0,-8.75,418.75,0.0
2026-02-24,427.5,429.0,426.0,427.75,158332,2,False,0.25,1.375,0.0,-8.75,419.0,0.0005970149253731183
2026-02-25,428.0,431.25,426.75,430.5,118548,2,False,2.75,1.5,0.0,-8.75,421.75,0.0065632458233890745
2026-02-26,430.0,433.75,428.0,433.25,103287,2,False,2.75,4.125,0.0,-8.75,424.5,0.00652045050385297
2026-02-27,432.75,440.0,432.0,438.75,13640,2,False,5.5,-1.375,0.0,-8.75,430.0,0.012956419316843437
2026-03-02,439.5,441.0,431.75,433.25,5722,3,True,-5.5,3.25,-8.75,0.0,433.25,0.007558139534883823
2026-03-03,433.25,438.75,432.0,434.25,1549,3,False,1.0,-4.0,0.0,0.0,434.25,0.002308136180034559
2026-03-04,433.5,434.25,428.0,431.75,1646,3,False,-2.5,5.375,0.0,0.0,431.75,-0.005757052389176787
2026-03-05,434.0,442.25,433.75,441.5,385,3,False,9.75,1.5,0.0,0.0,441.5,0.022582513028372997
2026-03-06,441.0,449.5,441.0,447.0,757,3,False,5.5,0.125,0.0,0.0,447.0,0.01245753114382775
2026-03-09,447.25,459.0,437.5,437.5,1326,3,False,-9.5,2.125,0.0,0.0,437.5,-0.021252796420581643
2026-03-10,434.75,437.75,432.0,436.25,602,3,False,-1.25,-0.75,0.0,0.0,436.25,-0.0028571428571428914
2026-03-11,441.0,446.5,439.0,444.25,286,3,False,8.0,1.375,0.0,0.0,444.25,0.01833810888252141
2026-03-12,448.5,453.5,448.25,448.25,135,3,False,4.0,6.125,0.0,0.0,448.25,0.009003939223410251
2026-03-13,446.0,453.5,446.0,452.5,182865,3,False,4.25,2.75,0.0,0.0,452.5,0.009481316229782433
2026-03-16,464.75,466.0,452.0,454.0,279245,3,False,1.5,2.125,0.0,0.0,454.0,0.0033149171270718814
2026-03-17,453.75,459.0,449.25,454.0,200108,3,False,0.0,5.375,0.0,0.0,454.0,0.0
2026-03-18,454.75,464.5,451.5,463.25,190614,3,False,9.25,3.25,0.0,0.0,463.25,0.020374449339207068
2026-03-19,463.25,470.0,463.25,469.75,214405,3,False,6.5,2.5,0.0,0.0,469.75,0.01403130059363189
2026-03-20,469.0,469.25,464.0,465.5,161723,3,False,-4.25,0.25,0.0,0.0,465.5,-0.009047365620010628
2026-03-23,465.25,473.75,456.5,459.5,253109,3,False,-6.0,-0.625,0.0,0.0,459.5,-0.012889366272824887
2026-03-24,460.0,465.75,459.0,462.5,184112,3,False,3.0,-0.625,0.0,0.0,462.5,0.006528835690968515
2026-03-25,461.25,468.5,458.0,467.25,155914,3,False,4.75,1.375,0.0,0.0,467.25,0.010270270270270165
2026-03-26,466.75,468.75,462.0,467.0,164119,3,False,-0.25,-0.125,0.0,0.0,467.0,-0.0005350454788657366
2026-03-27,466.0,470.5,460.75,462.0,179461,3,False,-5.0,-3.25,0.0,0.0,462.0,-0.010706638115631661
2026-03-30,462.75,465.75,455.0,455.75,165878,3,False,-6.25,-1.5,0.0,0.0,455.75,-0.0135281385281385
2026-03-31,455.5,462.0,451.25,457.75,288867,3,False,2.0,-4.875,0.0,0.0,457.75,0.004388370817334009
2026-04-01,457.5,460.0,448.5,454.25,203129,4,False,-3.5,0.0,0.0,0.0,454.25,-0.0076460950300382136
2026-04-02,454.0,460.5,451.25,452.25,0,4,False,-2.0,-0.875,0.0,0.0,452.25,-0.004402861860209106
2026-04-06,453.0,454.5,448.25,454.0,126749,4,False,1.75,-3.5,0.0,0.0,454.0,0.003869541182974112
2026-04-07,454.0,455.0,448.25,449.0,172653,4,False,-5.0,0.0,0.0,0.0,449.0,-0.011013215859030812
2026-04-08,447.0,448.25,442.25,447.25,295027,4,False,-1.75,-4.125,0.0,0.0,447.25,-0.0038975501113586164
2026-04-09,447.25,450.25,442.25,444.0,247651,4,False,-3.25,-2.375,0.0,0.0,444.0,-0.007266629401900482
2026-04-10,444.75,446.25,438.0,441.0,237015,4,False,-3.0,-2.0,0.0,0.0,441.0,-0.006756756756756799
2026-04-13,446.0,446.0,440.0,440.25,261260,4,False,-0.75,-0.125,0.0,0.0,440.25,-0.00170068027210879
2026-04-14,440.5,446.0,440.25,443.0,229083,4,False,2.75,3.75,0.0,0.0,443.0,0.006246450880181609
2026-04-15,443.0,452.0,442.75,451.25,235844,4,False,8.25,0.0,0.0,0.0,451.25,0.018623024830699775
2026-04-16,451.0,452.75,447.5,448.5,171542,4,False,-2.75,4.25,0.0,0.0,448.5,-0.006094182825484795
2026-04-17,448.25,451.0,443.25,448.75,158101,4,False,0.25,0.25,0.0,0.0,448.75,0.0005574136008918984
2026-04-20,449.0,454.0,446.75,452.0,203127,4,False,3.25,1.0,0.0,0.0,452.0,0.007242339832869149
2026-04-21,452.0,455.25,450.75,453.75,175218,4,False,1.75,1.875,0.0,0.0,453.75,0.0038716814159291957
2026-04-22,453.5,457.0,452.75,454.25,169698,4,False,0.5,1.5,0.0,0.0,454.25,0.001101928374655614
2026-04-23,453.5,456.75,452.5,455.5,120100,4,False,1.25,0.0,0.0,0.0,455.5,0.0027517886626307053
2026-04-24,455.5,457.75,453.5,455.0,127510,4,False,-0.5,3.5,0.0,0.0,455.0,-0.001097694840834218
2026-04-27,454.25,461.25,454.25,460.75,191489,4,False,5.75,2.0,0.0,0.0,460.75,0.012637362637362592
2026-04-28,460.25,465.5,460.0,465.25,172176,4,False,4.5,3.5,0.0,0.0,465.25,0.009766684753119925
2026-04-29,464.25,468.25,462.75,466.5,172176,4,False,1.25,6.375,0.0,0.0,466.5,0.002686727565824887
2026-04-30,477.0,480.0,471.25,474.75,185861,4,False,8.25,,0.0,0.0,474.75,0.01768488745980701
