Date,ndvi,ndvi_roll_mean,ndvi_roll_std,ndvi_z,ndvi_regime
2000-02-18,0.25585510153492663,,,,0.0
2000-02-19,0.25585510153492663,,,,0.0
2000-02-20,0.25585510153492663,,,,0.0
2000-02-21,0.25585510153492663,,,,0.0
2000-02-22,0.25585510153492663,,,,0.0
2000-02-23,0.25585510153492663,,,,0.0
2000-02-24,0.25585510153492663,,,,0.0
2000-02-25,0.25585510153492663,,,,0.0
2000-02-26,0.25585510153492663,,,,0.0
2000-02-27,0.25585510153492663,,,,0.0
2000-02-28,0.25585510153492663,,,,0.0
2000-02-29,0.25585510153492663,,,,0.0
2000-03-01,0.25585510153492663,,,,0.0
2000-03-02,0.25585510153492663,,,,0.0
2000-03-03,0.25585510153492663,,,,0.0
2000-03-04,0.25585510153492663,,,,0.0
2000-03-05,0.27639052150544235,,,,0.0
2000-03-06,0.27639052150544235,,,,0.0
2000-03-07,0.27639052150544235,,,,0.0
2000-03-08,0.27639052150544235,,,,0.0
2000-03-09,0.27639052150544235,,,,0.0
2000-03-10,0.27639052150544235,,,,0.0
2000-03-11,0.27639052150544235,,,,0.0
2000-03-12,0.27639052150544235,,,,0.0
2000-03-13,0.27639052150544235,,,,0.0
2000-03-14,0.27639052150544235,,,,0.0
2000-03-15,0.27639052150544235,,,,0.0
2000-03-16,0.27639052150544235,,,,0.0
2000-03-17,0.27639052150544235,,,,0.0
2000-03-18,0.27639052150544235,,,,0.0
2000-03-19,0.27639052150544235,,,,0.0
2000-03-20,0.27639052150544235,,,,0.0
2000-03-21,0.3092696907636472,,,,0.0
2000-03-22,0.3092696907636472,,,,0.0
2000-03-23,0.3092696907636472,,,,0.0
2000-03-24,0.3092696907636472,,,,0.0
2000-03-25,0.3092696907636472,,,,0.0
2000-03-26,0.3092696907636472,,,,0.0
2000-03-27,0.3092696907636472,,,,0.0
2000-03-28,0.3092696907636472,,,,0.0
2000-03-29,0.3092696907636472,,,,0.0
2000-03-30,0.3092696907636472,,,,0.0
2000-03-31,0.3092696907636472,,,,0.0
2000-04-01,0.3092696907636472,,,,0.0
2000-04-02,0.3092696907636472,,,,0.0
2000-04-03,0.3092696907636472,,,,0.0
2000-04-04,0.3092696907636472,,,,0.0
2000-04-05,0.3092696907636472,,,,0.0
2000-04-06,0.31938059860172857,,,,0.0
2000-04-07,0.31938059860172857,,,,0.0
2000-04-08,0.31938059860172857,,,,0.0
2000-04-09,0.31938059860172857,,,,0.0
2000-04-10,0.31938059860172857,,,,0.0
2000-04-11,0.31938059860172857,,,,0.0
2000-04-12,0.31938059860172857,,,,0.0
2000-04-13,0.31938059860172857,,,,0.0
2000-04-14,0.31938059860172857,,,,0.0
2000-04-15,0.31938059860172857,,,,0.0
2000-04-16,0.31938059860172857,,,,0.0
2000-04-17,0.31938059860172857,,,,0.0
2000-04-18,0.31938059860172857,,,,0.0
2000-04-19,0.31938059860172857,,,,0.0
2000-04-20,0.31938059860172857,,,,0.0
2000-04-21,0.31938059860172857,,,,0.0
2000-04-22,0.3613211909336684,,,,0.0
2000-04-23,0.3613211909336684,,,,0.0
2000-04-24,0.3613211909336684,,,,0.0
2000-04-25,0.3613211909336684,,,,0.0
2000-04-26,0.3613211909336684,,,,0.0
2000-04-27,0.3613211909336684,,,,0.0
2000-04-28,0.3613211909336684,,,,0.0
2000-04-29,0.3613211909336684,,,,0.0
2000-04-30,0.3613211909336684,,,,0.0
2000-05-01,0.3613211909336684,,,,0.0
2000-05-02,0.3613211909336684,,,,0.0
2000-05-03,0.3613211909336684,,,,0.0
2000-05-04,0.3613211909336684,,,,0.0
2000-05-05,0.3613211909336684,,,,0.0
2000-05-06,0.3613211909336684,,,,0.0
2000-05-07,0.3613211909336684,,,,0.0
2000-05-08,0.469194698620035,0.3319019669932413,0.07648324759672842,1.7950693248630618,-1.0
2000-05-09,0.469194698620035,0.3319019669932413,0.07648324759672842,1.7950693248630618,-1.0
2000-05-10,0.469194698620035,0.3319019669932413,0.07648324759672842,1.7950693248630618,-1.0
2000-05-11,0.469194698620035,0.3319019669932413,0.07648324759672842,1.7950693248630618,-1.0
2000-05-12,0.469194698620035,0.3319019669932413,0.07648324759672842,1.7950693248630618,-1.0
2000-05-13,0.469194698620035,0.3319019669932413,0.07648324759672842,1.7950693248630618,-1.0
2000-05-14,0.469194698620035,0.3319019669932413,0.07648324759672842,1.7950693248630618,-1.0
2000-05-15,0.469194698620035,0.3319019669932413,0.07648324759672842,1.7950693248630618,-1.0
2000-05-16,0.469194698620035,0.3319019669932413,0.07648324759672842,1.7950693248630618,-1.0
2000-05-17,0.469194698620035,0.3319019669932413,0.07648324759672842,1.7950693248630618,-1.0
2000-05-18,0.469194698620035,0.3319019669932413,0.07648324759672842,1.7950693248630618,-1.0
2000-05-19,0.469194698620035,0.3319019669932413,0.07648324759672842,1.7950693248630618,-1.0
2000-05-20,0.469194698620035,0.3319019669932413,0.07648324759672842,1.7950693248630618,-1.0
2000-05-21,0.469194698620035,0.3319019669932413,0.07648324759672842,1.7950693248630618,-1.0
2000-05-22,0.469194698620035,0.3319019669932413,0.07648324759672842,1.7950693248630618,-1.0
2000-05-23,0.469194698620035,0.3319019669932413,0.07648324759672842,1.7950693248630618,-1.0
2000-05-24,0.5378095105023776,0.3613173303516894,0.10455421805464735,1.6880445708889624,-1.0
2000-05-25,0.5378095105023776,0.3613173303516894,0.10455421805464735,1.6880445708889624,-1.0
2000-05-26,0.5378095105023776,0.3613173303516894,0.10455421805464735,1.6880445708889624,-1.0
2000-05-27,0.5378095105023776,0.3613173303516894,0.10455421805464735,1.6880445708889624,-1.0
2000-05-28,0.5378095105023776,0.3613173303516894,0.10455421805464735,1.6880445708889624,-1.0
2000-05-29,0.5378095105023776,0.3613173303516894,0.10455421805464735,1.6880445708889624,-1.0
2000-05-30,0.5378095105023776,0.3613173303516894,0.10455421805464735,1.6880445708889624,-1.0
2000-05-31,0.5378095105023776,0.3613173303516894,0.10455421805464735,1.6880445708889624,-1.0
2000-06-01,0.5378095105023776,0.3613173303516894,0.10455421805464735,1.6880445708889624,-1.0
2000-06-02,0.5378095105023776,0.3613173303516894,0.10455421805464735,1.6880445708889624,-1.0
2000-06-03,0.5378095105023776,0.3613173303516894,0.10455421805464735,1.6880445708889624,-1.0
2000-06-04,0.5378095105023776,0.3613173303516894,0.10455421805464735,1.6880445708889624,-1.0
2000-06-05,0.5378095105023776,0.3613173303516894,0.10455421805464735,1.6880445708889624,-1.0
2000-06-06,0.5378095105023776,0.3613173303516894,0.10455421805464735,1.6880445708889624,-1.0
2000-06-07,0.5378095105023776,0.3613173303516894,0.10455421805464735,1.6880445708889624,-1.0
2000-06-08,0.5378095105023776,0.3613173303516894,0.10455421805464735,1.6880445708889624,-1.0
2000-06-09,0.5887837968124807,0.3897506386592883,0.12584734305144182,1.5815443800973608,-1.0
2000-06-10,0.5887837968124807,0.3897506386592883,0.12584734305144182,1.5815443800973608,-1.0
2000-06-11,0.5887837968124807,0.3897506386592883,0.12584734305144182,1.5815443800973608,-1.0
2000-06-12,0.5887837968124807,0.3897506386592883,0.12584734305144182,1.5815443800973608,-1.0
2000-06-13,0.5887837968124807,0.3897506386592883,0.12584734305144182,1.5815443800973608,-1.0
2000-06-14,0.5887837968124807,0.3897506386592883,0.12584734305144182,1.5815443800973608,-1.0
2000-06-15,0.5887837968124807,0.3897506386592883,0.12584734305144182,1.5815443800973608,-1.0
2000-06-16,0.5887837968124807,0.3897506386592883,0.12584734305144182,1.5815443800973608,-1.0
2000-06-17,0.5887837968124807,0.3897506386592883,0.12584734305144182,1.5815443800973608,-1.0
2000-06-18,0.5887837968124807,0.3897506386592883,0.12584734305144182,1.5815443800973608,-1.0
2000-06-19,0.5887837968124807,0.3897506386592883,0.12584734305144182,1.5815443800973608,-1.0
2000-06-20,0.5887837968124807,0.3897506386592883,0.12584734305144182,1.5815443800973608,-1.0
2000-06-21,0.5887837968124807,0.3897506386592883,0.12584734305144182,1.5815443800973608,-1.0
2000-06-22,0.5887837968124807,0.3897506386592883,0.12584734305144182,1.5815443800973608,-1.0
2000-06-23,0.5887837968124807,0.3897506386592883,0.12584734305144182,1.5815443800973608,-1.0
2000-06-24,0.5887837968124807,0.3897506386592883,0.12584734305144182,1.5815443800973608,-1.0
2000-06-25,0.683101222981729,0.42234514802844836,0.15303423768266777,1.703906778651619,-1.0
2000-06-26,0.683101222981729,0.42234514802844836,0.15303423768266777,1.703906778651619,-1.0
2000-06-27,0.683101222981729,0.42234514802844836,0.15303423768266777,1.703906778651619,-1.0
2000-06-28,0.683101222981729,0.42234514802844836,0.15303423768266777,1.703906778651619,-1.0
2000-06-29,0.683101222981729,0.42234514802844836,0.15303423768266777,1.703906778651619,-1.0
2000-06-30,0.683101222981729,0.42234514802844836,0.15303423768266777,1.703906778651619,-1.0
2000-07-01,0.683101222981729,0.42234514802844836,0.15303423768266777,1.703906778651619,-1.0
2000-07-02,0.683101222981729,0.42234514802844836,0.15303423768266777,1.703906778651619,-1.0
2000-07-03,0.683101222981729,0.42234514802844836,0.15303423768266777,1.703906778651619,-1.0
2000-07-04,0.683101222981729,0.42234514802844836,0.15303423768266777,1.703906778651619,-1.0
2000-07-05,0.683101222981729,0.42234514802844836,0.15303423768266777,1.703906778651619,-1.0
2000-07-06,0.683101222981729,0.42234514802844836,0.15303423768266777,1.703906778651619,-1.0
2000-07-07,0.683101222981729,0.42234514802844836,0.15303423768266777,1.703906778651619,-1.0
2000-07-08,0.683101222981729,0.42234514802844836,0.15303423768266777,1.703906778651619,-1.0
2000-07-09,0.683101222981729,0.42234514802844836,0.15303423768266777,1.703906778651619,-1.0
2000-07-10,0.683101222981729,0.42234514802844836,0.15303423768266777,1.703906778651619,-1.0
2000-07-11,0.7426163864615989,0.45437227187176343,0.17628011886882877,1.6351481746181475,-1.0
2000-07-12,0.7426163864615989,0.45437227187176343,0.17628011886882877,1.6351481746181475,-1.0
2000-07-13,0.7426163864615989,0.45437227187176343,0.17628011886882877,1.6351481746181475,-1.0
2000-07-14,0.7426163864615989,0.45437227187176343,0.17628011886882877,1.6351481746181475,-1.0
2000-07-15,0.7426163864615989,0.45437227187176343,0.17628011886882877,1.6351481746181475,-1.0
2000-07-16,0.7426163864615989,0.45437227187176343,0.17628011886882877,1.6351481746181475,-1.0
2000-07-17,0.7426163864615989,0.45437227187176343,0.17628011886882877,1.6351481746181475,-1.0
2000-07-18,0.7426163864615989,0.45437227187176343,0.17628011886882877,1.6351481746181475,-1.0
2000-07-19,0.7426163864615989,0.45437227187176343,0.17628011886882877,1.6351481746181475,-1.0
2000-07-20,0.7426163864615989,0.45437227187176343,0.17628011886882877,1.6351481746181475,-1.0
2000-07-21,0.7426163864615989,0.45437227187176343,0.17628011886882877,1.6351481746181475,-1.0
2000-07-22,0.7426163864615989,0.45437227187176343,0.17628011886882877,1.6351481746181475,-1.0
2000-07-23,0.7426163864615989,0.45437227187176343,0.17628011886882877,1.6351481746181475,-1.0
2000-07-24,0.7426163864615989,0.45437227187176343,0.17628011886882877,1.6351481746181475,-1.0
2000-07-25,0.7426163864615989,0.45437227187176343,0.17628011886882877,1.6351481746181475,-1.0
2000-07-26,0.7426163864615989,0.45437227187176343,0.17628011886882877,1.6351481746181475,-1.0
2000-07-27,0.7179364331495482,0.47833265016974386,0.18515482518036955,1.2940725835602345,-1.0
2000-07-28,0.7179364331495482,0.47833265016974386,0.18515482518036955,1.2940725835602345,-1.0
2000-07-29,0.7179364331495482,0.47833265016974386,0.18515482518036955,1.2940725835602345,-1.0
2000-07-30,0.7179364331495482,0.47833265016974386,0.18515482518036955,1.2940725835602345,-1.0
2000-07-31,0.7179364331495482,0.47833265016974386,0.18515482518036955,1.2940725835602345,-1.0
2000-08-01,0.7179364331495482,0.47833265016974386,0.18515482518036955,1.2940725835602345,-1.0
2000-08-02,0.7179364331495482,0.47833265016974386,0.18515482518036955,1.2940725835602345,-1.0
2000-08-03,0.7179364331495482,0.47833265016974386,0.18515482518036955,1.2940725835602345,-1.0
2000-08-04,0.7179364331495482,0.47833265016974386,0.18515482518036955,1.2940725835602345,-1.0
2000-08-05,0.7179364331495482,0.47833265016974386,0.18515482518036955,1.2940725835602345,-1.0
2000-08-06,0.7179364331495482,0.47833265016974386,0.18515482518036955,1.2940725835602345,-1.0
2000-08-07,0.7179364331495482,0.47833265016974386,0.18515482518036955,1.2940725835602345,-1.0
2000-08-08,0.7179364331495482,0.47833265016974386,0.18515482518036955,1.2940725835602345,-1.0
2000-08-09,0.7179364331495482,0.47833265016974386,0.18515482518036955,1.2940725835602345,-1.0
2000-08-10,0.7179364331495482,0.47833265016974386,0.18515482518036955,1.2940725835602345,-1.0
2000-08-11,0.7179364331495482,0.47833265016974386,0.18515482518036955,1.2940725835602345,-1.0
2000-08-12,0.684810548275229,0.49553914167853436,0.18632899912917625,1.0157914628494222,-1.0
2000-08-13,0.684810548275229,0.49553914167853436,0.18632899912917625,1.0157914628494222,-1.0
2000-08-14,0.684810548275229,0.49553914167853436,0.18632899912917625,1.0157914628494222,-1.0
2000-08-15,0.684810548275229,0.49553914167853436,0.18632899912917625,1.0157914628494222,-1.0
2000-08-16,0.684810548275229,0.49553914167853436,0.18632899912917625,1.0157914628494222,-1.0
2000-08-17,0.684810548275229,0.49553914167853436,0.18632899912917625,1.0157914628494222,-1.0
2000-08-18,0.684810548275229,0.49553914167853436,0.18632899912917625,1.0157914628494222,-1.0
2000-08-19,0.684810548275229,0.49553914167853436,0.18632899912917625,1.0157914628494222,-1.0
2000-08-20,0.684810548275229,0.49553914167853436,0.18632899912917625,1.0157914628494222,-1.0
2000-08-21,0.684810548275229,0.49553914167853436,0.18632899912917625,1.0157914628494222,-1.0
2000-08-22,0.684810548275229,0.49553914167853436,0.18632899912917625,1.0157914628494222,-1.0
2000-08-23,0.684810548275229,0.49553914167853436,0.18632899912917625,1.0157914628494222,-1.0
2000-08-24,0.684810548275229,0.49553914167853436,0.18632899912917625,1.0157914628494222,-1.0
2000-08-25,0.684810548275229,0.49553914167853436,0.18632899912917625,1.0157914628494222,-1.0
2000-08-26,0.684810548275229,0.49553914167853436,0.18632899912917625,1.0157914628494222,-1.0
2000-08-27,0.684810548275229,0.49553914167853436,0.18632899912917625,1.0157914628494222,-1.0
2000-08-28,0.6685320542756159,0.5299288877402585,0.17585885564081494,0.7881500538047919,0.0
2000-08-29,0.6685320542756159,0.5299288877402585,0.17585885564081494,0.7881500538047919,0.0
2000-08-30,0.6685320542756159,0.5299288877402585,0.17585885564081494,0.7881500538047919,0.0
2000-08-31,0.6685320542756159,0.5299288877402585,0.17585885564081494,0.7881500538047919,0.0
2000-09-01,0.6685320542756159,0.5299288877402585,0.17585885564081494,0.7881500538047919,0.0
2000-09-02,0.6685320542756159,0.5299288877402585,0.17585885564081494,0.7881500538047919,0.0
2000-09-03,0.6685320542756159,0.5299288877402585,0.17585885564081494,0.7881500538047919,0.0
2000-09-04,0.6685320542756159,0.5299288877402585,0.17585885564081494,0.7881500538047919,0.0
2000-09-05,0.6685320542756159,0.5299288877402585,0.17585885564081494,0.7881500538047919,0.0
2000-09-06,0.6685320542756159,0.5299288877402585,0.17585885564081494,0.7881500538047919,0.0
2000-09-07,0.6685320542756159,0.5299288877402585,0.17585885564081494,0.7881500538047919,0.0
2000-09-08,0.6685320542756159,0.5299288877402585,0.17585885564081494,0.7881500538047919,0.0
2000-09-09,0.6685320542756159,0.5299288877402585,0.17585885564081494,0.7881500538047919,0.0
2000-09-10,0.6685320542756159,0.5299288877402585,0.17585885564081494,0.7881500538047919,0.0
2000-09-11,0.6685320542756159,0.5299288877402585,0.17585885564081494,0.7881500538047919,0.0
2000-09-12,0.6685320542756159,0.5299288877402585,0.17585885564081494,0.7881500538047919,0.0
2000-09-13,0.584498442887439,0.5556045478554248,0.15695250211102194,0.1840932424994145,0.0
2000-09-14,0.584498442887439,0.5556045478554248,0.15695250211102194,0.1840932424994145,0.0
2000-09-15,0.584498442887439,0.5556045478554248,0.15695250211102194,0.1840932424994145,0.0
2000-09-16,0.584498442887439,0.5556045478554248,0.15695250211102194,0.1840932424994145,0.0
2000-09-17,0.584498442887439,0.5556045478554248,0.15695250211102194,0.1840932424994145,0.0
2000-09-18,0.584498442887439,0.5556045478554248,0.15695250211102194,0.1840932424994145,0.0
2000-09-19,0.584498442887439,0.5556045478554248,0.15695250211102194,0.1840932424994145,0.0
2000-09-20,0.584498442887439,0.5556045478554248,0.15695250211102194,0.1840932424994145,0.0
2000-09-21,0.584498442887439,0.5556045478554248,0.15695250211102194,0.1840932424994145,0.0
2000-09-22,0.584498442887439,0.5556045478554248,0.15695250211102194,0.1840932424994145,0.0
2000-09-23,0.584498442887439,0.5556045478554248,0.15695250211102194,0.1840932424994145,0.0
2000-09-24,0.584498442887439,0.5556045478554248,0.15695250211102194,0.1840932424994145,0.0
2000-09-25,0.584498442887439,0.5556045478554248,0.15695250211102194,0.1840932424994145,0.0
2000-09-26,0.584498442887439,0.5556045478554248,0.15695250211102194,0.1840932424994145,0.0
2000-09-27,0.584498442887439,0.5556045478554248,0.15695250211102194,0.1840932424994145,0.0
2000-09-28,0.584498442887439,0.5556045478554248,0.15695250211102194,0.1840932424994145,0.0
2000-09-29,0.4810712764803742,0.569921346665152,0.13928050998991395,-0.6379217752089792,0.0
2000-09-30,0.4810712764803742,0.569921346665152,0.13928050998991395,-0.6379217752089792,0.0
2000-10-01,0.4810712764803742,0.569921346665152,0.13928050998991395,-0.6379217752089792,0.0
2000-10-02,0.4810712764803742,0.569921346665152,0.13928050998991395,-0.6379217752089792,0.0
2000-10-03,0.4810712764803742,0.569921346665152,0.13928050998991395,-0.6379217752089792,0.0
2000-10-04,0.4810712764803742,0.569921346665152,0.13928050998991395,-0.6379217752089792,0.0
2000-10-05,0.4810712764803742,0.569921346665152,0.13928050998991395,-0.6379217752089792,0.0
2000-10-06,0.4810712764803742,0.569921346665152,0.13928050998991395,-0.6379217752089792,0.0
2000-10-07,0.4810712764803742,0.569921346665152,0.13928050998991395,-0.6379217752089792,0.0
2000-10-08,0.4810712764803742,0.569921346665152,0.13928050998991395,-0.6379217752089792,0.0
2000-10-09,0.4810712764803742,0.569921346665152,0.13928050998991395,-0.6379217752089792,0.0
2000-10-10,0.4810712764803742,0.569921346665152,0.13928050998991395,-0.6379217752089792,0.0
2000-10-11,0.4810712764803742,0.569921346665152,0.13928050998991395,-0.6379217752089792,0.0
2000-10-12,0.4810712764803742,0.569921346665152,0.13928050998991395,-0.6379217752089792,0.0
2000-10-13,0.4810712764803742,0.569921346665152,0.13928050998991395,-0.6379217752089792,0.0
2000-10-14,0.4810712764803742,0.569921346665152,0.13928050998991395,-0.6379217752089792,0.0
2000-10-15,0.3963236918528888,0.5763332711027488,0.12801341943497113,-1.4061774151834303,1.0
2000-10-16,0.3963236918528888,0.5763332711027488,0.12801341943497113,-1.4061774151834303,1.0
2000-10-17,0.3963236918528888,0.5763332711027488,0.12801341943497113,-1.4061774151834303,1.0
2000-10-18,0.3963236918528888,0.5763332711027488,0.12801341943497113,-1.4061774151834303,1.0
2000-10-19,0.3963236918528888,0.5763332711027488,0.12801341943497113,-1.4061774151834303,1.0
2000-10-20,0.3963236918528888,0.5763332711027488,0.12801341943497113,-1.4061774151834303,1.0
2000-10-21,0.3963236918528888,0.5763332711027488,0.12801341943497113,-1.4061774151834303,1.0
2000-10-22,0.3963236918528888,0.5763332711027488,0.12801341943497113,-1.4061774151834303,1.0
2000-10-23,0.3963236918528888,0.5763332711027488,0.12801341943497113,-1.4061774151834303,1.0
2000-10-24,0.3963236918528888,0.5763332711027488,0.12801341943497113,-1.4061774151834303,1.0
2000-10-25,0.3963236918528888,0.5763332711027488,0.12801341943497113,-1.4061774151834303,1.0
2000-10-26,0.3963236918528888,0.5763332711027488,0.12801341943497113,-1.4061774151834303,1.0
2000-10-27,0.3963236918528888,0.5763332711027488,0.12801341943497113,-1.4061774151834303,1.0
2000-10-28,0.3963236918528888,0.5763332711027488,0.12801341943497113,-1.4061774151834303,1.0
2000-10-29,0.3963236918528888,0.5763332711027488,0.12801341943497113,-1.4061774151834303,1.0
2000-10-30,0.3963236918528888,0.5763332711027488,0.12801341943497113,-1.4061774151834303,1.0
2000-10-31,0.3210957340592222,0.5729811496965449,0.13451696621349887,-1.8725178148720827,1.0
2000-11-01,0.3210957340592222,0.5729811496965449,0.13451696621349887,-1.8725178148720827,1.0
2000-11-02,0.3210957340592222,0.5729811496965449,0.13451696621349887,-1.8725178148720827,1.0
2000-11-03,0.3210957340592222,0.5729811496965449,0.13451696621349887,-1.8725178148720827,1.0
2000-11-04,0.3210957340592222,0.5729811496965449,0.13451696621349887,-1.8725178148720827,1.0
2000-11-05,0.3210957340592222,0.5729811496965449,0.13451696621349887,-1.8725178148720827,1.0
2000-11-06,0.3210957340592222,0.5729811496965449,0.13451696621349887,-1.8725178148720827,1.0
2000-11-07,0.3210957340592222,0.5729811496965449,0.13451696621349887,-1.8725178148720827,1.0
2000-11-08,0.3210957340592222,0.5729811496965449,0.13451696621349887,-1.8725178148720827,1.0
2000-11-09,0.3210957340592222,0.5729811496965449,0.13451696621349887,-1.8725178148720827,1.0
2000-11-10,0.3210957340592222,0.5729811496965449,0.13451696621349887,-1.8725178148720827,1.0
2000-11-11,0.3210957340592222,0.5729811496965449,0.13451696621349887,-1.8725178148720827,1.0
2000-11-12,0.3210957340592222,0.5729811496965449,0.13451696621349887,-1.8725178148720827,1.0
2000-11-13,0.3210957340592222,0.5729811496965449,0.13451696621349887,-1.8725178148720827,1.0
2000-11-14,0.3210957340592222,0.5729811496965449,0.13451696621349887,-1.8725178148720827,1.0
2000-11-15,0.3210957340592222,0.5729811496965449,0.13451696621349887,-1.8725178148720827,1.0
2000-11-16,0.1325094434091359,0.5449240450956366,0.18410477238932296,-2.2401081532768483,1.0
2000-11-17,0.1325094434091359,0.5449240450956366,0.18410477238932296,-2.2401081532768483,1.0
2000-11-18,0.1325094434091359,0.5449240450956366,0.18410477238932296,-2.2401081532768483,1.0
2000-11-19,0.1325094434091359,0.5449240450956366,0.18410477238932296,-2.2401081532768483,1.0
2000-11-20,0.1325094434091359,0.5449240450956366,0.18410477238932296,-2.2401081532768483,1.0
2000-11-21,0.1325094434091359,0.5449240450956366,0.18410477238932296,-2.2401081532768483,1.0
2000-11-22,0.1325094434091359,0.5449240450956366,0.18410477238932296,-2.2401081532768483,1.0
2000-11-23,0.1325094434091359,0.5449240450956366,0.18410477238932296,-2.2401081532768483,1.0
2000-11-24,0.1325094434091359,0.5449240450956366,0.18410477238932296,-2.2401081532768483,1.0
2000-11-25,0.1325094434091359,0.5449240450956366,0.18410477238932296,-2.2401081532768483,1.0
2000-11-26,0.1325094434091359,0.5449240450956366,0.18410477238932296,-2.2401081532768483,1.0
2000-11-27,0.1325094434091359,0.5449240450956366,0.18410477238932296,-2.2401081532768483,1.0
2000-11-28,0.1325094434091359,0.5449240450956366,0.18410477238932296,-2.2401081532768483,1.0
2000-11-29,0.1325094434091359,0.5449240450956366,0.18410477238932296,-2.2401081532768483,1.0
2000-11-30,0.1325094434091359,0.5449240450956366,0.18410477238932296,-2.2401081532768483,1.0
2000-12-01,0.1325094434091359,0.5449240450956366,0.18410477238932296,-2.2401081532768483,1.0
2000-12-02,0.11646871700006316,0.5098123123037771,0.22188645450012817,-1.7727246856499153,1.0
2000-12-03,0.11646871700006316,0.5098123123037771,0.22188645450012817,-1.7727246856499153,1.0
2000-12-04,0.11646871700006316,0.5098123123037771,0.22188645450012817,-1.7727246856499153,1.0
2000-12-05,0.11646871700006316,0.5098123123037771,0.22188645450012817,-1.7727246856499153,1.0
2000-12-06,0.11646871700006316,0.5098123123037771,0.22188645450012817,-1.7727246856499153,1.0
2000-12-07,0.11646871700006316,0.5098123123037771,0.22188645450012817,-1.7727246856499153,1.0
2000-12-08,0.11646871700006316,0.5098123123037771,0.22188645450012817,-1.7727246856499153,1.0
2000-12-09,0.11646871700006316,0.5098123123037771,0.22188645450012817,-1.7727246856499153,1.0
2000-12-10,0.11646871700006316,0.5098123123037771,0.22188645450012817,-1.7727246856499153,1.0
2000-12-11,0.11646871700006316,0.5098123123037771,0.22188645450012817,-1.7727246856499153,1.0
2000-12-12,0.11646871700006316,0.5098123123037771,0.22188645450012817,-1.7727246856499153,1.0
2000-12-13,0.11646871700006316,0.5098123123037771,0.22188645450012817,-1.7727246856499153,1.0
2000-12-14,0.11646871700006316,0.5098123123037771,0.22188645450012817,-1.7727246856499153,1.0
2000-12-15,0.11646871700006316,0.5098123123037771,0.22188645450012817,-1.7727246856499153,1.0
2000-12-16,0.11646871700006316,0.5098123123037771,0.22188645450012817,-1.7727246856499153,1.0
2000-12-17,0.11646871700006316,0.5098123123037771,0.22188645450012817,-1.7727246856499153,1.0
2000-12-18,0.020165617386419137,0.46242746401827195,0.26079303704984697,-1.6958345653504567,1.0
2000-12-19,0.020165617386419137,0.46242746401827195,0.26079303704984697,-1.6958345653504567,1.0
2000-12-20,0.020165617386419137,0.46242746401827195,0.26079303704984697,-1.6958345653504567,1.0
2000-12-21,0.020165617386419137,0.46242746401827195,0.26079303704984697,-1.6958345653504567,1.0
2000-12-22,0.020165617386419137,0.46242746401827195,0.26079303704984697,-1.6958345653504567,1.0
2000-12-23,0.020165617386419137,0.46242746401827195,0.26079303704984697,-1.6958345653504567,1.0
2000-12-24,0.020165617386419137,0.46242746401827195,0.26079303704984697,-1.6958345653504567,1.0
2000-12-25,0.020165617386419137,0.46242746401827195,0.26079303704984697,-1.6958345653504567,1.0
2000-12-26,0.020165617386419137,0.46242746401827195,0.26079303704984697,-1.6958345653504567,1.0
2000-12-27,0.020165617386419137,0.46242746401827195,0.26079303704984697,-1.6958345653504567,1.0
2000-12-28,0.020165617386419137,0.46242746401827195,0.26079303704984697,-1.6958345653504567,1.0
2000-12-29,0.020165617386419137,0.46242746401827195,0.26079303704984697,-1.6958345653504567,1.0
2000-12-30,0.020165617386419137,0.46242746401827195,0.26079303704984697,-1.6958345653504567,1.0
2000-12-31,0.020165617386419137,0.46242746401827195,0.26079303704984697,-1.6958345653504567,1.0
2001-01-01,0.016807958077371152,0.40690302527624217,0.27977708115229116,-1.394306730173264,1.0
2001-01-02,0.016807958077371152,0.40690302527624217,0.27977708115229116,-1.394306730173264,1.0
2001-01-03,0.016807958077371152,0.40690302527624217,0.27977708115229116,-1.394306730173264,1.0
2001-01-04,0.016807958077371152,0.40690302527624217,0.27977708115229116,-1.394306730173264,1.0
2001-01-05,0.016807958077371152,0.40690302527624217,0.27977708115229116,-1.394306730173264,1.0
2001-01-06,0.016807958077371152,0.40690302527624217,0.27977708115229116,-1.394306730173264,1.0
2001-01-07,0.016807958077371152,0.40690302527624217,0.27977708115229116,-1.394306730173264,1.0
2001-01-08,0.016807958077371152,0.40690302527624217,0.27977708115229116,-1.394306730173264,1.0
2001-01-09,0.016807958077371152,0.40690302527624217,0.27977708115229116,-1.394306730173264,1.0
2001-01-10,0.016807958077371152,0.40690302527624217,0.27977708115229116,-1.394306730173264,1.0
2001-01-11,0.016807958077371152,0.40690302527624217,0.27977708115229116,-1.394306730173264,1.0
2001-01-12,0.016807958077371152,0.40690302527624217,0.27977708115229116,-1.394306730173264,1.0
2001-01-13,0.016807958077371152,0.40690302527624217,0.27977708115229116,-1.394306730173264,1.0
2001-01-14,0.016807958077371152,0.40690302527624217,0.27977708115229116,-1.394306730173264,1.0
2001-01-15,0.016807958077371152,0.40690302527624217,0.27977708115229116,-1.394306730173264,1.0
2001-01-16,0.016807958077371152,0.40690302527624217,0.27977708115229116,-1.394306730173264,1.0
2001-01-17,0.02190232159213685,0.3468435198704536,0.27851288809788644,-1.1667007602323687,1.0
2001-01-18,0.02190232159213685,0.3468435198704536,0.27851288809788644,-1.1667007602323687,1.0
2001-01-19,0.02190232159213685,0.3468435198704536,0.27851288809788644,-1.1667007602323687,1.0
2001-01-20,0.02190232159213685,0.3468435198704536,0.27851288809788644,-1.1667007602323687,1.0
2001-01-21,0.02190232159213685,0.3468435198704536,0.27851288809788644,-1.1667007602323687,1.0
2001-01-22,0.02190232159213685,0.3468435198704536,0.27851288809788644,-1.1667007602323687,1.0
2001-01-23,0.02190232159213685,0.3468435198704536,0.27851288809788644,-1.1667007602323687,1.0
2001-01-24,0.02190232159213685,0.3468435198704536,0.27851288809788644,-1.1667007602323687,1.0
2001-01-25,0.02190232159213685,0.3468435198704536,0.27851288809788644,-1.1667007602323687,1.0
2001-01-26,0.02190232159213685,0.3468435198704536,0.27851288809788644,-1.1667007602323687,1.0
2001-01-27,0.02190232159213685,0.3468435198704536,0.27851288809788644,-1.1667007602323687,1.0
2001-01-28,0.02190232159213685,0.3468435198704536,0.27851288809788644,-1.1667007602323687,1.0
2001-01-29,0.02190232159213685,0.3468435198704536,0.27851288809788644,-1.1667007602323687,1.0
2001-01-30,0.02190232159213685,0.3468435198704536,0.27851288809788644,-1.1667007602323687,1.0
2001-01-31,0.02190232159213685,0.3468435198704536,0.27851288809788644,-1.1667007602323687,1.0
2001-02-01,0.02190232159213685,0.3468435198704536,0.27851288809788644,-1.1667007602323687,1.0
2001-02-02,0.045384672489575596,0.2907975398154559,0.26435812160043654,-0.9283348884465484,0.0
2001-02-03,0.045384672489575596,0.2907975398154559,0.26435812160043654,-0.9283348884465484,0.0
2001-02-04,0.045384672489575596,0.2907975398154559,0.26435812160043654,-0.9283348884465484,0.0
2001-02-05,0.045384672489575596,0.2907975398154559,0.26435812160043654,-0.9283348884465484,0.0
2001-02-06,0.045384672489575596,0.2907975398154559,0.26435812160043654,-0.9283348884465484,0.0
2001-02-07,0.045384672489575596,0.2907975398154559,0.26435812160043654,-0.9283348884465484,0.0
2001-02-08,0.045384672489575596,0.2907975398154559,0.26435812160043654,-0.9283348884465484,0.0
2001-02-09,0.045384672489575596,0.2907975398154559,0.26435812160043654,-0.9283348884465484,0.0
2001-02-10,0.045384672489575596,0.2907975398154559,0.26435812160043654,-0.9283348884465484,0.0
2001-02-11,0.045384672489575596,0.2907975398154559,0.26435812160043654,-0.9283348884465484,0.0
2001-02-12,0.045384672489575596,0.2907975398154559,0.26435812160043654,-0.9283348884465484,0.0
2001-02-13,0.045384672489575596,0.2907975398154559,0.26435812160043654,-0.9283348884465484,0.0
2001-02-14,0.045384672489575596,0.2907975398154559,0.26435812160043654,-0.9283348884465484,0.0
2001-02-15,0.045384672489575596,0.2907975398154559,0.26435812160043654,-0.9283348884465484,0.0
2001-02-16,0.045384672489575596,0.2907975398154559,0.26435812160043654,-0.9283348884465484,0.0
2001-02-17,0.045384672489575596,0.2907975398154559,0.26435812160043654,-0.9283348884465484,0.0
2001-02-18,0.06651837999268032,0.23927319245857684,0.2396844841312474,-0.7207592643806627,0.0
2001-02-19,0.06651837999268032,0.23927319245857684,0.2396844841312474,-0.7207592643806627,0.0
2001-02-20,0.06651837999268032,0.23927319245857684,0.2396844841312474,-0.7207592643806627,0.0
2001-02-21,0.06651837999268032,0.23927319245857684,0.2396844841312474,-0.7207592643806627,0.0
2001-02-22,0.06651837999268032,0.23927319245857684,0.2396844841312474,-0.7207592643806627,0.0
2001-02-23,0.06651837999268032,0.23927319245857684,0.2396844841312474,-0.7207592643806627,0.0
2001-02-24,0.06651837999268032,0.23927319245857684,0.2396844841312474,-0.7207592643806627,0.0
2001-02-25,0.06651837999268032,0.23927319245857684,0.2396844841312474,-0.7207592643806627,0.0
2001-02-26,0.06651837999268032,0.23927319245857684,0.2396844841312474,-0.7207592643806627,0.0
2001-02-27,0.06651837999268032,0.23927319245857684,0.2396844841312474,-0.7207592643806627,0.0
2001-02-28,0.06651837999268032,0.23927319245857684,0.2396844841312474,-0.7207592643806627,0.0
2001-03-01,0.06651837999268032,0.23927319245857684,0.2396844841312474,-0.7207592643806627,0.0
2001-03-02,0.06651837999268032,0.23927319245857684,0.2396844841312474,-0.7207592643806627,0.0
2001-03-03,0.06651837999268032,0.23927319245857684,0.2396844841312474,-0.7207592643806627,0.0
2001-03-04,0.06651837999268032,0.23927319245857684,0.2396844841312474,-0.7207592643806627,0.0
2001-03-05,0.06651837999268032,0.23927319245857684,0.2396844841312474,-0.7207592643806627,0.0
2001-03-06,0.09040488822221059,0.19109592862079308,0.20044976423780103,-0.5023255616261487,0.0
2001-03-07,0.09040488822221059,0.19109592862079308,0.20044976423780103,-0.5023255616261487,0.0
2001-03-08,0.09040488822221059,0.19109592862079308,0.20044976423780103,-0.5023255616261487,0.0
2001-03-09,0.09040488822221059,0.19109592862079308,0.20044976423780103,-0.5023255616261487,0.0
2001-03-10,0.09040488822221059,0.19109592862079308,0.20044976423780103,-0.5023255616261487,0.0
2001-03-11,0.09040488822221059,0.19109592862079308,0.20044976423780103,-0.5023255616261487,0.0
2001-03-12,0.09040488822221059,0.19109592862079308,0.20044976423780103,-0.5023255616261487,0.0
2001-03-13,0.09040488822221059,0.19109592862079308,0.20044976423780103,-0.5023255616261487,0.0
2001-03-14,0.09040488822221059,0.19109592862079308,0.20044976423780103,-0.5023255616261487,0.0
2001-03-15,0.09040488822221059,0.19109592862079308,0.20044976423780103,-0.5023255616261487,0.0
2001-03-16,0.09040488822221059,0.19109592862079308,0.20044976423780103,-0.5023255616261487,0.0
2001-03-17,0.09040488822221059,0.19109592862079308,0.20044976423780103,-0.5023255616261487,0.0
2001-03-18,0.09040488822221059,0.19109592862079308,0.20044976423780103,-0.5023255616261487,0.0
2001-03-19,0.09040488822221059,0.19109592862079308,0.20044976423780103,-0.5023255616261487,0.0
2001-03-20,0.09040488822221059,0.19109592862079308,0.20044976423780103,-0.5023255616261487,0.0
2001-03-21,0.09040488822221059,0.19109592862079308,0.20044976423780103,-0.5023255616261487,0.0
2001-03-22,0.13851868876344947,0.1539309491104606,0.15765473994793094,-0.09775957482852322,0.0
2001-03-23,0.13851868876344947,0.1539309491104606,0.15765473994793094,-0.09775957482852322,0.0
2001-03-24,0.13851868876344947,0.1539309491104606,0.15765473994793094,-0.09775957482852322,0.0
2001-03-25,0.13851868876344947,0.1539309491104606,0.15765473994793094,-0.09775957482852322,0.0
2001-03-26,0.13851868876344947,0.1539309491104606,0.15765473994793094,-0.09775957482852322,0.0
2001-03-27,0.13851868876344947,0.1539309491104606,0.15765473994793094,-0.09775957482852322,0.0
2001-03-28,0.13851868876344947,0.1539309491104606,0.15765473994793094,-0.09775957482852322,0.0
2001-03-29,0.13851868876344947,0.1539309491104606,0.15765473994793094,-0.09775957482852322,0.0
2001-03-30,0.13851868876344947,0.1539309491104606,0.15765473994793094,-0.09775957482852322,0.0
2001-03-31,0.13851868876344947,0.1539309491104606,0.15765473994793094,-0.09775957482852322,0.0
2001-04-01,0.13851868876344947,0.1539309491104606,0.15765473994793094,-0.09775957482852322,0.0
2001-04-02,0.13851868876344947,0.1539309491104606,0.15765473994793094,-0.09775957482852322,0.0
2001-04-03,0.13851868876344947,0.1539309491104606,0.15765473994793094,-0.09775957482852322,0.0
2001-04-04,0.13851868876344947,0.1539309491104606,0.15765473994793094,-0.09775957482852322,0.0
2001-04-05,0.13851868876344947,0.1539309491104606,0.15765473994793094,-0.09775957482852322,0.0
2001-04-06,0.13851868876344947,0.1539309491104606,0.15765473994793094,-0.09775957482852322,0.0
2001-04-07,0.28088052885440135,0.1372483868082962,0.12762191842755652,1.1254504227472233,-1.0
2001-04-08,0.28088052885440135,0.1372483868082962,0.12762191842755652,1.1254504227472233,-1.0
2001-04-09,0.28088052885440135,0.1372483868082962,0.12762191842755652,1.1254504227472233,-1.0
2001-04-10,0.28088052885440135,0.1372483868082962,0.12762191842755652,1.1254504227472233,-1.0
2001-04-11,0.28088052885440135,0.1372483868082962,0.12762191842755652,1.1254504227472233,-1.0
2001-04-12,0.28088052885440135,0.1372483868082962,0.12762191842755652,1.1254504227472233,-1.0
2001-04-13,0.28088052885440135,0.1372483868082962,0.12762191842755652,1.1254504227472233,-1.0
2001-04-14,0.28088052885440135,0.1372483868082962,0.12762191842755652,1.1254504227472233,-1.0
2001-04-15,0.28088052885440135,0.1372483868082962,0.12762191842755652,1.1254504227472233,-1.0
2001-04-16,0.28088052885440135,0.1372483868082962,0.12762191842755652,1.1254504227472233,-1.0
2001-04-17,0.28088052885440135,0.1372483868082962,0.12762191842755652,1.1254504227472233,-1.0
2001-04-18,0.28088052885440135,0.1372483868082962,0.12762191842755652,1.1254504227472233,-1.0
2001-04-19,0.28088052885440135,0.1372483868082962,0.12762191842755652,1.1254504227472233,-1.0
2001-04-20,0.28088052885440135,0.1372483868082962,0.12762191842755652,1.1254504227472233,-1.0
2001-04-21,0.28088052885440135,0.1372483868082962,0.12762191842755652,1.1254504227472233,-1.0
2001-04-22,0.28088052885440135,0.1372483868082962,0.12762191842755652,1.1254504227472233,-1.0
2001-04-23,0.3526128915841818,0.1336058201192373,0.11994829621846226,1.8258456215673637,-1.0
2001-04-24,0.3526128915841818,0.1336058201192373,0.11994829621846226,1.8258456215673637,-1.0
2001-04-25,0.3526128915841818,0.1336058201192373,0.11994829621846226,1.8258456215673637,-1.0
2001-04-26,0.3526128915841818,0.1336058201192373,0.11994829621846226,1.8258456215673637,-1.0
2001-04-27,0.3526128915841818,0.1336058201192373,0.11994829621846226,1.8258456215673637,-1.0
2001-04-28,0.3526128915841818,0.1336058201192373,0.11994829621846226,1.8258456215673637,-1.0
2001-04-29,0.3526128915841818,0.1336058201192373,0.11994829621846226,1.8258456215673637,-1.0
2001-04-30,0.3526128915841818,0.1336058201192373,0.11994829621846226,1.8258456215673637,-1.0
2001-05-01,0.3526128915841818,0.1336058201192373,0.11994829621846226,1.8258456215673637,-1.0
2001-05-02,0.3526128915841818,0.1336058201192373,0.11994829621846226,1.8258456215673637,-1.0
2001-05-03,0.3526128915841818,0.1336058201192373,0.11994829621846226,1.8258456215673637,-1.0
2001-05-04,0.3526128915841818,0.1336058201192373,0.11994829621846226,1.8258456215673637,-1.0
2001-05-05,0.3526128915841818,0.1336058201192373,0.11994829621846226,1.8258456215673637,-1.0
2001-05-06,0.3526128915841818,0.1336058201192373,0.11994829621846226,1.8258456215673637,-1.0
2001-05-07,0.3526128915841818,0.1336058201192373,0.11994829621846226,1.8258456215673637,-1.0
2001-05-08,0.3526128915841818,0.1336058201192373,0.11994829621846226,1.8258456215673637,-1.0
2001-05-09,0.466961796038987,0.14576132528421767,0.14537231029489486,2.2095024155783065,-1.0
2001-05-10,0.466961796038987,0.14576132528421767,0.14537231029489486,2.2095024155783065,-1.0
2001-05-11,0.466961796038987,0.14576132528421767,0.14537231029489486,2.2095024155783065,-1.0
2001-05-12,0.466961796038987,0.14576132528421767,0.14537231029489486,2.2095024155783065,-1.0
2001-05-13,0.466961796038987,0.14576132528421767,0.14537231029489486,2.2095024155783065,-1.0
2001-05-14,0.466961796038987,0.14576132528421767,0.14537231029489486,2.2095024155783065,-1.0
2001-05-15,0.466961796038987,0.14576132528421767,0.14537231029489486,2.2095024155783065,-1.0
2001-05-16,0.466961796038987,0.14576132528421767,0.14537231029489486,2.2095024155783065,-1.0
2001-05-17,0.466961796038987,0.14576132528421767,0.14537231029489486,2.2095024155783065,-1.0
2001-05-18,0.466961796038987,0.14576132528421767,0.14537231029489486,2.2095024155783065,-1.0
2001-05-19,0.466961796038987,0.14576132528421767,0.14537231029489486,2.2095024155783065,-1.0
2001-05-20,0.466961796038987,0.14576132528421767,0.14537231029489486,2.2095024155783065,-1.0
2001-05-21,0.466961796038987,0.14576132528421767,0.14537231029489486,2.2095024155783065,-1.0
2001-05-22,0.466961796038987,0.14576132528421767,0.14537231029489486,2.2095024155783065,-1.0
2001-05-23,0.466961796038987,0.14576132528421767,0.14537231029489486,2.2095024155783065,-1.0
2001-05-24,0.466961796038987,0.14576132528421767,0.14537231029489486,2.2095024155783065,-1.0
2001-05-25,0.549542479749023,0.18051407831254163,0.18606810991881315,1.9832974151105156,-1.0
2001-05-26,0.549542479749023,0.18051407831254163,0.18606810991881315,1.9832974151105156,-1.0
2001-05-27,0.549542479749023,0.18051407831254163,0.18606810991881315,1.9832974151105156,-1.0
2001-05-28,0.549542479749023,0.18051407831254163,0.18606810991881315,1.9832974151105156,-1.0
2001-05-29,0.549542479749023,0.18051407831254163,0.18606810991881315,1.9832974151105156,-1.0
2001-05-30,0.549542479749023,0.18051407831254163,0.18606810991881315,1.9832974151105156,-1.0
2001-05-31,0.549542479749023,0.18051407831254163,0.18606810991881315,1.9832974151105156,-1.0
2001-06-01,0.549542479749023,0.18051407831254163,0.18606810991881315,1.9832974151105156,-1.0
2001-06-02,0.549542479749023,0.18051407831254163,0.18606810991881315,1.9832974151105156,-1.0
2001-06-03,0.549542479749023,0.18051407831254163,0.18606810991881315,1.9832974151105156,-1.0
2001-06-04,0.549542479749023,0.18051407831254163,0.18606810991881315,1.9832974151105156,-1.0
2001-06-05,0.549542479749023,0.18051407831254163,0.18606810991881315,1.9832974151105156,-1.0
2001-06-06,0.549542479749023,0.18051407831254163,0.18606810991881315,1.9832974151105156,-1.0
2001-06-07,0.549542479749023,0.18051407831254163,0.18606810991881315,1.9832974151105156,-1.0
2001-06-08,0.549542479749023,0.18051407831254163,0.18606810991881315,1.9832974151105156,-1.0
2001-06-09,0.549542479749023,0.18051407831254163,0.18606810991881315,1.9832974151105156,-1.0
2001-06-10,0.5657057243218536,0.2179504955893575,0.21496040409251393,1.6177641189343428,-1.0
2001-06-11,0.5657057243218536,0.2179504955893575,0.21496040409251393,1.6177641189343428,-1.0
2001-06-12,0.5657057243218536,0.2179504955893575,0.21496040409251393,1.6177641189343428,-1.0
2001-06-13,0.5657057243218536,0.2179504955893575,0.21496040409251393,1.6177641189343428,-1.0
2001-06-14,0.5657057243218536,0.2179504955893575,0.21496040409251393,1.6177641189343428,-1.0
2001-06-15,0.5657057243218536,0.2179504955893575,0.21496040409251393,1.6177641189343428,-1.0
2001-06-16,0.5657057243218536,0.2179504955893575,0.21496040409251393,1.6177641189343428,-1.0
2001-06-17,0.5657057243218536,0.2179504955893575,0.21496040409251393,1.6177641189343428,-1.0
2001-06-18,0.5657057243218536,0.2179504955893575,0.21496040409251393,1.6177641189343428,-1.0
2001-06-19,0.5657057243218536,0.2179504955893575,0.21496040409251393,1.6177641189343428,-1.0
2001-06-20,0.5657057243218536,0.2179504955893575,0.21496040409251393,1.6177641189343428,-1.0
2001-06-21,0.5657057243218536,0.2179504955893575,0.21496040409251393,1.6177641189343428,-1.0
2001-06-22,0.5657057243218536,0.2179504955893575,0.21496040409251393,1.6177641189343428,-1.0
2001-06-23,0.5657057243218536,0.2179504955893575,0.21496040409251393,1.6177641189343428,-1.0
2001-06-24,0.5657057243218536,0.2179504955893575,0.21496040409251393,1.6177641189343428,-1.0
2001-06-25,0.5657057243218536,0.2179504955893575,0.21496040409251393,1.6177641189343428,-1.0
2001-06-26,0.679326071412611,0.27288053342487345,0.24230495133292052,1.6774132585895543,-1.0
2001-06-27,0.679326071412611,0.27288053342487345,0.24230495133292052,1.6774132585895543,-1.0
2001-06-28,0.679326071412611,0.27288053342487345,0.24230495133292052,1.6774132585895543,-1.0
2001-06-29,0.679326071412611,0.27288053342487345,0.24230495133292052,1.6774132585895543,-1.0
2001-06-30,0.679326071412611,0.27288053342487345,0.24230495133292052,1.6774132585895543,-1.0
2001-07-01,0.679326071412611,0.27288053342487345,0.24230495133292052,1.6774132585895543,-1.0
2001-07-02,0.679326071412611,0.27288053342487345,0.24230495133292052,1.6774132585895543,-1.0
2001-07-03,0.679326071412611,0.27288053342487345,0.24230495133292052,1.6774132585895543,-1.0
2001-07-04,0.679326071412611,0.27288053342487345,0.24230495133292052,1.6774132585895543,-1.0
2001-07-05,0.679326071412611,0.27288053342487345,0.24230495133292052,1.6774132585895543,-1.0
2001-07-06,0.679326071412611,0.27288053342487345,0.24230495133292052,1.6774132585895543,-1.0
2001-07-07,0.679326071412611,0.27288053342487345,0.24230495133292052,1.6774132585895543,-1.0
2001-07-08,0.679326071412611,0.27288053342487345,0.24230495133292052,1.6774132585895543,-1.0
2001-07-09,0.679326071412611,0.27288053342487345,0.24230495133292052,1.6774132585895543,-1.0
2001-07-10,0.679326071412611,0.27288053342487345,0.24230495133292052,1.6774132585895543,-1.0
2001-07-11,0.679326071412611,0.27288053342487345,0.24230495133292052,1.6774132585895543,-1.0
2001-07-12,0.729363786027643,0.3322601857540628,0.26047527584255664,1.52453471443335,-1.0
2001-07-13,0.729363786027643,0.3322601857540628,0.26047527584255664,1.52453471443335,-1.0
2001-07-14,0.729363786027643,0.3322601857540628,0.26047527584255664,1.52453471443335,-1.0
2001-07-15,0.729363786027643,0.3322601857540628,0.26047527584255664,1.52453471443335,-1.0
2001-07-16,0.729363786027643,0.3322601857540628,0.26047527584255664,1.52453471443335,-1.0
2001-07-17,0.729363786027643,0.3322601857540628,0.26047527584255664,1.52453471443335,-1.0
2001-07-18,0.729363786027643,0.3322601857540628,0.26047527584255664,1.52453471443335,-1.0
2001-07-19,0.729363786027643,0.3322601857540628,0.26047527584255664,1.52453471443335,-1.0
2001-07-20,0.729363786027643,0.3322601857540628,0.26047527584255664,1.52453471443335,-1.0
2001-07-21,0.729363786027643,0.3322601857540628,0.26047527584255664,1.52453471443335,-1.0
2001-07-22,0.729363786027643,0.3322601857540628,0.26047527584255664,1.52453471443335,-1.0
2001-07-23,0.729363786027643,0.3322601857540628,0.26047527584255664,1.52453471443335,-1.0
2001-07-24,0.729363786027643,0.3322601857540628,0.26047527584255664,1.52453471443335,-1.0
2001-07-25,0.729363786027643,0.3322601857540628,0.26047527584255664,1.52453471443335,-1.0
2001-07-26,0.729363786027643,0.3322601857540628,0.26047527584255664,1.52453471443335,-1.0
2001-07-27,0.729363786027643,0.3322601857540628,0.26047527584255664,1.52453471443335,-1.0
2001-07-28,0.7534154735904746,0.3932196150872576,0.26676142063098746,1.350254686945448,-1.0
2001-07-29,0.7534154735904746,0.3932196150872576,0.26676142063098746,1.350254686945448,-1.0
2001-07-30,0.7534154735904746,0.3932196150872576,0.26676142063098746,1.350254686945448,-1.0
2001-07-31,0.7534154735904746,0.3932196150872576,0.26676142063098746,1.350254686945448,-1.0
2001-08-01,0.7534154735904746,0.3932196150872576,0.26676142063098746,1.350254686945448,-1.0
2001-08-02,0.7534154735904746,0.3932196150872576,0.26676142063098746,1.350254686945448,-1.0
2001-08-03,0.7534154735904746,0.3932196150872576,0.26676142063098746,1.350254686945448,-1.0
2001-08-04,0.7534154735904746,0.3932196150872576,0.26676142063098746,1.350254686945448,-1.0
2001-08-05,0.7534154735904746,0.3932196150872576,0.26676142063098746,1.350254686945448,-1.0
2001-08-06,0.7534154735904746,0.3932196150872576,0.26676142063098746,1.350254686945448,-1.0
2001-08-07,0.7534154735904746,0.3932196150872576,0.26676142063098746,1.350254686945448,-1.0
2001-08-08,0.7534154735904746,0.3932196150872576,0.26676142063098746,1.350254686945448,-1.0
2001-08-09,0.7534154735904746,0.3932196150872576,0.26676142063098746,1.350254686945448,-1.0
2001-08-10,0.7534154735904746,0.3932196150872576,0.26676142063098746,1.350254686945448,-1.0
2001-08-11,0.7534154735904746,0.3932196150872576,0.26676142063098746,1.350254686945448,-1.0
2001-08-12,0.7534154735904746,0.3932196150872576,0.26676142063098746,1.350254686945448,-1.0
2001-08-13,0.7123897528025083,0.448803371780002,0.2570079574869919,1.0255961862030958,-1.0
2001-08-14,0.7123897528025083,0.448803371780002,0.2570079574869919,1.0255961862030958,-1.0
2001-08-15,0.7123897528025083,0.448803371780002,0.2570079574869919,1.0255961862030958,-1.0
2001-08-16,0.7123897528025083,0.448803371780002,0.2570079574869919,1.0255961862030958,-1.0
2001-08-17,0.7123897528025083,0.448803371780002,0.2570079574869919,1.0255961862030958,-1.0
2001-08-18,0.7123897528025083,0.448803371780002,0.2570079574869919,1.0255961862030958,-1.0
2001-08-19,0.7123897528025083,0.448803371780002,0.2570079574869919,1.0255961862030958,-1.0
2001-08-20,0.7123897528025083,0.448803371780002,0.2570079574869919,1.0255961862030958,-1.0
2001-08-21,0.7123897528025083,0.448803371780002,0.2570079574869919,1.0255961862030958,-1.0
2001-08-22,0.7123897528025083,0.448803371780002,0.2570079574869919,1.0255961862030958,-1.0
2001-08-23,0.7123897528025083,0.448803371780002,0.2570079574869919,1.0255961862030958,-1.0
2001-08-24,0.7123897528025083,0.448803371780002,0.2570079574869919,1.0255961862030958,-1.0
2001-08-25,0.7123897528025083,0.448803371780002,0.2570079574869919,1.0255961862030958,-1.0
2001-08-26,0.7123897528025083,0.448803371780002,0.2570079574869919,1.0255961862030958,-1.0
2001-08-27,0.7123897528025083,0.448803371780002,0.2570079574869919,1.0255961862030958,-1.0
2001-08-28,0.7123897528025083,0.448803371780002,0.2570079574869919,1.0255961862030958,-1.0
2001-08-29,0.66957011793081,0.4990576832748461,0.2333304686690147,0.7307765489377223,0.0
2001-08-30,0.66957011793081,0.4990576832748461,0.2333304686690147,0.7307765489377223,0.0
2001-08-31,0.66957011793081,0.4990576832748461,0.2333304686690147,0.7307765489377223,0.0
2001-09-01,0.66957011793081,0.4990576832748461,0.2333304686690147,0.7307765489377223,0.0
2001-09-02,0.66957011793081,0.4990576832748461,0.2333304686690147,0.7307765489377223,0.0
2001-09-03,0.66957011793081,0.4990576832748461,0.2333304686690147,0.7307765489377223,0.0
2001-09-04,0.66957011793081,0.4990576832748461,0.2333304686690147,0.7307765489377223,0.0
2001-09-05,0.66957011793081,0.4990576832748461,0.2333304686690147,0.7307765489377223,0.0
2001-09-06,0.66957011793081,0.4990576832748461,0.2333304686690147,0.7307765489377223,0.0
2001-09-07,0.66957011793081,0.4990576832748461,0.2333304686690147,0.7307765489377223,0.0
2001-09-08,0.66957011793081,0.4990576832748461,0.2333304686690147,0.7307765489377223,0.0
2001-09-09,0.66957011793081,0.4990576832748461,0.2333304686690147,0.7307765489377223,0.0
2001-09-10,0.66957011793081,0.4990576832748461,0.2333304686690147,0.7307765489377223,0.0
2001-09-11,0.66957011793081,0.4990576832748461,0.2333304686690147,0.7307765489377223,0.0
2001-09-12,0.66957011793081,0.4990576832748461,0.2333304686690147,0.7307765489377223,0.0
2001-09-13,0.66957011793081,0.4990576832748461,0.2333304686690147,0.7307765489377223,0.0
2001-09-14,0.5904256666884344,0.5407260814803648,0.19525976178202228,0.2545306045366972,0.0
2001-09-15,0.5904256666884344,0.5407260814803648,0.19525976178202228,0.2545306045366972,0.0
2001-09-16,0.5904256666884344,0.5407260814803648,0.19525976178202228,0.2545306045366972,0.0
2001-09-17,0.5904256666884344,0.5407260814803648,0.19525976178202228,0.2545306045366972,0.0
2001-09-18,0.5904256666884344,0.5407260814803648,0.19525976178202228,0.2545306045366972,0.0
2001-09-19,0.5904256666884344,0.5407260814803648,0.19525976178202228,0.2545306045366972,0.0
2001-09-20,0.5904256666884344,0.5407260814803648,0.19525976178202228,0.2545306045366972,0.0
2001-09-21,0.5904256666884344,0.5407260814803648,0.19525976178202228,0.2545306045366972,0.0
2001-09-22,0.5904256666884344,0.5407260814803648,0.19525976178202228,0.2545306045366972,0.0
2001-09-23,0.5904256666884344,0.5407260814803648,0.19525976178202228,0.2545306045366972,0.0
2001-09-24,0.5904256666884344,0.5407260814803648,0.19525976178202228,0.2545306045366972,0.0
2001-09-25,0.5904256666884344,0.5407260814803648,0.19525976178202228,0.2545306045366972,0.0
2001-09-26,0.5904256666884344,0.5407260814803648,0.19525976178202228,0.2545306045366972,0.0
2001-09-27,0.5904256666884344,0.5407260814803648,0.19525976178202228,0.2545306045366972,0.0
2001-09-28,0.5904256666884344,0.5407260814803648,0.19525976178202228,0.2545306045366972,0.0
2001-09-29,0.5904256666884344,0.5407260814803648,0.19525976178202228,0.2545306045366972,0.0
2001-09-30,0.48996895463222884,0.5700136036360964,0.15072627568614153,-0.5310596884284806,0.0
2001-10-01,0.48996895463222884,0.5700136036360964,0.15072627568614153,-0.5310596884284806,0.0
2001-10-02,0.48996895463222884,0.5700136036360964,0.15072627568614153,-0.5310596884284806,0.0
2001-10-03,0.48996895463222884,0.5700136036360964,0.15072627568614153,-0.5310596884284806,0.0
2001-10-04,0.48996895463222884,0.5700136036360964,0.15072627568614153,-0.5310596884284806,0.0
2001-10-05,0.48996895463222884,0.5700136036360964,0.15072627568614153,-0.5310596884284806,0.0
2001-10-06,0.48996895463222884,0.5700136036360964,0.15072627568614153,-0.5310596884284806,0.0
2001-10-07,0.48996895463222884,0.5700136036360964,0.15072627568614153,-0.5310596884284806,0.0
2001-10-08,0.48996895463222884,0.5700136036360964,0.15072627568614153,-0.5310596884284806,0.0
2001-10-09,0.48996895463222884,0.5700136036360964,0.15072627568614153,-0.5310596884284806,0.0
2001-10-10,0.48996895463222884,0.5700136036360964,0.15072627568614153,-0.5310596884284806,0.0
2001-10-11,0.48996895463222884,0.5700136036360964,0.15072627568614153,-0.5310596884284806,0.0
2001-10-12,0.48996895463222884,0.5700136036360964,0.15072627568614153,-0.5310596884284806,0.0
2001-10-13,0.48996895463222884,0.5700136036360964,0.15072627568614153,-0.5310596884284806,0.0
2001-10-14,0.48996895463222884,0.5700136036360964,0.15072627568614153,-0.5310596884284806,0.0
2001-10-15,0.48996895463222884,0.5700136036360964,0.15072627568614153,-0.5310596884284806,0.0
2001-10-16,0.4109923645996496,0.5808562566148671,0.13148853183761106,-1.2918532866805459,1.0
2001-10-17,0.4109923645996496,0.5808562566148671,0.13148853183761106,-1.2918532866805459,1.0
2001-10-18,0.4109923645996496,0.5808562566148671,0.13148853183761106,-1.2918532866805459,1.0
2001-10-19,0.4109923645996496,0.5808562566148671,0.13148853183761106,-1.2918532866805459,1.0
2001-10-20,0.4109923645996496,0.5808562566148671,0.13148853183761106,-1.2918532866805459,1.0
2001-10-21,0.4109923645996496,0.5808562566148671,0.13148853183761106,-1.2918532866805459,1.0
2001-10-22,0.4109923645996496,0.5808562566148671,0.13148853183761106,-1.2918532866805459,1.0
2001-10-23,0.4109923645996496,0.5808562566148671,0.13148853183761106,-1.2918532866805459,1.0
2001-10-24,0.4109923645996496,0.5808562566148671,0.13148853183761106,-1.2918532866805459,1.0
2001-10-25,0.4109923645996496,0.5808562566148671,0.13148853183761106,-1.2918532866805459,1.0
2001-10-26,0.4109923645996496,0.5808562566148671,0.13148853183761106,-1.2918532866805459,1.0
2001-10-27,0.4109923645996496,0.5808562566148671,0.13148853183761106,-1.2918532866805459,1.0
2001-10-28,0.4109923645996496,0.5808562566148671,0.13148853183761106,-1.2918532866805459,1.0
2001-10-29,0.4109923645996496,0.5808562566148671,0.13148853183761106,-1.2918532866805459,1.0
2001-10-30,0.4109923645996496,0.5808562566148671,0.13148853183761106,-1.2918532866805459,1.0
2001-10-31,0.4109923645996496,0.5808562566148671,0.13148853183761106,-1.2918532866805459,1.0
2001-11-01,0.3846782943843687,0.5835283735148827,0.1266658634979761,-1.5698790000645386,1.0
2001-11-02,0.3846782943843687,0.5835283735148827,0.1266658634979761,-1.5698790000645386,1.0
2001-11-03,0.3846782943843687,0.5835283735148827,0.1266658634979761,-1.5698790000645386,1.0
2001-11-04,0.3846782943843687,0.5835283735148827,0.1266658634979761,-1.5698790000645386,1.0
2001-11-05,0.3846782943843687,0.5835283735148827,0.1266658634979761,-1.5698790000645386,1.0
2001-11-06,0.3846782943843687,0.5835283735148827,0.1266658634979761,-1.5698790000645386,1.0
2001-11-07,0.3846782943843687,0.5835283735148827,0.1266658634979761,-1.5698790000645386,1.0
2001-11-08,0.3846782943843687,0.5835283735148827,0.1266658634979761,-1.5698790000645386,1.0
2001-11-09,0.3846782943843687,0.5835283735148827,0.1266658634979761,-1.5698790000645386,1.0
2001-11-10,0.3846782943843687,0.5835283735148827,0.1266658634979761,-1.5698790000645386,1.0
2001-11-11,0.3846782943843687,0.5835283735148827,0.1266658634979761,-1.5698790000645386,1.0
2001-11-12,0.3846782943843687,0.5835283735148827,0.1266658634979761,-1.5698790000645386,1.0
2001-11-13,0.3846782943843687,0.5835283735148827,0.1266658634979761,-1.5698790000645386,1.0
2001-11-14,0.3846782943843687,0.5835283735148827,0.1266658634979761,-1.5698790000645386,1.0
2001-11-15,0.3846782943843687,0.5835283735148827,0.1266658634979761,-1.5698790000645386,1.0
2001-11-16,0.3846782943843687,0.5835283735148827,0.1266658634979761,-1.5698790000645386,1.0
2001-11-17,0.351155905070548,0.573877882600846,0.14005786600884051,-1.5902139870975882,1.0
2001-11-18,0.351155905070548,0.573877882600846,0.14005786600884051,-1.5902139870975882,1.0
2001-11-19,0.351155905070548,0.573877882600846,0.14005786600884051,-1.5902139870975882,1.0
2001-11-20,0.351155905070548,0.573877882600846,0.14005786600884051,-1.5902139870975882,1.0
2001-11-21,0.351155905070548,0.573877882600846,0.14005786600884051,-1.5902139870975882,1.0
2001-11-22,0.351155905070548,0.573877882600846,0.14005786600884051,-1.5902139870975882,1.0
2001-11-23,0.351155905070548,0.573877882600846,0.14005786600884051,-1.5902139870975882,1.0
2001-11-24,0.351155905070548,0.573877882600846,0.14005786600884051,-1.5902139870975882,1.0
2001-11-25,0.351155905070548,0.573877882600846,0.14005786600884051,-1.5902139870975882,1.0
2001-11-26,0.351155905070548,0.573877882600846,0.14005786600884051,-1.5902139870975882,1.0
2001-11-27,0.351155905070548,0.573877882600846,0.14005786600884051,-1.5902139870975882,1.0
2001-11-28,0.351155905070548,0.573877882600846,0.14005786600884051,-1.5902139870975882,1.0
2001-11-29,0.351155905070548,0.573877882600846,0.14005786600884051,-1.5902139870975882,1.0
2001-11-30,0.351155905070548,0.573877882600846,0.14005786600884051,-1.5902139870975882,1.0
2001-12-01,0.351155905070548,0.573877882600846,0.14005786600884051,-1.5902139870975882,1.0
2001-12-02,0.351155905070548,0.573877882600846,0.14005786600884051,-1.5902139870975882,1.0
2001-12-03,0.2670802452446332,0.5503393630588137,0.1658756653118341,-1.7076592716699832,1.0
2001-12-04,0.2670802452446332,0.5503393630588137,0.1658756653118341,-1.7076592716699832,1.0
2001-12-05,0.2670802452446332,0.5503393630588137,0.1658756653118341,-1.7076592716699832,1.0
2001-12-06,0.2670802452446332,0.5503393630588137,0.1658756653118341,-1.7076592716699832,1.0
2001-12-07,0.2670802452446332,0.5503393630588137,0.1658756653118341,-1.7076592716699832,1.0
2001-12-08,0.2670802452446332,0.5503393630588137,0.1658756653118341,-1.7076592716699832,1.0
2001-12-09,0.2670802452446332,0.5503393630588137,0.1658756653118341,-1.7076592716699832,1.0
2001-12-10,0.2670802452446332,0.5503393630588137,0.1658756653118341,-1.7076592716699832,1.0
2001-12-11,0.2670802452446332,0.5503393630588137,0.1658756653118341,-1.7076592716699832,1.0
2001-12-12,0.2670802452446332,0.5503393630588137,0.1658756653118341,-1.7076592716699832,1.0
2001-12-13,0.2670802452446332,0.5503393630588137,0.1658756653118341,-1.7076592716699832,1.0
2001-12-14,0.2670802452446332,0.5503393630588137,0.1658756653118341,-1.7076592716699832,1.0
2001-12-15,0.2670802452446332,0.5503393630588137,0.1658756653118341,-1.7076592716699832,1.0
2001-12-16,0.2670802452446332,0.5503393630588137,0.1658756653118341,-1.7076592716699832,1.0
2001-12-17,0.2670802452446332,0.5503393630588137,0.1658756653118341,-1.7076592716699832,1.0
2001-12-18,0.2670802452446332,0.5503393630588137,0.1658756653118341,-1.7076592716699832,1.0
2001-12-19,0.22061914719043818,0.5215821482978623,0.19098254719243365,-1.575866515196147,1.0
2001-12-20,0.22061914719043818,0.5215821482978623,0.19098254719243365,-1.575866515196147,1.0
2001-12-21,0.22061914719043818,0.5215821482978623,0.19098254719243365,-1.575866515196147,1.0
2001-12-22,0.22061914719043818,0.5215821482978623,0.19098254719243365,-1.575866515196147,1.0
2001-12-23,0.22061914719043818,0.5215821482978623,0.19098254719243365,-1.575866515196147,1.0
2001-12-24,0.22061914719043818,0.5215821482978623,0.19098254719243365,-1.575866515196147,1.0
2001-12-25,0.22061914719043818,0.5215821482978623,0.19098254719243365,-1.575866515196147,1.0
2001-12-26,0.22061914719043818,0.5215821482978623,0.19098254719243365,-1.575866515196147,1.0
2001-12-27,0.22061914719043818,0.5215821482978623,0.19098254719243365,-1.575866515196147,1.0
2001-12-28,0.22061914719043818,0.5215821482978623,0.19098254719243365,-1.575866515196147,1.0
2001-12-29,0.22061914719043818,0.5215821482978623,0.19098254719243365,-1.575866515196147,1.0
2001-12-30,0.22061914719043818,0.5215821482978623,0.19098254719243365,-1.575866515196147,1.0
2001-12-31,0.22061914719043818,0.5215821482978623,0.19098254719243365,-1.575866515196147,1.0
2002-01-01,0.19162773514396406,0.4809406202754751,0.20568812016196208,-1.4065609861362018,1.0
2002-01-02,0.19162773514396406,0.4809406202754751,0.20568812016196208,-1.4065609861362018,1.0
2002-01-03,0.19162773514396406,0.4809406202754751,0.20568812016196208,-1.4065609861362018,1.0
2002-01-04,0.19162773514396406,0.4809406202754751,0.20568812016196208,-1.4065609861362018,1.0
2002-01-05,0.19162773514396406,0.4809406202754751,0.20568812016196208,-1.4065609861362018,1.0
2002-01-06,0.19162773514396406,0.4809406202754751,0.20568812016196208,-1.4065609861362018,1.0
2002-01-07,0.19162773514396406,0.4809406202754751,0.20568812016196208,-1.4065609861362018,1.0
2002-01-08,0.19162773514396406,0.4809406202754751,0.20568812016196208,-1.4065609861362018,1.0
2002-01-09,0.19162773514396406,0.4809406202754751,0.20568812016196208,-1.4065609861362018,1.0
2002-01-10,0.19162773514396406,0.4809406202754751,0.20568812016196208,-1.4065609861362018,1.0
2002-01-11,0.19162773514396406,0.4809406202754751,0.20568812016196208,-1.4065609861362018,1.0
2002-01-12,0.19162773514396406,0.4809406202754751,0.20568812016196208,-1.4065609861362018,1.0
2002-01-13,0.19162773514396406,0.4809406202754751,0.20568812016196208,-1.4065609861362018,1.0
2002-01-14,0.19162773514396406,0.4809406202754751,0.20568812016196208,-1.4065609861362018,1.0
2002-01-15,0.19162773514396406,0.4809406202754751,0.20568812016196208,-1.4065609861362018,1.0
2002-01-16,0.19162773514396406,0.4809406202754751,0.20568812016196208,-1.4065609861362018,1.0
2002-01-17,0.1557782326230518,0.4331418241584258,0.20932433309275736,-1.3250422797834334,1.0
2002-01-18,0.1557782326230518,0.4331418241584258,0.20932433309275736,-1.3250422797834334,1.0
2002-01-19,0.1557782326230518,0.4331418241584258,0.20932433309275736,-1.3250422797834334,1.0
2002-01-20,0.1557782326230518,0.4331418241584258,0.20932433309275736,-1.3250422797834334,1.0
2002-01-21,0.1557782326230518,0.4331418241584258,0.20932433309275736,-1.3250422797834334,1.0
2002-01-22,0.1557782326230518,0.4331418241584258,0.20932433309275736,-1.3250422797834334,1.0
2002-01-23,0.1557782326230518,0.4331418241584258,0.20932433309275736,-1.3250422797834334,1.0
2002-01-24,0.1557782326230518,0.4331418241584258,0.20932433309275736,-1.3250422797834334,1.0
2002-01-25,0.1557782326230518,0.4331418241584258,0.20932433309275736,-1.3250422797834334,1.0
2002-01-26,0.1557782326230518,0.4331418241584258,0.20932433309275736,-1.3250422797834334,1.0
2002-01-27,0.1557782326230518,0.4331418241584258,0.20932433309275736,-1.3250422797834334,1.0
2002-01-28,0.1557782326230518,0.4331418241584258,0.20932433309275736,-1.3250422797834334,1.0
2002-01-29,0.1557782326230518,0.4331418241584258,0.20932433309275736,-1.3250422797834334,1.0
2002-01-30,0.1557782326230518,0.4331418241584258,0.20932433309275736,-1.3250422797834334,1.0
2002-01-31,0.1557782326230518,0.4331418241584258,0.20932433309275736,-1.3250422797834334,1.0
2002-02-01,0.1557782326230518,0.4331418241584258,0.20932433309275736,-1.3250422797834334,1.0
2002-02-02,0.16887513896942707,0.38443012960667183,0.19558099015707064,-1.102126492273779,1.0
2002-02-03,0.16887513896942707,0.38443012960667183,0.19558099015707064,-1.102126492273779,1.0
2002-02-04,0.16887513896942707,0.38443012960667183,0.19558099015707064,-1.102126492273779,1.0
2002-02-05,0.16887513896942707,0.38443012960667183,0.19558099015707064,-1.102126492273779,1.0
2002-02-06,0.16887513896942707,0.38443012960667183,0.19558099015707064,-1.102126492273779,1.0
2002-02-07,0.16887513896942707,0.38443012960667183,0.19558099015707064,-1.102126492273779,1.0
2002-02-08,0.16887513896942707,0.38443012960667183,0.19558099015707064,-1.102126492273779,1.0
2002-02-09,0.16887513896942707,0.38443012960667183,0.19558099015707064,-1.102126492273779,1.0
2002-02-10,0.16887513896942707,0.38443012960667183,0.19558099015707064,-1.102126492273779,1.0
2002-02-11,0.16887513896942707,0.38443012960667183,0.19558099015707064,-1.102126492273779,1.0
2002-02-12,0.16887513896942707,0.38443012960667183,0.19558099015707064,-1.102126492273779,1.0
2002-02-13,0.16887513896942707,0.38443012960667183,0.19558099015707064,-1.102126492273779,1.0
2002-02-14,0.16887513896942707,0.38443012960667183,0.19558099015707064,-1.102126492273779,1.0
2002-02-15,0.16887513896942707,0.38443012960667183,0.19558099015707064,-1.102126492273779,1.0
2002-02-16,0.16887513896942707,0.38443012960667183,0.19558099015707064,-1.102126492273779,1.0
2002-02-17,0.16887513896942707,0.38443012960667183,0.19558099015707064,-1.102126492273779,1.0
2002-02-18,0.17716532640405852,0.3398280940734677,0.17380769052302458,-0.9358778497080426,0.0
2002-02-19,0.17716532640405852,0.3398280940734677,0.17380769052302458,-0.9358778497080426,0.0
2002-02-20,0.17716532640405852,0.3398280940734677,0.17380769052302458,-0.9358778497080426,0.0
2002-02-21,0.17716532640405852,0.3398280940734677,0.17380769052302458,-0.9358778497080426,0.0
2002-02-22,0.17716532640405852,0.3398280940734677,0.17380769052302458,-0.9358778497080426,0.0
2002-02-23,0.17716532640405852,0.3398280940734677,0.17380769052302458,-0.9358778497080426,0.0
2002-02-24,0.17716532640405852,0.3398280940734677,0.17380769052302458,-0.9358778497080426,0.0
2002-02-25,0.17716532640405852,0.3398280940734677,0.17380769052302458,-0.9358778497080426,0.0
2002-02-26,0.17716532640405852,0.3398280940734677,0.17380769052302458,-0.9358778497080426,0.0
2002-02-27,0.17716532640405852,0.3398280940734677,0.17380769052302458,-0.9358778497080426,0.0
2002-02-28,0.17716532640405852,0.3398280940734677,0.17380769052302458,-0.9358778497080426,0.0
2002-03-01,0.17716532640405852,0.3398280940734677,0.17380769052302458,-0.9358778497080426,0.0
2002-03-02,0.17716532640405852,0.3398280940734677,0.17380769052302458,-0.9358778497080426,0.0
2002-03-03,0.17716532640405852,0.3398280940734677,0.17380769052302458,-0.9358778497080426,0.0
2002-03-04,0.17716532640405852,0.3398280940734677,0.17380769052302458,-0.9358778497080426,0.0
2002-03-05,0.17716532640405852,0.3398280940734677,0.17380769052302458,-0.9358778497080426,0.0
2002-03-06,0.15569620396352477,0.29700526790952725,0.14630897055215394,-0.9658263838007857,0.0
2002-03-07,0.15569620396352477,0.29700526790952725,0.14630897055215394,-0.9658263838007857,0.0
2002-03-08,0.15569620396352477,0.29700526790952725,0.14630897055215394,-0.9658263838007857,0.0
2002-03-09,0.15569620396352477,0.29700526790952725,0.14630897055215394,-0.9658263838007857,0.0
2002-03-10,0.15569620396352477,0.29700526790952725,0.14630897055215394,-0.9658263838007857,0.0
2002-03-11,0.15569620396352477,0.29700526790952725,0.14630897055215394,-0.9658263838007857,0.0
2002-03-12,0.15569620396352477,0.29700526790952725,0.14630897055215394,-0.9658263838007857,0.0
2002-03-13,0.15569620396352477,0.29700526790952725,0.14630897055215394,-0.9658263838007857,0.0
2002-03-14,0.15569620396352477,0.29700526790952725,0.14630897055215394,-0.9658263838007857,0.0
2002-03-15,0.15569620396352477,0.29700526790952725,0.14630897055215394,-0.9658263838007857,0.0
2002-03-16,0.15569620396352477,0.29700526790952725,0.14630897055215394,-0.9658263838007857,0.0
2002-03-17,0.15569620396352477,0.29700526790952725,0.14630897055215394,-0.9658263838007857,0.0
2002-03-18,0.15569620396352477,0.29700526790952725,0.14630897055215394,-0.9658263838007857,0.0
2002-03-19,0.15569620396352477,0.29700526790952725,0.14630897055215394,-0.9658263838007857,0.0
2002-03-20,0.15569620396352477,0.29700526790952725,0.14630897055215394,-0.9658263838007857,0.0
2002-03-21,0.15569620396352477,0.29700526790952725,0.14630897055215394,-0.9658263838007857,0.0
2002-03-22,0.1808249211857598,0.26287187245097104,0.1163422622434893,-0.7052205250530336,0.0
2002-03-23,0.1808249211857598,0.26287187245097104,0.1163422622434893,-0.7052205250530336,0.0
2002-03-24,0.1808249211857598,0.26287187245097104,0.1163422622434893,-0.7052205250530336,0.0
2002-03-25,0.1808249211857598,0.26287187245097104,0.1163422622434893,-0.7052205250530336,0.0
2002-03-26,0.1808249211857598,0.26287187245097104,0.1163422622434893,-0.7052205250530336,0.0
2002-03-27,0.1808249211857598,0.26287187245097104,0.1163422622434893,-0.7052205250530336,0.0
2002-03-28,0.1808249211857598,0.26287187245097104,0.1163422622434893,-0.7052205250530336,0.0
2002-03-29,0.1808249211857598,0.26287187245097104,0.1163422622434893,-0.7052205250530336,0.0
2002-03-30,0.1808249211857598,0.26287187245097104,0.1163422622434893,-0.7052205250530336,0.0
2002-03-31,0.1808249211857598,0.26287187245097104,0.1163422622434893,-0.7052205250530336,0.0
2002-04-01,0.1808249211857598,0.26287187245097104,0.1163422622434893,-0.7052205250530336,0.0
2002-04-02,0.1808249211857598,0.26287187245097104,0.1163422622434893,-0.7052205250530336,0.0
2002-04-03,0.1808249211857598,0.26287187245097104,0.1163422622434893,-0.7052205250530336,0.0
2002-04-04,0.1808249211857598,0.26287187245097104,0.1163422622434893,-0.7052205250530336,0.0
2002-04-05,0.1808249211857598,0.26287187245097104,0.1163422622434893,-0.7052205250530336,0.0
2002-04-06,0.1808249211857598,0.26287187245097104,0.1163422622434893,-0.7052205250530336,0.0
2002-04-07,0.30730408110385105,0.24764979965693956,0.09366834152866249,0.6368670617345914,0.0
2002-04-08,0.30730408110385105,0.24764979965693956,0.09366834152866249,0.6368670617345914,0.0
2002-04-09,0.30730408110385105,0.24764979965693956,0.09366834152866249,0.6368670617345914,0.0
2002-04-10,0.30730408110385105,0.24764979965693956,0.09366834152866249,0.6368670617345914,0.0
2002-04-11,0.30730408110385105,0.24764979965693956,0.09366834152866249,0.6368670617345914,0.0
2002-04-12,0.30730408110385105,0.24764979965693956,0.09366834152866249,0.6368670617345914,0.0
2002-04-13,0.30730408110385105,0.24764979965693956,0.09366834152866249,0.6368670617345914,0.0
2002-04-14,0.30730408110385105,0.24764979965693956,0.09366834152866249,0.6368670617345914,0.0
2002-04-15,0.30730408110385105,0.24764979965693956,0.09366834152866249,0.6368670617345914,0.0
2002-04-16,0.30730408110385105,0.24764979965693956,0.09366834152866249,0.6368670617345914,0.0
2002-04-17,0.30730408110385105,0.24764979965693956,0.09366834152866249,0.6368670617345914,0.0
2002-04-18,0.30730408110385105,0.24764979965693956,0.09366834152866249,0.6368670617345914,0.0
2002-04-19,0.30730408110385105,0.24764979965693956,0.09366834152866249,0.6368670617345914,0.0
2002-04-20,0.30730408110385105,0.24764979965693956,0.09366834152866249,0.6368670617345914,0.0
2002-04-21,0.30730408110385105,0.24764979965693956,0.09366834152866249,0.6368670617345914,0.0
2002-04-22,0.30730408110385105,0.24764979965693956,0.09366834152866249,0.6368670617345914,0.0
2002-04-23,0.36895238132392294,0.24414646771729567,0.08759285101219552,1.424841321687892,-1.0
2002-04-24,0.36895238132392294,0.24414646771729567,0.08759285101219552,1.424841321687892,-1.0
2002-04-25,0.36895238132392294,0.24414646771729567,0.08759285101219552,1.424841321687892,-1.0
2002-04-26,0.36895238132392294,0.24414646771729567,0.08759285101219552,1.424841321687892,-1.0
2002-04-27,0.36895238132392294,0.24414646771729567,0.08759285101219552,1.424841321687892,-1.0
2002-04-28,0.36895238132392294,0.24414646771729567,0.08759285101219552,1.424841321687892,-1.0
2002-04-29,0.36895238132392294,0.24414646771729567,0.08759285101219552,1.424841321687892,-1.0
2002-04-30,0.36895238132392294,0.24414646771729567,0.08759285101219552,1.424841321687892,-1.0
2002-05-01,0.36895238132392294,0.24414646771729567,0.08759285101219552,1.424841321687892,-1.0
2002-05-02,0.36895238132392294,0.24414646771729567,0.08759285101219552,1.424841321687892,-1.0
2002-05-03,0.36895238132392294,0.24414646771729567,0.08759285101219552,1.424841321687892,-1.0
2002-05-04,0.36895238132392294,0.24414646771729567,0.08759285101219552,1.424841321687892,-1.0
2002-05-05,0.36895238132392294,0.24414646771729567,0.08759285101219552,1.424841321687892,-1.0
2002-05-06,0.36895238132392294,0.24414646771729567,0.08759285101219552,1.424841321687892,-1.0
2002-05-07,0.36895238132392294,0.24414646771729567,0.08759285101219552,1.424841321687892,-1.0
2002-05-08,0.36895238132392294,0.24414646771729567,0.08759285101219552,1.424841321687892,-1.0
2002-05-09,0.412921116438929,0.24650003622184236,0.09198161840140119,1.8092862803395886,-1.0
2002-05-10,0.412921116438929,0.24650003622184236,0.09198161840140119,1.8092862803395886,-1.0
2002-05-11,0.412921116438929,0.24650003622184236,0.09198161840140119,1.8092862803395886,-1.0
2002-05-12,0.412921116438929,0.24650003622184236,0.09198161840140119,1.8092862803395886,-1.0
2002-05-13,0.412921116438929,0.24650003622184236,0.09198161840140119,1.8092862803395886,-1.0
2002-05-14,0.412921116438929,0.24650003622184236,0.09198161840140119,1.8092862803395886,-1.0
2002-05-15,0.412921116438929,0.24650003622184236,0.09198161840140119,1.8092862803395886,-1.0
2002-05-16,0.412921116438929,0.24650003622184236,0.09198161840140119,1.8092862803395886,-1.0
2002-05-17,0.412921116438929,0.24650003622184236,0.09198161840140119,1.8092862803395886,-1.0
2002-05-18,0.412921116438929,0.24650003622184236,0.09198161840140119,1.8092862803395886,-1.0
2002-05-19,0.412921116438929,0.24650003622184236,0.09198161840140119,1.8092862803395886,-1.0
2002-05-20,0.412921116438929,0.24650003622184236,0.09198161840140119,1.8092862803395886,-1.0
2002-05-21,0.412921116438929,0.24650003622184236,0.09198161840140119,1.8092862803395886,-1.0
2002-05-22,0.412921116438929,0.24650003622184236,0.09198161840140119,1.8092862803395886,-1.0
2002-05-23,0.412921116438929,0.24650003622184236,0.09198161840140119,1.8092862803395886,-1.0
2002-05-24,0.412921116438929,0.24650003622184236,0.09198161840140119,1.8092862803395886,-1.0
2002-05-25,0.4796808790470587,0.2572104507198849,0.11082775259289569,2.007353060242734,-1.0
2002-05-26,0.4796808790470587,0.2572104507198849,0.11082775259289569,2.007353060242734,-1.0
2002-05-27,0.4796808790470587,0.2572104507198849,0.11082775259289569,2.007353060242734,-1.0
2002-05-28,0.4796808790470587,0.2572104507198849,0.11082775259289569,2.007353060242734,-1.0
2002-05-29,0.4796808790470587,0.2572104507198849,0.11082775259289569,2.007353060242734,-1.0
2002-05-30,0.4796808790470587,0.2572104507198849,0.11082775259289569,2.007353060242734,-1.0
2002-05-31,0.4796808790470587,0.2572104507198849,0.11082775259289569,2.007353060242734,-1.0
2002-06-01,0.4796808790470587,0.2572104507198849,0.11082775259289569,2.007353060242734,-1.0
2002-06-02,0.4796808790470587,0.2572104507198849,0.11082775259289569,2.007353060242734,-1.0
2002-06-03,0.4796808790470587,0.2572104507198849,0.11082775259289569,2.007353060242734,-1.0
2002-06-04,0.4796808790470587,0.2572104507198849,0.11082775259289569,2.007353060242734,-1.0
2002-06-05,0.4796808790470587,0.2572104507198849,0.11082775259289569,2.007353060242734,-1.0
2002-06-06,0.4796808790470587,0.2572104507198849,0.11082775259289569,2.007353060242734,-1.0
2002-06-07,0.4796808790470587,0.2572104507198849,0.11082775259289569,2.007353060242734,-1.0
2002-06-08,0.4796808790470587,0.2572104507198849,0.11082775259289569,2.007353060242734,-1.0
2002-06-09,0.4796808790470587,0.2572104507198849,0.11082775259289569,2.007353060242734,-1.0
2002-06-10,0.5948620346117799,0.2845255998338138,0.14773085755092963,2.10068796677078,-1.0
2002-06-11,0.5948620346117799,0.2845255998338138,0.14773085755092963,2.10068796677078,-1.0
2002-06-12,0.5948620346117799,0.2845255998338138,0.14773085755092963,2.10068796677078,-1.0
2002-06-13,0.5948620346117799,0.2845255998338138,0.14773085755092963,2.10068796677078,-1.0
2002-06-14,0.5948620346117799,0.2845255998338138,0.14773085755092963,2.10068796677078,-1.0
2002-06-15,0.5948620346117799,0.2845255998338138,0.14773085755092963,2.10068796677078,-1.0
2002-06-16,0.5948620346117799,0.2845255998338138,0.14773085755092963,2.10068796677078,-1.0
2002-06-17,0.5948620346117799,0.2845255998338138,0.14773085755092963,2.10068796677078,-1.0
2002-06-18,0.5948620346117799,0.2845255998338138,0.14773085755092963,2.10068796677078,-1.0
2002-06-19,0.5948620346117799,0.2845255998338138,0.14773085755092963,2.10068796677078,-1.0
2002-06-20,0.5948620346117799,0.2845255998338138,0.14773085755092963,2.10068796677078,-1.0
2002-06-21,0.5948620346117799,0.2845255998338138,0.14773085755092963,2.10068796677078,-1.0
2002-06-22,0.5948620346117799,0.2845255998338138,0.14773085755092963,2.10068796677078,-1.0
2002-06-23,0.5948620346117799,0.2845255998338138,0.14773085755092963,2.10068796677078,-1.0
2002-06-24,0.5948620346117799,0.2845255998338138,0.14773085755092963,2.10068796677078,-1.0
2002-06-25,0.5948620346117799,0.2845255998338138,0.14773085755092963,2.10068796677078,-1.0
2002-06-26,0.6758535995604396,0.3224618041979806,0.18386066128801495,1.9220631150068368,-1.0
2002-06-27,0.6758535995604396,0.3224618041979806,0.18386066128801495,1.9220631150068368,-1.0
2002-06-28,0.6758535995604396,0.3224618041979806,0.18386066128801495,1.9220631150068368,-1.0
2002-06-29,0.6758535995604396,0.3224618041979806,0.18386066128801495,1.9220631150068368,-1.0
2002-06-30,0.6758535995604396,0.3224618041979806,0.18386066128801495,1.9220631150068368,-1.0
2002-07-01,0.6758535995604396,0.3224618041979806,0.18386066128801495,1.9220631150068368,-1.0
2002-07-02,0.6758535995604396,0.3224618041979806,0.18386066128801495,1.9220631150068368,-1.0
2002-07-03,0.6758535995604396,0.3224618041979806,0.18386066128801495,1.9220631150068368,-1.0
2002-07-04,0.6758535995604396,0.3224618041979806,0.18386066128801495,1.9220631150068368,-1.0
2002-07-05,0.6758535995604396,0.3224618041979806,0.18386066128801495,1.9220631150068368,-1.0
2002-07-06,0.6758535995604396,0.3224618041979806,0.18386066128801495,1.9220631150068368,-1.0
2002-07-07,0.6758535995604396,0.3224618041979806,0.18386066128801495,1.9220631150068368,-1.0
2002-07-08,0.6758535995604396,0.3224618041979806,0.18386066128801495,1.9220631150068368,-1.0
2002-07-09,0.6758535995604396,0.3224618041979806,0.18386066128801495,1.9220631150068368,-1.0
2002-07-10,0.6758535995604396,0.3224618041979806,0.18386066128801495,1.9220631150068368,-1.0
2002-07-11,0.6758535995604396,0.3224618041979806,0.18386066128801495,1.9220631150068368,-1.0
2002-07-12,0.7163705591995034,0.3661903728692755,0.21040058578536336,1.6643498639659604,-1.0
2002-07-13,0.7163705591995034,0.3661903728692755,0.21040058578536336,1.6643498639659604,-1.0
2002-07-14,0.7163705591995034,0.3661903728692755,0.21040058578536336,1.6643498639659604,-1.0
2002-07-15,0.7163705591995034,0.3661903728692755,0.21040058578536336,1.6643498639659604,-1.0
2002-07-16,0.7163705591995034,0.3661903728692755,0.21040058578536336,1.6643498639659604,-1.0
2002-07-17,0.7163705591995034,0.3661903728692755,0.21040058578536336,1.6643498639659604,-1.0
2002-07-18,0.7163705591995034,0.3661903728692755,0.21040058578536336,1.6643498639659604,-1.0
2002-07-19,0.7163705591995034,0.3661903728692755,0.21040058578536336,1.6643498639659604,-1.0
2002-07-20,0.7163705591995034,0.3661903728692755,0.21040058578536336,1.6643498639659604,-1.0
2002-07-21,0.7163705591995034,0.3661903728692755,0.21040058578536336,1.6643498639659604,-1.0
2002-07-22,0.7163705591995034,0.3661903728692755,0.21040058578536336,1.6643498639659604,-1.0
2002-07-23,0.7163705591995034,0.3661903728692755,0.21040058578536336,1.6643498639659604,-1.0
2002-07-24,0.7163705591995034,0.3661903728692755,0.21040058578536336,1.6643498639659604,-1.0
2002-07-25,0.7163705591995034,0.3661903728692755,0.21040058578536336,1.6643498639659604,-1.0
2002-07-26,0.7163705591995034,0.3661903728692755,0.21040058578536336,1.6643498639659604,-1.0
2002-07-27,0.7163705591995034,0.3661903728692755,0.21040058578536336,1.6643498639659604,-1.0
2002-07-28,0.7410421328167444,0.41496236455208324,0.2245497633826588,1.4521492401173606,-1.0
2002-07-29,0.7410421328167444,0.41496236455208324,0.2245497633826588,1.4521492401173606,-1.0
2002-07-30,0.7410421328167444,0.41496236455208324,0.2245497633826588,1.4521492401173606,-1.0
2002-07-31,0.7410421328167444,0.41496236455208324,0.2245497633826588,1.4521492401173606,-1.0
2002-08-01,0.7410421328167444,0.41496236455208324,0.2245497633826588,1.4521492401173606,-1.0
2002-08-02,0.7410421328167444,0.41496236455208324,0.2245497633826588,1.4521492401173606,-1.0
2002-08-03,0.7410421328167444,0.41496236455208324,0.2245497633826588,1.4521492401173606,-1.0
2002-08-04,0.7410421328167444,0.41496236455208324,0.2245497633826588,1.4521492401173606,-1.0
2002-08-05,0.7410421328167444,0.41496236455208324,0.2245497633826588,1.4521492401173606,-1.0
2002-08-06,0.7410421328167444,0.41496236455208324,0.2245497633826588,1.4521492401173606,-1.0
2002-08-07,0.7410421328167444,0.41496236455208324,0.2245497633826588,1.4521492401173606,-1.0
2002-08-08,0.7410421328167444,0.41496236455208324,0.2245497633826588,1.4521492401173606,-1.0
2002-08-09,0.7410421328167444,0.41496236455208324,0.2245497633826588,1.4521492401173606,-1.0
2002-08-10,0.7410421328167444,0.41496236455208324,0.2245497633826588,1.4521492401173606,-1.0
2002-08-11,0.7410421328167444,0.41496236455208324,0.2245497633826588,1.4521492401173606,-1.0
2002-08-12,0.7410421328167444,0.41496236455208324,0.2245497633826588,1.4521492401173606,-1.0
2002-08-13,0.7246783376211571,0.4612792977730607,0.22648911680264922,1.162965548042684,-1.0
2002-08-14,0.7246783376211571,0.4612792977730607,0.22648911680264922,1.162965548042684,-1.0
2002-08-15,0.7246783376211571,0.4612792977730607,0.22648911680264922,1.162965548042684,-1.0
2002-08-16,0.7246783376211571,0.4612792977730607,0.22648911680264922,1.162965548042684,-1.0
2002-08-17,0.7246783376211571,0.4612792977730607,0.22648911680264922,1.162965548042684,-1.0
2002-08-18,0.7246783376211571,0.4612792977730607,0.22648911680264922,1.162965548042684,-1.0
2002-08-19,0.7246783376211571,0.4612792977730607,0.22648911680264922,1.162965548042684,-1.0
2002-08-20,0.7246783376211571,0.4612792977730607,0.22648911680264922,1.162965548042684,-1.0
2002-08-21,0.7246783376211571,0.4612792977730607,0.22648911680264922,1.162965548042684,-1.0
2002-08-22,0.7246783376211571,0.4612792977730607,0.22648911680264922,1.162965548042684,-1.0
2002-08-23,0.7246783376211571,0.4612792977730607,0.22648911680264922,1.162965548042684,-1.0
2002-08-24,0.7246783376211571,0.4612792977730607,0.22648911680264922,1.162965548042684,-1.0
2002-08-25,0.7246783376211571,0.4612792977730607,0.22648911680264922,1.162965548042684,-1.0
2002-08-26,0.7246783376211571,0.4612792977730607,0.22648911680264922,1.162965548042684,-1.0
2002-08-27,0.7246783376211571,0.4612792977730607,0.22648911680264922,1.162965548042684,-1.0
2002-08-28,0.7246783376211571,0.4612792977730607,0.22648911680264922,1.162965548042684,-1.0
2002-08-29,0.7035989301666783,0.5051487647532791,0.21725021482346427,0.913463609574141,0.0
2002-08-30,0.7035989301666783,0.5051487647532791,0.21725021482346427,0.913463609574141,0.0
2002-08-31,0.7035989301666783,0.5051487647532791,0.21725021482346427,0.913463609574141,0.0
2002-09-01,0.7035989301666783,0.5051487647532791,0.21725021482346427,0.913463609574141,0.0
2002-09-02,0.7035989301666783,0.5051487647532791,0.21725021482346427,0.913463609574141,0.0
2002-09-03,0.7035989301666783,0.5051487647532791,0.21725021482346427,0.913463609574141,0.0
2002-09-04,0.7035989301666783,0.5051487647532791,0.21725021482346427,0.913463609574141,0.0
2002-09-05,0.7035989301666783,0.5051487647532791,0.21725021482346427,0.913463609574141,0.0
2002-09-06,0.7035989301666783,0.5051487647532791,0.21725021482346427,0.913463609574141,0.0
2002-09-07,0.7035989301666783,0.5051487647532791,0.21725021482346427,0.913463609574141,0.0
2002-09-08,0.7035989301666783,0.5051487647532791,0.21725021482346427,0.913463609574141,0.0
2002-09-09,0.7035989301666783,0.5051487647532791,0.21725021482346427,0.913463609574141,0.0
2002-09-10,0.7035989301666783,0.5051487647532791,0.21725021482346427,0.913463609574141,0.0
2002-09-11,0.7035989301666783,0.5051487647532791,0.21725021482346427,0.913463609574141,0.0
2002-09-12,0.7035989301666783,0.5051487647532791,0.21725021482346427,0.913463609574141,0.0
2002-09-13,0.7035989301666783,0.5051487647532791,0.21725021482346427,0.913463609574141,0.0
2002-09-14,0.6176755108855694,0.5436470403301161,0.1887600650978471,0.3921829043504477,0.0
2002-09-15,0.6176755108855694,0.5436470403301161,0.1887600650978471,0.3921829043504477,0.0
2002-09-16,0.6176755108855694,0.5436470403301161,0.1887600650978471,0.3921829043504477,0.0
2002-09-17,0.6176755108855694,0.5436470403301161,0.1887600650978471,0.3921829043504477,0.0
2002-09-18,0.6176755108855694,0.5436470403301161,0.1887600650978471,0.3921829043504477,0.0
2002-09-19,0.6176755108855694,0.5436470403301161,0.1887600650978471,0.3921829043504477,0.0
2002-09-20,0.6176755108855694,0.5436470403301161,0.1887600650978471,0.3921829043504477,0.0
2002-09-21,0.6176755108855694,0.5436470403301161,0.1887600650978471,0.3921829043504477,0.0
2002-09-22,0.6176755108855694,0.5436470403301161,0.1887600650978471,0.3921829043504477,0.0
2002-09-23,0.6176755108855694,0.5436470403301161,0.1887600650978471,0.3921829043504477,0.0
2002-09-24,0.6176755108855694,0.5436470403301161,0.1887600650978471,0.3921829043504477,0.0
2002-09-25,0.6176755108855694,0.5436470403301161,0.1887600650978471,0.3921829043504477,0.0
2002-09-26,0.6176755108855694,0.5436470403301161,0.1887600650978471,0.3921829043504477,0.0
2002-09-27,0.6176755108855694,0.5436470403301161,0.1887600650978471,0.3921829043504477,0.0
2002-09-28,0.6176755108855694,0.5436470403301161,0.1887600650978471,0.3921829043504477,0.0
2002-09-29,0.6176755108855694,0.5436470403301161,0.1887600650978471,0.3921829043504477,0.0
2002-09-30,0.5152968388401569,0.5715197001346491,0.15128997014834167,-0.37162318982127546,0.0
2002-10-01,0.5152968388401569,0.5715197001346491,0.15128997014834167,-0.37162318982127546,0.0
2002-10-02,0.5152968388401569,0.5715197001346491,0.15128997014834167,-0.37162318982127546,0.0
2002-10-03,0.5152968388401569,0.5715197001346491,0.15128997014834167,-0.37162318982127546,0.0
2002-10-04,0.5152968388401569,0.5715197001346491,0.15128997014834167,-0.37162318982127546,0.0
2002-10-05,0.5152968388401569,0.5715197001346491,0.15128997014834167,-0.37162318982127546,0.0
2002-10-06,0.5152968388401569,0.5715197001346491,0.15128997014834167,-0.37162318982127546,0.0
2002-10-07,0.5152968388401569,0.5715197001346491,0.15128997014834167,-0.37162318982127546,0.0
2002-10-08,0.5152968388401569,0.5715197001346491,0.15128997014834167,-0.37162318982127546,0.0
2002-10-09,0.5152968388401569,0.5715197001346491,0.15128997014834167,-0.37162318982127546,0.0
2002-10-10,0.5152968388401569,0.5715197001346491,0.15128997014834167,-0.37162318982127546,0.0
2002-10-11,0.5152968388401569,0.5715197001346491,0.15128997014834167,-0.37162318982127546,0.0
2002-10-12,0.5152968388401569,0.5715197001346491,0.15128997014834167,-0.37162318982127546,0.0
2002-10-13,0.5152968388401569,0.5715197001346491,0.15128997014834167,-0.37162318982127546,0.0
2002-10-14,0.5152968388401569,0.5715197001346491,0.15128997014834167,-0.37162318982127546,0.0
2002-10-15,0.5152968388401569,0.5715197001346491,0.15128997014834167,-0.37162318982127546,0.0
2002-10-16,0.38358786351146346,0.5778766820019502,0.140388666014147,-1.3839352136226453,1.0
2002-10-17,0.38358786351146346,0.5778766820019502,0.140388666014147,-1.3839352136226453,1.0
2002-10-18,0.38358786351146346,0.5778766820019502,0.140388666014147,-1.3839352136226453,1.0
2002-10-19,0.38358786351146346,0.5778766820019502,0.140388666014147,-1.3839352136226453,1.0
2002-10-20,0.38358786351146346,0.5778766820019502,0.140388666014147,-1.3839352136226453,1.0
2002-10-21,0.38358786351146346,0.5778766820019502,0.140388666014147,-1.3839352136226453,1.0
2002-10-22,0.38358786351146346,0.5778766820019502,0.140388666014147,-1.3839352136226453,1.0
2002-10-23,0.38358786351146346,0.5778766820019502,0.140388666014147,-1.3839352136226453,1.0
2002-10-24,0.38358786351146346,0.5778766820019502,0.140388666014147,-1.3839352136226453,1.0
2002-10-25,0.38358786351146346,0.5778766820019502,0.140388666014147,-1.3839352136226453,1.0
2002-10-26,0.38358786351146346,0.5778766820019502,0.140388666014147,-1.3839352136226453,1.0
2002-10-27,0.38358786351146346,0.5778766820019502,0.140388666014147,-1.3839352136226453,1.0
2002-10-28,0.38358786351146346,0.5778766820019502,0.140388666014147,-1.3839352136226453,1.0
2002-10-29,0.38358786351146346,0.5778766820019502,0.140388666014147,-1.3839352136226453,1.0
2002-10-30,0.38358786351146346,0.5778766820019502,0.140388666014147,-1.3839352136226453,1.0
2002-10-31,0.38358786351146346,0.5778766820019502,0.140388666014147,-1.3839352136226453,1.0
2002-11-01,0.35580884833650056,0.5767813875863317,0.14220635335964465,-1.5538865460601758,1.0
2002-11-02,0.35580884833650056,0.5767813875863317,0.14220635335964465,-1.5538865460601758,1.0
2002-11-03,0.35580884833650056,0.5767813875863317,0.14220635335964465,-1.5538865460601758,1.0
2002-11-04,0.35580884833650056,0.5767813875863317,0.14220635335964465,-1.5538865460601758,1.0
2002-11-05,0.35580884833650056,0.5767813875863317,0.14220635335964465,-1.5538865460601758,1.0
2002-11-06,0.35580884833650056,0.5767813875863317,0.14220635335964465,-1.5538865460601758,1.0
2002-11-07,0.35580884833650056,0.5767813875863317,0.14220635335964465,-1.5538865460601758,1.0
2002-11-08,0.35580884833650056,0.5767813875863317,0.14220635335964465,-1.5538865460601758,1.0
2002-11-09,0.35580884833650056,0.5767813875863317,0.14220635335964465,-1.5538865460601758,1.0
2002-11-10,0.35580884833650056,0.5767813875863317,0.14220635335964465,-1.5538865460601758,1.0
2002-11-11,0.35580884833650056,0.5767813875863317,0.14220635335964465,-1.5538865460601758,1.0
2002-11-12,0.35580884833650056,0.5767813875863317,0.14220635335964465,-1.5538865460601758,1.0
2002-11-13,0.35580884833650056,0.5767813875863317,0.14220635335964465,-1.5538865460601758,1.0
2002-11-14,0.35580884833650056,0.5767813875863317,0.14220635335964465,-1.5538865460601758,1.0
2002-11-15,0.35580884833650056,0.5767813875863317,0.14220635335964465,-1.5538865460601758,1.0
2002-11-16,0.35580884833650056,0.5767813875863317,0.14220635335964465,-1.5538865460601758,1.0
2002-11-17,0.3152050879641605,0.5686383852134343,0.15469188922327232,-1.6383101824006074,1.0
2002-11-18,0.3152050879641605,0.5686383852134343,0.15469188922327232,-1.6383101824006074,1.0
2002-11-19,0.3152050879641605,0.5686383852134343,0.15469188922327232,-1.6383101824006074,1.0
2002-11-20,0.3152050879641605,0.5686383852134343,0.15469188922327232,-1.6383101824006074,1.0
2002-11-21,0.3152050879641605,0.5686383852134343,0.15469188922327232,-1.6383101824006074,1.0
2002-11-22,0.3152050879641605,0.5686383852134343,0.15469188922327232,-1.6383101824006074,1.0
2002-11-23,0.3152050879641605,0.5686383852134343,0.15469188922327232,-1.6383101824006074,1.0
2002-11-24,0.3152050879641605,0.5686383852134343,0.15469188922327232,-1.6383101824006074,1.0
2002-11-25,0.3152050879641605,0.5686383852134343,0.15469188922327232,-1.6383101824006074,1.0
2002-11-26,0.3152050879641605,0.5686383852134343,0.15469188922327232,-1.6383101824006074,1.0
2002-11-27,0.3152050879641605,0.5686383852134343,0.15469188922327232,-1.6383101824006074,1.0
2002-11-28,0.3152050879641605,0.5686383852134343,0.15469188922327232,-1.6383101824006074,1.0
2002-11-29,0.3152050879641605,0.5686383852134343,0.15469188922327232,-1.6383101824006074,1.0
2002-11-30,0.3152050879641605,0.5686383852134343,0.15469188922327232,-1.6383101824006074,1.0
2002-12-01,0.3152050879641605,0.5686383852134343,0.15469188922327232,-1.6383101824006074,1.0
2002-12-02,0.3152050879641605,0.5686383852134343,0.15469188922327232,-1.6383101824006074,1.0
2002-12-03,0.2567537922314788,0.5500611279788027,0.1779792056561552,-1.6479865423940339,1.0
2002-12-04,0.2567537922314788,0.5500611279788027,0.1779792056561552,-1.6479865423940339,1.0
2002-12-05,0.2567537922314788,0.5500611279788027,0.1779792056561552,-1.6479865423940339,1.0
2002-12-06,0.2567537922314788,0.5500611279788027,0.1779792056561552,-1.6479865423940339,1.0
2002-12-07,0.2567537922314788,0.5500611279788027,0.1779792056561552,-1.6479865423940339,1.0
2002-12-08,0.2567537922314788,0.5500611279788027,0.1779792056561552,-1.6479865423940339,1.0
2002-12-09,0.2567537922314788,0.5500611279788027,0.1779792056561552,-1.6479865423940339,1.0
2002-12-10,0.2567537922314788,0.5500611279788027,0.1779792056561552,-1.6479865423940339,1.0
2002-12-11,0.2567537922314788,0.5500611279788027,0.1779792056561552,-1.6479865423940339,1.0
2002-12-12,0.2567537922314788,0.5500611279788027,0.1779792056561552,-1.6479865423940339,1.0
2002-12-13,0.2567537922314788,0.5500611279788027,0.1779792056561552,-1.6479865423940339,1.0
2002-12-14,0.2567537922314788,0.5500611279788027,0.1779792056561552,-1.6479865423940339,1.0
2002-12-15,0.2567537922314788,0.5500611279788027,0.1779792056561552,-1.6479865423940339,1.0
2002-12-16,0.2567537922314788,0.5500611279788027,0.1779792056561552,-1.6479865423940339,1.0
2002-12-17,0.2567537922314788,0.5500611279788027,0.1779792056561552,-1.6479865423940339,1.0
2002-12-18,0.2567537922314788,0.5500611279788027,0.1779792056561552,-1.6479865423940339,1.0
2002-12-19,0.18216539491640774,0.5156697413375216,0.2061750169097329,-1.6175788483971756,1.0
2002-12-20,0.18216539491640774,0.5156697413375216,0.2061750169097329,-1.6175788483971756,1.0
2002-12-21,0.18216539491640774,0.5156697413375216,0.2061750169097329,-1.6175788483971756,1.0
2002-12-22,0.18216539491640774,0.5156697413375216,0.2061750169097329,-1.6175788483971756,1.0
2002-12-23,0.18216539491640774,0.5156697413375216,0.2061750169097329,-1.6175788483971756,1.0
2002-12-24,0.18216539491640774,0.5156697413375216,0.2061750169097329,-1.6175788483971756,1.0
2002-12-25,0.18216539491640774,0.5156697413375216,0.2061750169097329,-1.6175788483971756,1.0
2002-12-26,0.18216539491640774,0.5156697413375216,0.2061750169097329,-1.6175788483971756,1.0
2002-12-27,0.18216539491640774,0.5156697413375216,0.2061750169097329,-1.6175788483971756,1.0
2002-12-28,0.18216539491640774,0.5156697413375216,0.2061750169097329,-1.6175788483971756,1.0
2002-12-29,0.18216539491640774,0.5156697413375216,0.2061750169097329,-1.6175788483971756,1.0
2002-12-30,0.18216539491640774,0.5156697413375216,0.2061750169097329,-1.6175788483971756,1.0
2002-12-31,0.18216539491640774,0.5156697413375216,0.2061750169097329,-1.6175788483971756,1.0
2003-01-01,0.1839385697997224,0.47467682219079527,0.21987830978802703,-1.3222689071575915,1.0
2003-01-02,0.1839385697997224,0.47467682219079527,0.21987830978802703,-1.3222689071575915,1.0
2003-01-03,0.1839385697997224,0.47467682219079527,0.21987830978802703,-1.3222689071575915,1.0
2003-01-04,0.1839385697997224,0.47467682219079527,0.21987830978802703,-1.3222689071575915,1.0
2003-01-05,0.1839385697997224,0.47467682219079527,0.21987830978802703,-1.3222689071575915,1.0
2003-01-06,0.1839385697997224,0.47467682219079527,0.21987830978802703,-1.3222689071575915,1.0
2003-01-07,0.1839385697997224,0.47467682219079527,0.21987830978802703,-1.3222689071575915,1.0
2003-01-08,0.1839385697997224,0.47467682219079527,0.21987830978802703,-1.3222689071575915,1.0
2003-01-09,0.1839385697997224,0.47467682219079527,0.21987830978802703,-1.3222689071575915,1.0
2003-01-10,0.1839385697997224,0.47467682219079527,0.21987830978802703,-1.3222689071575915,1.0
2003-01-11,0.1839385697997224,0.47467682219079527,0.21987830978802703,-1.3222689071575915,1.0
2003-01-12,0.1839385697997224,0.47467682219079527,0.21987830978802703,-1.3222689071575915,1.0
2003-01-13,0.1839385697997224,0.47467682219079527,0.21987830978802703,-1.3222689071575915,1.0
2003-01-14,0.1839385697997224,0.47467682219079527,0.21987830978802703,-1.3222689071575915,1.0
2003-01-15,0.1839385697997224,0.47467682219079527,0.21987830978802703,-1.3222689071575915,1.0
2003-01-16,0.1839385697997224,0.47467682219079527,0.21987830978802703,-1.3222689071575915,1.0
2003-01-17,0.12179915427186849,0.4251292051134923,0.22732803130315146,-1.3343275314654024,1.0
2003-01-18,0.12179915427186849,0.4251292051134923,0.22732803130315146,-1.3343275314654024,1.0
2003-01-19,0.12179915427186849,0.4251292051134923,0.22732803130315146,-1.3343275314654024,1.0
2003-01-20,0.12179915427186849,0.4251292051134923,0.22732803130315146,-1.3343275314654024,1.0
2003-01-21,0.12179915427186849,0.4251292051134923,0.22732803130315146,-1.3343275314654024,1.0
2003-01-22,0.12179915427186849,0.4251292051134923,0.22732803130315146,-1.3343275314654024,1.0
2003-01-23,0.12179915427186849,0.4251292051134923,0.22732803130315146,-1.3343275314654024,1.0
2003-01-24,0.12179915427186849,0.4251292051134923,0.22732803130315146,-1.3343275314654024,1.0
2003-01-25,0.12179915427186849,0.4251292051134923,0.22732803130315146,-1.3343275314654024,1.0
2003-01-26,0.12179915427186849,0.4251292051134923,0.22732803130315146,-1.3343275314654024,1.0
2003-01-27,0.12179915427186849,0.4251292051134923,0.22732803130315146,-1.3343275314654024,1.0
2003-01-28,0.12179915427186849,0.4251292051134923,0.22732803130315146,-1.3343275314654024,1.0
2003-01-29,0.12179915427186849,0.4251292051134923,0.22732803130315146,-1.3343275314654024,1.0
2003-01-30,0.12179915427186849,0.4251292051134923,0.22732803130315146,-1.3343275314654024,1.0
2003-01-31,0.12179915427186849,0.4251292051134923,0.22732803130315146,-1.3343275314654024,1.0
2003-02-01,0.12179915427186849,0.4251292051134923,0.22732803130315146,-1.3343275314654024,1.0
2003-02-02,0.07259977661750648,0.36942567543022253,0.22476245913760112,-1.320620445031691,1.0
2003-02-03,0.07259977661750648,0.36942567543022253,0.22476245913760112,-1.320620445031691,1.0
2003-02-04,0.07259977661750648,0.36942567543022253,0.22476245913760112,-1.320620445031691,1.0
2003-02-05,0.07259977661750648,0.36942567543022253,0.22476245913760112,-1.320620445031691,1.0
2003-02-06,0.07259977661750648,0.36942567543022253,0.22476245913760112,-1.320620445031691,1.0
2003-02-07,0.07259977661750648,0.36942567543022253,0.22476245913760112,-1.320620445031691,1.0
2003-02-08,0.07259977661750648,0.36942567543022253,0.22476245913760112,-1.320620445031691,1.0
2003-02-09,0.07259977661750648,0.36942567543022253,0.22476245913760112,-1.320620445031691,1.0
2003-02-10,0.07259977661750648,0.36942567543022253,0.22476245913760112,-1.320620445031691,1.0
2003-02-11,0.07259977661750648,0.36942567543022253,0.22476245913760112,-1.320620445031691,1.0
2003-02-12,0.07259977661750648,0.36942567543022253,0.22476245913760112,-1.320620445031691,1.0
2003-02-13,0.07259977661750648,0.36942567543022253,0.22476245913760112,-1.320620445031691,1.0
2003-02-14,0.07259977661750648,0.36942567543022253,0.22476245913760112,-1.320620445031691,1.0
2003-02-15,0.07259977661750648,0.36942567543022253,0.22476245913760112,-1.320620445031691,1.0
2003-02-16,0.07259977661750648,0.36942567543022253,0.22476245913760112,-1.320620445031691,1.0
2003-02-17,0.07259977661750648,0.36942567543022253,0.22476245913760112,-1.320620445031691,1.0
2003-02-18,0.0725646728800049,0.31508287003512647,0.2093679033046988,-1.158335128389657,1.0
2003-02-19,0.0725646728800049,0.31508287003512647,0.2093679033046988,-1.158335128389657,1.0
2003-02-20,0.0725646728800049,0.31508287003512647,0.2093679033046988,-1.158335128389657,1.0
2003-02-21,0.0725646728800049,0.31508287003512647,0.2093679033046988,-1.158335128389657,1.0
2003-02-22,0.0725646728800049,0.31508287003512647,0.2093679033046988,-1.158335128389657,1.0
2003-02-23,0.0725646728800049,0.31508287003512647,0.2093679033046988,-1.158335128389657,1.0
2003-02-24,0.0725646728800049,0.31508287003512647,0.2093679033046988,-1.158335128389657,1.0
2003-02-25,0.0725646728800049,0.31508287003512647,0.2093679033046988,-1.158335128389657,1.0
2003-02-26,0.0725646728800049,0.31508287003512647,0.2093679033046988,-1.158335128389657,1.0
2003-02-27,0.0725646728800049,0.31508287003512647,0.2093679033046988,-1.158335128389657,1.0
2003-02-28,0.0725646728800049,0.31508287003512647,0.2093679033046988,-1.158335128389657,1.0
2003-03-01,0.0725646728800049,0.31508287003512647,0.2093679033046988,-1.158335128389657,1.0
2003-03-02,0.0725646728800049,0.31508287003512647,0.2093679033046988,-1.158335128389657,1.0
2003-03-03,0.0725646728800049,0.31508287003512647,0.2093679033046988,-1.158335128389657,1.0
2003-03-04,0.0725646728800049,0.31508287003512647,0.2093679033046988,-1.158335128389657,1.0
2003-03-05,0.0725646728800049,0.31508287003512647,0.2093679033046988,-1.158335128389657,1.0
2003-03-06,0.16872152166335577,0.2705097526598496,0.17289509958950663,-0.5887282591476732,0.0
2003-03-07,0.16872152166335577,0.2705097526598496,0.17289509958950663,-0.5887282591476732,0.0
2003-03-08,0.16872152166335577,0.2705097526598496,0.17289509958950663,-0.5887282591476732,0.0
2003-03-09,0.16872152166335577,0.2705097526598496,0.17289509958950663,-0.5887282591476732,0.0
2003-03-10,0.16872152166335577,0.2705097526598496,0.17289509958950663,-0.5887282591476732,0.0
2003-03-11,0.16872152166335577,0.2705097526598496,0.17289509958950663,-0.5887282591476732,0.0
2003-03-12,0.16872152166335577,0.2705097526598496,0.17289509958950663,-0.5887282591476732,0.0
2003-03-13,0.16872152166335577,0.2705097526598496,0.17289509958950663,-0.5887282591476732,0.0
2003-03-14,0.16872152166335577,0.2705097526598496,0.17289509958950663,-0.5887282591476732,0.0
2003-03-15,0.16872152166335577,0.2705097526598496,0.17289509958950663,-0.5887282591476732,0.0
2003-03-16,0.16872152166335577,0.2705097526598496,0.17289509958950663,-0.5887282591476732,0.0
2003-03-17,0.16872152166335577,0.2705097526598496,0.17289509958950663,-0.5887282591476732,0.0
2003-03-18,0.16872152166335577,0.2705097526598496,0.17289509958950663,-0.5887282591476732,0.0
2003-03-19,0.16872152166335577,0.2705097526598496,0.17289509958950663,-0.5887282591476732,0.0
2003-03-20,0.16872152166335577,0.2705097526598496,0.17289509958950663,-0.5887282591476732,0.0
2003-03-21,0.16872152166335577,0.2705097526598496,0.17289509958950663,-0.5887282591476732,0.0
2003-03-22,0.25710109479611615,0.24046188465239518,0.13404243088137377,0.12413390322984,0.0
2003-03-23,0.25710109479611615,0.24046188465239518,0.13404243088137377,0.12413390322984,0.0
2003-03-24,0.25710109479611615,0.24046188465239518,0.13404243088137377,0.12413390322984,0.0
2003-03-25,0.25710109479611615,0.24046188465239518,0.13404243088137377,0.12413390322984,0.0
2003-03-26,0.25710109479611615,0.24046188465239518,0.13404243088137377,0.12413390322984,0.0
2003-03-27,0.25710109479611615,0.24046188465239518,0.13404243088137377,0.12413390322984,0.0
2003-03-28,0.25710109479611615,0.24046188465239518,0.13404243088137377,0.12413390322984,0.0
2003-03-29,0.25710109479611615,0.24046188465239518,0.13404243088137377,0.12413390322984,0.0
2003-03-30,0.25710109479611615,0.24046188465239518,0.13404243088137377,0.12413390322984,0.0
2003-03-31,0.25710109479611615,0.24046188465239518,0.13404243088137377,0.12413390322984,0.0
2003-04-01,0.25710109479611615,0.24046188465239518,0.13404243088137377,0.12413390322984,0.0
2003-04-02,0.25710109479611615,0.24046188465239518,0.13404243088137377,0.12413390322984,0.0
2003-04-03,0.25710109479611615,0.24046188465239518,0.13404243088137377,0.12413390322984,0.0
2003-04-04,0.25710109479611615,0.24046188465239518,0.13404243088137377,0.12413390322984,0.0
2003-04-05,0.25710109479611615,0.24046188465239518,0.13404243088137377,0.12413390322984,0.0
2003-04-06,0.25710109479611615,0.24046188465239518,0.13404243088137377,0.12413390322984,0.0
2003-04-07,0.2906494684815947,0.22174127045584832,0.10462926360116333,0.6585939311244488,0.0
2003-04-08,0.2906494684815947,0.22174127045584832,0.10462926360116333,0.6585939311244488,0.0
2003-04-09,0.2906494684815947,0.22174127045584832,0.10462926360116333,0.6585939311244488,0.0
2003-04-10,0.2906494684815947,0.22174127045584832,0.10462926360116333,0.6585939311244488,0.0
2003-04-11,0.2906494684815947,0.22174127045584832,0.10462926360116333,0.6585939311244488,0.0
2003-04-12,0.2906494684815947,0.22174127045584832,0.10462926360116333,0.6585939311244488,0.0
2003-04-13,0.2906494684815947,0.22174127045584832,0.10462926360116333,0.6585939311244488,0.0
2003-04-14,0.2906494684815947,0.22174127045584832,0.10462926360116333,0.6585939311244488,0.0
2003-04-15,0.2906494684815947,0.22174127045584832,0.10462926360116333,0.6585939311244488,0.0
2003-04-16,0.2906494684815947,0.22174127045584832,0.10462926360116333,0.6585939311244488,0.0
2003-04-17,0.2906494684815947,0.22174127045584832,0.10462926360116333,0.6585939311244488,0.0
2003-04-18,0.2906494684815947,0.22174127045584832,0.10462926360116333,0.6585939311244488,0.0
2003-04-19,0.2906494684815947,0.22174127045584832,0.10462926360116333,0.6585939311244488,0.0
2003-04-20,0.2906494684815947,0.22174127045584832,0.10462926360116333,0.6585939311244488,0.0
2003-04-21,0.2906494684815947,0.22174127045584832,0.10462926360116333,0.6585939311244488,0.0
2003-04-22,0.2906494684815947,0.22174127045584832,0.10462926360116333,0.6585939311244488,0.0
2003-04-23,0.3540582474653713,0.21928046911867402,0.1007521292450461,1.337716427003692,-1.0
2003-04-24,0.3540582474653713,0.21928046911867402,0.1007521292450461,1.337716427003692,-1.0
2003-04-25,0.3540582474653713,0.21928046911867402,0.1007521292450461,1.337716427003692,-1.0
2003-04-26,0.3540582474653713,0.21928046911867402,0.1007521292450461,1.337716427003692,-1.0
2003-04-27,0.3540582474653713,0.21928046911867402,0.1007521292450461,1.337716427003692,-1.0
2003-04-28,0.3540582474653713,0.21928046911867402,0.1007521292450461,1.337716427003692,-1.0
2003-04-29,0.3540582474653713,0.21928046911867402,0.1007521292450461,1.337716427003692,-1.0
2003-04-30,0.3540582474653713,0.21928046911867402,0.1007521292450461,1.337716427003692,-1.0
2003-05-01,0.3540582474653713,0.21928046911867402,0.1007521292450461,1.337716427003692,-1.0
2003-05-02,0.3540582474653713,0.21928046911867402,0.1007521292450461,1.337716427003692,-1.0
2003-05-03,0.3540582474653713,0.21928046911867402,0.1007521292450461,1.337716427003692,-1.0
2003-05-04,0.3540582474653713,0.21928046911867402,0.1007521292450461,1.337716427003692,-1.0
2003-05-05,0.3540582474653713,0.21928046911867402,0.1007521292450461,1.337716427003692,-1.0
2003-05-06,0.3540582474653713,0.21928046911867402,0.1007521292450461,1.337716427003692,-1.0
2003-05-07,0.3540582474653713,0.21928046911867402,0.1007521292450461,1.337716427003692,-1.0
2003-05-08,0.3540582474653713,0.21928046911867402,0.1007521292450461,1.337716427003692,-1.0
2003-05-09,0.4439879628106819,0.2266287286581891,0.11396427007535437,1.9072577221682956,-1.0
2003-05-10,0.4439879628106819,0.2266287286581891,0.11396427007535437,1.9072577221682956,-1.0
2003-05-11,0.4439879628106819,0.2266287286581891,0.11396427007535437,1.9072577221682956,-1.0
2003-05-12,0.4439879628106819,0.2266287286581891,0.11396427007535437,1.9072577221682956,-1.0
2003-05-13,0.4439879628106819,0.2266287286581891,0.11396427007535437,1.9072577221682956,-1.0
2003-05-14,0.4439879628106819,0.2266287286581891,0.11396427007535437,1.9072577221682956,-1.0
2003-05-15,0.4439879628106819,0.2266287286581891,0.11396427007535437,1.9072577221682956,-1.0
2003-05-16,0.4439879628106819,0.2266287286581891,0.11396427007535437,1.9072577221682956,-1.0
2003-05-17,0.4439879628106819,0.2266287286581891,0.11396427007535437,1.9072577221682956,-1.0
2003-05-18,0.4439879628106819,0.2266287286581891,0.11396427007535437,1.9072577221682956,-1.0
2003-05-19,0.4439879628106819,0.2266287286581891,0.11396427007535437,1.9072577221682956,-1.0
2003-05-20,0.4439879628106819,0.2266287286581891,0.11396427007535437,1.9072577221682956,-1.0
2003-05-21,0.4439879628106819,0.2266287286581891,0.11396427007535437,1.9072577221682956,-1.0
2003-05-22,0.4439879628106819,0.2266287286581891,0.11396427007535437,1.9072577221682956,-1.0
2003-05-23,0.4439879628106819,0.2266287286581891,0.11396427007535437,1.9072577221682956,-1.0
2003-05-24,0.4439879628106819,0.2266287286581891,0.11396427007535437,1.9072577221682956,-1.0
2003-05-25,0.532635497667694,0.2447479294668169,0.14293072364811335,2.0141755449978596,-1.0
2003-05-26,0.532635497667694,0.2447479294668169,0.14293072364811335,2.0141755449978596,-1.0
2003-05-27,0.532635497667694,0.2447479294668169,0.14293072364811335,2.0141755449978596,-1.0
2003-05-28,0.532635497667694,0.2447479294668169,0.14293072364811335,2.0141755449978596,-1.0
2003-05-29,0.532635497667694,0.2447479294668169,0.14293072364811335,2.0141755449978596,-1.0
2003-05-30,0.532635497667694,0.2447479294668169,0.14293072364811335,2.0141755449978596,-1.0
2003-05-31,0.532635497667694,0.2447479294668169,0.14293072364811335,2.0141755449978596,-1.0
2003-06-01,0.532635497667694,0.2447479294668169,0.14293072364811335,2.0141755449978596,-1.0
2003-06-02,0.532635497667694,0.2447479294668169,0.14293072364811335,2.0141755449978596,-1.0
2003-06-03,0.532635497667694,0.2447479294668169,0.14293072364811335,2.0141755449978596,-1.0
2003-06-04,0.532635497667694,0.2447479294668169,0.14293072364811335,2.0141755449978596,-1.0
2003-06-05,0.532635497667694,0.2447479294668169,0.14293072364811335,2.0141755449978596,-1.0
2003-06-06,0.532635497667694,0.2447479294668169,0.14293072364811335,2.0141755449978596,-1.0
2003-06-07,0.532635497667694,0.2447479294668169,0.14293072364811335,2.0141755449978596,-1.0
2003-06-08,0.532635497667694,0.2447479294668169,0.14293072364811335,2.0141755449978596,-1.0
2003-06-09,0.532635497667694,0.2447479294668169,0.14293072364811335,2.0141755449978596,-1.0
2003-06-10,0.6173092744796335,0.2747942196541631,0.17902401306606766,1.913235263579235,-1.0
2003-06-11,0.6173092744796335,0.2747942196541631,0.17902401306606766,1.913235263579235,-1.0
2003-06-12,0.6173092744796335,0.2747942196541631,0.17902401306606766,1.913235263579235,-1.0
2003-06-13,0.6173092744796335,0.2747942196541631,0.17902401306606766,1.913235263579235,-1.0
2003-06-14,0.6173092744796335,0.2747942196541631,0.17902401306606766,1.913235263579235,-1.0
2003-06-15,0.6173092744796335,0.2747942196541631,0.17902401306606766,1.913235263579235,-1.0
2003-06-16,0.6173092744796335,0.2747942196541631,0.17902401306606766,1.913235263579235,-1.0
2003-06-17,0.6173092744796335,0.2747942196541631,0.17902401306606766,1.913235263579235,-1.0
2003-06-18,0.6173092744796335,0.2747942196541631,0.17902401306606766,1.913235263579235,-1.0
2003-06-19,0.6173092744796335,0.2747942196541631,0.17902401306606766,1.913235263579235,-1.0
2003-06-20,0.6173092744796335,0.2747942196541631,0.17902401306606766,1.913235263579235,-1.0
2003-06-21,0.6173092744796335,0.2747942196541631,0.17902401306606766,1.913235263579235,-1.0
2003-06-22,0.6173092744796335,0.2747942196541631,0.17902401306606766,1.913235263579235,-1.0
2003-06-23,0.6173092744796335,0.2747942196541631,0.17902401306606766,1.913235263579235,-1.0
2003-06-24,0.6173092744796335,0.2747942196541631,0.17902401306606766,1.913235263579235,-1.0
2003-06-25,0.6173092744796335,0.2747942196541631,0.17902401306606766,1.913235263579235,-1.0
2003-06-26,0.6764485981846788,0.31598448659318573,0.20996364476032015,1.7167929810085636,-1.0
2003-06-27,0.6764485981846788,0.31598448659318573,0.20996364476032015,1.7167929810085636,-1.0
2003-06-28,0.6764485981846788,0.31598448659318573,0.20996364476032015,1.7167929810085636,-1.0
2003-06-29,0.6764485981846788,0.31598448659318573,0.20996364476032015,1.7167929810085636,-1.0
2003-06-30,0.6764485981846788,0.31598448659318573,0.20996364476032015,1.7167929810085636,-1.0
2003-07-01,0.6764485981846788,0.31598448659318573,0.20996364476032015,1.7167929810085636,-1.0
2003-07-02,0.6764485981846788,0.31598448659318573,0.20996364476032015,1.7167929810085636,-1.0
2003-07-03,0.6764485981846788,0.31598448659318573,0.20996364476032015,1.7167929810085636,-1.0
2003-07-04,0.6764485981846788,0.31598448659318573,0.20996364476032015,1.7167929810085636,-1.0
2003-07-05,0.6764485981846788,0.31598448659318573,0.20996364476032015,1.7167929810085636,-1.0
2003-07-06,0.6764485981846788,0.31598448659318573,0.20996364476032015,1.7167929810085636,-1.0
2003-07-07,0.6764485981846788,0.31598448659318573,0.20996364476032015,1.7167929810085636,-1.0
2003-07-08,0.6764485981846788,0.31598448659318573,0.20996364476032015,1.7167929810085636,-1.0
2003-07-09,0.6764485981846788,0.31598448659318573,0.20996364476032015,1.7167929810085636,-1.0
2003-07-10,0.6764485981846788,0.31598448659318573,0.20996364476032015,1.7167929810085636,-1.0
2003-07-11,0.6764485981846788,0.31598448659318573,0.20996364476032015,1.7167929810085636,-1.0
2003-07-12,0.7346329508704441,0.36187568501574585,0.23692930298055964,1.5732847780558552,-1.0
2003-07-13,0.7346329508704441,0.36187568501574585,0.23692930298055964,1.5732847780558552,-1.0
2003-07-14,0.7346329508704441,0.36187568501574585,0.23692930298055964,1.5732847780558552,-1.0
2003-07-15,0.7346329508704441,0.36187568501574585,0.23692930298055964,1.5732847780558552,-1.0
2003-07-16,0.7346329508704441,0.36187568501574585,0.23692930298055964,1.5732847780558552,-1.0
2003-07-17,0.7346329508704441,0.36187568501574585,0.23692930298055964,1.5732847780558552,-1.0
2003-07-18,0.7346329508704441,0.36187568501574585,0.23692930298055964,1.5732847780558552,-1.0
2003-07-19,0.7346329508704441,0.36187568501574585,0.23692930298055964,1.5732847780558552,-1.0
2003-07-20,0.7346329508704441,0.36187568501574585,0.23692930298055964,1.5732847780558552,-1.0
2003-07-21,0.7346329508704441,0.36187568501574585,0.23692930298055964,1.5732847780558552,-1.0
2003-07-22,0.7346329508704441,0.36187568501574585,0.23692930298055964,1.5732847780558552,-1.0
2003-07-23,0.7346329508704441,0.36187568501574585,0.23692930298055964,1.5732847780558552,-1.0
2003-07-24,0.7346329508704441,0.36187568501574585,0.23692930298055964,1.5732847780558552,-1.0
2003-07-25,0.7346329508704441,0.36187568501574585,0.23692930298055964,1.5732847780558552,-1.0
2003-07-26,0.7346329508704441,0.36187568501574585,0.23692930298055964,1.5732847780558552,-1.0
2003-07-27,0.7346329508704441,0.36187568501574585,0.23692930298055964,1.5732847780558552,-1.0
2003-07-28,0.7313462481396293,0.4126712761713926,0.24594897699804555,1.2956954562603002,-1.0
2003-07-29,0.7313462481396293,0.4126712761713926,0.24594897699804555,1.2956954562603002,-1.0
2003-07-30,0.7313462481396293,0.4126712761713926,0.24594897699804555,1.2956954562603002,-1.0
2003-07-31,0.7313462481396293,0.4126712761713926,0.24594897699804555,1.2956954562603002,-1.0
2003-08-01,0.7313462481396293,0.4126712761713926,0.24594897699804555,1.2956954562603002,-1.0
2003-08-02,0.7313462481396293,0.4126712761713926,0.24594897699804555,1.2956954562603002,-1.0
2003-08-03,0.7313462481396293,0.4126712761713926,0.24594897699804555,1.2956954562603002,-1.0
2003-08-04,0.7313462481396293,0.4126712761713926,0.24594897699804555,1.2956954562603002,-1.0
2003-08-05,0.7313462481396293,0.4126712761713926,0.24594897699804555,1.2956954562603002,-1.0
2003-08-06,0.7313462481396293,0.4126712761713926,0.24594897699804555,1.2956954562603002,-1.0
2003-08-07,0.7313462481396293,0.4126712761713926,0.24594897699804555,1.2956954562603002,-1.0
2003-08-08,0.7313462481396293,0.4126712761713926,0.24594897699804555,1.2956954562603002,-1.0
2003-08-09,0.7313462481396293,0.4126712761713926,0.24594897699804555,1.2956954562603002,-1.0
2003-08-10,0.7313462481396293,0.4126712761713926,0.24594897699804555,1.2956954562603002,-1.0
2003-08-11,0.7313462481396293,0.4126712761713926,0.24594897699804555,1.2956954562603002,-1.0
2003-08-12,0.7313462481396293,0.4126712761713926,0.24594897699804555,1.2956954562603002,-1.0
2003-08-13,0.6908184580882403,0.46418949962728706,0.23262681663070142,0.9742168239387899,0.0
2003-08-14,0.6908184580882403,0.46418949962728706,0.23262681663070142,0.9742168239387899,0.0
2003-08-15,0.6908184580882403,0.46418949962728706,0.23262681663070142,0.9742168239387899,0.0
2003-08-16,0.6908184580882403,0.46418949962728706,0.23262681663070142,0.9742168239387899,0.0
2003-08-17,0.6908184580882403,0.46418949962728706,0.23262681663070142,0.9742168239387899,0.0
2003-08-18,0.6908184580882403,0.46418949962728706,0.23262681663070142,0.9742168239387899,0.0
2003-08-19,0.6908184580882403,0.46418949962728706,0.23262681663070142,0.9742168239387899,0.0
2003-08-20,0.6908184580882403,0.46418949962728706,0.23262681663070142,0.9742168239387899,0.0
2003-08-21,0.6908184580882403,0.46418949962728706,0.23262681663070142,0.9742168239387899,0.0
2003-08-22,0.6908184580882403,0.46418949962728706,0.23262681663070142,0.9742168239387899,0.0
2003-08-23,0.6908184580882403,0.46418949962728706,0.23262681663070142,0.9742168239387899,0.0
2003-08-24,0.6908184580882403,0.46418949962728706,0.23262681663070142,0.9742168239387899,0.0
2003-08-25,0.6908184580882403,0.46418949962728706,0.23262681663070142,0.9742168239387899,0.0
2003-08-26,0.6908184580882403,0.46418949962728706,0.23262681663070142,0.9742168239387899,0.0
2003-08-27,0.6908184580882403,0.46418949962728706,0.23262681663070142,0.9742168239387899,0.0
2003-08-28,0.6908184580882403,0.46418949962728706,0.23262681663070142,0.9742168239387899,0.0
2003-08-29,0.6357397169572165,0.511120753300388,0.2011097744693483,0.6196564238891437,0.0
2003-08-30,0.6357397169572165,0.511120753300388,0.2011097744693483,0.6196564238891437,0.0
2003-08-31,0.6357397169572165,0.511120753300388,0.2011097744693483,0.6196564238891437,0.0
2003-09-01,0.6357397169572165,0.511120753300388,0.2011097744693483,0.6196564238891437,0.0
2003-09-02,0.6357397169572165,0.511120753300388,0.2011097744693483,0.6196564238891437,0.0
2003-09-03,0.6357397169572165,0.511120753300388,0.2011097744693483,0.6196564238891437,0.0
2003-09-04,0.6357397169572165,0.511120753300388,0.2011097744693483,0.6196564238891437,0.0
2003-09-05,0.6357397169572165,0.511120753300388,0.2011097744693483,0.6196564238891437,0.0
2003-09-06,0.6357397169572165,0.511120753300388,0.2011097744693483,0.6196564238891437,0.0
2003-09-07,0.6357397169572165,0.511120753300388,0.2011097744693483,0.6196564238891437,0.0
2003-09-08,0.6357397169572165,0.511120753300388,0.2011097744693483,0.6196564238891437,0.0
2003-09-09,0.6357397169572165,0.511120753300388,0.2011097744693483,0.6196564238891437,0.0
2003-09-10,0.6357397169572165,0.511120753300388,0.2011097744693483,0.6196564238891437,0.0
2003-09-11,0.6357397169572165,0.511120753300388,0.2011097744693483,0.6196564238891437,0.0
2003-09-12,0.6357397169572165,0.511120753300388,0.2011097744693483,0.6196564238891437,0.0
2003-09-13,0.6357397169572165,0.511120753300388,0.2011097744693483,0.6196564238891437,0.0
2003-09-14,0.5560114045013547,0.5433949102035546,0.1698060491352434,0.07429943963746302,0.0
2003-09-15,0.5560114045013547,0.5433949102035546,0.1698060491352434,0.07429943963746302,0.0
2003-09-16,0.5560114045013547,0.5433949102035546,0.1698060491352434,0.07429943963746302,0.0
2003-09-17,0.5560114045013547,0.5433949102035546,0.1698060491352434,0.07429943963746302,0.0
2003-09-18,0.5560114045013547,0.5433949102035546,0.1698060491352434,0.07429943963746302,0.0
2003-09-19,0.5560114045013547,0.5433949102035546,0.1698060491352434,0.07429943963746302,0.0
2003-09-20,0.5560114045013547,0.5433949102035546,0.1698060491352434,0.07429943963746302,0.0
2003-09-21,0.5560114045013547,0.5433949102035546,0.1698060491352434,0.07429943963746302,0.0
2003-09-22,0.5560114045013547,0.5433949102035546,0.1698060491352434,0.07429943963746302,0.0
2003-09-23,0.5560114045013547,0.5433949102035546,0.1698060491352434,0.07429943963746302,0.0
2003-09-24,0.5560114045013547,0.5433949102035546,0.1698060491352434,0.07429943963746302,0.0
2003-09-25,0.5560114045013547,0.5433949102035546,0.1698060491352434,0.07429943963746302,0.0
2003-09-26,0.5560114045013547,0.5433949102035546,0.1698060491352434,0.07429943963746302,0.0
2003-09-27,0.5560114045013547,0.5433949102035546,0.1698060491352434,0.07429943963746302,0.0
2003-09-28,0.5560114045013547,0.5433949102035546,0.1698060491352434,0.07429943963746302,0.0
2003-09-29,0.5560114045013547,0.5433949102035546,0.1698060491352434,0.07429943963746302,0.0
2003-09-30,0.4833664898261899,0.5622503597893941,0.14602240311166798,-0.5402175849885115,0.0
2003-10-01,0.4833664898261899,0.5622503597893941,0.14602240311166798,-0.5402175849885115,0.0
2003-10-02,0.4833664898261899,0.5622503597893941,0.14602240311166798,-0.5402175849885115,0.0
2003-10-03,0.4833664898261899,0.5622503597893941,0.14602240311166798,-0.5402175849885115,0.0
2003-10-04,0.4833664898261899,0.5622503597893941,0.14602240311166798,-0.5402175849885115,0.0
2003-10-05,0.4833664898261899,0.5622503597893941,0.14602240311166798,-0.5402175849885115,0.0
2003-10-06,0.4833664898261899,0.5622503597893941,0.14602240311166798,-0.5402175849885115,0.0
2003-10-07,0.4833664898261899,0.5622503597893941,0.14602240311166798,-0.5402175849885115,0.0
2003-10-08,0.4833664898261899,0.5622503597893941,0.14602240311166798,-0.5402175849885115,0.0
2003-10-09,0.4833664898261899,0.5622503597893941,0.14602240311166798,-0.5402175849885115,0.0
2003-10-10,0.4833664898261899,0.5622503597893941,0.14602240311166798,-0.5402175849885115,0.0
2003-10-11,0.4833664898261899,0.5622503597893941,0.14602240311166798,-0.5402175849885115,0.0
2003-10-12,0.4833664898261899,0.5622503597893941,0.14602240311166798,-0.5402175849885115,0.0
2003-10-13,0.4833664898261899,0.5622503597893941,0.14602240311166798,-0.5402175849885115,0.0
2003-10-14,0.4833664898261899,0.5622503597893941,0.14602240311166798,-0.5402175849885115,0.0
2003-10-15,0.4833664898261899,0.5622503597893941,0.14602240311166798,-0.5402175849885115,0.0
2003-10-16,0.3866882389287144,0.5702535906599874,0.1317140007692506,-1.3936662060160225,1.0
2003-10-17,0.3866882389287144,0.5702535906599874,0.1317140007692506,-1.3936662060160225,1.0
2003-10-18,0.3866882389287144,0.5702535906599874,0.1317140007692506,-1.3936662060160225,1.0
2003-10-19,0.3866882389287144,0.5702535906599874,0.1317140007692506,-1.3936662060160225,1.0
2003-10-20,0.3866882389287144,0.5702535906599874,0.1317140007692506,-1.3936662060160225,1.0
2003-10-21,0.3866882389287144,0.5702535906599874,0.1317140007692506,-1.3936662060160225,1.0
2003-10-22,0.3866882389287144,0.5702535906599874,0.1317140007692506,-1.3936662060160225,1.0
2003-10-23,0.3866882389287144,0.5702535906599874,0.1317140007692506,-1.3936662060160225,1.0
2003-10-24,0.3866882389287144,0.5702535906599874,0.1317140007692506,-1.3936662060160225,1.0
2003-10-25,0.3866882389287144,0.5702535906599874,0.1317140007692506,-1.3936662060160225,1.0
2003-10-26,0.3866882389287144,0.5702535906599874,0.1317140007692506,-1.3936662060160225,1.0
2003-10-27,0.3866882389287144,0.5702535906599874,0.1317140007692506,-1.3936662060160225,1.0
2003-10-28,0.3866882389287144,0.5702535906599874,0.1317140007692506,-1.3936662060160225,1.0
2003-10-29,0.3866882389287144,0.5702535906599874,0.1317140007692506,-1.3936662060160225,1.0
2003-10-30,0.3866882389287144,0.5702535906599874,0.1317140007692506,-1.3936662060160225,1.0
2003-10-31,0.3866882389287144,0.5702535906599874,0.1317140007692506,-1.3936662060160225,1.0
2003-11-01,0.27040763961245917,0.5632827066722447,0.1456703648786832,-2.0105329406135346,1.0
2003-11-02,0.27040763961245917,0.5632827066722447,0.1456703648786832,-2.0105329406135346,1.0
2003-11-03,0.27040763961245917,0.5632827066722447,0.1456703648786832,-2.0105329406135346,1.0
2003-11-04,0.27040763961245917,0.5632827066722447,0.1456703648786832,-2.0105329406135346,1.0
2003-11-05,0.27040763961245917,0.5632827066722447,0.1456703648786832,-2.0105329406135346,1.0
2003-11-06,0.27040763961245917,0.5632827066722447,0.1456703648786832,-2.0105329406135346,1.0
2003-11-07,0.27040763961245917,0.5632827066722447,0.1456703648786832,-2.0105329406135346,1.0
2003-11-08,0.27040763961245917,0.5632827066722447,0.1456703648786832,-2.0105329406135346,1.0
2003-11-09,0.27040763961245917,0.5632827066722447,0.1456703648786832,-2.0105329406135346,1.0
2003-11-10,0.27040763961245917,0.5632827066722447,0.1456703648786832,-2.0105329406135346,1.0
2003-11-11,0.27040763961245917,0.5632827066722447,0.1456703648786832,-2.0105329406135346,1.0
2003-11-12,0.27040763961245917,0.5632827066722447,0.1456703648786832,-2.0105329406135346,1.0
2003-11-13,0.27040763961245917,0.5632827066722447,0.1456703648786832,-2.0105329406135346,1.0
2003-11-14,0.27040763961245917,0.5632827066722447,0.1456703648786832,-2.0105329406135346,1.0
2003-11-15,0.27040763961245917,0.5632827066722447,0.1456703648786832,-2.0105329406135346,1.0
2003-11-16,0.27040763961245917,0.5632827066722447,0.1456703648786832,-2.0105329406135346,1.0
2003-11-17,0.2896835742697373,0.550424007627166,0.16294435829102183,-1.6001807984768714,1.0
2003-11-18,0.2896835742697373,0.550424007627166,0.16294435829102183,-1.6001807984768714,1.0
2003-11-19,0.2896835742697373,0.550424007627166,0.16294435829102183,-1.6001807984768714,1.0
2003-11-20,0.2896835742697373,0.550424007627166,0.16294435829102183,-1.6001807984768714,1.0
2003-11-21,0.2896835742697373,0.550424007627166,0.16294435829102183,-1.6001807984768714,1.0
2003-11-22,0.2896835742697373,0.550424007627166,0.16294435829102183,-1.6001807984768714,1.0
2003-11-23,0.2896835742697373,0.550424007627166,0.16294435829102183,-1.6001807984768714,1.0
2003-11-24,0.2896835742697373,0.550424007627166,0.16294435829102183,-1.6001807984768714,1.0
2003-11-25,0.2896835742697373,0.550424007627166,0.16294435829102183,-1.6001807984768714,1.0
2003-11-26,0.2896835742697373,0.550424007627166,0.16294435829102183,-1.6001807984768714,1.0
2003-11-27,0.2896835742697373,0.550424007627166,0.16294435829102183,-1.6001807984768714,1.0
2003-11-28,0.2896835742697373,0.550424007627166,0.16294435829102183,-1.6001807984768714,1.0
2003-11-29,0.2896835742697373,0.550424007627166,0.16294435829102183,-1.6001807984768714,1.0
2003-11-30,0.2896835742697373,0.550424007627166,0.16294435829102183,-1.6001807984768714,1.0
2003-12-01,0.2896835742697373,0.550424007627166,0.16294435829102183,-1.6001807984768714,1.0
2003-12-02,0.2896835742697373,0.550424007627166,0.16294435829102183,-1.6001807984768714,1.0
2003-12-03,0.12419959559729778,0.516387682454633,0.20438570134034367,-1.9188626419822903,1.0
2003-12-04,0.12419959559729778,0.516387682454633,0.20438570134034367,-1.9188626419822903,1.0
2003-12-05,0.12419959559729778,0.516387682454633,0.20438570134034367,-1.9188626419822903,1.0
2003-12-06,0.12419959559729778,0.516387682454633,0.20438570134034367,-1.9188626419822903,1.0
2003-12-07,0.12419959559729778,0.516387682454633,0.20438570134034367,-1.9188626419822903,1.0
2003-12-08,0.12419959559729778,0.516387682454633,0.20438570134034367,-1.9188626419822903,1.0
2003-12-09,0.12419959559729778,0.516387682454633,0.20438570134034367,-1.9188626419822903,1.0
2003-12-10,0.12419959559729778,0.516387682454633,0.20438570134034367,-1.9188626419822903,1.0
2003-12-11,0.12419959559729778,0.516387682454633,0.20438570134034367,-1.9188626419822903,1.0
2003-12-12,0.12419959559729778,0.516387682454633,0.20438570134034367,-1.9188626419822903,1.0
2003-12-13,0.12419959559729778,0.516387682454633,0.20438570134034367,-1.9188626419822903,1.0
2003-12-14,0.12419959559729778,0.516387682454633,0.20438570134034367,-1.9188626419822903,1.0
2003-12-15,0.12419959559729778,0.516387682454633,0.20438570134034367,-1.9188626419822903,1.0
2003-12-16,0.12419959559729778,0.516387682454633,0.20438570134034367,-1.9188626419822903,1.0
2003-12-17,0.12419959559729778,0.516387682454633,0.20438570134034367,-1.9188626419822903,1.0
2003-12-18,0.12419959559729778,0.516387682454633,0.20438570134034367,-1.9188626419822903,1.0
2003-12-19,0.1726410404355105,0.4793319962842894,0.22381156109307837,-1.3703088185030479,1.0
2003-12-20,0.1726410404355105,0.4793319962842894,0.22381156109307837,-1.3703088185030479,1.0
2003-12-21,0.1726410404355105,0.4793319962842894,0.22381156109307837,-1.3703088185030479,1.0
2003-12-22,0.1726410404355105,0.4793319962842894,0.22381156109307837,-1.3703088185030479,1.0
2003-12-23,0.1726410404355105,0.4793319962842894,0.22381156109307837,-1.3703088185030479,1.0
2003-12-24,0.1726410404355105,0.4793319962842894,0.22381156109307837,-1.3703088185030479,1.0
2003-12-25,0.1726410404355105,0.4793319962842894,0.22381156109307837,-1.3703088185030479,1.0
2003-12-26,0.1726410404355105,0.4793319962842894,0.22381156109307837,-1.3703088185030479,1.0
2003-12-27,0.1726410404355105,0.4793319962842894,0.22381156109307837,-1.3703088185030479,1.0
2003-12-28,0.1726410404355105,0.4793319962842894,0.22381156109307837,-1.3703088185030479,1.0
2003-12-29,0.1726410404355105,0.4793319962842894,0.22381156109307837,-1.3703088185030479,1.0
2003-12-30,0.1726410404355105,0.4793319962842894,0.22381156109307837,-1.3703088185030479,1.0
2003-12-31,0.1726410404355105,0.4793319962842894,0.22381156109307837,-1.3703088185030479,1.0
2004-01-01,0.10968462406925869,0.43210166510800435,0.23779738099952974,-1.3558477376139955,1.0
2004-01-02,0.10968462406925869,0.43210166510800435,0.23779738099952974,-1.3558477376139955,1.0
2004-01-03,0.10968462406925869,0.43210166510800435,0.23779738099952974,-1.3558477376139955,1.0
2004-01-04,0.10968462406925869,0.43210166510800435,0.23779738099952974,-1.3558477376139955,1.0
2004-01-05,0.10968462406925869,0.43210166510800435,0.23779738099952974,-1.3558477376139955,1.0
2004-01-06,0.10968462406925869,0.43210166510800435,0.23779738099952974,-1.3558477376139955,1.0
2004-01-07,0.10968462406925869,0.43210166510800435,0.23779738099952974,-1.3558477376139955,1.0
2004-01-08,0.10968462406925869,0.43210166510800435,0.23779738099952974,-1.3558477376139955,1.0
2004-01-09,0.10968462406925869,0.43210166510800435,0.23779738099952974,-1.3558477376139955,1.0
2004-01-10,0.10968462406925869,0.43210166510800435,0.23779738099952974,-1.3558477376139955,1.0
2004-01-11,0.10968462406925869,0.43210166510800435,0.23779738099952974,-1.3558477376139955,1.0
2004-01-12,0.10968462406925869,0.43210166510800435,0.23779738099952974,-1.3558477376139955,1.0
2004-01-13,0.10968462406925869,0.43210166510800435,0.23779738099952974,-1.3558477376139955,1.0
2004-01-14,0.10968462406925869,0.43210166510800435,0.23779738099952974,-1.3558477376139955,1.0
2004-01-15,0.10968462406925869,0.43210166510800435,0.23779738099952974,-1.3558477376139955,1.0
2004-01-16,0.10968462406925869,0.43210166510800435,0.23779738099952974,-1.3558477376139955,1.0
2004-01-17,0.07689154164345785,0.3772898810057555,0.2375290625934121,-1.264680355668735,1.0
2004-01-18,0.07689154164345785,0.3772898810057555,0.2375290625934121,-1.264680355668735,1.0
2004-01-19,0.07689154164345785,0.3772898810057555,0.2375290625934121,-1.264680355668735,1.0
2004-01-20,0.07689154164345785,0.3772898810057555,0.2375290625934121,-1.264680355668735,1.0
2004-01-21,0.07689154164345785,0.3772898810057555,0.2375290625934121,-1.264680355668735,1.0
2004-01-22,0.07689154164345785,0.3772898810057555,0.2375290625934121,-1.264680355668735,1.0
2004-01-23,0.07689154164345785,0.3772898810057555,0.2375290625934121,-1.264680355668735,1.0
2004-01-24,0.07689154164345785,0.3772898810057555,0.2375290625934121,-1.264680355668735,1.0
2004-01-25,0.07689154164345785,0.3772898810057555,0.2375290625934121,-1.264680355668735,1.0
2004-01-26,0.07689154164345785,0.3772898810057555,0.2375290625934121,-1.264680355668735,1.0
2004-01-27,0.07689154164345785,0.3772898810057555,0.2375290625934121,-1.264680355668735,1.0
2004-01-28,0.07689154164345785,0.3772898810057555,0.2375290625934121,-1.264680355668735,1.0
2004-01-29,0.07689154164345785,0.3772898810057555,0.2375290625934121,-1.264680355668735,1.0
2004-01-30,0.07689154164345785,0.3772898810057555,0.2375290625934121,-1.264680355668735,1.0
2004-01-31,0.07689154164345785,0.3772898810057555,0.2375290625934121,-1.264680355668735,1.0
2004-02-01,0.07689154164345785,0.3772898810057555,0.2375290625934121,-1.264680355668735,1.0
2004-02-02,0.014208957103846717,0.317528440086107,0.2304610595554193,-1.316142013611287,1.0
2004-02-03,0.014208957103846717,0.317528440086107,0.2304610595554193,-1.316142013611287,1.0
2004-02-04,0.014208957103846717,0.317528440086107,0.2304610595554193,-1.316142013611287,1.0
2004-02-05,0.014208957103846717,0.317528440086107,0.2304610595554193,-1.316142013611287,1.0
2004-02-06,0.014208957103846717,0.317528440086107,0.2304610595554193,-1.316142013611287,1.0
2004-02-07,0.014208957103846717,0.317528440086107,0.2304610595554193,-1.316142013611287,1.0
2004-02-08,0.014208957103846717,0.317528440086107,0.2304610595554193,-1.316142013611287,1.0
2004-02-09,0.014208957103846717,0.317528440086107,0.2304610595554193,-1.316142013611287,1.0
2004-02-10,0.014208957103846717,0.317528440086107,0.2304610595554193,-1.316142013611287,1.0
2004-02-11,0.014208957103846717,0.317528440086107,0.2304610595554193,-1.316142013611287,1.0
2004-02-12,0.014208957103846717,0.317528440086107,0.2304610595554193,-1.316142013611287,1.0
2004-02-13,0.014208957103846717,0.317528440086107,0.2304610595554193,-1.316142013611287,1.0
2004-02-14,0.014208957103846717,0.317528440086107,0.2304610595554193,-1.316142013611287,1.0
2004-02-15,0.014208957103846717,0.317528440086107,0.2304610595554193,-1.316142013611287,1.0
2004-02-16,0.014208957103846717,0.317528440086107,0.2304610595554193,-1.316142013611287,1.0
2004-02-17,0.014208957103846717,0.317528440086107,0.2304610595554193,-1.316142013611287,1.0
2004-02-18,0.07040424549535804,0.2658272557033668,0.20755811455603732,-0.9415339440041393,0.0
2004-02-19,0.07040424549535804,0.2658272557033668,0.20755811455603732,-0.9415339440041393,0.0
2004-02-20,0.07040424549535804,0.2658272557033668,0.20755811455603732,-0.9415339440041393,0.0
2004-02-21,0.07040424549535804,0.2658272557033668,0.20755811455603732,-0.9415339440041393,0.0
2004-02-22,0.07040424549535804,0.2658272557033668,0.20755811455603732,-0.9415339440041393,0.0
2004-02-23,0.07040424549535804,0.2658272557033668,0.20755811455603732,-0.9415339440041393,0.0
2004-02-24,0.07040424549535804,0.2658272557033668,0.20755811455603732,-0.9415339440041393,0.0
2004-02-25,0.07040424549535804,0.2658272557033668,0.20755811455603732,-0.9415339440041393,0.0
2004-02-26,0.07040424549535804,0.2658272557033668,0.20755811455603732,-0.9415339440041393,0.0
2004-02-27,0.07040424549535804,0.2658272557033668,0.20755811455603732,-0.9415339440041393,0.0
2004-02-28,0.07040424549535804,0.2658272557033668,0.20755811455603732,-0.9415339440041393,0.0
2004-02-29,0.07040424549535804,0.2658272557033668,0.20755811455603732,-0.9415339440041393,0.0
2004-03-01,0.07040424549535804,0.2658272557033668,0.20755811455603732,-0.9415339440041393,0.0
2004-03-02,0.07040424549535804,0.2658272557033668,0.20755811455603732,-0.9415339440041393,0.0
2004-03-03,0.07040424549535804,0.2658272557033668,0.20755811455603732,-0.9415339440041393,0.0
2004-03-04,0.07040424549535804,0.2658272557033668,0.20755811455603732,-0.9415339440041393,0.0
2004-03-05,0.13398513370815174,0.2240143737659447,0.1741084800527312,-0.5170870484339783,0.0
2004-03-06,0.13398513370815174,0.2240143737659447,0.1741084800527312,-0.5170870484339783,0.0
2004-03-07,0.13398513370815174,0.2240143737659447,0.1741084800527312,-0.5170870484339783,0.0
2004-03-08,0.13398513370815174,0.2240143737659447,0.1741084800527312,-0.5170870484339783,0.0
2004-03-09,0.13398513370815174,0.2240143737659447,0.1741084800527312,-0.5170870484339783,0.0
2004-03-10,0.13398513370815174,0.2240143737659447,0.1741084800527312,-0.5170870484339783,0.0
2004-03-11,0.13398513370815174,0.2240143737659447,0.1741084800527312,-0.5170870484339783,0.0
2004-03-12,0.13398513370815174,0.2240143737659447,0.1741084800527312,-0.5170870484339783,0.0
2004-03-13,0.13398513370815174,0.2240143737659447,0.1741084800527312,-0.5170870484339783,0.0
2004-03-14,0.13398513370815174,0.2240143737659447,0.1741084800527312,-0.5170870484339783,0.0
2004-03-15,0.13398513370815174,0.2240143737659447,0.1741084800527312,-0.5170870484339783,0.0
2004-03-16,0.13398513370815174,0.2240143737659447,0.1741084800527312,-0.5170870484339783,0.0
2004-03-17,0.13398513370815174,0.2240143737659447,0.1741084800527312,-0.5170870484339783,0.0
2004-03-18,0.13398513370815174,0.2240143737659447,0.1741084800527312,-0.5170870484339783,0.0
2004-03-19,0.13398513370815174,0.2240143737659447,0.1741084800527312,-0.5170870484339783,0.0
2004-03-20,0.13398513370815174,0.2240143737659447,0.1741084800527312,-0.5170870484339783,0.0
2004-03-21,0.24549003530856728,0.1981375929998791,0.14001794473202342,0.33818838291988035,0.0
2004-03-22,0.24549003530856728,0.1981375929998791,0.14001794473202342,0.33818838291988035,0.0
2004-03-23,0.24549003530856728,0.1981375929998791,0.14001794473202342,0.33818838291988035,0.0
2004-03-24,0.24549003530856728,0.1981375929998791,0.14001794473202342,0.33818838291988035,0.0
2004-03-25,0.24549003530856728,0.1981375929998791,0.14001794473202342,0.33818838291988035,0.0
2004-03-26,0.24549003530856728,0.1981375929998791,0.14001794473202342,0.33818838291988035,0.0
2004-03-27,0.24549003530856728,0.1981375929998791,0.14001794473202342,0.33818838291988035,0.0
2004-03-28,0.24549003530856728,0.1981375929998791,0.14001794473202342,0.33818838291988035,0.0
2004-03-29,0.24549003530856728,0.1981375929998791,0.14001794473202342,0.33818838291988035,0.0
2004-03-30,0.24549003530856728,0.1981375929998791,0.14001794473202342,0.33818838291988035,0.0
2004-03-31,0.24549003530856728,0.1981375929998791,0.14001794473202342,0.33818838291988035,0.0
2004-04-01,0.24549003530856728,0.1981375929998791,0.14001794473202342,0.33818838291988035,0.0
2004-04-02,0.24549003530856728,0.1981375929998791,0.14001794473202342,0.33818838291988035,0.0
2004-04-03,0.24549003530856728,0.1981375929998791,0.14001794473202342,0.33818838291988035,0.0
2004-04-04,0.24549003530856728,0.1981375929998791,0.14001794473202342,0.33818838291988035,0.0
2004-04-05,0.24549003530856728,0.1981375929998791,0.14001794473202342,0.33818838291988035,0.0
2004-04-06,0.30528222058118615,0.18329723722946215,0.11407210121786684,1.0693673742253973,-1.0
2004-04-07,0.30528222058118615,0.18329723722946215,0.11407210121786684,1.0693673742253973,-1.0
2004-04-08,0.30528222058118615,0.18329723722946215,0.11407210121786684,1.0693673742253973,-1.0
2004-04-09,0.30528222058118615,0.18329723722946215,0.11407210121786684,1.0693673742253973,-1.0
2004-04-10,0.30528222058118615,0.18329723722946215,0.11407210121786684,1.0693673742253973,-1.0
2004-04-11,0.30528222058118615,0.18329723722946215,0.11407210121786684,1.0693673742253973,-1.0
2004-04-12,0.30528222058118615,0.18329723722946215,0.11407210121786684,1.0693673742253973,-1.0
2004-04-13,0.30528222058118615,0.18329723722946215,0.11407210121786684,1.0693673742253973,-1.0
2004-04-14,0.30528222058118615,0.18329723722946215,0.11407210121786684,1.0693673742253973,-1.0
2004-04-15,0.30528222058118615,0.18329723722946215,0.11407210121786684,1.0693673742253973,-1.0
2004-04-16,0.30528222058118615,0.18329723722946215,0.11407210121786684,1.0693673742253973,-1.0
2004-04-17,0.30528222058118615,0.18329723722946215,0.11407210121786684,1.0693673742253973,-1.0
2004-04-18,0.30528222058118615,0.18329723722946215,0.11407210121786684,1.0693673742253973,-1.0
2004-04-19,0.30528222058118615,0.18329723722946215,0.11407210121786684,1.0693673742253973,-1.0
2004-04-20,0.30528222058118615,0.18329723722946215,0.11407210121786684,1.0693673742253973,-1.0
2004-04-21,0.30528222058118615,0.18329723722946215,0.11407210121786684,1.0693673742253973,-1.0
2004-04-22,0.36757430435148253,0.18170440934802615,0.11106778426864204,1.6734816150999183,-1.0
2004-04-23,0.36757430435148253,0.18170440934802615,0.11106778426864204,1.6734816150999183,-1.0
2004-04-24,0.36757430435148253,0.18170440934802615,0.11106778426864204,1.6734816150999183,-1.0
2004-04-25,0.36757430435148253,0.18170440934802615,0.11106778426864204,1.6734816150999183,-1.0
2004-04-26,0.36757430435148253,0.18170440934802615,0.11106778426864204,1.6734816150999183,-1.0
2004-04-27,0.36757430435148253,0.18170440934802615,0.11106778426864204,1.6734816150999183,-1.0
2004-04-28,0.36757430435148253,0.18170440934802615,0.11106778426864204,1.6734816150999183,-1.0
2004-04-29,0.36757430435148253,0.18170440934802615,0.11106778426864204,1.6734816150999183,-1.0
2004-04-30,0.36757430435148253,0.18170440934802615,0.11106778426864204,1.6734816150999183,-1.0
2004-05-01,0.36757430435148253,0.18170440934802615,0.11106778426864204,1.6734816150999183,-1.0
2004-05-02,0.36757430435148253,0.18170440934802615,0.11106778426864204,1.6734816150999183,-1.0
2004-05-03,0.36757430435148253,0.18170440934802615,0.11106778426864204,1.6734816150999183,-1.0
2004-05-04,0.36757430435148253,0.18170440934802615,0.11106778426864204,1.6734816150999183,-1.0
2004-05-05,0.36757430435148253,0.18170440934802615,0.11106778426864204,1.6734816150999183,-1.0
2004-05-06,0.36757430435148253,0.18170440934802615,0.11106778426864204,1.6734816150999183,-1.0
2004-05-07,0.36757430435148253,0.18170440934802615,0.11106778426864204,1.6734816150999183,-1.0
2004-05-08,0.4363451201412393,0.19553253272542448,0.13155558946214016,1.830500614989964,-1.0
2004-05-09,0.4363451201412393,0.19553253272542448,0.13155558946214016,1.830500614989964,-1.0
2004-05-10,0.4363451201412393,0.19553253272542448,0.13155558946214016,1.830500614989964,-1.0
2004-05-11,0.4363451201412393,0.19553253272542448,0.13155558946214016,1.830500614989964,-1.0
2004-05-12,0.4363451201412393,0.19553253272542448,0.13155558946214016,1.830500614989964,-1.0
2004-05-13,0.4363451201412393,0.19553253272542448,0.13155558946214016,1.830500614989964,-1.0
2004-05-14,0.4363451201412393,0.19553253272542448,0.13155558946214016,1.830500614989964,-1.0
2004-05-15,0.4363451201412393,0.19553253272542448,0.13155558946214016,1.830500614989964,-1.0
2004-05-16,0.4363451201412393,0.19553253272542448,0.13155558946214016,1.830500614989964,-1.0
2004-05-17,0.4363451201412393,0.19553253272542448,0.13155558946214016,1.830500614989964,-1.0
2004-05-18,0.4363451201412393,0.19553253272542448,0.13155558946214016,1.830500614989964,-1.0
2004-05-19,0.4363451201412393,0.19553253272542448,0.13155558946214016,1.830500614989964,-1.0
2004-05-20,0.4363451201412393,0.19553253272542448,0.13155558946214016,1.830500614989964,-1.0
2004-05-21,0.4363451201412393,0.19553253272542448,0.13155558946214016,1.830500614989964,-1.0
2004-05-22,0.4363451201412393,0.19553253272542448,0.13155558946214016,1.830500614989964,-1.0
2004-05-23,0.4363451201412393,0.19553253272542448,0.13155558946214016,1.830500614989964,-1.0
2004-05-24,0.5095534385277573,0.21385502141359283,0.15842742871518195,1.8664597381414672,-1.0
2004-05-25,0.5095534385277573,0.21385502141359283,0.15842742871518195,1.8664597381414672,-1.0
2004-05-26,0.5095534385277573,0.21385502141359283,0.15842742871518195,1.8664597381414672,-1.0
2004-05-27,0.5095534385277573,0.21385502141359283,0.15842742871518195,1.8664597381414672,-1.0
2004-05-28,0.5095534385277573,0.21385502141359283,0.15842742871518195,1.8664597381414672,-1.0
2004-05-29,0.5095534385277573,0.21385502141359283,0.15842742871518195,1.8664597381414672,-1.0
2004-05-30,0.5095534385277573,0.21385502141359283,0.15842742871518195,1.8664597381414672,-1.0
2004-05-31,0.5095534385277573,0.21385502141359283,0.15842742871518195,1.8664597381414672,-1.0
2004-06-01,0.5095534385277573,0.21385502141359283,0.15842742871518195,1.8664597381414672,-1.0
2004-06-02,0.5095534385277573,0.21385502141359283,0.15842742871518195,1.8664597381414672,-1.0
2004-06-03,0.5095534385277573,0.21385502141359283,0.15842742871518195,1.8664597381414672,-1.0
2004-06-04,0.5095534385277573,0.21385502141359283,0.15842742871518195,1.8664597381414672,-1.0
2004-06-05,0.5095534385277573,0.21385502141359283,0.15842742871518195,1.8664597381414672,-1.0
2004-06-06,0.5095534385277573,0.21385502141359283,0.15842742871518195,1.8664597381414672,-1.0
2004-06-07,0.5095534385277573,0.21385502141359283,0.15842742871518195,1.8664597381414672,-1.0
2004-06-08,0.5095534385277573,0.21385502141359283,0.15842742871518195,1.8664597381414672,-1.0
2004-06-09,0.6256006002891353,0.25563843847124595,0.19461800134329196,1.9009657856125195,-1.0
2004-06-10,0.6256006002891353,0.25563843847124595,0.19461800134329196,1.9009657856125195,-1.0
2004-06-11,0.6256006002891353,0.25563843847124595,0.19461800134329196,1.9009657856125195,-1.0
2004-06-12,0.6256006002891353,0.25563843847124595,0.19461800134329196,1.9009657856125195,-1.0
2004-06-13,0.6256006002891353,0.25563843847124595,0.19461800134329196,1.9009657856125195,-1.0
2004-06-14,0.6256006002891353,0.25563843847124595,0.19461800134329196,1.9009657856125195,-1.0
2004-06-15,0.6256006002891353,0.25563843847124595,0.19461800134329196,1.9009657856125195,-1.0
2004-06-16,0.6256006002891353,0.25563843847124595,0.19461800134329196,1.9009657856125195,-1.0
2004-06-17,0.6256006002891353,0.25563843847124595,0.19461800134329196,1.9009657856125195,-1.0
2004-06-18,0.6256006002891353,0.25563843847124595,0.19461800134329196,1.9009657856125195,-1.0
2004-06-19,0.6256006002891353,0.25563843847124595,0.19461800134329196,1.9009657856125195,-1.0
2004-06-20,0.6256006002891353,0.25563843847124595,0.19461800134329196,1.9009657856125195,-1.0
2004-06-21,0.6256006002891353,0.25563843847124595,0.19461800134329196,1.9009657856125195,-1.0
2004-06-22,0.6256006002891353,0.25563843847124595,0.19461800134329196,1.9009657856125195,-1.0
2004-06-23,0.6256006002891353,0.25563843847124595,0.19461800134329196,1.9009657856125195,-1.0
2004-06-24,0.6256006002891353,0.25563843847124595,0.19461800134329196,1.9009657856125195,-1.0
2004-06-25,0.6650928984832598,0.2966760933085584,0.22506426320334377,1.6369404894896165,-1.0
2004-06-26,0.6650928984832598,0.2966760933085584,0.22506426320334377,1.6369404894896165,-1.0
2004-06-27,0.6650928984832598,0.2966760933085584,0.22506426320334377,1.6369404894896165,-1.0
2004-06-28,0.6650928984832598,0.2966760933085584,0.22506426320334377,1.6369404894896165,-1.0
2004-06-29,0.6650928984832598,0.2966760933085584,0.22506426320334377,1.6369404894896165,-1.0
2004-06-30,0.6650928984832598,0.2966760933085584,0.22506426320334377,1.6369404894896165,-1.0
2004-07-01,0.6650928984832598,0.2966760933085584,0.22506426320334377,1.6369404894896165,-1.0
2004-07-02,0.6650928984832598,0.2966760933085584,0.22506426320334377,1.6369404894896165,-1.0
2004-07-03,0.6650928984832598,0.2966760933085584,0.22506426320334377,1.6369404894896165,-1.0
2004-07-04,0.6650928984832598,0.2966760933085584,0.22506426320334377,1.6369404894896165,-1.0
2004-07-05,0.6650928984832598,0.2966760933085584,0.22506426320334377,1.6369404894896165,-1.0
2004-07-06,0.6650928984832598,0.2966760933085584,0.22506426320334377,1.6369404894896165,-1.0
2004-07-07,0.6650928984832598,0.2966760933085584,0.22506426320334377,1.6369404894896165,-1.0
2004-07-08,0.6650928984832598,0.2966760933085584,0.22506426320334377,1.6369404894896165,-1.0
2004-07-09,0.6650928984832598,0.2966760933085584,0.22506426320334377,1.6369404894896165,-1.0
2004-07-10,0.6650928984832598,0.2966760933085584,0.22506426320334377,1.6369404894896165,-1.0
2004-07-11,0.7381019970565865,0.34904420772416905,0.24939474630429811,1.5600079596613072,-1.0
2004-07-12,0.7381019970565865,0.34904420772416905,0.24939474630429811,1.5600079596613072,-1.0
2004-07-13,0.7381019970565865,0.34904420772416905,0.24939474630429811,1.5600079596613072,-1.0
2004-07-14,0.7381019970565865,0.34904420772416905,0.24939474630429811,1.5600079596613072,-1.0
2004-07-15,0.7381019970565865,0.34904420772416905,0.24939474630429811,1.5600079596613072,-1.0
2004-07-16,0.7381019970565865,0.34904420772416905,0.24939474630429811,1.5600079596613072,-1.0
2004-07-17,0.7381019970565865,0.34904420772416905,0.24939474630429811,1.5600079596613072,-1.0
2004-07-18,0.7381019970565865,0.34904420772416905,0.24939474630429811,1.5600079596613072,-1.0
2004-07-19,0.7381019970565865,0.34904420772416905,0.24939474630429811,1.5600079596613072,-1.0
2004-07-20,0.7381019970565865,0.34904420772416905,0.24939474630429811,1.5600079596613072,-1.0
2004-07-21,0.7381019970565865,0.34904420772416905,0.24939474630429811,1.5600079596613072,-1.0
2004-07-22,0.7381019970565865,0.34904420772416905,0.24939474630429811,1.5600079596613072,-1.0
2004-07-23,0.7381019970565865,0.34904420772416905,0.24939474630429811,1.5600079596613072,-1.0
2004-07-24,0.7381019970565865,0.34904420772416905,0.24939474630429811,1.5600079596613072,-1.0
2004-07-25,0.7381019970565865,0.34904420772416905,0.24939474630429811,1.5600079596613072,-1.0
2004-07-26,0.7381019970565865,0.34904420772416905,0.24939474630429811,1.5600079596613072,-1.0
2004-07-27,0.7506311662001964,0.40518917643723057,0.25823756781617274,1.3376906880135653,-1.0
2004-07-28,0.7506311662001964,0.40518917643723057,0.25823756781617274,1.3376906880135653,-1.0
2004-07-29,0.7506311662001964,0.40518917643723057,0.25823756781617274,1.3376906880135653,-1.0
2004-07-30,0.7506311662001964,0.40518917643723057,0.25823756781617274,1.3376906880135653,-1.0
2004-07-31,0.7506311662001964,0.40518917643723057,0.25823756781617274,1.3376906880135653,-1.0
2004-08-01,0.7506311662001964,0.40518917643723057,0.25823756781617274,1.3376906880135653,-1.0
2004-08-02,0.7506311662001964,0.40518917643723057,0.25823756781617274,1.3376906880135653,-1.0
2004-08-03,0.7506311662001964,0.40518917643723057,0.25823756781617274,1.3376906880135653,-1.0
2004-08-04,0.7506311662001964,0.40518917643723057,0.25823756781617274,1.3376906880135653,-1.0
2004-08-05,0.7506311662001964,0.40518917643723057,0.25823756781617274,1.3376906880135653,-1.0
2004-08-06,0.7506311662001964,0.40518917643723057,0.25823756781617274,1.3376906880135653,-1.0
2004-08-07,0.7506311662001964,0.40518917643723057,0.25823756781617274,1.3376906880135653,-1.0
2004-08-08,0.7506311662001964,0.40518917643723057,0.25823756781617274,1.3376906880135653,-1.0
2004-08-09,0.7506311662001964,0.40518917643723057,0.25823756781617274,1.3376906880135653,-1.0
2004-08-10,0.7506311662001964,0.40518917643723057,0.25823756781617274,1.3376906880135653,-1.0
2004-08-11,0.7506311662001964,0.40518917643723057,0.25823756781617274,1.3376906880135653,-1.0
2004-08-12,0.7306137218458384,0.46488957349906324,0.24192767696153794,1.0983619223898076,-1.0
2004-08-13,0.7306137218458384,0.46488957349906324,0.24192767696153794,1.0983619223898076,-1.0
2004-08-14,0.7306137218458384,0.46488957349906324,0.24192767696153794,1.0983619223898076,-1.0
2004-08-15,0.7306137218458384,0.46488957349906324,0.24192767696153794,1.0983619223898076,-1.0
2004-08-16,0.7306137218458384,0.46488957349906324,0.24192767696153794,1.0983619223898076,-1.0
2004-08-17,0.7306137218458384,0.46488957349906324,0.24192767696153794,1.0983619223898076,-1.0
2004-08-18,0.7306137218458384,0.46488957349906324,0.24192767696153794,1.0983619223898076,-1.0
2004-08-19,0.7306137218458384,0.46488957349906324,0.24192767696153794,1.0983619223898076,-1.0
2004-08-20,0.7306137218458384,0.46488957349906324,0.24192767696153794,1.0983619223898076,-1.0
2004-08-21,0.7306137218458384,0.46488957349906324,0.24192767696153794,1.0983619223898076,-1.0
2004-08-22,0.7306137218458384,0.46488957349906324,0.24192767696153794,1.0983619223898076,-1.0
2004-08-23,0.7306137218458384,0.46488957349906324,0.24192767696153794,1.0983619223898076,-1.0
2004-08-24,0.7306137218458384,0.46488957349906324,0.24192767696153794,1.0983619223898076,-1.0
2004-08-25,0.7306137218458384,0.46488957349906324,0.24192767696153794,1.0983619223898076,-1.0
2004-08-26,0.7306137218458384,0.46488957349906324,0.24192767696153794,1.0983619223898076,-1.0
2004-08-27,0.7306137218458384,0.46488957349906324,0.24192767696153794,1.0983619223898076,-1.0
2004-08-28,0.7072692224106094,0.5179616549086675,0.21598579077307806,0.8764815816093883,0.0
2004-08-29,0.7072692224106094,0.5179616549086675,0.21598579077307806,0.8764815816093883,0.0
2004-08-30,0.7072692224106094,0.5179616549086675,0.21598579077307806,0.8764815816093883,0.0
2004-08-31,0.7072692224106094,0.5179616549086675,0.21598579077307806,0.8764815816093883,0.0
2004-09-01,0.7072692224106094,0.5179616549086675,0.21598579077307806,0.8764815816093883,0.0
2004-09-02,0.7072692224106094,0.5179616549086675,0.21598579077307806,0.8764815816093883,0.0
2004-09-03,0.7072692224106094,0.5179616549086675,0.21598579077307806,0.8764815816093883,0.0
2004-09-04,0.7072692224106094,0.5179616549086675,0.21598579077307806,0.8764815816093883,0.0
2004-09-05,0.7072692224106094,0.5179616549086675,0.21598579077307806,0.8764815816093883,0.0
2004-09-06,0.7072692224106094,0.5179616549086675,0.21598579077307806,0.8764815816093883,0.0
2004-09-07,0.7072692224106094,0.5179616549086675,0.21598579077307806,0.8764815816093883,0.0
2004-09-08,0.7072692224106094,0.5179616549086675,0.21598579077307806,0.8764815816093883,0.0
2004-09-09,0.7072692224106094,0.5179616549086675,0.21598579077307806,0.8764815816093883,0.0
2004-09-10,0.7072692224106094,0.5179616549086675,0.21598579077307806,0.8764815816093883,0.0
2004-09-11,0.7072692224106094,0.5179616549086675,0.21598579077307806,0.8764815816093883,0.0
2004-09-12,0.7072692224106094,0.5179616549086675,0.21598579077307806,0.8764815816093883,0.0
2004-09-13,0.6336791300009442,0.5596028212664003,0.18047744869335372,0.41044634258103796,0.0
2004-09-14,0.6336791300009442,0.5596028212664003,0.18047744869335372,0.41044634258103796,0.0
2004-09-15,0.6336791300009442,0.5596028212664003,0.18047744869335372,0.41044634258103796,0.0
2004-09-16,0.6336791300009442,0.5596028212664003,0.18047744869335372,0.41044634258103796,0.0
2004-09-17,0.6336791300009442,0.5596028212664003,0.18047744869335372,0.41044634258103796,0.0
2004-09-18,0.6336791300009442,0.5596028212664003,0.18047744869335372,0.41044634258103796,0.0
2004-09-19,0.6336791300009442,0.5596028212664003,0.18047744869335372,0.41044634258103796,0.0
2004-09-20,0.6336791300009442,0.5596028212664003,0.18047744869335372,0.41044634258103796,0.0
2004-09-21,0.6336791300009442,0.5596028212664003,0.18047744869335372,0.41044634258103796,0.0
2004-09-22,0.6336791300009442,0.5596028212664003,0.18047744869335372,0.41044634258103796,0.0
2004-09-23,0.6336791300009442,0.5596028212664003,0.18047744869335372,0.41044634258103796,0.0
2004-09-24,0.6336791300009442,0.5596028212664003,0.18047744869335372,0.41044634258103796,0.0
2004-09-25,0.6336791300009442,0.5596028212664003,0.18047744869335372,0.41044634258103796,0.0
2004-09-26,0.6336791300009442,0.5596028212664003,0.18047744869335372,0.41044634258103796,0.0
2004-09-27,0.6336791300009442,0.5596028212664003,0.18047744869335372,0.41044634258103796,0.0
2004-09-28,0.6336791300009442,0.5596028212664003,0.18047744869335372,0.41044634258103796,0.0
2004-09-29,0.5372776388584749,0.5839184548955592,0.15166643284086212,-0.3075223380906091,0.0
2004-09-30,0.5372776388584749,0.5839184548955592,0.15166643284086212,-0.3075223380906091,0.0
2004-10-01,0.5372776388584749,0.5839184548955592,0.15166643284086212,-0.3075223380906091,0.0
2004-10-02,0.5372776388584749,0.5839184548955592,0.15166643284086212,-0.3075223380906091,0.0
2004-10-03,0.5372776388584749,0.5839184548955592,0.15166643284086212,-0.3075223380906091,0.0
2004-10-04,0.5372776388584749,0.5839184548955592,0.15166643284086212,-0.3075223380906091,0.0
2004-10-05,0.5372776388584749,0.5839184548955592,0.15166643284086212,-0.3075223380906091,0.0
2004-10-06,0.5372776388584749,0.5839184548955592,0.15166643284086212,-0.3075223380906091,0.0
2004-10-07,0.5372776388584749,0.5839184548955592,0.15166643284086212,-0.3075223380906091,0.0
2004-10-08,0.5372776388584749,0.5839184548955592,0.15166643284086212,-0.3075223380906091,0.0
2004-10-09,0.5372776388584749,0.5839184548955592,0.15166643284086212,-0.3075223380906091,0.0
2004-10-10,0.5372776388584749,0.5839184548955592,0.15166643284086212,-0.3075223380906091,0.0
2004-10-11,0.5372776388584749,0.5839184548955592,0.15166643284086212,-0.3075223380906091,0.0
2004-10-12,0.5372776388584749,0.5839184548955592,0.15166643284086212,-0.3075223380906091,0.0
2004-10-13,0.5372776388584749,0.5839184548955592,0.15166643284086212,-0.3075223380906091,0.0
2004-10-14,0.5372776388584749,0.5839184548955592,0.15166643284086212,-0.3075223380906091,0.0
2004-10-15,0.3854133484775888,0.5905960488869261,0.1395645235008923,-1.4701637297391372,1.0
2004-10-16,0.3854133484775888,0.5905960488869261,0.1395645235008923,-1.4701637297391372,1.0
2004-10-17,0.3854133484775888,0.5905960488869261,0.1395645235008923,-1.4701637297391372,1.0
2004-10-18,0.3854133484775888,0.5905960488869261,0.1395645235008923,-1.4701637297391372,1.0
2004-10-19,0.3854133484775888,0.5905960488869261,0.1395645235008923,-1.4701637297391372,1.0
2004-10-20,0.3854133484775888,0.5905960488869261,0.1395645235008923,-1.4701637297391372,1.0
2004-10-21,0.3854133484775888,0.5905960488869261,0.1395645235008923,-1.4701637297391372,1.0
2004-10-22,0.3854133484775888,0.5905960488869261,0.1395645235008923,-1.4701637297391372,1.0
2004-10-23,0.3854133484775888,0.5905960488869261,0.1395645235008923,-1.4701637297391372,1.0
2004-10-24,0.3854133484775888,0.5905960488869261,0.1395645235008923,-1.4701637297391372,1.0
2004-10-25,0.3854133484775888,0.5905960488869261,0.1395645235008923,-1.4701637297391372,1.0
2004-10-26,0.3854133484775888,0.5905960488869261,0.1395645235008923,-1.4701637297391372,1.0
2004-10-27,0.3854133484775888,0.5905960488869261,0.1395645235008923,-1.4701637297391372,1.0
2004-10-28,0.3854133484775888,0.5905960488869261,0.1395645235008923,-1.4701637297391372,1.0
2004-10-29,0.3854133484775888,0.5905960488869261,0.1395645235008923,-1.4701637297391372,1.0
2004-10-30,0.3854133484775888,0.5905960488869261,0.1395645235008923,-1.4701637297391372,1.0
2004-10-31,0.390864073726011,0.5925368630014701,0.13630506582771118,-1.4795692885719476,1.0
2004-11-01,0.390864073726011,0.5925368630014701,0.13630506582771118,-1.4795692885719476,1.0
2004-11-02,0.390864073726011,0.5925368630014701,0.13630506582771118,-1.4795692885719476,1.0
2004-11-03,0.390864073726011,0.5925368630014701,0.13630506582771118,-1.4795692885719476,1.0
2004-11-04,0.390864073726011,0.5925368630014701,0.13630506582771118,-1.4795692885719476,1.0
2004-11-05,0.390864073726011,0.5925368630014701,0.13630506582771118,-1.4795692885719476,1.0
2004-11-06,0.390864073726011,0.5925368630014701,0.13630506582771118,-1.4795692885719476,1.0
2004-11-07,0.390864073726011,0.5925368630014701,0.13630506582771118,-1.4795692885719476,1.0
2004-11-08,0.390864073726011,0.5925368630014701,0.13630506582771118,-1.4795692885719476,1.0
2004-11-09,0.390864073726011,0.5925368630014701,0.13630506582771118,-1.4795692885719476,1.0
2004-11-10,0.390864073726011,0.5925368630014701,0.13630506582771118,-1.4795692885719476,1.0
2004-11-11,0.390864073726011,0.5925368630014701,0.13630506582771118,-1.4795692885719476,1.0
2004-11-12,0.390864073726011,0.5925368630014701,0.13630506582771118,-1.4795692885719476,1.0
2004-11-13,0.390864073726011,0.5925368630014701,0.13630506582771118,-1.4795692885719476,1.0
2004-11-14,0.390864073726011,0.5925368630014701,0.13630506582771118,-1.4795692885719476,1.0
2004-11-15,0.390864073726011,0.5925368630014701,0.13630506582771118,-1.4795692885719476,1.0
2004-11-16,0.3288825158281695,0.583581645975381,0.1503103407726567,-1.694488408701315,1.0
2004-11-17,0.3288825158281695,0.583581645975381,0.1503103407726567,-1.694488408701315,1.0
2004-11-18,0.3288825158281695,0.583581645975381,0.1503103407726567,-1.694488408701315,1.0
2004-11-19,0.3288825158281695,0.583581645975381,0.1503103407726567,-1.694488408701315,1.0
2004-11-20,0.3288825158281695,0.583581645975381,0.1503103407726567,-1.694488408701315,1.0
2004-11-21,0.3288825158281695,0.583581645975381,0.1503103407726567,-1.694488408701315,1.0
2004-11-22,0.3288825158281695,0.583581645975381,0.1503103407726567,-1.694488408701315,1.0
2004-11-23,0.3288825158281695,0.583581645975381,0.1503103407726567,-1.694488408701315,1.0
2004-11-24,0.3288825158281695,0.583581645975381,0.1503103407726567,-1.694488408701315,1.0
2004-11-25,0.3288825158281695,0.583581645975381,0.1503103407726567,-1.694488408701315,1.0
2004-11-26,0.3288825158281695,0.583581645975381,0.1503103407726567,-1.694488408701315,1.0
2004-11-27,0.3288825158281695,0.583581645975381,0.1503103407726567,-1.694488408701315,1.0
2004-11-28,0.3288825158281695,0.583581645975381,0.1503103407726567,-1.694488408701315,1.0
2004-11-29,0.3288825158281695,0.583581645975381,0.1503103407726567,-1.694488408701315,1.0
2004-11-30,0.3288825158281695,0.583581645975381,0.1503103407726567,-1.694488408701315,1.0
2004-12-01,0.3288825158281695,0.583581645975381,0.1503103407726567,-1.694488408701315,1.0
2004-12-02,0.2328624436884907,0.5605240630721088,0.18082365638123366,-1.8120506240223533,1.0
2004-12-03,0.2328624436884907,0.5605240630721088,0.18082365638123366,-1.8120506240223533,1.0
2004-12-04,0.2328624436884907,0.5605240630721088,0.18082365638123366,-1.8120506240223533,1.0
2004-12-05,0.2328624436884907,0.5605240630721088,0.18082365638123366,-1.8120506240223533,1.0
2004-12-06,0.2328624436884907,0.5605240630721088,0.18082365638123366,-1.8120506240223533,1.0
2004-12-07,0.2328624436884907,0.5605240630721088,0.18082365638123366,-1.8120506240223533,1.0
2004-12-08,0.2328624436884907,0.5605240630721088,0.18082365638123366,-1.8120506240223533,1.0
2004-12-09,0.2328624436884907,0.5605240630721088,0.18082365638123366,-1.8120506240223533,1.0
2004-12-10,0.2328624436884907,0.5605240630721088,0.18082365638123366,-1.8120506240223533,1.0
2004-12-11,0.2328624436884907,0.5605240630721088,0.18082365638123366,-1.8120506240223533,1.0
2004-12-12,0.2328624436884907,0.5605240630721088,0.18082365638123366,-1.8120506240223533,1.0
2004-12-13,0.2328624436884907,0.5605240630721088,0.18082365638123366,-1.8120506240223533,1.0
2004-12-14,0.2328624436884907,0.5605240630721088,0.18082365638123366,-1.8120506240223533,1.0
2004-12-15,0.2328624436884907,0.5605240630721088,0.18082365638123366,-1.8120506240223533,1.0
2004-12-16,0.2328624436884907,0.5605240630721088,0.18082365638123366,-1.8120506240223533,1.0
2004-12-17,0.2328624436884907,0.5605240630721088,0.18082365638123366,-1.8120506240223533,1.0
2004-12-18,0.17478355595538522,0.5229559760442962,0.21047426769025057,-1.6542279676739733,1.0
2004-12-19,0.17478355595538522,0.5229559760442962,0.21047426769025057,-1.6542279676739733,1.0
2004-12-20,0.17478355595538522,0.5229559760442962,0.21047426769025057,-1.6542279676739733,1.0
2004-12-21,0.17478355595538522,0.5229559760442962,0.21047426769025057,-1.6542279676739733,1.0
2004-12-22,0.17478355595538522,0.5229559760442962,0.21047426769025057,-1.6542279676739733,1.0
2004-12-23,0.17478355595538522,0.5229559760442962,0.21047426769025057,-1.6542279676739733,1.0
2004-12-24,0.17478355595538522,0.5229559760442962,0.21047426769025057,-1.6542279676739733,1.0
2004-12-25,0.17478355595538522,0.5229559760442962,0.21047426769025057,-1.6542279676739733,1.0
2004-12-26,0.17478355595538522,0.5229559760442962,0.21047426769025057,-1.6542279676739733,1.0
2004-12-27,0.17478355595538522,0.5229559760442962,0.21047426769025057,-1.6542279676739733,1.0
2004-12-28,0.17478355595538522,0.5229559760442962,0.21047426769025057,-1.6542279676739733,1.0
2004-12-29,0.17478355595538522,0.5229559760442962,0.21047426769025057,-1.6542279676739733,1.0
2004-12-30,0.17478355595538522,0.5229559760442962,0.21047426769025057,-1.6542279676739733,1.0
2004-12-31,0.17478355595538522,0.5229559760442962,0.21047426769025057,-1.6542279676739733,1.0
2005-01-01,0.06357497966467113,0.4728294828094138,0.24270625758558742,-1.6862132324726897,1.0
2005-01-02,0.06357497966467113,0.4728294828094138,0.24270625758558742,-1.6862132324726897,1.0
2005-01-03,0.06357497966467113,0.4728294828094138,0.24270625758558742,-1.6862132324726897,1.0
2005-01-04,0.06357497966467113,0.4728294828094138,0.24270625758558742,-1.6862132324726897,1.0
2005-01-05,0.06357497966467113,0.4728294828094138,0.24270625758558742,-1.6862132324726897,1.0
2005-01-06,0.06357497966467113,0.4728294828094138,0.24270625758558742,-1.6862132324726897,1.0
2005-01-07,0.06357497966467113,0.4728294828094138,0.24270625758558742,-1.6862132324726897,1.0
2005-01-08,0.06357497966467113,0.4728294828094138,0.24270625758558742,-1.6862132324726897,1.0
2005-01-09,0.06357497966467113,0.4728294828094138,0.24270625758558742,-1.6862132324726897,1.0
2005-01-10,0.06357497966467113,0.4728294828094138,0.24270625758558742,-1.6862132324726897,1.0
2005-01-11,0.06357497966467113,0.4728294828094138,0.24270625758558742,-1.6862132324726897,1.0
2005-01-12,0.06357497966467113,0.4728294828094138,0.24270625758558742,-1.6862132324726897,1.0
2005-01-13,0.06357497966467113,0.4728294828094138,0.24270625758558742,-1.6862132324726897,1.0
2005-01-14,0.06357497966467113,0.4728294828094138,0.24270625758558742,-1.6862132324726897,1.0
2005-01-15,0.06357497966467113,0.4728294828094138,0.24270625758558742,-1.6862132324726897,1.0
2005-01-16,0.06357497966467113,0.4728294828094138,0.24270625758558742,-1.6862132324726897,1.0
2005-01-17,0.04439535877810767,0.4150205962862073,0.2560279611274798,-1.4475967229358997,1.0
2005-01-18,0.04439535877810767,0.4150205962862073,0.2560279611274798,-1.4475967229358997,1.0
2005-01-19,0.04439535877810767,0.4150205962862073,0.2560279611274798,-1.4475967229358997,1.0
2005-01-20,0.04439535877810767,0.4150205962862073,0.2560279611274798,-1.4475967229358997,1.0
2005-01-21,0.04439535877810767,0.4150205962862073,0.2560279611274798,-1.4475967229358997,1.0
2005-01-22,0.04439535877810767,0.4150205962862073,0.2560279611274798,-1.4475967229358997,1.0
2005-01-23,0.04439535877810767,0.4150205962862073,0.2560279611274798,-1.4475967229358997,1.0
2005-01-24,0.04439535877810767,0.4150205962862073,0.2560279611274798,-1.4475967229358997,1.0
2005-01-25,0.04439535877810767,0.4150205962862073,0.2560279611274798,-1.4475967229358997,1.0
2005-01-26,0.04439535877810767,0.4150205962862073,0.2560279611274798,-1.4475967229358997,1.0
2005-01-27,0.04439535877810767,0.4150205962862073,0.2560279611274798,-1.4475967229358997,1.0
2005-01-28,0.04439535877810767,0.4150205962862073,0.2560279611274798,-1.4475967229358997,1.0
2005-01-29,0.04439535877810767,0.4150205962862073,0.2560279611274798,-1.4475967229358997,1.0
2005-01-30,0.04439535877810767,0.4150205962862073,0.2560279611274798,-1.4475967229358997,1.0
2005-01-31,0.04439535877810767,0.4150205962862073,0.2560279611274798,-1.4475967229358997,1.0
2005-02-01,0.04439535877810767,0.4150205962862073,0.2560279611274798,-1.4475967229358997,1.0
2005-02-02,0.10037309261113278,0.3608324234871187,0.24719991647272685,-1.0536384259042497,1.0
2005-02-03,0.10037309261113278,0.3608324234871187,0.24719991647272685,-1.0536384259042497,1.0
2005-02-04,0.10037309261113278,0.3608324234871187,0.24719991647272685,-1.0536384259042497,1.0
2005-02-05,0.10037309261113278,0.3608324234871187,0.24719991647272685,-1.0536384259042497,1.0
2005-02-06,0.10037309261113278,0.3608324234871187,0.24719991647272685,-1.0536384259042497,1.0
2005-02-07,0.10037309261113278,0.3608324234871187,0.24719991647272685,-1.0536384259042497,1.0
2005-02-08,0.10037309261113278,0.3608324234871187,0.24719991647272685,-1.0536384259042497,1.0
2005-02-09,0.10037309261113278,0.3608324234871187,0.24719991647272685,-1.0536384259042497,1.0
2005-02-10,0.10037309261113278,0.3608324234871187,0.24719991647272685,-1.0536384259042497,1.0
2005-02-11,0.10037309261113278,0.3608324234871187,0.24719991647272685,-1.0536384259042497,1.0
2005-02-12,0.10037309261113278,0.3608324234871187,0.24719991647272685,-1.0536384259042497,1.0
2005-02-13,0.10037309261113278,0.3608324234871187,0.24719991647272685,-1.0536384259042497,1.0
2005-02-14,0.10037309261113278,0.3608324234871187,0.24719991647272685,-1.0536384259042497,1.0
2005-02-15,0.10037309261113278,0.3608324234871187,0.24719991647272685,-1.0536384259042497,1.0
2005-02-16,0.10037309261113278,0.3608324234871187,0.24719991647272685,-1.0536384259042497,1.0
2005-02-17,0.10037309261113278,0.3608324234871187,0.24719991647272685,-1.0536384259042497,1.0
2005-02-18,0.1016540460423071,0.30841911717015774,0.22756720332394767,-0.908589059002124,0.0
2005-02-19,0.1016540460423071,0.30841911717015774,0.22756720332394767,-0.908589059002124,0.0
2005-02-20,0.1016540460423071,0.30841911717015774,0.22756720332394767,-0.908589059002124,0.0
2005-02-21,0.1016540460423071,0.30841911717015774,0.22756720332394767,-0.908589059002124,0.0
2005-02-22,0.1016540460423071,0.30841911717015774,0.22756720332394767,-0.908589059002124,0.0
2005-02-23,0.1016540460423071,0.30841911717015774,0.22756720332394767,-0.908589059002124,0.0
2005-02-24,0.1016540460423071,0.30841911717015774,0.22756720332394767,-0.908589059002124,0.0
2005-02-25,0.1016540460423071,0.30841911717015774,0.22756720332394767,-0.908589059002124,0.0
2005-02-26,0.1016540460423071,0.30841911717015774,0.22756720332394767,-0.908589059002124,0.0
2005-02-27,0.1016540460423071,0.30841911717015774,0.22756720332394767,-0.908589059002124,0.0
2005-02-28,0.1016540460423071,0.30841911717015774,0.22756720332394767,-0.908589059002124,0.0
2005-03-01,0.1016540460423071,0.30841911717015774,0.22756720332394767,-0.908589059002124,0.0
2005-03-02,0.1016540460423071,0.30841911717015774,0.22756720332394767,-0.908589059002124,0.0
2005-03-03,0.1016540460423071,0.30841911717015774,0.22756720332394767,-0.908589059002124,0.0
2005-03-04,0.1016540460423071,0.30841911717015774,0.22756720332394767,-0.908589059002124,0.0
2005-03-05,0.1016540460423071,0.30841911717015774,0.22756720332394767,-0.908589059002124,0.0
2005-03-06,0.1368813662633356,0.26088679582455154,0.19374000548564152,-0.6400610408282776,0.0
2005-03-07,0.1368813662633356,0.26088679582455154,0.19374000548564152,-0.6400610408282776,0.0
2005-03-08,0.1368813662633356,0.26088679582455154,0.19374000548564152,-0.6400610408282776,0.0
2005-03-09,0.1368813662633356,0.26088679582455154,0.19374000548564152,-0.6400610408282776,0.0
2005-03-10,0.1368813662633356,0.26088679582455154,0.19374000548564152,-0.6400610408282776,0.0
2005-03-11,0.1368813662633356,0.26088679582455154,0.19374000548564152,-0.6400610408282776,0.0
2005-03-12,0.1368813662633356,0.26088679582455154,0.19374000548564152,-0.6400610408282776,0.0
2005-03-13,0.1368813662633356,0.26088679582455154,0.19374000548564152,-0.6400610408282776,0.0
2005-03-14,0.1368813662633356,0.26088679582455154,0.19374000548564152,-0.6400610408282776,0.0
2005-03-15,0.1368813662633356,0.26088679582455154,0.19374000548564152,-0.6400610408282776,0.0
2005-03-16,0.1368813662633356,0.26088679582455154,0.19374000548564152,-0.6400610408282776,0.0
2005-03-17,0.1368813662633356,0.26088679582455154,0.19374000548564152,-0.6400610408282776,0.0
2005-03-18,0.1368813662633356,0.26088679582455154,0.19374000548564152,-0.6400610408282776,0.0
2005-03-19,0.1368813662633356,0.26088679582455154,0.19374000548564152,-0.6400610408282776,0.0
2005-03-20,0.1368813662633356,0.26088679582455154,0.19374000548564152,-0.6400610408282776,0.0
2005-03-21,0.1368813662633356,0.26088679582455154,0.19374000548564152,-0.6400610408282776,0.0
2005-03-22,0.24549949546377933,0.22853849294645448,0.15421141898054724,0.10998538648726378,0.0
2005-03-23,0.24549949546377933,0.22853849294645448,0.15421141898054724,0.10998538648726378,0.0
2005-03-24,0.24549949546377933,0.22853849294645448,0.15421141898054724,0.10998538648726378,0.0
2005-03-25,0.24549949546377933,0.22853849294645448,0.15421141898054724,0.10998538648726378,0.0
2005-03-26,0.24549949546377933,0.22853849294645448,0.15421141898054724,0.10998538648726378,0.0
2005-03-27,0.24549949546377933,0.22853849294645448,0.15421141898054724,0.10998538648726378,0.0
2005-03-28,0.24549949546377933,0.22853849294645448,0.15421141898054724,0.10998538648726378,0.0
2005-03-29,0.24549949546377933,0.22853849294645448,0.15421141898054724,0.10998538648726378,0.0
2005-03-30,0.24549949546377933,0.22853849294645448,0.15421141898054724,0.10998538648726378,0.0
2005-03-31,0.24549949546377933,0.22853849294645448,0.15421141898054724,0.10998538648726378,0.0
2005-04-01,0.24549949546377933,0.22853849294645448,0.15421141898054724,0.10998538648726378,0.0
2005-04-02,0.24549949546377933,0.22853849294645448,0.15421141898054724,0.10998538648726378,0.0
2005-04-03,0.24549949546377933,0.22853849294645448,0.15421141898054724,0.10998538648726378,0.0
2005-04-04,0.24549949546377933,0.22853849294645448,0.15421141898054724,0.10998538648726378,0.0
2005-04-05,0.24549949546377933,0.22853849294645448,0.15421141898054724,0.10998538648726378,0.0
2005-04-06,0.24549949546377933,0.22853849294645448,0.15421141898054724,0.10998538648726378,0.0
2005-04-07,0.3300746851527393,0.21127158013764316,0.1254101496392158,0.9473165079291667,0.0
2005-04-08,0.3300746851527393,0.21127158013764316,0.1254101496392158,0.9473165079291667,0.0
2005-04-09,0.3300746851527393,0.21127158013764316,0.1254101496392158,0.9473165079291667,0.0
2005-04-10,0.3300746851527393,0.21127158013764316,0.1254101496392158,0.9473165079291667,0.0
2005-04-11,0.3300746851527393,0.21127158013764316,0.1254101496392158,0.9473165079291667,0.0
2005-04-12,0.3300746851527393,0.21127158013764316,0.1254101496392158,0.9473165079291667,0.0
2005-04-13,0.3300746851527393,0.21127158013764316,0.1254101496392158,0.9473165079291667,0.0
2005-04-14,0.3300746851527393,0.21127158013764316,0.1254101496392158,0.9473165079291667,0.0
2005-04-15,0.3300746851527393,0.21127158013764316,0.1254101496392158,0.9473165079291667,0.0
2005-04-16,0.3300746851527393,0.21127158013764316,0.1254101496392158,0.9473165079291667,0.0
2005-04-17,0.3300746851527393,0.21127158013764316,0.1254101496392158,0.9473165079291667,0.0
2005-04-18,0.3300746851527393,0.21127158013764316,0.1254101496392158,0.9473165079291667,0.0
2005-04-19,0.3300746851527393,0.21127158013764316,0.1254101496392158,0.9473165079291667,0.0
2005-04-20,0.3300746851527393,0.21127158013764316,0.1254101496392158,0.9473165079291667,0.0
2005-04-21,0.3300746851527393,0.21127158013764316,0.1254101496392158,0.9473165079291667,0.0
2005-04-22,0.3300746851527393,0.21127158013764316,0.1254101496392158,0.9473165079291667,0.0
2005-04-23,0.38440477548737795,0.21118753238845892,0.1252831066900416,1.3826065434940844,-1.0
2005-04-24,0.38440477548737795,0.21118753238845892,0.1252831066900416,1.3826065434940844,-1.0
2005-04-25,0.38440477548737795,0.21118753238845892,0.1252831066900416,1.3826065434940844,-1.0
2005-04-26,0.38440477548737795,0.21118753238845892,0.1252831066900416,1.3826065434940844,-1.0
2005-04-27,0.38440477548737795,0.21118753238845892,0.1252831066900416,1.3826065434940844,-1.0
2005-04-28,0.38440477548737795,0.21118753238845892,0.1252831066900416,1.3826065434940844,-1.0
2005-04-29,0.38440477548737795,0.21118753238845892,0.1252831066900416,1.3826065434940844,-1.0
2005-04-30,0.38440477548737795,0.21118753238845892,0.1252831066900416,1.3826065434940844,-1.0
2005-05-01,0.38440477548737795,0.21118753238845892,0.1252831066900416,1.3826065434940844,-1.0
2005-05-02,0.38440477548737795,0.21118753238845892,0.1252831066900416,1.3826065434940844,-1.0
2005-05-03,0.38440477548737795,0.21118753238845892,0.1252831066900416,1.3826065434940844,-1.0
2005-05-04,0.38440477548737795,0.21118753238845892,0.1252831066900416,1.3826065434940844,-1.0
2005-05-05,0.38440477548737795,0.21118753238845892,0.1252831066900416,1.3826065434940844,-1.0
2005-05-06,0.38440477548737795,0.21118753238845892,0.1252831066900416,1.3826065434940844,-1.0
2005-05-07,0.38440477548737795,0.21118753238845892,0.1252831066900416,1.3826065434940844,-1.0
2005-05-08,0.38440477548737795,0.21118753238845892,0.1252831066900416,1.3826065434940844,-1.0
2005-05-09,0.43358155489960154,0.21474732248625816,0.1313142661764893,1.666492444310851,-1.0
2005-05-10,0.43358155489960154,0.21474732248625816,0.1313142661764893,1.666492444310851,-1.0
2005-05-11,0.43358155489960154,0.21474732248625816,0.1313142661764893,1.666492444310851,-1.0
2005-05-12,0.43358155489960154,0.21474732248625816,0.1313142661764893,1.666492444310851,-1.0
2005-05-13,0.43358155489960154,0.21474732248625816,0.1313142661764893,1.666492444310851,-1.0
2005-05-14,0.43358155489960154,0.21474732248625816,0.1313142661764893,1.666492444310851,-1.0
2005-05-15,0.43358155489960154,0.21474732248625816,0.1313142661764893,1.666492444310851,-1.0
2005-05-16,0.43358155489960154,0.21474732248625816,0.1313142661764893,1.666492444310851,-1.0
2005-05-17,0.43358155489960154,0.21474732248625816,0.1313142661764893,1.666492444310851,-1.0
2005-05-18,0.43358155489960154,0.21474732248625816,0.1313142661764893,1.666492444310851,-1.0
2005-05-19,0.43358155489960154,0.21474732248625816,0.1313142661764893,1.666492444310851,-1.0
2005-05-20,0.43358155489960154,0.21474732248625816,0.1313142661764893,1.666492444310851,-1.0
2005-05-21,0.43358155489960154,0.21474732248625816,0.1313142661764893,1.666492444310851,-1.0
2005-05-22,0.43358155489960154,0.21474732248625816,0.1313142661764893,1.666492444310851,-1.0
2005-05-23,0.43358155489960154,0.21474732248625816,0.1313142661764893,1.666492444310851,-1.0
2005-05-24,0.43358155489960154,0.21474732248625816,0.1313142661764893,1.666492444310851,-1.0
2005-05-25,0.5490611906357543,0.23309554538689023,0.1607869381258419,1.9651201082115861,-1.0
2005-05-26,0.5490611906357543,0.23309554538689023,0.1607869381258419,1.9651201082115861,-1.0
2005-05-27,0.5490611906357543,0.23309554538689023,0.1607869381258419,1.9651201082115861,-1.0
2005-05-28,0.5490611906357543,0.23309554538689023,0.1607869381258419,1.9651201082115861,-1.0
2005-05-29,0.5490611906357543,0.23309554538689023,0.1607869381258419,1.9651201082115861,-1.0
2005-05-30,0.5490611906357543,0.23309554538689023,0.1607869381258419,1.9651201082115861,-1.0
2005-05-31,0.5490611906357543,0.23309554538689023,0.1607869381258419,1.9651201082115861,-1.0
2005-06-01,0.5490611906357543,0.23309554538689023,0.1607869381258419,1.9651201082115861,-1.0
2005-06-02,0.5490611906357543,0.23309554538689023,0.1607869381258419,1.9651201082115861,-1.0
2005-06-03,0.5490611906357543,0.23309554538689023,0.1607869381258419,1.9651201082115861,-1.0
2005-06-04,0.5490611906357543,0.23309554538689023,0.1607869381258419,1.9651201082115861,-1.0
2005-06-05,0.5490611906357543,0.23309554538689023,0.1607869381258419,1.9651201082115861,-1.0
2005-06-06,0.5490611906357543,0.23309554538689023,0.1607869381258419,1.9651201082115861,-1.0
2005-06-07,0.5490611906357543,0.23309554538689023,0.1607869381258419,1.9651201082115861,-1.0
2005-06-08,0.5490611906357543,0.23309554538689023,0.1607869381258419,1.9651201082115861,-1.0
2005-06-09,0.5490611906357543,0.23309554538689023,0.1607869381258419,1.9651201082115861,-1.0
2005-06-10,0.6428158281853183,0.26725832742829253,0.1996001325079352,1.88154935589582,-1.0
2005-06-11,0.6428158281853183,0.26725832742829253,0.1996001325079352,1.88154935589582,-1.0
2005-06-12,0.6428158281853183,0.26725832742829253,0.1996001325079352,1.88154935589582,-1.0
2005-06-13,0.6428158281853183,0.26725832742829253,0.1996001325079352,1.88154935589582,-1.0
2005-06-14,0.6428158281853183,0.26725832742829253,0.1996001325079352,1.88154935589582,-1.0
2005-06-15,0.6428158281853183,0.26725832742829253,0.1996001325079352,1.88154935589582,-1.0
2005-06-16,0.6428158281853183,0.26725832742829253,0.1996001325079352,1.88154935589582,-1.0
2005-06-17,0.6428158281853183,0.26725832742829253,0.1996001325079352,1.88154935589582,-1.0
2005-06-18,0.6428158281853183,0.26725832742829253,0.1996001325079352,1.88154935589582,-1.0
2005-06-19,0.6428158281853183,0.26725832742829253,0.1996001325079352,1.88154935589582,-1.0
2005-06-20,0.6428158281853183,0.26725832742829253,0.1996001325079352,1.88154935589582,-1.0
2005-06-21,0.6428158281853183,0.26725832742829253,0.1996001325079352,1.88154935589582,-1.0
2005-06-22,0.6428158281853183,0.26725832742829253,0.1996001325079352,1.88154935589582,-1.0
2005-06-23,0.6428158281853183,0.26725832742829253,0.1996001325079352,1.88154935589582,-1.0
2005-06-24,0.6428158281853183,0.26725832742829253,0.1996001325079352,1.88154935589582,-1.0
2005-06-25,0.6428158281853183,0.26725832742829253,0.1996001325079352,1.88154935589582,-1.0
2005-06-26,0.7213905526780668,0.31280891048851595,0.23568634185653445,1.7335821794809825,-1.0
2005-06-27,0.7213905526780668,0.31280891048851595,0.23568634185653445,1.7335821794809825,-1.0
2005-06-28,0.7213905526780668,0.31280891048851595,0.23568634185653445,1.7335821794809825,-1.0
2005-06-29,0.7213905526780668,0.31280891048851595,0.23568634185653445,1.7335821794809825,-1.0
2005-06-30,0.7213905526780668,0.31280891048851595,0.23568634185653445,1.7335821794809825,-1.0
2005-07-01,0.7213905526780668,0.31280891048851595,0.23568634185653445,1.7335821794809825,-1.0
2005-07-02,0.7213905526780668,0.31280891048851595,0.23568634185653445,1.7335821794809825,-1.0
2005-07-03,0.7213905526780668,0.31280891048851595,0.23568634185653445,1.7335821794809825,-1.0
2005-07-04,0.7213905526780668,0.31280891048851595,0.23568634185653445,1.7335821794809825,-1.0
2005-07-05,0.7213905526780668,0.31280891048851595,0.23568634185653445,1.7335821794809825,-1.0
2005-07-06,0.7213905526780668,0.31280891048851595,0.23568634185653445,1.7335821794809825,-1.0
2005-07-07,0.7213905526780668,0.31280891048851595,0.23568634185653445,1.7335821794809825,-1.0
2005-07-08,0.7213905526780668,0.31280891048851595,0.23568634185653445,1.7335821794809825,-1.0
2005-07-09,0.7213905526780668,0.31280891048851595,0.23568634185653445,1.7335821794809825,-1.0
2005-07-10,0.7213905526780668,0.31280891048851595,0.23568634185653445,1.7335821794809825,-1.0
2005-07-11,0.7213905526780668,0.31280891048851595,0.23568634185653445,1.7335821794809825,-1.0
2005-07-12,0.7445584215706548,0.3695575306473479,0.2516624338061262,1.4900948276300834,-1.0
2005-07-13,0.7445584215706548,0.3695575306473479,0.2516624338061262,1.4900948276300834,-1.0
2005-07-14,0.7445584215706548,0.3695575306473479,0.2516624338061262,1.4900948276300834,-1.0
2005-07-15,0.7445584215706548,0.3695575306473479,0.2516624338061262,1.4900948276300834,-1.0
2005-07-16,0.7445584215706548,0.3695575306473479,0.2516624338061262,1.4900948276300834,-1.0
2005-07-17,0.7445584215706548,0.3695575306473479,0.2516624338061262,1.4900948276300834,-1.0
2005-07-18,0.7445584215706548,0.3695575306473479,0.2516624338061262,1.4900948276300834,-1.0
2005-07-19,0.7445584215706548,0.3695575306473479,0.2516624338061262,1.4900948276300834,-1.0
2005-07-20,0.7445584215706548,0.3695575306473479,0.2516624338061262,1.4900948276300834,-1.0
2005-07-21,0.7445584215706548,0.3695575306473479,0.2516624338061262,1.4900948276300834,-1.0
2005-07-22,0.7445584215706548,0.3695575306473479,0.2516624338061262,1.4900948276300834,-1.0
2005-07-23,0.7445584215706548,0.3695575306473479,0.2516624338061262,1.4900948276300834,-1.0
2005-07-24,0.7445584215706548,0.3695575306473479,0.2516624338061262,1.4900948276300834,-1.0
2005-07-25,0.7445584215706548,0.3695575306473479,0.2516624338061262,1.4900948276300834,-1.0
2005-07-26,0.7445584215706548,0.3695575306473479,0.2516624338061262,1.4900948276300834,-1.0
2005-07-27,0.7445584215706548,0.3695575306473479,0.2516624338061262,1.4900948276300834,-1.0
2005-07-28,0.7362882407471818,0.42721527081143745,0.24964370650754938,1.2380563253910741,-1.0
2005-07-29,0.7362882407471818,0.42721527081143745,0.24964370650754938,1.2380563253910741,-1.0
2005-07-30,0.7362882407471818,0.42721527081143745,0.24964370650754938,1.2380563253910741,-1.0
2005-07-31,0.7362882407471818,0.42721527081143745,0.24964370650754938,1.2380563253910741,-1.0
2005-08-01,0.7362882407471818,0.42721527081143745,0.24964370650754938,1.2380563253910741,-1.0
2005-08-02,0.7362882407471818,0.42721527081143745,0.24964370650754938,1.2380563253910741,-1.0
2005-08-03,0.7362882407471818,0.42721527081143745,0.24964370650754938,1.2380563253910741,-1.0
2005-08-04,0.7362882407471818,0.42721527081143745,0.24964370650754938,1.2380563253910741,-1.0
2005-08-05,0.7362882407471818,0.42721527081143745,0.24964370650754938,1.2380563253910741,-1.0
2005-08-06,0.7362882407471818,0.42721527081143745,0.24964370650754938,1.2380563253910741,-1.0
2005-08-07,0.7362882407471818,0.42721527081143745,0.24964370650754938,1.2380563253910741,-1.0
2005-08-08,0.7362882407471818,0.42721527081143745,0.24964370650754938,1.2380563253910741,-1.0
2005-08-09,0.7362882407471818,0.42721527081143745,0.24964370650754938,1.2380563253910741,-1.0
2005-08-10,0.7362882407471818,0.42721527081143745,0.24964370650754938,1.2380563253910741,-1.0
2005-08-11,0.7362882407471818,0.42721527081143745,0.24964370650754938,1.2380563253910741,-1.0
2005-08-12,0.7362882407471818,0.42721527081143745,0.24964370650754938,1.2380563253910741,-1.0
2005-08-13,0.7204489208421829,0.4788882564973583,0.23982205085710137,1.0072495981145588,-1.0
2005-08-14,0.7204489208421829,0.4788882564973583,0.23982205085710137,1.0072495981145588,-1.0
2005-08-15,0.7204489208421829,0.4788882564973583,0.23982205085710137,1.0072495981145588,-1.0
2005-08-16,0.7204489208421829,0.4788882564973583,0.23982205085710137,1.0072495981145588,-1.0
2005-08-17,0.7204489208421829,0.4788882564973583,0.23982205085710137,1.0072495981145588,-1.0
2005-08-18,0.7204489208421829,0.4788882564973583,0.23982205085710137,1.0072495981145588,-1.0
2005-08-19,0.7204489208421829,0.4788882564973583,0.23982205085710137,1.0072495981145588,-1.0
2005-08-20,0.7204489208421829,0.4788882564973583,0.23982205085710137,1.0072495981145588,-1.0
2005-08-21,0.7204489208421829,0.4788882564973583,0.23982205085710137,1.0072495981145588,-1.0
2005-08-22,0.7204489208421829,0.4788882564973583,0.23982205085710137,1.0072495981145588,-1.0
2005-08-23,0.7204489208421829,0.4788882564973583,0.23982205085710137,1.0072495981145588,-1.0
2005-08-24,0.7204489208421829,0.4788882564973583,0.23982205085710137,1.0072495981145588,-1.0
2005-08-25,0.7204489208421829,0.4788882564973583,0.23982205085710137,1.0072495981145588,-1.0
2005-08-26,0.7204489208421829,0.4788882564973583,0.23982205085710137,1.0072495981145588,-1.0
2005-08-27,0.7204489208421829,0.4788882564973583,0.23982205085710137,1.0072495981145588,-1.0
2005-08-28,0.7204489208421829,0.4788882564973583,0.23982205085710137,1.0072495981145588,-1.0
2005-08-29,0.6775909572435526,0.5268829990974621,0.2136683808635901,0.7053357990404078,0.0
2005-08-30,0.6775909572435526,0.5268829990974621,0.2136683808635901,0.7053357990404078,0.0
2005-08-31,0.6775909572435526,0.5268829990974621,0.2136683808635901,0.7053357990404078,0.0
2005-09-01,0.6775909572435526,0.5268829990974621,0.2136683808635901,0.7053357990404078,0.0
2005-09-02,0.6775909572435526,0.5268829990974621,0.2136683808635901,0.7053357990404078,0.0
2005-09-03,0.6775909572435526,0.5268829990974621,0.2136683808635901,0.7053357990404078,0.0
2005-09-04,0.6775909572435526,0.5268829990974621,0.2136683808635901,0.7053357990404078,0.0
2005-09-05,0.6775909572435526,0.5268829990974621,0.2136683808635901,0.7053357990404078,0.0
2005-09-06,0.6775909572435526,0.5268829990974621,0.2136683808635901,0.7053357990404078,0.0
2005-09-07,0.6775909572435526,0.5268829990974621,0.2136683808635901,0.7053357990404078,0.0
2005-09-08,0.6775909572435526,0.5268829990974621,0.2136683808635901,0.7053357990404078,0.0
2005-09-09,0.6775909572435526,0.5268829990974621,0.2136683808635901,0.7053357990404078,0.0
2005-09-10,0.6775909572435526,0.5268829990974621,0.2136683808635901,0.7053357990404078,0.0
2005-09-11,0.6775909572435526,0.5268829990974621,0.2136683808635901,0.7053357990404078,0.0
2005-09-12,0.6775909572435526,0.5268829990974621,0.2136683808635901,0.7053357990404078,0.0
2005-09-13,0.6775909572435526,0.5268829990974621,0.2136683808635901,0.7053357990404078,0.0
2005-09-14,0.5857033610233656,0.5642848319941313,0.1749721387964368,0.1224110831390862,0.0
2005-09-15,0.5857033610233656,0.5642848319941313,0.1749721387964368,0.1224110831390862,0.0
2005-09-16,0.5857033610233656,0.5642848319941313,0.1749721387964368,0.1224110831390862,0.0
2005-09-17,0.5857033610233656,0.5642848319941313,0.1749721387964368,0.1224110831390862,0.0
2005-09-18,0.5857033610233656,0.5642848319941313,0.1749721387964368,0.1224110831390862,0.0
2005-09-19,0.5857033610233656,0.5642848319941313,0.1749721387964368,0.1224110831390862,0.0
2005-09-20,0.5857033610233656,0.5642848319941313,0.1749721387964368,0.1224110831390862,0.0
2005-09-21,0.5857033610233656,0.5642848319941313,0.1749721387964368,0.1224110831390862,0.0
2005-09-22,0.5857033610233656,0.5642848319941313,0.1749721387964368,0.1224110831390862,0.0
2005-09-23,0.5857033610233656,0.5642848319941313,0.1749721387964368,0.1224110831390862,0.0
2005-09-24,0.5857033610233656,0.5642848319941313,0.1749721387964368,0.1224110831390862,0.0
2005-09-25,0.5857033610233656,0.5642848319941313,0.1749721387964368,0.1224110831390862,0.0
2005-09-26,0.5857033610233656,0.5642848319941313,0.1749721387964368,0.1224110831390862,0.0
2005-09-27,0.5857033610233656,0.5642848319941313,0.1749721387964368,0.1224110831390862,0.0
2005-09-28,0.5857033610233656,0.5642848319941313,0.1749721387964368,0.1224110831390862,0.0
2005-09-29,0.5857033610233656,0.5642848319941313,0.1749721387964368,0.1224110831390862,0.0
2005-09-30,0.5118682062752802,0.5864822245617564,0.1452203541732858,-0.5137986249327156,0.0
2005-10-01,0.5118682062752802,0.5864822245617564,0.1452203541732858,-0.5137986249327156,0.0
2005-10-02,0.5118682062752802,0.5864822245617564,0.1452203541732858,-0.5137986249327156,0.0
2005-10-03,0.5118682062752802,0.5864822245617564,0.1452203541732858,-0.5137986249327156,0.0
2005-10-04,0.5118682062752802,0.5864822245617564,0.1452203541732858,-0.5137986249327156,0.0
2005-10-05,0.5118682062752802,0.5864822245617564,0.1452203541732858,-0.5137986249327156,0.0
2005-10-06,0.5118682062752802,0.5864822245617564,0.1452203541732858,-0.5137986249327156,0.0
2005-10-07,0.5118682062752802,0.5864822245617564,0.1452203541732858,-0.5137986249327156,0.0
2005-10-08,0.5118682062752802,0.5864822245617564,0.1452203541732858,-0.5137986249327156,0.0
2005-10-09,0.5118682062752802,0.5864822245617564,0.1452203541732858,-0.5137986249327156,0.0
2005-10-10,0.5118682062752802,0.5864822245617564,0.1452203541732858,-0.5137986249327156,0.0
2005-10-11,0.5118682062752802,0.5864822245617564,0.1452203541732858,-0.5137986249327156,0.0
2005-10-12,0.5118682062752802,0.5864822245617564,0.1452203541732858,-0.5137986249327156,0.0
2005-10-13,0.5118682062752802,0.5864822245617564,0.1452203541732858,-0.5137986249327156,0.0
2005-10-14,0.5118682062752802,0.5864822245617564,0.1452203541732858,-0.5137986249327156,0.0
2005-10-15,0.5118682062752802,0.5864822245617564,0.1452203541732858,-0.5137986249327156,0.0
2005-10-16,0.4397043754526752,0.5956180320867509,0.13030587055151038,-1.1965205863264807,1.0
2005-10-17,0.4397043754526752,0.5956180320867509,0.13030587055151038,-1.1965205863264807,1.0
2005-10-18,0.4397043754526752,0.5956180320867509,0.13030587055151038,-1.1965205863264807,1.0
2005-10-19,0.4397043754526752,0.5956180320867509,0.13030587055151038,-1.1965205863264807,1.0
2005-10-20,0.4397043754526752,0.5956180320867509,0.13030587055151038,-1.1965205863264807,1.0
2005-10-21,0.4397043754526752,0.5956180320867509,0.13030587055151038,-1.1965205863264807,1.0
2005-10-22,0.4397043754526752,0.5956180320867509,0.13030587055151038,-1.1965205863264807,1.0
2005-10-23,0.4397043754526752,0.5956180320867509,0.13030587055151038,-1.1965205863264807,1.0
2005-10-24,0.4397043754526752,0.5956180320867509,0.13030587055151038,-1.1965205863264807,1.0
2005-10-25,0.4397043754526752,0.5956180320867509,0.13030587055151038,-1.1965205863264807,1.0
2005-10-26,0.4397043754526752,0.5956180320867509,0.13030587055151038,-1.1965205863264807,1.0
2005-10-27,0.4397043754526752,0.5956180320867509,0.13030587055151038,-1.1965205863264807,1.0
2005-10-28,0.4397043754526752,0.5956180320867509,0.13030587055151038,-1.1965205863264807,1.0
2005-10-29,0.4397043754526752,0.5956180320867509,0.13030587055151038,-1.1965205863264807,1.0
2005-10-30,0.4397043754526752,0.5956180320867509,0.13030587055151038,-1.1965205863264807,1.0
2005-10-31,0.4397043754526752,0.5956180320867509,0.13030587055151038,-1.1965205863264807,1.0
2005-11-01,0.3911675149473906,0.5961815937084187,0.12932024445217702,-1.585320841524104,1.0
2005-11-02,0.3911675149473906,0.5961815937084187,0.12932024445217702,-1.585320841524104,1.0
2005-11-03,0.3911675149473906,0.5961815937084187,0.12932024445217702,-1.585320841524104,1.0
2005-11-04,0.3911675149473906,0.5961815937084187,0.12932024445217702,-1.585320841524104,1.0
2005-11-05,0.3911675149473906,0.5961815937084187,0.12932024445217702,-1.585320841524104,1.0
2005-11-06,0.3911675149473906,0.5961815937084187,0.12932024445217702,-1.585320841524104,1.0
2005-11-07,0.3911675149473906,0.5961815937084187,0.12932024445217702,-1.585320841524104,1.0
2005-11-08,0.3911675149473906,0.5961815937084187,0.12932024445217702,-1.585320841524104,1.0
2005-11-09,0.3911675149473906,0.5961815937084187,0.12932024445217702,-1.585320841524104,1.0
2005-11-10,0.3911675149473906,0.5961815937084187,0.12932024445217702,-1.585320841524104,1.0
2005-11-11,0.3911675149473906,0.5961815937084187,0.12932024445217702,-1.585320841524104,1.0
2005-11-12,0.3911675149473906,0.5961815937084187,0.12932024445217702,-1.585320841524104,1.0
2005-11-13,0.3911675149473906,0.5961815937084187,0.12932024445217702,-1.585320841524104,1.0
2005-11-14,0.3911675149473906,0.5961815937084187,0.12932024445217702,-1.585320841524104,1.0
2005-11-15,0.3911675149473906,0.5961815937084187,0.12932024445217702,-1.585320841524104,1.0
2005-11-16,0.3911675149473906,0.5961815937084187,0.12932024445217702,-1.585320841524104,1.0
2005-11-17,0.26143379932722494,0.5818359474107206,0.1558287884147623,-2.0561165324002655,1.0
2005-11-18,0.26143379932722494,0.5818359474107206,0.1558287884147623,-2.0561165324002655,1.0
2005-11-19,0.26143379932722494,0.5818359474107206,0.1558287884147623,-2.0561165324002655,1.0
2005-11-20,0.26143379932722494,0.5818359474107206,0.1558287884147623,-2.0561165324002655,1.0
2005-11-21,0.26143379932722494,0.5818359474107206,0.1558287884147623,-2.0561165324002655,1.0
2005-11-22,0.26143379932722494,0.5818359474107206,0.1558287884147623,-2.0561165324002655,1.0
2005-11-23,0.26143379932722494,0.5818359474107206,0.1558287884147623,-2.0561165324002655,1.0
2005-11-24,0.26143379932722494,0.5818359474107206,0.1558287884147623,-2.0561165324002655,1.0
2005-11-25,0.26143379932722494,0.5818359474107206,0.1558287884147623,-2.0561165324002655,1.0
2005-11-26,0.26143379932722494,0.5818359474107206,0.1558287884147623,-2.0561165324002655,1.0
2005-11-27,0.26143379932722494,0.5818359474107206,0.1558287884147623,-2.0561165324002655,1.0
2005-11-28,0.26143379932722494,0.5818359474107206,0.1558287884147623,-2.0561165324002655,1.0
2005-11-29,0.26143379932722494,0.5818359474107206,0.1558287884147623,-2.0561165324002655,1.0
2005-11-30,0.26143379932722494,0.5818359474107206,0.1558287884147623,-2.0561165324002655,1.0
2005-12-01,0.26143379932722494,0.5818359474107206,0.1558287884147623,-2.0561165324002655,1.0
2005-12-02,0.26143379932722494,0.5818359474107206,0.1558287884147623,-2.0561165324002655,1.0
2005-12-03,0.06496709620380321,0.5414947728747248,0.21609320897114506,-2.2051950588347844,1.0
2005-12-04,0.06496709620380321,0.5414947728747248,0.21609320897114506,-2.2051950588347844,1.0
2005-12-05,0.06496709620380321,0.5414947728747248,0.21609320897114506,-2.2051950588347844,1.0
2005-12-06,0.06496709620380321,0.5414947728747248,0.21609320897114506,-2.2051950588347844,1.0
2005-12-07,0.06496709620380321,0.5414947728747248,0.21609320897114506,-2.2051950588347844,1.0
2005-12-08,0.06496709620380321,0.5414947728747248,0.21609320897114506,-2.2051950588347844,1.0
2005-12-09,0.06496709620380321,0.5414947728747248,0.21609320897114506,-2.2051950588347844,1.0
2005-12-10,0.06496709620380321,0.5414947728747248,0.21609320897114506,-2.2051950588347844,1.0
2005-12-11,0.06496709620380321,0.5414947728747248,0.21609320897114506,-2.2051950588347844,1.0
2005-12-12,0.06496709620380321,0.5414947728747248,0.21609320897114506,-2.2051950588347844,1.0
2005-12-13,0.06496709620380321,0.5414947728747248,0.21609320897114506,-2.2051950588347844,1.0
2005-12-14,0.06496709620380321,0.5414947728747248,0.21609320897114506,-2.2051950588347844,1.0
2005-12-15,0.06496709620380321,0.5414947728747248,0.21609320897114506,-2.2051950588347844,1.0
2005-12-16,0.06496709620380321,0.5414947728747248,0.21609320897114506,-2.2051950588347844,1.0
2005-12-17,0.06496709620380321,0.5414947728747248,0.21609320897114506,-2.2051950588347844,1.0
2005-12-18,0.06496709620380321,0.5414947728747248,0.21609320897114506,-2.2051950588347844,1.0
2005-12-19,0.059356272856655144,0.4928731432640028,0.2536070416208207,-1.7094039173230775,1.0
2005-12-20,0.059356272856655144,0.4928731432640028,0.2536070416208207,-1.7094039173230775,1.0
2005-12-21,0.059356272856655144,0.4928731432640028,0.2536070416208207,-1.7094039173230775,1.0
2005-12-22,0.059356272856655144,0.4928731432640028,0.2536070416208207,-1.7094039173230775,1.0
2005-12-23,0.059356272856655144,0.4928731432640028,0.2536070416208207,-1.7094039173230775,1.0
2005-12-24,0.059356272856655144,0.4928731432640028,0.2536070416208207,-1.7094039173230775,1.0
2005-12-25,0.059356272856655144,0.4928731432640028,0.2536070416208207,-1.7094039173230775,1.0
2005-12-26,0.059356272856655144,0.4928731432640028,0.2536070416208207,-1.7094039173230775,1.0
2005-12-27,0.059356272856655144,0.4928731432640028,0.2536070416208207,-1.7094039173230775,1.0
2005-12-28,0.059356272856655144,0.4928731432640028,0.2536070416208207,-1.7094039173230775,1.0
2005-12-29,0.059356272856655144,0.4928731432640028,0.2536070416208207,-1.7094039173230775,1.0
2005-12-30,0.059356272856655144,0.4928731432640028,0.2536070416208207,-1.7094039173230775,1.0
2005-12-31,0.059356272856655144,0.4928731432640028,0.2536070416208207,-1.7094039173230775,1.0
2006-01-01,0.13971936214152092,0.44440054405262397,0.2614268747714461,-1.1654547076595405,1.0
2006-01-02,0.13971936214152092,0.44440054405262397,0.2614268747714461,-1.1654547076595405,1.0
2006-01-03,0.13971936214152092,0.44440054405262397,0.2614268747714461,-1.1654547076595405,1.0
2006-01-04,0.13971936214152092,0.44440054405262397,0.2614268747714461,-1.1654547076595405,1.0
2006-01-05,0.13971936214152092,0.44440054405262397,0.2614268747714461,-1.1654547076595405,1.0
2006-01-06,0.13971936214152092,0.44440054405262397,0.2614268747714461,-1.1654547076595405,1.0
2006-01-07,0.13971936214152092,0.44440054405262397,0.2614268747714461,-1.1654547076595405,1.0
2006-01-08,0.13971936214152092,0.44440054405262397,0.2614268747714461,-1.1654547076595405,1.0
2006-01-09,0.13971936214152092,0.44440054405262397,0.2614268747714461,-1.1654547076595405,1.0
2006-01-10,0.13971936214152092,0.44440054405262397,0.2614268747714461,-1.1654547076595405,1.0
2006-01-11,0.13971936214152092,0.44440054405262397,0.2614268747714461,-1.1654547076595405,1.0
2006-01-12,0.13971936214152092,0.44440054405262397,0.2614268747714461,-1.1654547076595405,1.0
2006-01-13,0.13971936214152092,0.44440054405262397,0.2614268747714461,-1.1654547076595405,1.0
2006-01-14,0.13971936214152092,0.44440054405262397,0.2614268747714461,-1.1654547076595405,1.0
2006-01-15,0.13971936214152092,0.44440054405262397,0.2614268747714461,-1.1654547076595405,1.0
2006-01-16,0.13971936214152092,0.44440054405262397,0.2614268747714461,-1.1654547076595405,1.0
2006-01-17,0.13219414419620587,0.3933701876047533,0.25724290549546475,-1.0152895875029369,1.0
2006-01-18,0.13219414419620587,0.3933701876047533,0.25724290549546475,-1.0152895875029369,1.0
2006-01-19,0.13219414419620587,0.3933701876047533,0.25724290549546475,-1.0152895875029369,1.0
2006-01-20,0.13219414419620587,0.3933701876047533,0.25724290549546475,-1.0152895875029369,1.0
2006-01-21,0.13219414419620587,0.3933701876047533,0.25724290549546475,-1.0152895875029369,1.0
2006-01-22,0.13219414419620587,0.3933701876047533,0.25724290549546475,-1.0152895875029369,1.0
2006-01-23,0.13219414419620587,0.3933701876047533,0.25724290549546475,-1.0152895875029369,1.0
2006-01-24,0.13219414419620587,0.3933701876047533,0.25724290549546475,-1.0152895875029369,1.0
2006-01-25,0.13219414419620587,0.3933701876047533,0.25724290549546475,-1.0152895875029369,1.0
2006-01-26,0.13219414419620587,0.3933701876047533,0.25724290549546475,-1.0152895875029369,1.0
2006-01-27,0.13219414419620587,0.3933701876047533,0.25724290549546475,-1.0152895875029369,1.0
2006-01-28,0.13219414419620587,0.3933701876047533,0.25724290549546475,-1.0152895875029369,1.0
2006-01-29,0.13219414419620587,0.3933701876047533,0.25724290549546475,-1.0152895875029369,1.0
2006-01-30,0.13219414419620587,0.3933701876047533,0.25724290549546475,-1.0152895875029369,1.0
2006-01-31,0.13219414419620587,0.3933701876047533,0.25724290549546475,-1.0152895875029369,1.0
2006-02-01,0.13219414419620587,0.3933701876047533,0.25724290549546475,-1.0152895875029369,1.0
2006-02-02,0.11481598528200576,0.34158083298265524,0.24415476502709993,-0.9287750238070501,0.0
2006-02-03,0.11481598528200576,0.34158083298265524,0.24415476502709993,-0.9287750238070501,0.0
2006-02-04,0.11481598528200576,0.34158083298265524,0.24415476502709993,-0.9287750238070501,0.0
2006-02-05,0.11481598528200576,0.34158083298265524,0.24415476502709993,-0.9287750238070501,0.0
2006-02-06,0.11481598528200576,0.34158083298265524,0.24415476502709993,-0.9287750238070501,0.0
2006-02-07,0.11481598528200576,0.34158083298265524,0.24415476502709993,-0.9287750238070501,0.0
2006-02-08,0.11481598528200576,0.34158083298265524,0.24415476502709993,-0.9287750238070501,0.0
2006-02-09,0.11481598528200576,0.34158083298265524,0.24415476502709993,-0.9287750238070501,0.0
2006-02-10,0.11481598528200576,0.34158083298265524,0.24415476502709993,-0.9287750238070501,0.0
2006-02-11,0.11481598528200576,0.34158083298265524,0.24415476502709993,-0.9287750238070501,0.0
2006-02-12,0.11481598528200576,0.34158083298265524,0.24415476502709993,-0.9287750238070501,0.0
2006-02-13,0.11481598528200576,0.34158083298265524,0.24415476502709993,-0.9287750238070501,0.0
2006-02-14,0.11481598528200576,0.34158083298265524,0.24415476502709993,-0.9287750238070501,0.0
2006-02-15,0.11481598528200576,0.34158083298265524,0.24415476502709993,-0.9287750238070501,0.0
2006-02-16,0.11481598528200576,0.34158083298265524,0.24415476502709993,-0.9287750238070501,0.0
2006-02-17,0.11481598528200576,0.34158083298265524,0.24415476502709993,-0.9287750238070501,0.0
2006-02-18,0.11794569340014595,0.2913722306958188,0.21990655967610906,-0.7886373992258593,0.0
2006-02-19,0.11794569340014595,0.2913722306958188,0.21990655967610906,-0.7886373992258593,0.0
2006-02-20,0.11794569340014595,0.2913722306958188,0.21990655967610906,-0.7886373992258593,0.0
2006-02-21,0.11794569340014595,0.2913722306958188,0.21990655967610906,-0.7886373992258593,0.0
2006-02-22,0.11794569340014595,0.2913722306958188,0.21990655967610906,-0.7886373992258593,0.0
2006-02-23,0.11794569340014595,0.2913722306958188,0.21990655967610906,-0.7886373992258593,0.0
2006-02-24,0.11794569340014595,0.2913722306958188,0.21990655967610906,-0.7886373992258593,0.0
2006-02-25,0.11794569340014595,0.2913722306958188,0.21990655967610906,-0.7886373992258593,0.0
2006-02-26,0.11794569340014595,0.2913722306958188,0.21990655967610906,-0.7886373992258593,0.0
2006-02-27,0.11794569340014595,0.2913722306958188,0.21990655967610906,-0.7886373992258593,0.0
2006-02-28,0.11794569340014595,0.2913722306958188,0.21990655967610906,-0.7886373992258593,0.0
2006-03-01,0.11794569340014595,0.2913722306958188,0.21990655967610906,-0.7886373992258593,0.0
2006-03-02,0.11794569340014595,0.2913722306958188,0.21990655967610906,-0.7886373992258593,0.0
2006-03-03,0.11794569340014595,0.2913722306958188,0.21990655967610906,-0.7886373992258593,0.0
2006-03-04,0.11794569340014595,0.2913722306958188,0.21990655967610906,-0.7886373992258593,0.0
2006-03-05,0.11794569340014595,0.2913722306958188,0.21990655967610906,-0.7886373992258593,0.0
2006-03-06,0.16267140489280504,0.24846226799992321,0.18519072819856683,-0.46325679444993995,0.0
2006-03-07,0.16267140489280504,0.24846226799992321,0.18519072819856683,-0.46325679444993995,0.0
2006-03-08,0.16267140489280504,0.24846226799992321,0.18519072819856683,-0.46325679444993995,0.0
2006-03-09,0.16267140489280504,0.24846226799992321,0.18519072819856683,-0.46325679444993995,0.0
2006-03-10,0.16267140489280504,0.24846226799992321,0.18519072819856683,-0.46325679444993995,0.0
2006-03-11,0.16267140489280504,0.24846226799992321,0.18519072819856683,-0.46325679444993995,0.0
2006-03-12,0.16267140489280504,0.24846226799992321,0.18519072819856683,-0.46325679444993995,0.0
2006-03-13,0.16267140489280504,0.24846226799992321,0.18519072819856683,-0.46325679444993995,0.0
2006-03-14,0.16267140489280504,0.24846226799992321,0.18519072819856683,-0.46325679444993995,0.0
2006-03-15,0.16267140489280504,0.24846226799992321,0.18519072819856683,-0.46325679444993995,0.0
2006-03-16,0.16267140489280504,0.24846226799992321,0.18519072819856683,-0.46325679444993995,0.0
2006-03-17,0.16267140489280504,0.24846226799992321,0.18519072819856683,-0.46325679444993995,0.0
2006-03-18,0.16267140489280504,0.24846226799992321,0.18519072819856683,-0.46325679444993995,0.0
2006-03-19,0.16267140489280504,0.24846226799992321,0.18519072819856683,-0.46325679444993995,0.0
2006-03-20,0.16267140489280504,0.24846226799992321,0.18519072819856683,-0.46325679444993995,0.0
2006-03-21,0.16267140489280504,0.24846226799992321,0.18519072819856683,-0.46325679444993995,0.0
2006-03-22,0.24866293494605266,0.2203755658268138,0.15197302251443892,0.1861341483588067,0.0
2006-03-23,0.24866293494605266,0.2203755658268138,0.15197302251443892,0.1861341483588067,0.0
2006-03-24,0.24866293494605266,0.2203755658268138,0.15197302251443892,0.1861341483588067,0.0
2006-03-25,0.24866293494605266,0.2203755658268138,0.15197302251443892,0.1861341483588067,0.0
2006-03-26,0.24866293494605266,0.2203755658268138,0.15197302251443892,0.1861341483588067,0.0
2006-03-27,0.24866293494605266,0.2203755658268138,0.15197302251443892,0.1861341483588067,0.0
2006-03-28,0.24866293494605266,0.2203755658268138,0.15197302251443892,0.1861341483588067,0.0
2006-03-29,0.24866293494605266,0.2203755658268138,0.15197302251443892,0.1861341483588067,0.0
2006-03-30,0.24866293494605266,0.2203755658268138,0.15197302251443892,0.1861341483588067,0.0
2006-03-31,0.24866293494605266,0.2203755658268138,0.15197302251443892,0.1861341483588067,0.0
2006-04-01,0.24866293494605266,0.2203755658268138,0.15197302251443892,0.1861341483588067,0.0
2006-04-02,0.24866293494605266,0.2203755658268138,0.15197302251443892,0.1861341483588067,0.0
2006-04-03,0.24866293494605266,0.2203755658268138,0.15197302251443892,0.1861341483588067,0.0
2006-04-04,0.24866293494605266,0.2203755658268138,0.15197302251443892,0.1861341483588067,0.0
2006-04-05,0.24866293494605266,0.2203755658268138,0.15197302251443892,0.1861341483588067,0.0
2006-04-06,0.24866293494605266,0.2203755658268138,0.15197302251443892,0.1861341483588067,0.0
2006-04-07,0.320570260622118,0.20443407035571695,0.12651814005371326,0.9179410179211888,0.0
2006-04-08,0.320570260622118,0.20443407035571695,0.12651814005371326,0.9179410179211888,0.0
2006-04-09,0.320570260622118,0.20443407035571695,0.12651814005371326,0.9179410179211888,0.0
2006-04-10,0.320570260622118,0.20443407035571695,0.12651814005371326,0.9179410179211888,0.0
2006-04-11,0.320570260622118,0.20443407035571695,0.12651814005371326,0.9179410179211888,0.0
2006-04-12,0.320570260622118,0.20443407035571695,0.12651814005371326,0.9179410179211888,0.0
2006-04-13,0.320570260622118,0.20443407035571695,0.12651814005371326,0.9179410179211888,0.0
2006-04-14,0.320570260622118,0.20443407035571695,0.12651814005371326,0.9179410179211888,0.0
2006-04-15,0.320570260622118,0.20443407035571695,0.12651814005371326,0.9179410179211888,0.0
2006-04-16,0.320570260622118,0.20443407035571695,0.12651814005371326,0.9179410179211888,0.0
2006-04-17,0.320570260622118,0.20443407035571695,0.12651814005371326,0.9179410179211888,0.0
2006-04-18,0.320570260622118,0.20443407035571695,0.12651814005371326,0.9179410179211888,0.0
2006-04-19,0.320570260622118,0.20443407035571695,0.12651814005371326,0.9179410179211888,0.0
2006-04-20,0.320570260622118,0.20443407035571695,0.12651814005371326,0.9179410179211888,0.0
2006-04-21,0.320570260622118,0.20443407035571695,0.12651814005371326,0.9179410179211888,0.0
2006-04-22,0.320570260622118,0.20443407035571695,0.12651814005371326,0.9179410179211888,0.0
2006-04-23,0.3941309966726883,0.20063628879071801,0.11929145631415305,1.6220332441277572,-1.0
2006-04-24,0.3941309966726883,0.20063628879071801,0.11929145631415305,1.6220332441277572,-1.0
2006-04-25,0.3941309966726883,0.20063628879071801,0.11929145631415305,1.6220332441277572,-1.0
2006-04-26,0.3941309966726883,0.20063628879071801,0.11929145631415305,1.6220332441277572,-1.0
2006-04-27,0.3941309966726883,0.20063628879071801,0.11929145631415305,1.6220332441277572,-1.0
2006-04-28,0.3941309966726883,0.20063628879071801,0.11929145631415305,1.6220332441277572,-1.0
2006-04-29,0.3941309966726883,0.20063628879071801,0.11929145631415305,1.6220332441277572,-1.0
2006-04-30,0.3941309966726883,0.20063628879071801,0.11929145631415305,1.6220332441277572,-1.0
2006-05-01,0.3941309966726883,0.20063628879071801,0.11929145631415305,1.6220332441277572,-1.0
2006-05-02,0.3941309966726883,0.20063628879071801,0.11929145631415305,1.6220332441277572,-1.0
2006-05-03,0.3941309966726883,0.20063628879071801,0.11929145631415305,1.6220332441277572,-1.0
2006-05-04,0.3941309966726883,0.20063628879071801,0.11929145631415305,1.6220332441277572,-1.0
2006-05-05,0.3941309966726883,0.20063628879071801,0.11929145631415305,1.6220332441277572,-1.0
2006-05-06,0.3941309966726883,0.20063628879071801,0.11929145631415305,1.6220332441277572,-1.0
2006-05-07,0.3941309966726883,0.20063628879071801,0.11929145631415305,1.6220332441277572,-1.0
2006-05-08,0.3941309966726883,0.20063628879071801,0.11929145631415305,1.6220332441277572,-1.0
2006-05-09,0.47115286732846956,0.2073017348224746,0.13241769317320565,1.9925670519034877,-1.0
2006-05-10,0.47115286732846956,0.2073017348224746,0.13241769317320565,1.9925670519034877,-1.0
2006-05-11,0.47115286732846956,0.2073017348224746,0.13241769317320565,1.9925670519034877,-1.0
2006-05-12,0.47115286732846956,0.2073017348224746,0.13241769317320565,1.9925670519034877,-1.0
2006-05-13,0.47115286732846956,0.2073017348224746,0.13241769317320565,1.9925670519034877,-1.0
2006-05-14,0.47115286732846956,0.2073017348224746,0.13241769317320565,1.9925670519034877,-1.0
2006-05-15,0.47115286732846956,0.2073017348224746,0.13241769317320565,1.9925670519034877,-1.0
2006-05-16,0.47115286732846956,0.2073017348224746,0.13241769317320565,1.9925670519034877,-1.0
2006-05-17,0.47115286732846956,0.2073017348224746,0.13241769317320565,1.9925670519034877,-1.0
2006-05-18,0.47115286732846956,0.2073017348224746,0.13241769317320565,1.9925670519034877,-1.0
2006-05-19,0.47115286732846956,0.2073017348224746,0.13241769317320565,1.9925670519034877,-1.0
2006-05-20,0.47115286732846956,0.2073017348224746,0.13241769317320565,1.9925670519034877,-1.0
2006-05-21,0.47115286732846956,0.2073017348224746,0.13241769317320565,1.9925670519034877,-1.0
2006-05-22,0.47115286732846956,0.2073017348224746,0.13241769317320565,1.9925670519034877,-1.0
2006-05-23,0.47115286732846956,0.2073017348224746,0.13241769317320565,1.9925670519034877,-1.0
2006-05-24,0.47115286732846956,0.2073017348224746,0.13241769317320565,1.9925670519034877,-1.0
2006-05-25,0.5585499649600296,0.232061415291875,0.16677896029347625,1.9576123336759141,-1.0
2006-05-26,0.5585499649600296,0.232061415291875,0.16677896029347625,1.9576123336759141,-1.0
2006-05-27,0.5585499649600296,0.232061415291875,0.16677896029347625,1.9576123336759141,-1.0
2006-05-28,0.5585499649600296,0.232061415291875,0.16677896029347625,1.9576123336759141,-1.0
2006-05-29,0.5585499649600296,0.232061415291875,0.16677896029347625,1.9576123336759141,-1.0
2006-05-30,0.5585499649600296,0.232061415291875,0.16677896029347625,1.9576123336759141,-1.0
2006-05-31,0.5585499649600296,0.232061415291875,0.16677896029347625,1.9576123336759141,-1.0
2006-06-01,0.5585499649600296,0.232061415291875,0.16677896029347625,1.9576123336759141,-1.0
2006-06-02,0.5585499649600296,0.232061415291875,0.16677896029347625,1.9576123336759141,-1.0
2006-06-03,0.5585499649600296,0.232061415291875,0.16677896029347625,1.9576123336759141,-1.0
2006-06-04,0.5585499649600296,0.232061415291875,0.16677896029347625,1.9576123336759141,-1.0
2006-06-05,0.5585499649600296,0.232061415291875,0.16677896029347625,1.9576123336759141,-1.0
2006-06-06,0.5585499649600296,0.232061415291875,0.16677896029347625,1.9576123336759141,-1.0
2006-06-07,0.5585499649600296,0.232061415291875,0.16677896029347625,1.9576123336759141,-1.0
2006-06-08,0.5585499649600296,0.232061415291875,0.16677896029347625,1.9576123336759141,-1.0
2006-06-09,0.5585499649600296,0.232061415291875,0.16677896029347625,1.9576123336759141,-1.0
2006-06-10,0.6337220910277306,0.2794576648605356,0.19363071010308697,1.8295880130718332,-1.0
2006-06-11,0.6337220910277306,0.2794576648605356,0.19363071010308697,1.8295880130718332,-1.0
2006-06-12,0.6337220910277306,0.2794576648605356,0.19363071010308697,1.8295880130718332,-1.0
2006-06-13,0.6337220910277306,0.2794576648605356,0.19363071010308697,1.8295880130718332,-1.0
2006-06-14,0.6337220910277306,0.2794576648605356,0.19363071010308697,1.8295880130718332,-1.0
2006-06-15,0.6337220910277306,0.2794576648605356,0.19363071010308697,1.8295880130718332,-1.0
2006-06-16,0.6337220910277306,0.2794576648605356,0.19363071010308697,1.8295880130718332,-1.0
2006-06-17,0.6337220910277306,0.2794576648605356,0.19363071010308697,1.8295880130718332,-1.0
2006-06-18,0.6337220910277306,0.2794576648605356,0.19363071010308697,1.8295880130718332,-1.0
2006-06-19,0.6337220910277306,0.2794576648605356,0.19363071010308697,1.8295880130718332,-1.0
2006-06-20,0.6337220910277306,0.2794576648605356,0.19363071010308697,1.8295880130718332,-1.0
2006-06-21,0.6337220910277306,0.2794576648605356,0.19363071010308697,1.8295880130718332,-1.0
2006-06-22,0.6337220910277306,0.2794576648605356,0.19363071010308697,1.8295880130718332,-1.0
2006-06-23,0.6337220910277306,0.2794576648605356,0.19363071010308697,1.8295880130718332,-1.0
2006-06-24,0.6337220910277306,0.2794576648605356,0.19363071010308697,1.8295880130718332,-1.0
2006-06-25,0.6337220910277306,0.2794576648605356,0.19363071010308697,1.8295880130718332,-1.0
2006-06-26,0.6989727174091994,0.3327590352399143,0.21445007776473474,1.7076873367751568,-1.0
2006-06-27,0.6989727174091994,0.3327590352399143,0.21445007776473474,1.7076873367751568,-1.0
2006-06-28,0.6989727174091994,0.3327590352399143,0.21445007776473474,1.7076873367751568,-1.0
2006-06-29,0.6989727174091994,0.3327590352399143,0.21445007776473474,1.7076873367751568,-1.0
2006-06-30,0.6989727174091994,0.3327590352399143,0.21445007776473474,1.7076873367751568,-1.0
2006-07-01,0.6989727174091994,0.3327590352399143,0.21445007776473474,1.7076873367751568,-1.0
2006-07-02,0.6989727174091994,0.3327590352399143,0.21445007776473474,1.7076873367751568,-1.0
2006-07-03,0.6989727174091994,0.3327590352399143,0.21445007776473474,1.7076873367751568,-1.0
2006-07-04,0.6989727174091994,0.3327590352399143,0.21445007776473474,1.7076873367751568,-1.0
2006-07-05,0.6989727174091994,0.3327590352399143,0.21445007776473474,1.7076873367751568,-1.0
2006-07-06,0.6989727174091994,0.3327590352399143,0.21445007776473474,1.7076873367751568,-1.0
2006-07-07,0.6989727174091994,0.3327590352399143,0.21445007776473474,1.7076873367751568,-1.0
2006-07-08,0.6989727174091994,0.3327590352399143,0.21445007776473474,1.7076873367751568,-1.0
2006-07-09,0.6989727174091994,0.3327590352399143,0.21445007776473474,1.7076873367751568,-1.0
2006-07-10,0.6989727174091994,0.3327590352399143,0.21445007776473474,1.7076873367751568,-1.0
2006-07-11,0.6989727174091994,0.3327590352399143,0.21445007776473474,1.7076873367751568,-1.0
2006-07-12,0.709166636080917,0.380212974734864,0.23027119278327798,1.4285489095270854,-1.0
2006-07-13,0.709166636080917,0.380212974734864,0.23027119278327798,1.4285489095270854,-1.0
2006-07-14,0.709166636080917,0.380212974734864,0.23027119278327798,1.4285489095270854,-1.0
2006-07-15,0.709166636080917,0.380212974734864,0.23027119278327798,1.4285489095270854,-1.0
2006-07-16,0.709166636080917,0.380212974734864,0.23027119278327798,1.4285489095270854,-1.0
2006-07-17,0.709166636080917,0.380212974734864,0.23027119278327798,1.4285489095270854,-1.0
2006-07-18,0.709166636080917,0.380212974734864,0.23027119278327798,1.4285489095270854,-1.0
2006-07-19,0.709166636080917,0.380212974734864,0.23027119278327798,1.4285489095270854,-1.0
2006-07-20,0.709166636080917,0.380212974734864,0.23027119278327798,1.4285489095270854,-1.0
2006-07-21,0.709166636080917,0.380212974734864,0.23027119278327798,1.4285489095270854,-1.0
2006-07-22,0.709166636080917,0.380212974734864,0.23027119278327798,1.4285489095270854,-1.0
2006-07-23,0.709166636080917,0.380212974734864,0.23027119278327798,1.4285489095270854,-1.0
2006-07-24,0.709166636080917,0.380212974734864,0.23027119278327798,1.4285489095270854,-1.0
2006-07-25,0.709166636080917,0.380212974734864,0.23027119278327798,1.4285489095270854,-1.0
2006-07-26,0.709166636080917,0.380212974734864,0.23027119278327798,1.4285489095270854,-1.0
2006-07-27,0.709166636080917,0.380212974734864,0.23027119278327798,1.4285489095270854,-1.0
2006-07-28,0.7090963004726745,0.42828815442456974,0.2339753816312536,1.2001610771626385,-1.0
2006-07-29,0.7090963004726745,0.42828815442456974,0.2339753816312536,1.2001610771626385,-1.0
2006-07-30,0.7090963004726745,0.42828815442456974,0.2339753816312536,1.2001610771626385,-1.0
2006-07-31,0.7090963004726745,0.42828815442456974,0.2339753816312536,1.2001610771626385,-1.0
2006-08-01,0.7090963004726745,0.42828815442456974,0.2339753816312536,1.2001610771626385,-1.0
2006-08-02,0.7090963004726745,0.42828815442456974,0.2339753816312536,1.2001610771626385,-1.0
2006-08-03,0.7090963004726745,0.42828815442456974,0.2339753816312536,1.2001610771626385,-1.0
2006-08-04,0.7090963004726745,0.42828815442456974,0.2339753816312536,1.2001610771626385,-1.0
2006-08-05,0.7090963004726745,0.42828815442456974,0.2339753816312536,1.2001610771626385,-1.0
2006-08-06,0.7090963004726745,0.42828815442456974,0.2339753816312536,1.2001610771626385,-1.0
2006-08-07,0.7090963004726745,0.42828815442456974,0.2339753816312536,1.2001610771626385,-1.0
2006-08-08,0.7090963004726745,0.42828815442456974,0.2339753816312536,1.2001610771626385,-1.0
2006-08-09,0.7090963004726745,0.42828815442456974,0.2339753816312536,1.2001610771626385,-1.0
2006-08-10,0.7090963004726745,0.42828815442456974,0.2339753816312536,1.2001610771626385,-1.0
2006-08-11,0.7090963004726745,0.42828815442456974,0.2339753816312536,1.2001610771626385,-1.0
2006-08-12,0.7090963004726745,0.42828815442456974,0.2339753816312536,1.2001610771626385,-1.0
2006-08-13,0.6789289329716264,0.47529756673203805,0.22161117714719214,0.9188677613689955,0.0
2006-08-14,0.6789289329716264,0.47529756673203805,0.22161117714719214,0.9188677613689955,0.0
2006-08-15,0.6789289329716264,0.47529756673203805,0.22161117714719214,0.9188677613689955,0.0
2006-08-16,0.6789289329716264,0.47529756673203805,0.22161117714719214,0.9188677613689955,0.0
2006-08-17,0.6789289329716264,0.47529756673203805,0.22161117714719214,0.9188677613689955,0.0
2006-08-18,0.6789289329716264,0.47529756673203805,0.22161117714719214,0.9188677613689955,0.0
2006-08-19,0.6789289329716264,0.47529756673203805,0.22161117714719214,0.9188677613689955,0.0
2006-08-20,0.6789289329716264,0.47529756673203805,0.22161117714719214,0.9188677613689955,0.0
2006-08-21,0.6789289329716264,0.47529756673203805,0.22161117714719214,0.9188677613689955,0.0
2006-08-22,0.6789289329716264,0.47529756673203805,0.22161117714719214,0.9188677613689955,0.0
2006-08-23,0.6789289329716264,0.47529756673203805,0.22161117714719214,0.9188677613689955,0.0
2006-08-24,0.6789289329716264,0.47529756673203805,0.22161117714719214,0.9188677613689955,0.0
2006-08-25,0.6789289329716264,0.47529756673203805,0.22161117714719214,0.9188677613689955,0.0
2006-08-26,0.6789289329716264,0.47529756673203805,0.22161117714719214,0.9188677613689955,0.0
2006-08-27,0.6789289329716264,0.47529756673203805,0.22161117714719214,0.9188677613689955,0.0
2006-08-28,0.6789289329716264,0.47529756673203805,0.22161117714719214,0.9188677613689955,0.0
2006-08-29,0.6666418005087342,0.5210222423244204,0.19634152877335517,0.7416645836164811,0.0
2006-08-30,0.6666418005087342,0.5210222423244204,0.19634152877335517,0.7416645836164811,0.0
2006-08-31,0.6666418005087342,0.5210222423244204,0.19634152877335517,0.7416645836164811,0.0
2006-09-01,0.6666418005087342,0.5210222423244204,0.19634152877335517,0.7416645836164811,0.0
2006-09-02,0.6666418005087342,0.5210222423244204,0.19634152877335517,0.7416645836164811,0.0
2006-09-03,0.6666418005087342,0.5210222423244204,0.19634152877335517,0.7416645836164811,0.0
2006-09-04,0.6666418005087342,0.5210222423244204,0.19634152877335517,0.7416645836164811,0.0
2006-09-05,0.6666418005087342,0.5210222423244204,0.19634152877335517,0.7416645836164811,0.0
2006-09-06,0.6666418005087342,0.5210222423244204,0.19634152877335517,0.7416645836164811,0.0
2006-09-07,0.6666418005087342,0.5210222423244204,0.19634152877335517,0.7416645836164811,0.0
2006-09-08,0.6666418005087342,0.5210222423244204,0.19634152877335517,0.7416645836164811,0.0
2006-09-09,0.6666418005087342,0.5210222423244204,0.19634152877335517,0.7416645836164811,0.0
2006-09-10,0.6666418005087342,0.5210222423244204,0.19634152877335517,0.7416645836164811,0.0
2006-09-11,0.6666418005087342,0.5210222423244204,0.19634152877335517,0.7416645836164811,0.0
2006-09-12,0.6666418005087342,0.5210222423244204,0.19634152877335517,0.7416645836164811,0.0
2006-09-13,0.6666418005087342,0.5210222423244204,0.19634152877335517,0.7416645836164811,0.0
2006-09-14,0.570750298323059,0.5550288167769416,0.1607454641591556,0.0978035780253894,0.0
2006-09-15,0.570750298323059,0.5550288167769416,0.1607454641591556,0.0978035780253894,0.0
2006-09-16,0.570750298323059,0.5550288167769416,0.1607454641591556,0.0978035780253894,0.0
2006-09-17,0.570750298323059,0.5550288167769416,0.1607454641591556,0.0978035780253894,0.0
2006-09-18,0.570750298323059,0.5550288167769416,0.1607454641591556,0.0978035780253894,0.0
2006-09-19,0.570750298323059,0.5550288167769416,0.1607454641591556,0.0978035780253894,0.0
2006-09-20,0.570750298323059,0.5550288167769416,0.1607454641591556,0.0978035780253894,0.0
2006-09-21,0.570750298323059,0.5550288167769416,0.1607454641591556,0.0978035780253894,0.0
2006-09-22,0.570750298323059,0.5550288167769416,0.1607454641591556,0.0978035780253894,0.0
2006-09-23,0.570750298323059,0.5550288167769416,0.1607454641591556,0.0978035780253894,0.0
2006-09-24,0.570750298323059,0.5550288167769416,0.1607454641591556,0.0978035780253894,0.0
2006-09-25,0.570750298323059,0.5550288167769416,0.1607454641591556,0.0978035780253894,0.0
2006-09-26,0.570750298323059,0.5550288167769416,0.1607454641591556,0.0978035780253894,0.0
2006-09-27,0.570750298323059,0.5550288167769416,0.1607454641591556,0.0978035780253894,0.0
2006-09-28,0.570750298323059,0.5550288167769416,0.1607454641591556,0.0978035780253894,0.0
2006-09-29,0.570750298323059,0.5550288167769416,0.1607454641591556,0.0978035780253894,0.0
2006-09-30,0.47172163281350654,0.5736170415992294,0.13251549303950652,-0.7689320429524801,0.0
2006-10-01,0.47172163281350654,0.5736170415992294,0.13251549303950652,-0.7689320429524801,0.0
2006-10-02,0.47172163281350654,0.5736170415992294,0.13251549303950652,-0.7689320429524801,0.0
2006-10-03,0.47172163281350654,0.5736170415992294,0.13251549303950652,-0.7689320429524801,0.0
2006-10-04,0.47172163281350654,0.5736170415992294,0.13251549303950652,-0.7689320429524801,0.0
2006-10-05,0.47172163281350654,0.5736170415992294,0.13251549303950652,-0.7689320429524801,0.0
2006-10-06,0.47172163281350654,0.5736170415992294,0.13251549303950652,-0.7689320429524801,0.0
2006-10-07,0.47172163281350654,0.5736170415992294,0.13251549303950652,-0.7689320429524801,0.0
2006-10-08,0.47172163281350654,0.5736170415992294,0.13251549303950652,-0.7689320429524801,0.0
2006-10-09,0.47172163281350654,0.5736170415992294,0.13251549303950652,-0.7689320429524801,0.0
2006-10-10,0.47172163281350654,0.5736170415992294,0.13251549303950652,-0.7689320429524801,0.0
2006-10-11,0.47172163281350654,0.5736170415992294,0.13251549303950652,-0.7689320429524801,0.0
2006-10-12,0.47172163281350654,0.5736170415992294,0.13251549303950652,-0.7689320429524801,0.0
2006-10-13,0.47172163281350654,0.5736170415992294,0.13251549303950652,-0.7689320429524801,0.0
2006-10-14,0.47172163281350654,0.5736170415992294,0.13251549303950652,-0.7689320429524801,0.0
2006-10-15,0.47172163281350654,0.5736170415992294,0.13251549303950652,-0.7689320429524801,0.0
2006-10-16,0.38293222032917373,0.5788138715748175,0.12253676926795608,-1.5985540700628513,1.0
2006-10-17,0.38293222032917373,0.5788138715748175,0.12253676926795608,-1.5985540700628513,1.0
2006-10-18,0.38293222032917373,0.5788138715748175,0.12253676926795608,-1.5985540700628513,1.0
2006-10-19,0.38293222032917373,0.5788138715748175,0.12253676926795608,-1.5985540700628513,1.0
2006-10-20,0.38293222032917373,0.5788138715748175,0.12253676926795608,-1.5985540700628513,1.0
2006-10-21,0.38293222032917373,0.5788138715748175,0.12253676926795608,-1.5985540700628513,1.0
2006-10-22,0.38293222032917373,0.5788138715748175,0.12253676926795608,-1.5985540700628513,1.0
2006-10-23,0.38293222032917373,0.5788138715748175,0.12253676926795608,-1.5985540700628513,1.0
2006-10-24,0.38293222032917373,0.5788138715748175,0.12253676926795608,-1.5985540700628513,1.0
2006-10-25,0.38293222032917373,0.5788138715748175,0.12253676926795608,-1.5985540700628513,1.0
2006-10-26,0.38293222032917373,0.5788138715748175,0.12253676926795608,-1.5985540700628513,1.0
2006-10-27,0.38293222032917373,0.5788138715748175,0.12253676926795608,-1.5985540700628513,1.0
2006-10-28,0.38293222032917373,0.5788138715748175,0.12253676926795608,-1.5985540700628513,1.0
2006-10-29,0.38293222032917373,0.5788138715748175,0.12253676926795608,-1.5985540700628513,1.0
2006-10-30,0.38293222032917373,0.5788138715748175,0.12253676926795608,-1.5985540700628513,1.0
2006-10-31,0.38293222032917373,0.5788138715748175,0.12253676926795608,-1.5985540700628513,1.0
2006-11-01,0.3345045367180623,0.5738449999119318,0.1315815919143014,-1.8189509619989328,1.0
2006-11-02,0.3345045367180623,0.5738449999119318,0.1315815919143014,-1.8189509619989328,1.0
2006-11-03,0.3345045367180623,0.5738449999119318,0.1315815919143014,-1.8189509619989328,1.0
2006-11-04,0.3345045367180623,0.5738449999119318,0.1315815919143014,-1.8189509619989328,1.0
2006-11-05,0.3345045367180623,0.5738449999119318,0.1315815919143014,-1.8189509619989328,1.0
2006-11-06,0.3345045367180623,0.5738449999119318,0.1315815919143014,-1.8189509619989328,1.0
2006-11-07,0.3345045367180623,0.5738449999119318,0.1315815919143014,-1.8189509619989328,1.0
2006-11-08,0.3345045367180623,0.5738449999119318,0.1315815919143014,-1.8189509619989328,1.0
2006-11-09,0.3345045367180623,0.5738449999119318,0.1315815919143014,-1.8189509619989328,1.0
2006-11-10,0.3345045367180623,0.5738449999119318,0.1315815919143014,-1.8189509619989328,1.0
2006-11-11,0.3345045367180623,0.5738449999119318,0.1315815919143014,-1.8189509619989328,1.0
2006-11-12,0.3345045367180623,0.5738449999119318,0.1315815919143014,-1.8189509619989328,1.0
2006-11-13,0.3345045367180623,0.5738449999119318,0.1315815919143014,-1.8189509619989328,1.0
2006-11-14,0.3345045367180623,0.5738449999119318,0.1315815919143014,-1.8189509619989328,1.0
2006-11-15,0.3345045367180623,0.5738449999119318,0.1315815919143014,-1.8189509619989328,1.0
2006-11-16,0.3345045367180623,0.5738449999119318,0.1315815919143014,-1.8189509619989328,1.0
2006-11-17,0.34153170977041664,0.5630432367820941,0.14537553948277868,-1.5237193808516731,1.0
2006-11-18,0.34153170977041664,0.5630432367820941,0.14537553948277868,-1.5237193808516731,1.0
2006-11-19,0.34153170977041664,0.5630432367820941,0.14537553948277868,-1.5237193808516731,1.0
2006-11-20,0.34153170977041664,0.5630432367820941,0.14537553948277868,-1.5237193808516731,1.0
2006-11-21,0.34153170977041664,0.5630432367820941,0.14537553948277868,-1.5237193808516731,1.0
2006-11-22,0.34153170977041664,0.5630432367820941,0.14537553948277868,-1.5237193808516731,1.0
2006-11-23,0.34153170977041664,0.5630432367820941,0.14537553948277868,-1.5237193808516731,1.0
2006-11-24,0.34153170977041664,0.5630432367820941,0.14537553948277868,-1.5237193808516731,1.0
2006-11-25,0.34153170977041664,0.5630432367820941,0.14537553948277868,-1.5237193808516731,1.0
2006-11-26,0.34153170977041664,0.5630432367820941,0.14537553948277868,-1.5237193808516731,1.0
2006-11-27,0.34153170977041664,0.5630432367820941,0.14537553948277868,-1.5237193808516731,1.0
2006-11-28,0.34153170977041664,0.5630432367820941,0.14537553948277868,-1.5237193808516731,1.0
2006-11-29,0.34153170977041664,0.5630432367820941,0.14537553948277868,-1.5237193808516731,1.0
2006-11-30,0.34153170977041664,0.5630432367820941,0.14537553948277868,-1.5237193808516731,1.0
2006-12-01,0.34153170977041664,0.5630432367820941,0.14537553948277868,-1.5237193808516731,1.0
2006-12-02,0.34153170977041664,0.5630432367820941,0.14537553948277868,-1.5237193808516731,1.0
2006-12-03,0.21950664047669421,0.5347896264084829,0.17604042092622435,-1.7909692800832295,1.0
2006-12-04,0.21950664047669421,0.5347896264084829,0.17604042092622435,-1.7909692800832295,1.0
2006-12-05,0.21950664047669421,0.5347896264084829,0.17604042092622435,-1.7909692800832295,1.0
2006-12-06,0.21950664047669421,0.5347896264084829,0.17604042092622435,-1.7909692800832295,1.0
2006-12-07,0.21950664047669421,0.5347896264084829,0.17604042092622435,-1.7909692800832295,1.0
2006-12-08,0.21950664047669421,0.5347896264084829,0.17604042092622435,-1.7909692800832295,1.0
2006-12-09,0.21950664047669421,0.5347896264084829,0.17604042092622435,-1.7909692800832295,1.0
2006-12-10,0.21950664047669421,0.5347896264084829,0.17604042092622435,-1.7909692800832295,1.0
2006-12-11,0.21950664047669421,0.5347896264084829,0.17604042092622435,-1.7909692800832295,1.0
2006-12-12,0.21950664047669421,0.5347896264084829,0.17604042092622435,-1.7909692800832295,1.0
2006-12-13,0.21950664047669421,0.5347896264084829,0.17604042092622435,-1.7909692800832295,1.0
2006-12-14,0.21950664047669421,0.5347896264084829,0.17604042092622435,-1.7909692800832295,1.0
2006-12-15,0.21950664047669421,0.5347896264084829,0.17604042092622435,-1.7909692800832295,1.0
2006-12-16,0.21950664047669421,0.5347896264084829,0.17604042092622435,-1.7909692800832295,1.0
2006-12-17,0.21950664047669421,0.5347896264084829,0.17604042092622435,-1.7909692800832295,1.0
2006-12-18,0.21950664047669421,0.5347896264084829,0.17604042092622435,-1.7909692800832295,1.0
2006-12-19,0.24756915559463016,0.5026102151223911,0.19097223024421975,-1.3354876737921975,1.0
2006-12-20,0.24756915559463016,0.5026102151223911,0.19097223024421975,-1.3354876737921975,1.0
2006-12-21,0.24756915559463016,0.5026102151223911,0.19097223024421975,-1.3354876737921975,1.0
2006-12-22,0.24756915559463016,0.5026102151223911,0.19097223024421975,-1.3354876737921975,1.0
2006-12-23,0.24756915559463016,0.5026102151223911,0.19097223024421975,-1.3354876737921975,1.0
2006-12-24,0.24756915559463016,0.5026102151223911,0.19097223024421975,-1.3354876737921975,1.0
2006-12-25,0.24756915559463016,0.5026102151223911,0.19097223024421975,-1.3354876737921975,1.0
2006-12-26,0.24756915559463016,0.5026102151223911,0.19097223024421975,-1.3354876737921975,1.0
2006-12-27,0.24756915559463016,0.5026102151223911,0.19097223024421975,-1.3354876737921975,1.0
2006-12-28,0.24756915559463016,0.5026102151223911,0.19097223024421975,-1.3354876737921975,1.0
2006-12-29,0.24756915559463016,0.5026102151223911,0.19097223024421975,-1.3354876737921975,1.0
2006-12-30,0.24756915559463016,0.5026102151223911,0.19097223024421975,-1.3354876737921975,1.0
2006-12-31,0.24756915559463016,0.5026102151223911,0.19097223024421975,-1.3354876737921975,1.0
2007-01-01,0.16733892888969504,0.4583073994124325,0.2025900583755704,-1.4362425918419315,1.0
2007-01-02,0.16733892888969504,0.4583073994124325,0.2025900583755704,-1.4362425918419315,1.0
2007-01-03,0.16733892888969504,0.4583073994124325,0.2025900583755704,-1.4362425918419315,1.0
2007-01-04,0.16733892888969504,0.4583073994124325,0.2025900583755704,-1.4362425918419315,1.0
2007-01-05,0.16733892888969504,0.4583073994124325,0.2025900583755704,-1.4362425918419315,1.0
2007-01-06,0.16733892888969504,0.4583073994124325,0.2025900583755704,-1.4362425918419315,1.0
2007-01-07,0.16733892888969504,0.4583073994124325,0.2025900583755704,-1.4362425918419315,1.0
2007-01-08,0.16733892888969504,0.4583073994124325,0.2025900583755704,-1.4362425918419315,1.0
2007-01-09,0.16733892888969504,0.4583073994124325,0.2025900583755704,-1.4362425918419315,1.0
2007-01-10,0.16733892888969504,0.4583073994124325,0.2025900583755704,-1.4362425918419315,1.0
2007-01-11,0.16733892888969504,0.4583073994124325,0.2025900583755704,-1.4362425918419315,1.0
2007-01-12,0.16733892888969504,0.4583073994124325,0.2025900583755704,-1.4362425918419315,1.0
2007-01-13,0.16733892888969504,0.4583073994124325,0.2025900583755704,-1.4362425918419315,1.0
2007-01-14,0.16733892888969504,0.4583073994124325,0.2025900583755704,-1.4362425918419315,1.0
2007-01-15,0.16733892888969504,0.4583073994124325,0.2025900583755704,-1.4362425918419315,1.0
2007-01-16,0.16733892888969504,0.4583073994124325,0.2025900583755704,-1.4362425918419315,1.0
2007-01-17,0.07779349255603417,0.4056929707853589,0.21322442056348462,-1.5378139021918324,1.0
2007-01-18,0.07779349255603417,0.4056929707853589,0.21322442056348462,-1.5378139021918324,1.0
2007-01-19,0.07779349255603417,0.4056929707853589,0.21322442056348462,-1.5378139021918324,1.0
2007-01-20,0.07779349255603417,0.4056929707853589,0.21322442056348462,-1.5378139021918324,1.0
2007-01-21,0.07779349255603417,0.4056929707853589,0.21322442056348462,-1.5378139021918324,1.0
2007-01-22,0.07779349255603417,0.4056929707853589,0.21322442056348462,-1.5378139021918324,1.0
2007-01-23,0.07779349255603417,0.4056929707853589,0.21322442056348462,-1.5378139021918324,1.0
2007-01-24,0.07779349255603417,0.4056929707853589,0.21322442056348462,-1.5378139021918324,1.0
2007-01-25,0.07779349255603417,0.4056929707853589,0.21322442056348462,-1.5378139021918324,1.0
2007-01-26,0.07779349255603417,0.4056929707853589,0.21322442056348462,-1.5378139021918324,1.0
2007-01-27,0.07779349255603417,0.4056929707853589,0.21322442056348462,-1.5378139021918324,1.0
2007-01-28,0.07779349255603417,0.4056929707853589,0.21322442056348462,-1.5378139021918324,1.0
2007-01-29,0.07779349255603417,0.4056929707853589,0.21322442056348462,-1.5378139021918324,1.0
2007-01-30,0.07779349255603417,0.4056929707853589,0.21322442056348462,-1.5378139021918324,1.0
2007-01-31,0.07779349255603417,0.4056929707853589,0.21322442056348462,-1.5378139021918324,1.0
2007-02-01,0.07779349255603417,0.4056929707853589,0.21322442056348462,-1.5378139021918324,1.0
2007-02-02,0.03184777669331624,0.34925559380374577,0.21523680557270405,-1.474691172199234,1.0
2007-02-03,0.03184777669331624,0.34925559380374577,0.21523680557270405,-1.474691172199234,1.0
2007-02-04,0.03184777669331624,0.34925559380374577,0.21523680557270405,-1.474691172199234,1.0
2007-02-05,0.03184777669331624,0.34925559380374577,0.21523680557270405,-1.474691172199234,1.0
2007-02-06,0.03184777669331624,0.34925559380374577,0.21523680557270405,-1.474691172199234,1.0
2007-02-07,0.03184777669331624,0.34925559380374577,0.21523680557270405,-1.474691172199234,1.0
2007-02-08,0.03184777669331624,0.34925559380374577,0.21523680557270405,-1.474691172199234,1.0
2007-02-09,0.03184777669331624,0.34925559380374577,0.21523680557270405,-1.474691172199234,1.0
2007-02-10,0.03184777669331624,0.34925559380374577,0.21523680557270405,-1.474691172199234,1.0
2007-02-11,0.03184777669331624,0.34925559380374577,0.21523680557270405,-1.474691172199234,1.0
2007-02-12,0.03184777669331624,0.34925559380374577,0.21523680557270405,-1.474691172199234,1.0
2007-02-13,0.03184777669331624,0.34925559380374577,0.21523680557270405,-1.474691172199234,1.0
2007-02-14,0.03184777669331624,0.34925559380374577,0.21523680557270405,-1.474691172199234,1.0
2007-02-15,0.03184777669331624,0.34925559380374577,0.21523680557270405,-1.474691172199234,1.0
2007-02-16,0.03184777669331624,0.34925559380374577,0.21523680557270405,-1.474691172199234,1.0
2007-02-17,0.03184777669331624,0.34925559380374577,0.21523680557270405,-1.474691172199234,1.0
2007-02-18,0.05092755339393719,0.296922145505605,0.2038371316454586,-1.2068193372124918,1.0
2007-02-19,0.05092755339393719,0.296922145505605,0.2038371316454586,-1.2068193372124918,1.0
2007-02-20,0.05092755339393719,0.296922145505605,0.2038371316454586,-1.2068193372124918,1.0
2007-02-21,0.05092755339393719,0.296922145505605,0.2038371316454586,-1.2068193372124918,1.0
2007-02-22,0.05092755339393719,0.296922145505605,0.2038371316454586,-1.2068193372124918,1.0
2007-02-23,0.05092755339393719,0.296922145505605,0.2038371316454586,-1.2068193372124918,1.0
2007-02-24,0.05092755339393719,0.296922145505605,0.2038371316454586,-1.2068193372124918,1.0
2007-02-25,0.05092755339393719,0.296922145505605,0.2038371316454586,-1.2068193372124918,1.0
2007-02-26,0.05092755339393719,0.296922145505605,0.2038371316454586,-1.2068193372124918,1.0
2007-02-27,0.05092755339393719,0.296922145505605,0.2038371316454586,-1.2068193372124918,1.0
2007-02-28,0.05092755339393719,0.296922145505605,0.2038371316454586,-1.2068193372124918,1.0
2007-03-01,0.05092755339393719,0.296922145505605,0.2038371316454586,-1.2068193372124918,1.0
2007-03-02,0.05092755339393719,0.296922145505605,0.2038371316454586,-1.2068193372124918,1.0
2007-03-03,0.05092755339393719,0.296922145505605,0.2038371316454586,-1.2068193372124918,1.0
2007-03-04,0.05092755339393719,0.296922145505605,0.2038371316454586,-1.2068193372124918,1.0
2007-03-05,0.05092755339393719,0.296922145505605,0.2038371316454586,-1.2068193372124918,1.0
2007-03-06,0.14757586177256227,0.2536666506109239,0.17061508345293208,-0.6218136561626401,0.0
2007-03-07,0.14757586177256227,0.2536666506109239,0.17061508345293208,-0.6218136561626401,0.0
2007-03-08,0.14757586177256227,0.2536666506109239,0.17061508345293208,-0.6218136561626401,0.0
2007-03-09,0.14757586177256227,0.2536666506109239,0.17061508345293208,-0.6218136561626401,0.0
2007-03-10,0.14757586177256227,0.2536666506109239,0.17061508345293208,-0.6218136561626401,0.0
2007-03-11,0.14757586177256227,0.2536666506109239,0.17061508345293208,-0.6218136561626401,0.0
2007-03-12,0.14757586177256227,0.2536666506109239,0.17061508345293208,-0.6218136561626401,0.0
2007-03-13,0.14757586177256227,0.2536666506109239,0.17061508345293208,-0.6218136561626401,0.0
2007-03-14,0.14757586177256227,0.2536666506109239,0.17061508345293208,-0.6218136561626401,0.0
2007-03-15,0.14757586177256227,0.2536666506109239,0.17061508345293208,-0.6218136561626401,0.0
2007-03-16,0.14757586177256227,0.2536666506109239,0.17061508345293208,-0.6218136561626401,0.0
2007-03-17,0.14757586177256227,0.2536666506109239,0.17061508345293208,-0.6218136561626401,0.0
2007-03-18,0.14757586177256227,0.2536666506109239,0.17061508345293208,-0.6218136561626401,0.0
2007-03-19,0.14757586177256227,0.2536666506109239,0.17061508345293208,-0.6218136561626401,0.0
2007-03-20,0.14757586177256227,0.2536666506109239,0.17061508345293208,-0.6218136561626401,0.0
2007-03-21,0.14757586177256227,0.2536666506109239,0.17061508345293208,-0.6218136561626401,0.0
2007-03-22,0.2657911585206599,0.22825338896072403,0.1388457389110672,0.2703559349702432,0.0
2007-03-23,0.2657911585206599,0.22825338896072403,0.1388457389110672,0.2703559349702432,0.0
2007-03-24,0.2657911585206599,0.22825338896072403,0.1388457389110672,0.2703559349702432,0.0
2007-03-25,0.2657911585206599,0.22825338896072403,0.1388457389110672,0.2703559349702432,0.0
2007-03-26,0.2657911585206599,0.22825338896072403,0.1388457389110672,0.2703559349702432,0.0
2007-03-27,0.2657911585206599,0.22825338896072403,0.1388457389110672,0.2703559349702432,0.0
2007-03-28,0.2657911585206599,0.22825338896072403,0.1388457389110672,0.2703559349702432,0.0
2007-03-29,0.2657911585206599,0.22825338896072403,0.1388457389110672,0.2703559349702432,0.0
2007-03-30,0.2657911585206599,0.22825338896072403,0.1388457389110672,0.2703559349702432,0.0
2007-03-31,0.2657911585206599,0.22825338896072403,0.1388457389110672,0.2703559349702432,0.0
2007-04-01,0.2657911585206599,0.22825338896072403,0.1388457389110672,0.2703559349702432,0.0
2007-04-02,0.2657911585206599,0.22825338896072403,0.1388457389110672,0.2703559349702432,0.0
2007-04-03,0.2657911585206599,0.22825338896072403,0.1388457389110672,0.2703559349702432,0.0
2007-04-04,0.2657911585206599,0.22825338896072403,0.1388457389110672,0.2703559349702432,0.0
2007-04-05,0.2657911585206599,0.22825338896072403,0.1388457389110672,0.2703559349702432,0.0
2007-04-06,0.2657911585206599,0.22825338896072403,0.1388457389110672,0.2703559349702432,0.0
2007-04-07,0.3147178785954008,0.21516974277588186,0.11992598929207364,0.830079755081899,0.0
2007-04-08,0.3147178785954008,0.21516974277588186,0.11992598929207364,0.830079755081899,0.0
2007-04-09,0.3147178785954008,0.21516974277588186,0.11992598929207364,0.830079755081899,0.0
2007-04-10,0.3147178785954008,0.21516974277588186,0.11992598929207364,0.830079755081899,0.0
2007-04-11,0.3147178785954008,0.21516974277588186,0.11992598929207364,0.830079755081899,0.0
2007-04-12,0.3147178785954008,0.21516974277588186,0.11992598929207364,0.830079755081899,0.0
2007-04-13,0.3147178785954008,0.21516974277588186,0.11992598929207364,0.830079755081899,0.0
2007-04-14,0.3147178785954008,0.21516974277588186,0.11992598929207364,0.830079755081899,0.0
2007-04-15,0.3147178785954008,0.21516974277588186,0.11992598929207364,0.830079755081899,0.0
2007-04-16,0.3147178785954008,0.21516974277588186,0.11992598929207364,0.830079755081899,0.0
2007-04-17,0.3147178785954008,0.21516974277588186,0.11992598929207364,0.830079755081899,0.0
2007-04-18,0.3147178785954008,0.21516974277588186,0.11992598929207364,0.830079755081899,0.0
2007-04-19,0.3147178785954008,0.21516974277588186,0.11992598929207364,0.830079755081899,0.0
2007-04-20,0.3147178785954008,0.21516974277588186,0.11992598929207364,0.830079755081899,0.0
2007-04-21,0.3147178785954008,0.21516974277588186,0.11992598929207364,0.830079755081899,0.0
2007-04-22,0.3147178785954008,0.21516974277588186,0.11992598929207364,0.830079755081899,0.0
2007-04-23,0.3736571683285473,0.21439682177582967,0.11877079465222586,1.3409049507418864,-1.0
2007-04-24,0.3736571683285473,0.21439682177582967,0.11877079465222586,1.3409049507418864,-1.0
2007-04-25,0.3736571683285473,0.21439682177582967,0.11877079465222586,1.3409049507418864,-1.0
2007-04-26,0.3736571683285473,0.21439682177582967,0.11877079465222586,1.3409049507418864,-1.0
2007-04-27,0.3736571683285473,0.21439682177582967,0.11877079465222586,1.3409049507418864,-1.0
2007-04-28,0.3736571683285473,0.21439682177582967,0.11877079465222586,1.3409049507418864,-1.0
2007-04-29,0.3736571683285473,0.21439682177582967,0.11877079465222586,1.3409049507418864,-1.0
2007-04-30,0.3736571683285473,0.21439682177582967,0.11877079465222586,1.3409049507418864,-1.0
2007-05-01,0.3736571683285473,0.21439682177582967,0.11877079465222586,1.3409049507418864,-1.0
2007-05-02,0.3736571683285473,0.21439682177582967,0.11877079465222586,1.3409049507418864,-1.0
2007-05-03,0.3736571683285473,0.21439682177582967,0.11877079465222586,1.3409049507418864,-1.0
2007-05-04,0.3736571683285473,0.21439682177582967,0.11877079465222586,1.3409049507418864,-1.0
2007-05-05,0.3736571683285473,0.21439682177582967,0.11877079465222586,1.3409049507418864,-1.0
2007-05-06,0.3736571683285473,0.21439682177582967,0.11877079465222586,1.3409049507418864,-1.0
2007-05-07,0.3736571683285473,0.21439682177582967,0.11877079465222586,1.3409049507418864,-1.0
2007-05-08,0.3736571683285473,0.21439682177582967,0.11877079465222586,1.3409049507418864,-1.0
2007-05-09,0.47365125181767614,0.22599238136746416,0.1369621814311904,1.808228139054834,-1.0
2007-05-10,0.47365125181767614,0.22599238136746416,0.1369621814311904,1.808228139054834,-1.0
2007-05-11,0.47365125181767614,0.22599238136746416,0.1369621814311904,1.808228139054834,-1.0
2007-05-12,0.47365125181767614,0.22599238136746416,0.1369621814311904,1.808228139054834,-1.0
2007-05-13,0.47365125181767614,0.22599238136746416,0.1369621814311904,1.808228139054834,-1.0
2007-05-14,0.47365125181767614,0.22599238136746416,0.1369621814311904,1.808228139054834,-1.0
2007-05-15,0.47365125181767614,0.22599238136746416,0.1369621814311904,1.808228139054834,-1.0
2007-05-16,0.47365125181767614,0.22599238136746416,0.1369621814311904,1.808228139054834,-1.0
2007-05-17,0.47365125181767614,0.22599238136746416,0.1369621814311904,1.808228139054834,-1.0
2007-05-18,0.47365125181767614,0.22599238136746416,0.1369621814311904,1.808228139054834,-1.0
2007-05-19,0.47365125181767614,0.22599238136746416,0.1369621814311904,1.808228139054834,-1.0
2007-05-20,0.47365125181767614,0.22599238136746416,0.1369621814311904,1.808228139054834,-1.0
2007-05-21,0.47365125181767614,0.22599238136746416,0.1369621814311904,1.808228139054834,-1.0
2007-05-22,0.47365125181767614,0.22599238136746416,0.1369621814311904,1.808228139054834,-1.0
2007-05-23,0.47365125181767614,0.22599238136746416,0.1369621814311904,1.808228139054834,-1.0
2007-05-24,0.47365125181767614,0.22599238136746416,0.1369621814311904,1.808228139054834,-1.0
2007-05-25,0.5739896053876925,0.2453638726689038,0.16776463653295298,1.9588498476807343,-1.0
2007-05-26,0.5739896053876925,0.2453638726689038,0.16776463653295298,1.9588498476807343,-1.0
2007-05-27,0.5739896053876925,0.2453638726689038,0.16776463653295298,1.9588498476807343,-1.0
2007-05-28,0.5739896053876925,0.2453638726689038,0.16776463653295298,1.9588498476807343,-1.0
2007-05-29,0.5739896053876925,0.2453638726689038,0.16776463653295298,1.9588498476807343,-1.0
2007-05-30,0.5739896053876925,0.2453638726689038,0.16776463653295298,1.9588498476807343,-1.0
2007-05-31,0.5739896053876925,0.2453638726689038,0.16776463653295298,1.9588498476807343,-1.0
2007-06-01,0.5739896053876925,0.2453638726689038,0.16776463653295298,1.9588498476807343,-1.0
2007-06-02,0.5739896053876925,0.2453638726689038,0.16776463653295298,1.9588498476807343,-1.0
2007-06-03,0.5739896053876925,0.2453638726689038,0.16776463653295298,1.9588498476807343,-1.0
2007-06-04,0.5739896053876925,0.2453638726689038,0.16776463653295298,1.9588498476807343,-1.0
2007-06-05,0.5739896053876925,0.2453638726689038,0.16776463653295298,1.9588498476807343,-1.0
2007-06-06,0.5739896053876925,0.2453638726689038,0.16776463653295298,1.9588498476807343,-1.0
2007-06-07,0.5739896053876925,0.2453638726689038,0.16776463653295298,1.9588498476807343,-1.0
2007-06-08,0.5739896053876925,0.2453638726689038,0.16776463653295298,1.9588498476807343,-1.0
2007-06-09,0.5739896053876925,0.2453638726689038,0.16776463653295298,1.9588498476807343,-1.0
2007-06-10,0.6462869085925527,0.28092889501189205,0.20326582248328698,1.7974394766277113,-1.0
2007-06-11,0.6462869085925527,0.28092889501189205,0.20326582248328698,1.7974394766277113,-1.0
2007-06-12,0.6462869085925527,0.28092889501189205,0.20326582248328698,1.7974394766277113,-1.0
2007-06-13,0.6462869085925527,0.28092889501189205,0.20326582248328698,1.7974394766277113,-1.0
2007-06-14,0.6462869085925527,0.28092889501189205,0.20326582248328698,1.7974394766277113,-1.0
2007-06-15,0.6462869085925527,0.28092889501189205,0.20326582248328698,1.7974394766277113,-1.0
2007-06-16,0.6462869085925527,0.28092889501189205,0.20326582248328698,1.7974394766277113,-1.0
2007-06-17,0.6462869085925527,0.28092889501189205,0.20326582248328698,1.7974394766277113,-1.0
2007-06-18,0.6462869085925527,0.28092889501189205,0.20326582248328698,1.7974394766277113,-1.0
2007-06-19,0.6462869085925527,0.28092889501189205,0.20326582248328698,1.7974394766277113,-1.0
2007-06-20,0.6462869085925527,0.28092889501189205,0.20326582248328698,1.7974394766277113,-1.0
2007-06-21,0.6462869085925527,0.28092889501189205,0.20326582248328698,1.7974394766277113,-1.0
2007-06-22,0.6462869085925527,0.28092889501189205,0.20326582248328698,1.7974394766277113,-1.0
2007-06-23,0.6462869085925527,0.28092889501189205,0.20326582248328698,1.7974394766277113,-1.0
2007-06-24,0.6462869085925527,0.28092889501189205,0.20326582248328698,1.7974394766277113,-1.0
2007-06-25,0.6462869085925527,0.28092889501189205,0.20326582248328698,1.7974394766277113,-1.0
2007-06-26,0.7203370052212839,0.3203262158141132,0.23890427313712573,1.6743559424639232,-1.0
2007-06-27,0.7203370052212839,0.3203262158141132,0.23890427313712573,1.6743559424639232,-1.0
2007-06-28,0.7203370052212839,0.3203262158141132,0.23890427313712573,1.6743559424639232,-1.0
2007-06-29,0.7203370052212839,0.3203262158141132,0.23890427313712573,1.6743559424639232,-1.0
2007-06-30,0.7203370052212839,0.3203262158141132,0.23890427313712573,1.6743559424639232,-1.0
2007-07-01,0.7203370052212839,0.3203262158141132,0.23890427313712573,1.6743559424639232,-1.0
2007-07-02,0.7203370052212839,0.3203262158141132,0.23890427313712573,1.6743559424639232,-1.0
2007-07-03,0.7203370052212839,0.3203262158141132,0.23890427313712573,1.6743559424639232,-1.0
2007-07-04,0.7203370052212839,0.3203262158141132,0.23890427313712573,1.6743559424639232,-1.0
2007-07-05,0.7203370052212839,0.3203262158141132,0.23890427313712573,1.6743559424639232,-1.0
2007-07-06,0.7203370052212839,0.3203262158141132,0.23890427313712573,1.6743559424639232,-1.0
2007-07-07,0.7203370052212839,0.3203262158141132,0.23890427313712573,1.6743559424639232,-1.0
2007-07-08,0.7203370052212839,0.3203262158141132,0.23890427313712573,1.6743559424639232,-1.0
2007-07-09,0.7203370052212839,0.3203262158141132,0.23890427313712573,1.6743559424639232,-1.0
2007-07-10,0.7203370052212839,0.3203262158141132,0.23890427313712573,1.6743559424639232,-1.0
2007-07-11,0.7203370052212839,0.3203262158141132,0.23890427313712573,1.6743559424639232,-1.0
2007-07-12,0.7361006779183504,0.36772302823316777,0.2611745442842063,1.410465367881793,-1.0
2007-07-13,0.7361006779183504,0.36772302823316777,0.2611745442842063,1.410465367881793,-1.0
2007-07-14,0.7361006779183504,0.36772302823316777,0.2611745442842063,1.410465367881793,-1.0
2007-07-15,0.7361006779183504,0.36772302823316777,0.2611745442842063,1.410465367881793,-1.0
2007-07-16,0.7361006779183504,0.36772302823316777,0.2611745442842063,1.410465367881793,-1.0
2007-07-17,0.7361006779183504,0.36772302823316777,0.2611745442842063,1.410465367881793,-1.0
2007-07-18,0.7361006779183504,0.36772302823316777,0.2611745442842063,1.410465367881793,-1.0
2007-07-19,0.7361006779183504,0.36772302823316777,0.2611745442842063,1.410465367881793,-1.0
2007-07-20,0.7361006779183504,0.36772302823316777,0.2611745442842063,1.410465367881793,-1.0
2007-07-21,0.7361006779183504,0.36772302823316777,0.2611745442842063,1.410465367881793,-1.0
2007-07-22,0.7361006779183504,0.36772302823316777,0.2611745442842063,1.410465367881793,-1.0
2007-07-23,0.7361006779183504,0.36772302823316777,0.2611745442842063,1.410465367881793,-1.0
2007-07-24,0.7361006779183504,0.36772302823316777,0.2611745442842063,1.410465367881793,-1.0
2007-07-25,0.7361006779183504,0.36772302823316777,0.2611745442842063,1.410465367881793,-1.0
2007-07-26,0.7361006779183504,0.36772302823316777,0.2611745442842063,1.410465367881793,-1.0
2007-07-27,0.7361006779183504,0.36772302823316777,0.2611745442842063,1.410465367881793,-1.0
2007-07-28,0.7110535383668382,0.42049469871740147,0.2612438918755319,1.1122129499887858,-1.0
2007-07-29,0.7110535383668382,0.42049469871740147,0.2612438918755319,1.1122129499887858,-1.0
2007-07-30,0.7110535383668382,0.42049469871740147,0.2612438918755319,1.1122129499887858,-1.0
2007-07-31,0.7110535383668382,0.42049469871740147,0.2612438918755319,1.1122129499887858,-1.0
2007-08-01,0.7110535383668382,0.42049469871740147,0.2612438918755319,1.1122129499887858,-1.0
2007-08-02,0.7110535383668382,0.42049469871740147,0.2612438918755319,1.1122129499887858,-1.0
2007-08-03,0.7110535383668382,0.42049469871740147,0.2612438918755319,1.1122129499887858,-1.0
2007-08-04,0.7110535383668382,0.42049469871740147,0.2612438918755319,1.1122129499887858,-1.0
2007-08-05,0.7110535383668382,0.42049469871740147,0.2612438918755319,1.1122129499887858,-1.0
2007-08-06,0.7110535383668382,0.42049469871740147,0.2612438918755319,1.1122129499887858,-1.0
2007-08-07,0.7110535383668382,0.42049469871740147,0.2612438918755319,1.1122129499887858,-1.0
2007-08-08,0.7110535383668382,0.42049469871740147,0.2612438918755319,1.1122129499887858,-1.0
2007-08-09,0.7110535383668382,0.42049469871740147,0.2612438918755319,1.1122129499887858,-1.0
2007-08-10,0.7110535383668382,0.42049469871740147,0.2612438918755319,1.1122129499887858,-1.0
2007-08-11,0.7110535383668382,0.42049469871740147,0.2612438918755319,1.1122129499887858,-1.0
2007-08-12,0.7110535383668382,0.42049469871740147,0.2612438918755319,1.1122129499887858,-1.0
2007-08-13,0.7010556689944961,0.47626202307583304,0.2414125431545585,0.931159760720239,0.0
2007-08-14,0.7010556689944961,0.47626202307583304,0.2414125431545585,0.931159760720239,0.0
2007-08-15,0.7010556689944961,0.47626202307583304,0.2414125431545585,0.931159760720239,0.0
2007-08-16,0.7010556689944961,0.47626202307583304,0.2414125431545585,0.931159760720239,0.0
2007-08-17,0.7010556689944961,0.47626202307583304,0.2414125431545585,0.931159760720239,0.0
2007-08-18,0.7010556689944961,0.47626202307583304,0.2414125431545585,0.931159760720239,0.0
2007-08-19,0.7010556689944961,0.47626202307583304,0.2414125431545585,0.931159760720239,0.0
2007-08-20,0.7010556689944961,0.47626202307583304,0.2414125431545585,0.931159760720239,0.0
2007-08-21,0.7010556689944961,0.47626202307583304,0.2414125431545585,0.931159760720239,0.0
2007-08-22,0.7010556689944961,0.47626202307583304,0.2414125431545585,0.931159760720239,0.0
2007-08-23,0.7010556689944961,0.47626202307583304,0.2414125431545585,0.931159760720239,0.0
2007-08-24,0.7010556689944961,0.47626202307583304,0.2414125431545585,0.931159760720239,0.0
2007-08-25,0.7010556689944961,0.47626202307583304,0.2414125431545585,0.931159760720239,0.0
2007-08-26,0.7010556689944961,0.47626202307583304,0.2414125431545585,0.931159760720239,0.0
2007-08-27,0.7010556689944961,0.47626202307583304,0.2414125431545585,0.931159760720239,0.0
2007-08-28,0.7010556689944961,0.47626202307583304,0.2414125431545585,0.931159760720239,0.0
2007-08-29,0.6711380552436261,0.5279462315633072,0.2058446775088683,0.695630440452607,0.0
2007-08-30,0.6711380552436261,0.5279462315633072,0.2058446775088683,0.695630440452607,0.0
2007-08-31,0.6711380552436261,0.5279462315633072,0.2058446775088683,0.695630440452607,0.0
2007-09-01,0.6711380552436261,0.5279462315633072,0.2058446775088683,0.695630440452607,0.0
2007-09-02,0.6711380552436261,0.5279462315633072,0.2058446775088683,0.695630440452607,0.0
2007-09-03,0.6711380552436261,0.5279462315633072,0.2058446775088683,0.695630440452607,0.0
2007-09-04,0.6711380552436261,0.5279462315633072,0.2058446775088683,0.695630440452607,0.0
2007-09-05,0.6711380552436261,0.5279462315633072,0.2058446775088683,0.695630440452607,0.0
2007-09-06,0.6711380552436261,0.5279462315633072,0.2058446775088683,0.695630440452607,0.0
2007-09-07,0.6711380552436261,0.5279462315633072,0.2058446775088683,0.695630440452607,0.0
2007-09-08,0.6711380552436261,0.5279462315633072,0.2058446775088683,0.695630440452607,0.0
2007-09-09,0.6711380552436261,0.5279462315633072,0.2058446775088683,0.695630440452607,0.0
2007-09-10,0.6711380552436261,0.5279462315633072,0.2058446775088683,0.695630440452607,0.0
2007-09-11,0.6711380552436261,0.5279462315633072,0.2058446775088683,0.695630440452607,0.0
2007-09-12,0.6711380552436261,0.5279462315633072,0.2058446775088683,0.695630440452607,0.0
2007-09-13,0.6711380552436261,0.5279462315633072,0.2058446775088683,0.695630440452607,0.0
2007-09-14,0.5773503535905972,0.5637607725481434,0.16745672894352445,0.08115279169842693,0.0
2007-09-15,0.5773503535905972,0.5637607725481434,0.16745672894352445,0.08115279169842693,0.0
2007-09-16,0.5773503535905972,0.5637607725481434,0.16745672894352445,0.08115279169842693,0.0
2007-09-17,0.5773503535905972,0.5637607725481434,0.16745672894352445,0.08115279169842693,0.0
2007-09-18,0.5773503535905972,0.5637607725481434,0.16745672894352445,0.08115279169842693,0.0
2007-09-19,0.5773503535905972,0.5637607725481434,0.16745672894352445,0.08115279169842693,0.0
2007-09-20,0.5773503535905972,0.5637607725481434,0.16745672894352445,0.08115279169842693,0.0
2007-09-21,0.5773503535905972,0.5637607725481434,0.16745672894352445,0.08115279169842693,0.0
2007-09-22,0.5773503535905972,0.5637607725481434,0.16745672894352445,0.08115279169842693,0.0
2007-09-23,0.5773503535905972,0.5637607725481434,0.16745672894352445,0.08115279169842693,0.0
2007-09-24,0.5773503535905972,0.5637607725481434,0.16745672894352445,0.08115279169842693,0.0
2007-09-25,0.5773503535905972,0.5637607725481434,0.16745672894352445,0.08115279169842693,0.0
2007-09-26,0.5773503535905972,0.5637607725481434,0.16745672894352445,0.08115279169842693,0.0
2007-09-27,0.5773503535905972,0.5637607725481434,0.16745672894352445,0.08115279169842693,0.0
2007-09-28,0.5773503535905972,0.5637607725481434,0.16745672894352445,0.08115279169842693,0.0
2007-09-29,0.5773503535905972,0.5637607725481434,0.16745672894352445,0.08115279169842693,0.0
2007-09-30,0.4814464101345746,0.5817320435159697,0.14224609953642495,-0.7050149966025254,0.0
2007-10-01,0.4814464101345746,0.5817320435159697,0.14224609953642495,-0.7050149966025254,0.0
2007-10-02,0.4814464101345746,0.5817320435159697,0.14224609953642495,-0.7050149966025254,0.0
2007-10-03,0.4814464101345746,0.5817320435159697,0.14224609953642495,-0.7050149966025254,0.0
2007-10-04,0.4814464101345746,0.5817320435159697,0.14224609953642495,-0.7050149966025254,0.0
2007-10-05,0.4814464101345746,0.5817320435159697,0.14224609953642495,-0.7050149966025254,0.0
2007-10-06,0.4814464101345746,0.5817320435159697,0.14224609953642495,-0.7050149966025254,0.0
2007-10-07,0.4814464101345746,0.5817320435159697,0.14224609953642495,-0.7050149966025254,0.0
2007-10-08,0.4814464101345746,0.5817320435159697,0.14224609953642495,-0.7050149966025254,0.0
2007-10-09,0.4814464101345746,0.5817320435159697,0.14224609953642495,-0.7050149966025254,0.0
2007-10-10,0.4814464101345746,0.5817320435159697,0.14224609953642495,-0.7050149966025254,0.0
2007-10-11,0.4814464101345746,0.5817320435159697,0.14224609953642495,-0.7050149966025254,0.0
2007-10-12,0.4814464101345746,0.5817320435159697,0.14224609953642495,-0.7050149966025254,0.0
2007-10-13,0.4814464101345746,0.5817320435159697,0.14224609953642495,-0.7050149966025254,0.0
2007-10-14,0.4814464101345746,0.5817320435159697,0.14224609953642495,-0.7050149966025254,0.0
2007-10-15,0.4814464101345746,0.5817320435159697,0.14224609953642495,-0.7050149966025254,0.0
2007-10-16,0.4338201444272009,0.5916572323352863,0.12503553469940235,-1.2623378488966455,1.0
2007-10-17,0.4338201444272009,0.5916572323352863,0.12503553469940235,-1.2623378488966455,1.0
2007-10-18,0.4338201444272009,0.5916572323352863,0.12503553469940235,-1.2623378488966455,1.0
2007-10-19,0.4338201444272009,0.5916572323352863,0.12503553469940235,-1.2623378488966455,1.0
2007-10-20,0.4338201444272009,0.5916572323352863,0.12503553469940235,-1.2623378488966455,1.0
2007-10-21,0.4338201444272009,0.5916572323352863,0.12503553469940235,-1.2623378488966455,1.0
2007-10-22,0.4338201444272009,0.5916572323352863,0.12503553469940235,-1.2623378488966455,1.0
2007-10-23,0.4338201444272009,0.5916572323352863,0.12503553469940235,-1.2623378488966455,1.0
2007-10-24,0.4338201444272009,0.5916572323352863,0.12503553469940235,-1.2623378488966455,1.0
2007-10-25,0.4338201444272009,0.5916572323352863,0.12503553469940235,-1.2623378488966455,1.0
2007-10-26,0.4338201444272009,0.5916572323352863,0.12503553469940235,-1.2623378488966455,1.0
2007-10-27,0.4338201444272009,0.5916572323352863,0.12503553469940235,-1.2623378488966455,1.0
2007-10-28,0.4338201444272009,0.5916572323352863,0.12503553469940235,-1.2623378488966455,1.0
2007-10-29,0.4338201444272009,0.5916572323352863,0.12503553469940235,-1.2623378488966455,1.0
2007-10-30,0.4338201444272009,0.5916572323352863,0.12503553469940235,-1.2623378488966455,1.0
2007-10-31,0.4338201444272009,0.5916572323352863,0.12503553469940235,-1.2623378488966455,1.0
2007-11-01,0.3909612730565401,0.5930992410626191,0.12236406996673246,-1.6519389070748869,1.0
2007-11-02,0.3909612730565401,0.5930992410626191,0.12236406996673246,-1.6519389070748869,1.0
2007-11-03,0.3909612730565401,0.5930992410626191,0.12236406996673246,-1.6519389070748869,1.0
2007-11-04,0.3909612730565401,0.5930992410626191,0.12236406996673246,-1.6519389070748869,1.0
2007-11-05,0.3909612730565401,0.5930992410626191,0.12236406996673246,-1.6519389070748869,1.0
2007-11-06,0.3909612730565401,0.5930992410626191,0.12236406996673246,-1.6519389070748869,1.0
2007-11-07,0.3909612730565401,0.5930992410626191,0.12236406996673246,-1.6519389070748869,1.0
2007-11-08,0.3909612730565401,0.5930992410626191,0.12236406996673246,-1.6519389070748869,1.0
2007-11-09,0.3909612730565401,0.5930992410626191,0.12236406996673246,-1.6519389070748869,1.0
2007-11-10,0.3909612730565401,0.5930992410626191,0.12236406996673246,-1.6519389070748869,1.0
2007-11-11,0.3909612730565401,0.5930992410626191,0.12236406996673246,-1.6519389070748869,1.0
2007-11-12,0.3909612730565401,0.5930992410626191,0.12236406996673246,-1.6519389070748869,1.0
2007-11-13,0.3909612730565401,0.5930992410626191,0.12236406996673246,-1.6519389070748869,1.0
2007-11-14,0.3909612730565401,0.5930992410626191,0.12236406996673246,-1.6519389070748869,1.0
2007-11-15,0.3909612730565401,0.5930992410626191,0.12236406996673246,-1.6519389070748869,1.0
2007-11-16,0.3909612730565401,0.5930992410626191,0.12236406996673246,-1.6519389070748869,1.0
2007-11-17,0.31777037546647097,0.580109168033352,0.14276996116932328,-1.8374929181058661,1.0
2007-11-18,0.31777037546647097,0.580109168033352,0.14276996116932328,-1.8374929181058661,1.0
2007-11-19,0.31777037546647097,0.580109168033352,0.14276996116932328,-1.8374929181058661,1.0
2007-11-20,0.31777037546647097,0.580109168033352,0.14276996116932328,-1.8374929181058661,1.0
2007-11-21,0.31777037546647097,0.580109168033352,0.14276996116932328,-1.8374929181058661,1.0
2007-11-22,0.31777037546647097,0.580109168033352,0.14276996116932328,-1.8374929181058661,1.0
2007-11-23,0.31777037546647097,0.580109168033352,0.14276996116932328,-1.8374929181058661,1.0
2007-11-24,0.31777037546647097,0.580109168033352,0.14276996116932328,-1.8374929181058661,1.0
2007-11-25,0.31777037546647097,0.580109168033352,0.14276996116932328,-1.8374929181058661,1.0
2007-11-26,0.31777037546647097,0.580109168033352,0.14276996116932328,-1.8374929181058661,1.0
2007-11-27,0.31777037546647097,0.580109168033352,0.14276996116932328,-1.8374929181058661,1.0
2007-11-28,0.31777037546647097,0.580109168033352,0.14276996116932328,-1.8374929181058661,1.0
2007-11-29,0.31777037546647097,0.580109168033352,0.14276996116932328,-1.8374929181058661,1.0
2007-11-30,0.31777037546647097,0.580109168033352,0.14276996116932328,-1.8374929181058661,1.0
2007-12-01,0.31777037546647097,0.580109168033352,0.14276996116932328,-1.8374929181058661,1.0
2007-12-02,0.31777037546647097,0.580109168033352,0.14276996116932328,-1.8374929181058661,1.0
2007-12-03,0.07273792562656668,0.5383381947199247,0.20464297912817672,-2.2751832048033886,1.0
2007-12-04,0.07273792562656668,0.5383381947199247,0.20464297912817672,-2.2751832048033886,1.0
2007-12-05,0.07273792562656668,0.5383381947199247,0.20464297912817672,-2.2751832048033886,1.0
2007-12-06,0.07273792562656668,0.5383381947199247,0.20464297912817672,-2.2751832048033886,1.0
2007-12-07,0.07273792562656668,0.5383381947199247,0.20464297912817672,-2.2751832048033886,1.0
2007-12-08,0.07273792562656668,0.5383381947199247,0.20464297912817672,-2.2751832048033886,1.0
2007-12-09,0.07273792562656668,0.5383381947199247,0.20464297912817672,-2.2751832048033886,1.0
2007-12-10,0.07273792562656668,0.5383381947199247,0.20464297912817672,-2.2751832048033886,1.0
2007-12-11,0.07273792562656668,0.5383381947199247,0.20464297912817672,-2.2751832048033886,1.0
2007-12-12,0.07273792562656668,0.5383381947199247,0.20464297912817672,-2.2751832048033886,1.0
2007-12-13,0.07273792562656668,0.5383381947199247,0.20464297912817672,-2.2751832048033886,1.0
2007-12-14,0.07273792562656668,0.5383381947199247,0.20464297912817672,-2.2751832048033886,1.0
2007-12-15,0.07273792562656668,0.5383381947199247,0.20464297912817672,-2.2751832048033886,1.0
2007-12-16,0.07273792562656668,0.5383381947199247,0.20464297912817672,-2.2751832048033886,1.0
2007-12-17,0.07273792562656668,0.5383381947199247,0.20464297912817672,-2.2751832048033886,1.0
2007-12-18,0.07273792562656668,0.5383381947199247,0.20464297912817672,-2.2751832048033886,1.0
2007-12-19,0.08019754198600361,0.49116408083604574,0.2397349685463223,-1.7142536249176095,1.0
2007-12-20,0.08019754198600361,0.49116408083604574,0.2397349685463223,-1.7142536249176095,1.0
2007-12-21,0.08019754198600361,0.49116408083604574,0.2397349685463223,-1.7142536249176095,1.0
2007-12-22,0.08019754198600361,0.49116408083604574,0.2397349685463223,-1.7142536249176095,1.0
2007-12-23,0.08019754198600361,0.49116408083604574,0.2397349685463223,-1.7142536249176095,1.0
2007-12-24,0.08019754198600361,0.49116408083604574,0.2397349685463223,-1.7142536249176095,1.0
2007-12-25,0.08019754198600361,0.49116408083604574,0.2397349685463223,-1.7142536249176095,1.0
2007-12-26,0.08019754198600361,0.49116408083604574,0.2397349685463223,-1.7142536249176095,1.0
2007-12-27,0.08019754198600361,0.49116408083604574,0.2397349685463223,-1.7142536249176095,1.0
2007-12-28,0.08019754198600361,0.49116408083604574,0.2397349685463223,-1.7142536249176095,1.0
2007-12-29,0.08019754198600361,0.49116408083604574,0.2397349685463223,-1.7142536249176095,1.0
2007-12-30,0.08019754198600361,0.49116408083604574,0.2397349685463223,-1.7142536249176095,1.0
2007-12-31,0.08019754198600361,0.49116408083604574,0.2397349685463223,-1.7142536249176095,1.0
2008-01-01,0.08717497513936806,0.43840057832921947,0.2539650170024913,-1.3829684392571517,1.0
2008-01-02,0.08717497513936806,0.43840057832921947,0.2539650170024913,-1.3829684392571517,1.0
2008-01-03,0.08717497513936806,0.43840057832921947,0.2539650170024913,-1.3829684392571517,1.0
2008-01-04,0.08717497513936806,0.43840057832921947,0.2539650170024913,-1.3829684392571517,1.0
2008-01-05,0.08717497513936806,0.43840057832921947,0.2539650170024913,-1.3829684392571517,1.0
2008-01-06,0.08717497513936806,0.43840057832921947,0.2539650170024913,-1.3829684392571517,1.0
2008-01-07,0.08717497513936806,0.43840057832921947,0.2539650170024913,-1.3829684392571517,1.0
2008-01-08,0.08717497513936806,0.43840057832921947,0.2539650170024913,-1.3829684392571517,1.0
2008-01-09,0.08717497513936806,0.43840057832921947,0.2539650170024913,-1.3829684392571517,1.0
2008-01-10,0.08717497513936806,0.43840057832921947,0.2539650170024913,-1.3829684392571517,1.0
2008-01-11,0.08717497513936806,0.43840057832921947,0.2539650170024913,-1.3829684392571517,1.0
2008-01-12,0.08717497513936806,0.43840057832921947,0.2539650170024913,-1.3829684392571517,1.0
2008-01-13,0.08717497513936806,0.43840057832921947,0.2539650170024913,-1.3829684392571517,1.0
2008-01-14,0.08717497513936806,0.43840057832921947,0.2539650170024913,-1.3829684392571517,1.0
2008-01-15,0.08717497513936806,0.43840057832921947,0.2539650170024913,-1.3829684392571517,1.0
2008-01-16,0.08717497513936806,0.43840057832921947,0.2539650170024913,-1.3829684392571517,1.0
2008-01-17,0.07555518059475021,0.3833551202189194,0.25515626804170344,-1.2063193351529249,1.0
2008-01-18,0.07555518059475021,0.3833551202189194,0.25515626804170344,-1.2063193351529249,1.0
2008-01-19,0.07555518059475021,0.3833551202189194,0.25515626804170344,-1.2063193351529249,1.0
2008-01-20,0.07555518059475021,0.3833551202189194,0.25515626804170344,-1.2063193351529249,1.0
2008-01-21,0.07555518059475021,0.3833551202189194,0.25515626804170344,-1.2063193351529249,1.0
2008-01-22,0.07555518059475021,0.3833551202189194,0.25515626804170344,-1.2063193351529249,1.0
2008-01-23,0.07555518059475021,0.3833551202189194,0.25515626804170344,-1.2063193351529249,1.0
2008-01-24,0.07555518059475021,0.3833551202189194,0.25515626804170344,-1.2063193351529249,1.0
2008-01-25,0.07555518059475021,0.3833551202189194,0.25515626804170344,-1.2063193351529249,1.0
2008-01-26,0.07555518059475021,0.3833551202189194,0.25515626804170344,-1.2063193351529249,1.0
2008-01-27,0.07555518059475021,0.3833551202189194,0.25515626804170344,-1.2063193351529249,1.0
2008-01-28,0.07555518059475021,0.3833551202189194,0.25515626804170344,-1.2063193351529249,1.0
2008-01-29,0.07555518059475021,0.3833551202189194,0.25515626804170344,-1.2063193351529249,1.0
2008-01-30,0.07555518059475021,0.3833551202189194,0.25515626804170344,-1.2063193351529249,1.0
2008-01-31,0.07555518059475021,0.3833551202189194,0.25515626804170344,-1.2063193351529249,1.0
2008-02-01,0.07555518059475021,0.3833551202189194,0.25515626804170344,-1.2063193351529249,1.0
2008-02-02,0.04287133332352737,0.3276732697986435,0.24999804846837076,-1.139216638769677,1.0
2008-02-03,0.04287133332352737,0.3276732697986435,0.24999804846837076,-1.139216638769677,1.0
2008-02-04,0.04287133332352737,0.3276732697986435,0.24999804846837076,-1.139216638769677,1.0
2008-02-05,0.04287133332352737,0.3276732697986435,0.24999804846837076,-1.139216638769677,1.0
2008-02-06,0.04287133332352737,0.3276732697986435,0.24999804846837076,-1.139216638769677,1.0
2008-02-07,0.04287133332352737,0.3276732697986435,0.24999804846837076,-1.139216638769677,1.0
2008-02-08,0.04287133332352737,0.3276732697986435,0.24999804846837076,-1.139216638769677,1.0
2008-02-09,0.04287133332352737,0.3276732697986435,0.24999804846837076,-1.139216638769677,1.0
2008-02-10,0.04287133332352737,0.3276732697986435,0.24999804846837076,-1.139216638769677,1.0
2008-02-11,0.04287133332352737,0.3276732697986435,0.24999804846837076,-1.139216638769677,1.0
2008-02-12,0.04287133332352737,0.3276732697986435,0.24999804846837076,-1.139216638769677,1.0
2008-02-13,0.04287133332352737,0.3276732697986435,0.24999804846837076,-1.139216638769677,1.0
2008-02-14,0.04287133332352737,0.3276732697986435,0.24999804846837076,-1.139216638769677,1.0
2008-02-15,0.04287133332352737,0.3276732697986435,0.24999804846837076,-1.139216638769677,1.0
2008-02-16,0.04287133332352737,0.3276732697986435,0.24999804846837076,-1.139216638769677,1.0
2008-02-17,0.04287133332352737,0.3276732697986435,0.24999804846837076,-1.139216638769677,1.0
2008-02-18,0.04266952913550342,0.27280775814372743,0.23221841019154887,-0.9910421349383582,0.0
2008-02-19,0.04266952913550342,0.27280775814372743,0.23221841019154887,-0.9910421349383582,0.0
2008-02-20,0.04266952913550342,0.27280775814372743,0.23221841019154887,-0.9910421349383582,0.0
2008-02-21,0.04266952913550342,0.27280775814372743,0.23221841019154887,-0.9910421349383582,0.0
2008-02-22,0.04266952913550342,0.27280775814372743,0.23221841019154887,-0.9910421349383582,0.0
2008-02-23,0.04266952913550342,0.27280775814372743,0.23221841019154887,-0.9910421349383582,0.0
2008-02-24,0.04266952913550342,0.27280775814372743,0.23221841019154887,-0.9910421349383582,0.0
2008-02-25,0.04266952913550342,0.27280775814372743,0.23221841019154887,-0.9910421349383582,0.0
2008-02-26,0.04266952913550342,0.27280775814372743,0.23221841019154887,-0.9910421349383582,0.0
2008-02-27,0.04266952913550342,0.27280775814372743,0.23221841019154887,-0.9910421349383582,0.0
2008-02-28,0.04266952913550342,0.27280775814372743,0.23221841019154887,-0.9910421349383582,0.0
2008-02-29,0.04266952913550342,0.27280775814372743,0.23221841019154887,-0.9910421349383582,0.0
2008-03-01,0.04266952913550342,0.27280775814372743,0.23221841019154887,-0.9910421349383582,0.0
2008-03-02,0.04266952913550342,0.27280775814372743,0.23221841019154887,-0.9910421349383582,0.0
2008-03-03,0.04266952913550342,0.27280775814372743,0.23221841019154887,-0.9910421349383582,0.0
2008-03-04,0.04266952913550342,0.27280775814372743,0.23221841019154887,-0.9910421349383582,0.0
2008-03-05,0.11200083943641186,0.2262129901597929,0.19870449988625694,-0.5747839167646366,0.0
2008-03-06,0.11200083943641186,0.2262129901597929,0.19870449988625694,-0.5747839167646366,0.0
2008-03-07,0.11200083943641186,0.2262129901597929,0.19870449988625694,-0.5747839167646366,0.0
2008-03-08,0.11200083943641186,0.2262129901597929,0.19870449988625694,-0.5747839167646366,0.0
2008-03-09,0.11200083943641186,0.2262129901597929,0.19870449988625694,-0.5747839167646366,0.0
2008-03-10,0.11200083943641186,0.2262129901597929,0.19870449988625694,-0.5747839167646366,0.0
2008-03-11,0.11200083943641186,0.2262129901597929,0.19870449988625694,-0.5747839167646366,0.0
2008-03-12,0.11200083943641186,0.2262129901597929,0.19870449988625694,-0.5747839167646366,0.0
2008-03-13,0.11200083943641186,0.2262129901597929,0.19870449988625694,-0.5747839167646366,0.0
2008-03-14,0.11200083943641186,0.2262129901597929,0.19870449988625694,-0.5747839167646366,0.0
2008-03-15,0.11200083943641186,0.2262129901597929,0.19870449988625694,-0.5747839167646366,0.0
2008-03-16,0.11200083943641186,0.2262129901597929,0.19870449988625694,-0.5747839167646366,0.0
2008-03-17,0.11200083943641186,0.2262129901597929,0.19870449988625694,-0.5747839167646366,0.0
2008-03-18,0.11200083943641186,0.2262129901597929,0.19870449988625694,-0.5747839167646366,0.0
2008-03-19,0.11200083943641186,0.2262129901597929,0.19870449988625694,-0.5747839167646366,0.0
2008-03-20,0.11200083943641186,0.2262129901597929,0.19870449988625694,-0.5747839167646366,0.0
2008-03-21,0.19380141037109716,0.1942505782248346,0.16509285932809423,-0.0027206982516717864,0.0
2008-03-22,0.19380141037109716,0.1942505782248346,0.16509285932809423,-0.0027206982516717864,0.0
2008-03-23,0.19380141037109716,0.1942505782248346,0.16509285932809423,-0.0027206982516717864,0.0
2008-03-24,0.19380141037109716,0.1942505782248346,0.16509285932809423,-0.0027206982516717864,0.0
2008-03-25,0.19380141037109716,0.1942505782248346,0.16509285932809423,-0.0027206982516717864,0.0
2008-03-26,0.19380141037109716,0.1942505782248346,0.16509285932809423,-0.0027206982516717864,0.0
2008-03-27,0.19380141037109716,0.1942505782248346,0.16509285932809423,-0.0027206982516717864,0.0
2008-03-28,0.19380141037109716,0.1942505782248346,0.16509285932809423,-0.0027206982516717864,0.0
2008-03-29,0.19380141037109716,0.1942505782248346,0.16509285932809423,-0.0027206982516717864,0.0
2008-03-30,0.19380141037109716,0.1942505782248346,0.16509285932809423,-0.0027206982516717864,0.0
2008-03-31,0.19380141037109716,0.1942505782248346,0.16509285932809423,-0.0027206982516717864,0.0
2008-04-01,0.19380141037109716,0.1942505782248346,0.16509285932809423,-0.0027206982516717864,0.0
2008-04-02,0.19380141037109716,0.1942505782248346,0.16509285932809423,-0.0027206982516717864,0.0
2008-04-03,0.19380141037109716,0.1942505782248346,0.16509285932809423,-0.0027206982516717864,0.0
2008-04-04,0.19380141037109716,0.1942505782248346,0.16509285932809423,-0.0027206982516717864,0.0
2008-04-05,0.19380141037109716,0.1942505782248346,0.16509285932809423,-0.0027206982516717864,0.0
2008-04-06,0.26281892103622995,0.1760316207999725,0.1407929430908999,0.6164179704676328,0.0
2008-04-07,0.26281892103622995,0.1760316207999725,0.1407929430908999,0.6164179704676328,0.0
2008-04-08,0.26281892103622995,0.1760316207999725,0.1407929430908999,0.6164179704676328,0.0
2008-04-09,0.26281892103622995,0.1760316207999725,0.1407929430908999,0.6164179704676328,0.0
2008-04-10,0.26281892103622995,0.1760316207999725,0.1407929430908999,0.6164179704676328,0.0
2008-04-11,0.26281892103622995,0.1760316207999725,0.1407929430908999,0.6164179704676328,0.0
2008-04-12,0.26281892103622995,0.1760316207999725,0.1407929430908999,0.6164179704676328,0.0
2008-04-13,0.26281892103622995,0.1760316207999725,0.1407929430908999,0.6164179704676328,0.0
2008-04-14,0.26281892103622995,0.1760316207999725,0.1407929430908999,0.6164179704676328,0.0
2008-04-15,0.26281892103622995,0.1760316207999725,0.1407929430908999,0.6164179704676328,0.0
2008-04-16,0.26281892103622995,0.1760316207999725,0.1407929430908999,0.6164179704676328,0.0
2008-04-17,0.26281892103622995,0.1760316207999725,0.1407929430908999,0.6164179704676328,0.0
2008-04-18,0.26281892103622995,0.1760316207999725,0.1407929430908999,0.6164179704676328,0.0
2008-04-19,0.26281892103622995,0.1760316207999725,0.1407929430908999,0.6164179704676328,0.0
2008-04-20,0.26281892103622995,0.1760316207999725,0.1407929430908999,0.6164179704676328,0.0
2008-04-21,0.26281892103622995,0.1760316207999725,0.1407929430908999,0.6164179704676328,0.0
2008-04-22,0.34143185110795155,0.16833259635670172,0.12729357428960697,1.3598428335230013,-1.0
2008-04-23,0.34143185110795155,0.16833259635670172,0.12729357428960697,1.3598428335230013,-1.0
2008-04-24,0.34143185110795155,0.16833259635670172,0.12729357428960697,1.3598428335230013,-1.0
2008-04-25,0.34143185110795155,0.16833259635670172,0.12729357428960697,1.3598428335230013,-1.0
2008-04-26,0.34143185110795155,0.16833259635670172,0.12729357428960697,1.3598428335230013,-1.0
2008-04-27,0.34143185110795155,0.16833259635670172,0.12729357428960697,1.3598428335230013,-1.0
2008-04-28,0.34143185110795155,0.16833259635670172,0.12729357428960697,1.3598428335230013,-1.0
2008-04-29,0.34143185110795155,0.16833259635670172,0.12729357428960697,1.3598428335230013,-1.0
2008-04-30,0.34143185110795155,0.16833259635670172,0.12729357428960697,1.3598428335230013,-1.0
2008-05-01,0.34143185110795155,0.16833259635670172,0.12729357428960697,1.3598428335230013,-1.0
2008-05-02,0.34143185110795155,0.16833259635670172,0.12729357428960697,1.3598428335230013,-1.0
2008-05-03,0.34143185110795155,0.16833259635670172,0.12729357428960697,1.3598428335230013,-1.0
2008-05-04,0.34143185110795155,0.16833259635670172,0.12729357428960697,1.3598428335230013,-1.0
2008-05-05,0.34143185110795155,0.16833259635670172,0.12729357428960697,1.3598428335230013,-1.0
2008-05-06,0.34143185110795155,0.16833259635670172,0.12729357428960697,1.3598428335230013,-1.0
2008-05-07,0.34143185110795155,0.16833259635670172,0.12729357428960697,1.3598428335230013,-1.0
2008-05-08,0.40919729356817536,0.16985226473267134,0.1302671229643986,1.8373402543089548,-1.0
2008-05-09,0.40919729356817536,0.16985226473267134,0.1302671229643986,1.8373402543089548,-1.0
2008-05-10,0.40919729356817536,0.16985226473267134,0.1302671229643986,1.8373402543089548,-1.0
2008-05-11,0.40919729356817536,0.16985226473267134,0.1302671229643986,1.8373402543089548,-1.0
2008-05-12,0.40919729356817536,0.16985226473267134,0.1302671229643986,1.8373402543089548,-1.0
2008-05-13,0.40919729356817536,0.16985226473267134,0.1302671229643986,1.8373402543089548,-1.0
2008-05-14,0.40919729356817536,0.16985226473267134,0.1302671229643986,1.8373402543089548,-1.0
2008-05-15,0.40919729356817536,0.16985226473267134,0.1302671229643986,1.8373402543089548,-1.0
2008-05-16,0.40919729356817536,0.16985226473267134,0.1302671229643986,1.8373402543089548,-1.0
2008-05-17,0.40919729356817536,0.16985226473267134,0.1302671229643986,1.8373402543089548,-1.0
2008-05-18,0.40919729356817536,0.16985226473267134,0.1302671229643986,1.8373402543089548,-1.0
2008-05-19,0.40919729356817536,0.16985226473267134,0.1302671229643986,1.8373402543089548,-1.0
2008-05-20,0.40919729356817536,0.16985226473267134,0.1302671229643986,1.8373402543089548,-1.0
2008-05-21,0.40919729356817536,0.16985226473267134,0.1302671229643986,1.8373402543089548,-1.0
2008-05-22,0.40919729356817536,0.16985226473267134,0.1302671229643986,1.8373402543089548,-1.0
2008-05-23,0.40919729356817536,0.16985226473267134,0.1302671229643986,1.8373402543089548,-1.0
2008-05-24,0.47960980289277666,0.1833388836848635,0.1533125313191836,1.9324638153100635,-1.0
2008-05-25,0.47960980289277666,0.1833388836848635,0.1533125313191836,1.9324638153100635,-1.0
2008-05-26,0.47960980289277666,0.1833388836848635,0.1533125313191836,1.9324638153100635,-1.0
2008-05-27,0.47960980289277666,0.1833388836848635,0.1533125313191836,1.9324638153100635,-1.0
2008-05-28,0.47960980289277666,0.1833388836848635,0.1533125313191836,1.9324638153100635,-1.0
2008-05-29,0.47960980289277666,0.1833388836848635,0.1533125313191836,1.9324638153100635,-1.0
2008-05-30,0.47960980289277666,0.1833388836848635,0.1533125313191836,1.9324638153100635,-1.0
2008-05-31,0.47960980289277666,0.1833388836848635,0.1533125313191836,1.9324638153100635,-1.0
2008-06-01,0.47960980289277666,0.1833388836848635,0.1533125313191836,1.9324638153100635,-1.0
2008-06-02,0.47960980289277666,0.1833388836848635,0.1533125313191836,1.9324638153100635,-1.0
2008-06-03,0.47960980289277666,0.1833388836848635,0.1533125313191836,1.9324638153100635,-1.0
2008-06-04,0.47960980289277666,0.1833388836848635,0.1533125313191836,1.9324638153100635,-1.0
2008-06-05,0.47960980289277666,0.1833388836848635,0.1533125313191836,1.9324638153100635,-1.0
2008-06-06,0.47960980289277666,0.1833388836848635,0.1533125313191836,1.9324638153100635,-1.0
2008-06-07,0.47960980289277666,0.1833388836848635,0.1533125313191836,1.9324638153100635,-1.0
2008-06-08,0.47960980289277666,0.1833388836848635,0.1533125313191836,1.9324638153100635,-1.0
2008-06-09,0.593545722167903,0.22673953339664155,0.18877252701801422,1.943112139068085,-1.0
2008-06-10,0.593545722167903,0.22673953339664155,0.18877252701801422,1.943112139068085,-1.0
2008-06-11,0.593545722167903,0.22673953339664155,0.18877252701801422,1.943112139068085,-1.0
2008-06-12,0.593545722167903,0.22673953339664155,0.18877252701801422,1.943112139068085,-1.0
2008-06-13,0.593545722167903,0.22673953339664155,0.18877252701801422,1.943112139068085,-1.0
2008-06-14,0.593545722167903,0.22673953339664155,0.18877252701801422,1.943112139068085,-1.0
2008-06-15,0.593545722167903,0.22673953339664155,0.18877252701801422,1.943112139068085,-1.0
2008-06-16,0.593545722167903,0.22673953339664155,0.18877252701801422,1.943112139068085,-1.0
2008-06-17,0.593545722167903,0.22673953339664155,0.18877252701801422,1.943112139068085,-1.0
2008-06-18,0.593545722167903,0.22673953339664155,0.18877252701801422,1.943112139068085,-1.0
2008-06-19,0.593545722167903,0.22673953339664155,0.18877252701801422,1.943112139068085,-1.0
2008-06-20,0.593545722167903,0.22673953339664155,0.18877252701801422,1.943112139068085,-1.0
2008-06-21,0.593545722167903,0.22673953339664155,0.18877252701801422,1.943112139068085,-1.0
2008-06-22,0.593545722167903,0.22673953339664155,0.18877252701801422,1.943112139068085,-1.0
2008-06-23,0.593545722167903,0.22673953339664155,0.18877252701801422,1.943112139068085,-1.0
2008-06-24,0.593545722167903,0.22673953339664155,0.18877252701801422,1.943112139068085,-1.0
2008-06-25,0.6688675299975441,0.27579536573093655,0.22097113148020092,1.7788394422093408,-1.0
2008-06-26,0.6688675299975441,0.27579536573093655,0.22097113148020092,1.7788394422093408,-1.0
2008-06-27,0.6688675299975441,0.27579536573093655,0.22097113148020092,1.7788394422093408,-1.0
2008-06-28,0.6688675299975441,0.27579536573093655,0.22097113148020092,1.7788394422093408,-1.0
2008-06-29,0.6688675299975441,0.27579536573093655,0.22097113148020092,1.7788394422093408,-1.0
2008-06-30,0.6688675299975441,0.27579536573093655,0.22097113148020092,1.7788394422093408,-1.0
2008-07-01,0.6688675299975441,0.27579536573093655,0.22097113148020092,1.7788394422093408,-1.0
2008-07-02,0.6688675299975441,0.27579536573093655,0.22097113148020092,1.7788394422093408,-1.0
2008-07-03,0.6688675299975441,0.27579536573093655,0.22097113148020092,1.7788394422093408,-1.0
2008-07-04,0.6688675299975441,0.27579536573093655,0.22097113148020092,1.7788394422093408,-1.0
2008-07-05,0.6688675299975441,0.27579536573093655,0.22097113148020092,1.7788394422093408,-1.0
2008-07-06,0.6688675299975441,0.27579536573093655,0.22097113148020092,1.7788394422093408,-1.0
2008-07-07,0.6688675299975441,0.27579536573093655,0.22097113148020092,1.7788394422093408,-1.0
2008-07-08,0.6688675299975441,0.27579536573093655,0.22097113148020092,1.7788394422093408,-1.0
2008-07-09,0.6688675299975441,0.27579536573093655,0.22097113148020092,1.7788394422093408,-1.0
2008-07-10,0.6688675299975441,0.27579536573093655,0.22097113148020092,1.7788394422093408,-1.0
2008-07-11,0.7165424671025535,0.3282426567278687,0.245464751413167,1.5818964154291035,-1.0
2008-07-12,0.7165424671025535,0.3282426567278687,0.245464751413167,1.5818964154291035,-1.0
2008-07-13,0.7165424671025535,0.3282426567278687,0.245464751413167,1.5818964154291035,-1.0
2008-07-14,0.7165424671025535,0.3282426567278687,0.245464751413167,1.5818964154291035,-1.0
2008-07-15,0.7165424671025535,0.3282426567278687,0.245464751413167,1.5818964154291035,-1.0
2008-07-16,0.7165424671025535,0.3282426567278687,0.245464751413167,1.5818964154291035,-1.0
2008-07-17,0.7165424671025535,0.3282426567278687,0.245464751413167,1.5818964154291035,-1.0
2008-07-18,0.7165424671025535,0.3282426567278687,0.245464751413167,1.5818964154291035,-1.0
2008-07-19,0.7165424671025535,0.3282426567278687,0.245464751413167,1.5818964154291035,-1.0
2008-07-20,0.7165424671025535,0.3282426567278687,0.245464751413167,1.5818964154291035,-1.0
2008-07-21,0.7165424671025535,0.3282426567278687,0.245464751413167,1.5818964154291035,-1.0
2008-07-22,0.7165424671025535,0.3282426567278687,0.245464751413167,1.5818964154291035,-1.0
2008-07-23,0.7165424671025535,0.3282426567278687,0.245464751413167,1.5818964154291035,-1.0
2008-07-24,0.7165424671025535,0.3282426567278687,0.245464751413167,1.5818964154291035,-1.0
2008-07-25,0.7165424671025535,0.3282426567278687,0.245464751413167,1.5818964154291035,-1.0
2008-07-26,0.7165424671025535,0.3282426567278687,0.245464751413167,1.5818964154291035,-1.0
2008-07-27,0.740776063608151,0.3836777303123187,0.25800610786420136,1.3840693007306129,-1.0
2008-07-28,0.740776063608151,0.3836777303123187,0.25800610786420136,1.3840693007306129,-1.0
2008-07-29,0.740776063608151,0.3836777303123187,0.25800610786420136,1.3840693007306129,-1.0
2008-07-30,0.740776063608151,0.3836777303123187,0.25800610786420136,1.3840693007306129,-1.0
2008-07-31,0.740776063608151,0.3836777303123187,0.25800610786420136,1.3840693007306129,-1.0
2008-08-01,0.740776063608151,0.3836777303123187,0.25800610786420136,1.3840693007306129,-1.0
2008-08-02,0.740776063608151,0.3836777303123187,0.25800610786420136,1.3840693007306129,-1.0
2008-08-03,0.740776063608151,0.3836777303123187,0.25800610786420136,1.3840693007306129,-1.0
2008-08-04,0.740776063608151,0.3836777303123187,0.25800610786420136,1.3840693007306129,-1.0
2008-08-05,0.740776063608151,0.3836777303123187,0.25800610786420136,1.3840693007306129,-1.0
2008-08-06,0.740776063608151,0.3836777303123187,0.25800610786420136,1.3840693007306129,-1.0
2008-08-07,0.740776063608151,0.3836777303123187,0.25800610786420136,1.3840693007306129,-1.0
2008-08-08,0.740776063608151,0.3836777303123187,0.25800610786420136,1.3840693007306129,-1.0
2008-08-09,0.740776063608151,0.3836777303123187,0.25800610786420136,1.3840693007306129,-1.0
2008-08-10,0.740776063608151,0.3836777303123187,0.25800610786420136,1.3840693007306129,-1.0
2008-08-11,0.740776063608151,0.3836777303123187,0.25800610786420136,1.3840693007306129,-1.0
2008-08-12,0.7224706241628003,0.44031100454892474,0.2508861314210405,1.1246521201299542,-1.0
2008-08-13,0.7224706241628003,0.44031100454892474,0.2508861314210405,1.1246521201299542,-1.0
2008-08-14,0.7224706241628003,0.44031100454892474,0.2508861314210405,1.1246521201299542,-1.0
2008-08-15,0.7224706241628003,0.44031100454892474,0.2508861314210405,1.1246521201299542,-1.0
2008-08-16,0.7224706241628003,0.44031100454892474,0.2508861314210405,1.1246521201299542,-1.0
2008-08-17,0.7224706241628003,0.44031100454892474,0.2508861314210405,1.1246521201299542,-1.0
2008-08-18,0.7224706241628003,0.44031100454892474,0.2508861314210405,1.1246521201299542,-1.0
2008-08-19,0.7224706241628003,0.44031100454892474,0.2508861314210405,1.1246521201299542,-1.0
2008-08-20,0.7224706241628003,0.44031100454892474,0.2508861314210405,1.1246521201299542,-1.0
2008-08-21,0.7224706241628003,0.44031100454892474,0.2508861314210405,1.1246521201299542,-1.0
2008-08-22,0.7224706241628003,0.44031100454892474,0.2508861314210405,1.1246521201299542,-1.0
2008-08-23,0.7224706241628003,0.44031100454892474,0.2508861314210405,1.1246521201299542,-1.0
2008-08-24,0.7224706241628003,0.44031100454892474,0.2508861314210405,1.1246521201299542,-1.0
2008-08-25,0.7224706241628003,0.44031100454892474,0.2508861314210405,1.1246521201299542,-1.0
2008-08-26,0.7224706241628003,0.44031100454892474,0.2508861314210405,1.1246521201299542,-1.0
2008-08-27,0.7224706241628003,0.44031100454892474,0.2508861314210405,1.1246521201299542,-1.0
2008-08-28,0.6842299441525523,0.4937743724670123,0.22552163491301466,0.8445113115599758,0.0
2008-08-29,0.6842299441525523,0.4937743724670123,0.22552163491301466,0.8445113115599758,0.0
2008-08-30,0.6842299441525523,0.4937743724670123,0.22552163491301466,0.8445113115599758,0.0
2008-08-31,0.6842299441525523,0.4937743724670123,0.22552163491301466,0.8445113115599758,0.0
2008-09-01,0.6842299441525523,0.4937743724670123,0.22552163491301466,0.8445113115599758,0.0
2008-09-02,0.6842299441525523,0.4937743724670123,0.22552163491301466,0.8445113115599758,0.0
2008-09-03,0.6842299441525523,0.4937743724670123,0.22552163491301466,0.8445113115599758,0.0
2008-09-04,0.6842299441525523,0.4937743724670123,0.22552163491301466,0.8445113115599758,0.0
2008-09-05,0.6842299441525523,0.4937743724670123,0.22552163491301466,0.8445113115599758,0.0
2008-09-06,0.6842299441525523,0.4937743724670123,0.22552163491301466,0.8445113115599758,0.0
2008-09-07,0.6842299441525523,0.4937743724670123,0.22552163491301466,0.8445113115599758,0.0
2008-09-08,0.6842299441525523,0.4937743724670123,0.22552163491301466,0.8445113115599758,0.0
2008-09-09,0.6842299441525523,0.4937743724670123,0.22552163491301466,0.8445113115599758,0.0
2008-09-10,0.6842299441525523,0.4937743724670123,0.22552163491301466,0.8445113115599758,0.0
2008-09-11,0.6842299441525523,0.4937743724670123,0.22552163491301466,0.8445113115599758,0.0
2008-09-12,0.6842299441525523,0.4937743724670123,0.22552163491301466,0.8445113115599758,0.0
2008-09-13,0.6170205030539637,0.5358593444351416,0.19250618071483033,0.4216028717490919,0.0
2008-09-14,0.6170205030539637,0.5358593444351416,0.19250618071483033,0.4216028717490919,0.0
2008-09-15,0.6170205030539637,0.5358593444351416,0.19250618071483033,0.4216028717490919,0.0
2008-09-16,0.6170205030539637,0.5358593444351416,0.19250618071483033,0.4216028717490919,0.0
2008-09-17,0.6170205030539637,0.5358593444351416,0.19250618071483033,0.4216028717490919,0.0
2008-09-18,0.6170205030539637,0.5358593444351416,0.19250618071483033,0.4216028717490919,0.0
2008-09-19,0.6170205030539637,0.5358593444351416,0.19250618071483033,0.4216028717490919,0.0
2008-09-20,0.6170205030539637,0.5358593444351416,0.19250618071483033,0.4216028717490919,0.0
2008-09-21,0.6170205030539637,0.5358593444351416,0.19250618071483033,0.4216028717490919,0.0
2008-09-22,0.6170205030539637,0.5358593444351416,0.19250618071483033,0.4216028717490919,0.0
2008-09-23,0.6170205030539637,0.5358593444351416,0.19250618071483033,0.4216028717490919,0.0
2008-09-24,0.6170205030539637,0.5358593444351416,0.19250618071483033,0.4216028717490919,0.0
2008-09-25,0.6170205030539637,0.5358593444351416,0.19250618071483033,0.4216028717490919,0.0
2008-09-26,0.6170205030539637,0.5358593444351416,0.19250618071483033,0.4216028717490919,0.0
2008-09-27,0.6170205030539637,0.5358593444351416,0.19250618071483033,0.4216028717490919,0.0
2008-09-28,0.6170205030539637,0.5358593444351416,0.19250618071483033,0.4216028717490919,0.0
2008-09-29,0.5278090028210385,0.5636933104726366,0.15994582818934908,-0.2243528828342875,0.0
2008-09-30,0.5278090028210385,0.5636933104726366,0.15994582818934908,-0.2243528828342875,0.0
2008-10-01,0.5278090028210385,0.5636933104726366,0.15994582818934908,-0.2243528828342875,0.0
2008-10-02,0.5278090028210385,0.5636933104726366,0.15994582818934908,-0.2243528828342875,0.0
2008-10-03,0.5278090028210385,0.5636933104726366,0.15994582818934908,-0.2243528828342875,0.0
2008-10-04,0.5278090028210385,0.5636933104726366,0.15994582818934908,-0.2243528828342875,0.0
2008-10-05,0.5278090028210385,0.5636933104726366,0.15994582818934908,-0.2243528828342875,0.0
2008-10-06,0.5278090028210385,0.5636933104726366,0.15994582818934908,-0.2243528828342875,0.0
2008-10-07,0.5278090028210385,0.5636933104726366,0.15994582818934908,-0.2243528828342875,0.0
2008-10-08,0.5278090028210385,0.5636933104726366,0.15994582818934908,-0.2243528828342875,0.0
2008-10-09,0.5278090028210385,0.5636933104726366,0.15994582818934908,-0.2243528828342875,0.0
2008-10-10,0.5278090028210385,0.5636933104726366,0.15994582818934908,-0.2243528828342875,0.0
2008-10-11,0.5278090028210385,0.5636933104726366,0.15994582818934908,-0.2243528828342875,0.0
2008-10-12,0.5278090028210385,0.5636933104726366,0.15994582818934908,-0.2243528828342875,0.0
2008-10-13,0.5278090028210385,0.5636933104726366,0.15994582818934908,-0.2243528828342875,0.0
2008-10-14,0.5278090028210385,0.5636933104726366,0.15994582818934908,-0.2243528828342875,0.0
2008-10-15,0.43316246128206914,0.5778886054931233,0.13668283628033345,-1.0588465102832958,1.0
2008-10-16,0.43316246128206914,0.5778886054931233,0.13668283628033345,-1.0588465102832958,1.0
2008-10-17,0.43316246128206914,0.5778886054931233,0.13668283628033345,-1.0588465102832958,1.0
2008-10-18,0.43316246128206914,0.5778886054931233,0.13668283628033345,-1.0588465102832958,1.0
2008-10-19,0.43316246128206914,0.5778886054931233,0.13668283628033345,-1.0588465102832958,1.0
2008-10-20,0.43316246128206914,0.5778886054931233,0.13668283628033345,-1.0588465102832958,1.0
2008-10-21,0.43316246128206914,0.5778886054931233,0.13668283628033345,-1.0588465102832958,1.0
2008-10-22,0.43316246128206914,0.5778886054931233,0.13668283628033345,-1.0588465102832958,1.0
2008-10-23,0.43316246128206914,0.5778886054931233,0.13668283628033345,-1.0588465102832958,1.0
2008-10-24,0.43316246128206914,0.5778886054931233,0.13668283628033345,-1.0588465102832958,1.0
2008-10-25,0.43316246128206914,0.5778886054931233,0.13668283628033345,-1.0588465102832958,1.0
2008-10-26,0.43316246128206914,0.5778886054931233,0.13668283628033345,-1.0588465102832958,1.0
2008-10-27,0.43316246128206914,0.5778886054931233,0.13668283628033345,-1.0588465102832958,1.0
2008-10-28,0.43316246128206914,0.5778886054931233,0.13668283628033345,-1.0588465102832958,1.0
2008-10-29,0.43316246128206914,0.5778886054931233,0.13668283628033345,-1.0588465102832958,1.0
2008-10-30,0.43316246128206914,0.5778886054931233,0.13668283628033345,-1.0588465102832958,1.0
2008-10-31,0.3630946572306671,0.579693839336683,0.13337906069648633,-1.6239369281427383,1.0
2008-11-01,0.3630946572306671,0.579693839336683,0.13337906069648633,-1.6239369281427383,1.0
2008-11-02,0.3630946572306671,0.579693839336683,0.13337906069648633,-1.6239369281427383,1.0
2008-11-03,0.3630946572306671,0.579693839336683,0.13337906069648633,-1.6239369281427383,1.0
2008-11-04,0.3630946572306671,0.579693839336683,0.13337906069648633,-1.6239369281427383,1.0
2008-11-05,0.3630946572306671,0.579693839336683,0.13337906069648633,-1.6239369281427383,1.0
2008-11-06,0.3630946572306671,0.579693839336683,0.13337906069648633,-1.6239369281427383,1.0
2008-11-07,0.3630946572306671,0.579693839336683,0.13337906069648633,-1.6239369281427383,1.0
2008-11-08,0.3630946572306671,0.579693839336683,0.13337906069648633,-1.6239369281427383,1.0
2008-11-09,0.3630946572306671,0.579693839336683,0.13337906069648633,-1.6239369281427383,1.0
2008-11-10,0.3630946572306671,0.579693839336683,0.13337906069648633,-1.6239369281427383,1.0
2008-11-11,0.3630946572306671,0.579693839336683,0.13337906069648633,-1.6239369281427383,1.0
2008-11-12,0.3630946572306671,0.579693839336683,0.13337906069648633,-1.6239369281427383,1.0
2008-11-13,0.3630946572306671,0.579693839336683,0.13337906069648633,-1.6239369281427383,1.0
2008-11-14,0.3630946572306671,0.579693839336683,0.13337906069648633,-1.6239369281427383,1.0
2008-11-15,0.3630946572306671,0.579693839336683,0.13337906069648633,-1.6239369281427383,1.0
2008-11-16,0.2639240140896086,0.567587732713469,0.15508722729241772,-1.9580188770239664,1.0
2008-11-17,0.2639240140896086,0.567587732713469,0.15508722729241772,-1.9580188770239664,1.0
2008-11-18,0.2639240140896086,0.567587732713469,0.15508722729241772,-1.9580188770239664,1.0
2008-11-19,0.2639240140896086,0.567587732713469,0.15508722729241772,-1.9580188770239664,1.0
2008-11-20,0.2639240140896086,0.567587732713469,0.15508722729241772,-1.9580188770239664,1.0
2008-11-21,0.2639240140896086,0.567587732713469,0.15508722729241772,-1.9580188770239664,1.0
2008-11-22,0.2639240140896086,0.567587732713469,0.15508722729241772,-1.9580188770239664,1.0
2008-11-23,0.2639240140896086,0.567587732713469,0.15508722729241772,-1.9580188770239664,1.0
2008-11-24,0.2639240140896086,0.567587732713469,0.15508722729241772,-1.9580188770239664,1.0
2008-11-25,0.2639240140896086,0.567587732713469,0.15508722729241772,-1.9580188770239664,1.0
2008-11-26,0.2639240140896086,0.567587732713469,0.15508722729241772,-1.9580188770239664,1.0
2008-11-27,0.2639240140896086,0.567587732713469,0.15508722729241772,-1.9580188770239664,1.0
2008-11-28,0.2639240140896086,0.567587732713469,0.15508722729241772,-1.9580188770239664,1.0
2008-11-29,0.2639240140896086,0.567587732713469,0.15508722729241772,-1.9580188770239664,1.0
2008-11-30,0.2639240140896086,0.567587732713469,0.15508722729241772,-1.9580188770239664,1.0
2008-12-01,0.2639240140896086,0.567587732713469,0.15508722729241772,-1.9580188770239664,1.0
2008-12-02,0.10631327227210188,0.5364796884950794,0.20404857164646112,-2.1081569586691007,1.0
2008-12-03,0.10631327227210188,0.5364796884950794,0.20404857164646112,-2.1081569586691007,1.0
2008-12-04,0.10631327227210188,0.5364796884950794,0.20404857164646112,-2.1081569586691007,1.0
2008-12-05,0.10631327227210188,0.5364796884950794,0.20404857164646112,-2.1081569586691007,1.0
2008-12-06,0.10631327227210188,0.5364796884950794,0.20404857164646112,-2.1081569586691007,1.0
2008-12-07,0.10631327227210188,0.5364796884950794,0.20404857164646112,-2.1081569586691007,1.0
2008-12-08,0.10631327227210188,0.5364796884950794,0.20404857164646112,-2.1081569586691007,1.0
2008-12-09,0.10631327227210188,0.5364796884950794,0.20404857164646112,-2.1081569586691007,1.0
2008-12-10,0.10631327227210188,0.5364796884950794,0.20404857164646112,-2.1081569586691007,1.0
2008-12-11,0.10631327227210188,0.5364796884950794,0.20404857164646112,-2.1081569586691007,1.0
2008-12-12,0.10631327227210188,0.5364796884950794,0.20404857164646112,-2.1081569586691007,1.0
2008-12-13,0.10631327227210188,0.5364796884950794,0.20404857164646112,-2.1081569586691007,1.0
2008-12-14,0.10631327227210188,0.5364796884950794,0.20404857164646112,-2.1081569586691007,1.0
2008-12-15,0.10631327227210188,0.5364796884950794,0.20404857164646112,-2.1081569586691007,1.0
2008-12-16,0.10631327227210188,0.5364796884950794,0.20404857164646112,-2.1081569586691007,1.0
2008-12-17,0.10631327227210188,0.5364796884950794,0.20404857164646112,-2.1081569586691007,1.0
2008-12-18,0.08201712844136705,0.49385230568453475,0.24110891100169882,-1.7080877497732383,1.0
2008-12-19,0.08201712844136705,0.49385230568453475,0.24110891100169882,-1.7080877497732383,1.0
2008-12-20,0.08201712844136705,0.49385230568453475,0.24110891100169882,-1.7080877497732383,1.0
2008-12-21,0.08201712844136705,0.49385230568453475,0.24110891100169882,-1.7080877497732383,1.0
2008-12-22,0.08201712844136705,0.49385230568453475,0.24110891100169882,-1.7080877497732383,1.0
2008-12-23,0.08201712844136705,0.49385230568453475,0.24110891100169882,-1.7080877497732383,1.0
2008-12-24,0.08201712844136705,0.49385230568453475,0.24110891100169882,-1.7080877497732383,1.0
2008-12-25,0.08201712844136705,0.49385230568453475,0.24110891100169882,-1.7080877497732383,1.0
2008-12-26,0.08201712844136705,0.49385230568453475,0.24110891100169882,-1.7080877497732383,1.0
2008-12-27,0.08201712844136705,0.49385230568453475,0.24110891100169882,-1.7080877497732383,1.0
2008-12-28,0.08201712844136705,0.49385230568453475,0.24110891100169882,-1.7080877497732383,1.0
2008-12-29,0.08201712844136705,0.49385230568453475,0.24110891100169882,-1.7080877497732383,1.0
2008-12-30,0.08201712844136705,0.49385230568453475,0.24110891100169882,-1.7080877497732383,1.0
2008-12-31,0.08201712844136705,0.49385230568453475,0.24110891100169882,-1.7080877497732383,1.0
2009-01-01,0.06183414740511517,0.4432661904684991,0.26367515763955474,-1.4465983313634856,1.0
2009-01-02,0.06183414740511517,0.4432661904684991,0.26367515763955474,-1.4465983313634856,1.0
2009-01-03,0.06183414740511517,0.4432661904684991,0.26367515763955474,-1.4465983313634856,1.0
2009-01-04,0.06183414740511517,0.4432661904684991,0.26367515763955474,-1.4465983313634856,1.0
2009-01-05,0.06183414740511517,0.4432661904684991,0.26367515763955474,-1.4465983313634856,1.0
2009-01-06,0.06183414740511517,0.4432661904684991,0.26367515763955474,-1.4465983313634856,1.0
2009-01-07,0.06183414740511517,0.4432661904684991,0.26367515763955474,-1.4465983313634856,1.0
2009-01-08,0.06183414740511517,0.4432661904684991,0.26367515763955474,-1.4465983313634856,1.0
2009-01-09,0.06183414740511517,0.4432661904684991,0.26367515763955474,-1.4465983313634856,1.0
2009-01-10,0.06183414740511517,0.4432661904684991,0.26367515763955474,-1.4465983313634856,1.0
2009-01-11,0.06183414740511517,0.4432661904684991,0.26367515763955474,-1.4465983313634856,1.0
2009-01-12,0.06183414740511517,0.4432661904684991,0.26367515763955474,-1.4465983313634856,1.0
2009-01-13,0.06183414740511517,0.4432661904684991,0.26367515763955474,-1.4465983313634856,1.0
2009-01-14,0.06183414740511517,0.4432661904684991,0.26367515763955474,-1.4465983313634856,1.0
2009-01-15,0.06183414740511517,0.4432661904684991,0.26367515763955474,-1.4465983313634856,1.0
2009-01-16,0.06183414740511517,0.4432661904684991,0.26367515763955474,-1.4465983313634856,1.0
2009-01-17,0.014729694978182547,0.3847817927914681,0.2751345098567233,-1.344986123354685,1.0
2009-01-18,0.014729694978182547,0.3847817927914681,0.2751345098567233,-1.344986123354685,1.0
2009-01-19,0.014729694978182547,0.3847817927914681,0.2751345098567233,-1.344986123354685,1.0
2009-01-20,0.014729694978182547,0.3847817927914681,0.2751345098567233,-1.344986123354685,1.0
2009-01-21,0.014729694978182547,0.3847817927914681,0.2751345098567233,-1.344986123354685,1.0
2009-01-22,0.014729694978182547,0.3847817927914681,0.2751345098567233,-1.344986123354685,1.0
2009-01-23,0.014729694978182547,0.3847817927914681,0.2751345098567233,-1.344986123354685,1.0
2009-01-24,0.014729694978182547,0.3847817927914681,0.2751345098567233,-1.344986123354685,1.0
2009-01-25,0.014729694978182547,0.3847817927914681,0.2751345098567233,-1.344986123354685,1.0
2009-01-26,0.014729694978182547,0.3847817927914681,0.2751345098567233,-1.344986123354685,1.0
2009-01-27,0.014729694978182547,0.3847817927914681,0.2751345098567233,-1.344986123354685,1.0
2009-01-28,0.014729694978182547,0.3847817927914681,0.2751345098567233,-1.344986123354685,1.0
2009-01-29,0.014729694978182547,0.3847817927914681,0.2751345098567233,-1.344986123354685,1.0
2009-01-30,0.014729694978182547,0.3847817927914681,0.2751345098567233,-1.344986123354685,1.0
2009-01-31,0.014729694978182547,0.3847817927914681,0.2751345098567233,-1.344986123354685,1.0
2009-02-01,0.014729694978182547,0.3847817927914681,0.2751345098567233,-1.344986123354685,1.0
2009-02-02,0.07156272833399302,0.329014014851955,0.26401492803260485,-0.9751391273078608,0.0
2009-02-03,0.07156272833399302,0.329014014851955,0.26401492803260485,-0.9751391273078608,0.0
2009-02-04,0.07156272833399302,0.329014014851955,0.26401492803260485,-0.9751391273078608,0.0
2009-02-05,0.07156272833399302,0.329014014851955,0.26401492803260485,-0.9751391273078608,0.0
2009-02-06,0.07156272833399302,0.329014014851955,0.26401492803260485,-0.9751391273078608,0.0
2009-02-07,0.07156272833399302,0.329014014851955,0.26401492803260485,-0.9751391273078608,0.0
2009-02-08,0.07156272833399302,0.329014014851955,0.26401492803260485,-0.9751391273078608,0.0
2009-02-09,0.07156272833399302,0.329014014851955,0.26401492803260485,-0.9751391273078608,0.0
2009-02-10,0.07156272833399302,0.329014014851955,0.26401492803260485,-0.9751391273078608,0.0
2009-02-11,0.07156272833399302,0.329014014851955,0.26401492803260485,-0.9751391273078608,0.0
2009-02-12,0.07156272833399302,0.329014014851955,0.26401492803260485,-0.9751391273078608,0.0
2009-02-13,0.07156272833399302,0.329014014851955,0.26401492803260485,-0.9751391273078608,0.0
2009-02-14,0.07156272833399302,0.329014014851955,0.26401492803260485,-0.9751391273078608,0.0
2009-02-15,0.07156272833399302,0.329014014851955,0.26401492803260485,-0.9751391273078608,0.0
2009-02-16,0.07156272833399302,0.329014014851955,0.26401492803260485,-0.9751391273078608,0.0
2009-02-17,0.07156272833399302,0.329014014851955,0.26401492803260485,-0.9751391273078608,0.0
2009-02-18,0.09091430797016627,0.27638432183590206,0.24033829499041853,-0.7717039595089491,0.0
2009-02-19,0.09091430797016627,0.27638432183590206,0.24033829499041853,-0.7717039595089491,0.0
2009-02-20,0.09091430797016627,0.27638432183590206,0.24033829499041853,-0.7717039595089491,0.0
2009-02-21,0.09091430797016627,0.27638432183590206,0.24033829499041853,-0.7717039595089491,0.0
2009-02-22,0.09091430797016627,0.27638432183590206,0.24033829499041853,-0.7717039595089491,0.0
2009-02-23,0.09091430797016627,0.27638432183590206,0.24033829499041853,-0.7717039595089491,0.0
2009-02-24,0.09091430797016627,0.27638432183590206,0.24033829499041853,-0.7717039595089491,0.0
2009-02-25,0.09091430797016627,0.27638432183590206,0.24033829499041853,-0.7717039595089491,0.0
2009-02-26,0.09091430797016627,0.27638432183590206,0.24033829499041853,-0.7717039595089491,0.0
2009-02-27,0.09091430797016627,0.27638432183590206,0.24033829499041853,-0.7717039595089491,0.0
2009-02-28,0.09091430797016627,0.27638432183590206,0.24033829499041853,-0.7717039595089491,0.0
2009-03-01,0.09091430797016627,0.27638432183590206,0.24033829499041853,-0.7717039595089491,0.0
2009-03-02,0.09091430797016627,0.27638432183590206,0.24033829499041853,-0.7717039595089491,0.0
2009-03-03,0.09091430797016627,0.27638432183590206,0.24033829499041853,-0.7717039595089491,0.0
2009-03-04,0.09091430797016627,0.27638432183590206,0.24033829499041853,-0.7717039595089491,0.0
2009-03-05,0.09091430797016627,0.27638432183590206,0.24033829499041853,-0.7717039595089491,0.0
2009-03-06,0.1401265917047798,0.2310423757985877,0.20514847593436877,-0.44317065325356697,0.0
2009-03-07,0.1401265917047798,0.2310423757985877,0.20514847593436877,-0.44317065325356697,0.0
2009-03-08,0.1401265917047798,0.2310423757985877,0.20514847593436877,-0.44317065325356697,0.0
2009-03-09,0.1401265917047798,0.2310423757985877,0.20514847593436877,-0.44317065325356697,0.0
2009-03-10,0.1401265917047798,0.2310423757985877,0.20514847593436877,-0.44317065325356697,0.0
2009-03-11,0.1401265917047798,0.2310423757985877,0.20514847593436877,-0.44317065325356697,0.0
2009-03-12,0.1401265917047798,0.2310423757985877,0.20514847593436877,-0.44317065325356697,0.0
2009-03-13,0.1401265917047798,0.2310423757985877,0.20514847593436877,-0.44317065325356697,0.0
2009-03-14,0.1401265917047798,0.2310423757985877,0.20514847593436877,-0.44317065325356697,0.0
2009-03-15,0.1401265917047798,0.2310423757985877,0.20514847593436877,-0.44317065325356697,0.0
2009-03-16,0.1401265917047798,0.2310423757985877,0.20514847593436877,-0.44317065325356697,0.0
2009-03-17,0.1401265917047798,0.2310423757985877,0.20514847593436877,-0.44317065325356697,0.0
2009-03-18,0.1401265917047798,0.2310423757985877,0.20514847593436877,-0.44317065325356697,0.0
2009-03-19,0.1401265917047798,0.2310423757985877,0.20514847593436877,-0.44317065325356697,0.0
2009-03-20,0.1401265917047798,0.2310423757985877,0.20514847593436877,-0.44317065325356697,0.0
2009-03-21,0.1401265917047798,0.2310423757985877,0.20514847593436877,-0.44317065325356697,0.0
2009-03-22,0.1756681745601371,0.19426301509076885,0.16536444597380442,-0.1124476329910564,0.0
2009-03-23,0.1756681745601371,0.19426301509076885,0.16536444597380442,-0.1124476329910564,0.0
2009-03-24,0.1756681745601371,0.19426301509076885,0.16536444597380442,-0.1124476329910564,0.0
2009-03-25,0.1756681745601371,0.19426301509076885,0.16536444597380442,-0.1124476329910564,0.0
2009-03-26,0.1756681745601371,0.19426301509076885,0.16536444597380442,-0.1124476329910564,0.0
2009-03-27,0.1756681745601371,0.19426301509076885,0.16536444597380442,-0.1124476329910564,0.0
2009-03-28,0.1756681745601371,0.19426301509076885,0.16536444597380442,-0.1124476329910564,0.0
2009-03-29,0.1756681745601371,0.19426301509076885,0.16536444597380442,-0.1124476329910564,0.0
2009-03-30,0.1756681745601371,0.19426301509076885,0.16536444597380442,-0.1124476329910564,0.0
2009-03-31,0.1756681745601371,0.19426301509076885,0.16536444597380442,-0.1124476329910564,0.0
2009-04-01,0.1756681745601371,0.19426301509076885,0.16536444597380442,-0.1124476329910564,0.0
2009-04-02,0.1756681745601371,0.19426301509076885,0.16536444597380442,-0.1124476329910564,0.0
2009-04-03,0.1756681745601371,0.19426301509076885,0.16536444597380442,-0.1124476329910564,0.0
2009-04-04,0.1756681745601371,0.19426301509076885,0.16536444597380442,-0.1124476329910564,0.0
2009-04-05,0.1756681745601371,0.19426301509076885,0.16536444597380442,-0.1124476329910564,0.0
2009-04-06,0.1756681745601371,0.19426301509076885,0.16536444597380442,-0.1124476329910564,0.0
2009-04-07,0.2693146173596878,0.17272181630232297,0.13129111928829518,0.7357146590034156,0.0
2009-04-08,0.2693146173596878,0.17272181630232297,0.13129111928829518,0.7357146590034156,0.0
2009-04-09,0.2693146173596878,0.17272181630232297,0.13129111928829518,0.7357146590034156,0.0
2009-04-10,0.2693146173596878,0.17272181630232297,0.13129111928829518,0.7357146590034156,0.0
2009-04-11,0.2693146173596878,0.17272181630232297,0.13129111928829518,0.7357146590034156,0.0
2009-04-12,0.2693146173596878,0.17272181630232297,0.13129111928829518,0.7357146590034156,0.0
2009-04-13,0.2693146173596878,0.17272181630232297,0.13129111928829518,0.7357146590034156,0.0
2009-04-14,0.2693146173596878,0.17272181630232297,0.13129111928829518,0.7357146590034156,0.0
2009-04-15,0.2693146173596878,0.17272181630232297,0.13129111928829518,0.7357146590034156,0.0
2009-04-16,0.2693146173596878,0.17272181630232297,0.13129111928829518,0.7357146590034156,0.0
2009-04-17,0.2693146173596878,0.17272181630232297,0.13129111928829518,0.7357146590034156,0.0
2009-04-18,0.2693146173596878,0.17272181630232297,0.13129111928829518,0.7357146590034156,0.0
2009-04-19,0.2693146173596878,0.17272181630232297,0.13129111928829518,0.7357146590034156,0.0
2009-04-20,0.2693146173596878,0.17272181630232297,0.13129111928829518,0.7357146590034156,0.0
2009-04-21,0.2693146173596878,0.17272181630232297,0.13129111928829518,0.7357146590034156,0.0
2009-04-22,0.2693146173596878,0.17272181630232297,0.13129111928829518,0.7357146590034156,0.0
2009-04-23,0.3410088969284912,0.16504235260619146,0.11653889715065355,1.5099383006415632,-1.0
2009-04-24,0.3410088969284912,0.16504235260619146,0.11653889715065355,1.5099383006415632,-1.0
2009-04-25,0.3410088969284912,0.16504235260619146,0.11653889715065355,1.5099383006415632,-1.0
2009-04-26,0.3410088969284912,0.16504235260619146,0.11653889715065355,1.5099383006415632,-1.0
2009-04-27,0.3410088969284912,0.16504235260619146,0.11653889715065355,1.5099383006415632,-1.0
2009-04-28,0.3410088969284912,0.16504235260619146,0.11653889715065355,1.5099383006415632,-1.0
2009-04-29,0.3410088969284912,0.16504235260619146,0.11653889715065355,1.5099383006415632,-1.0
2009-04-30,0.3410088969284912,0.16504235260619146,0.11653889715065355,1.5099383006415632,-1.0
2009-05-01,0.3410088969284912,0.16504235260619146,0.11653889715065355,1.5099383006415632,-1.0
2009-05-02,0.3410088969284912,0.16504235260619146,0.11653889715065355,1.5099383006415632,-1.0
2009-05-03,0.3410088969284912,0.16504235260619146,0.11653889715065355,1.5099383006415632,-1.0
2009-05-04,0.3410088969284912,0.16504235260619146,0.11653889715065355,1.5099383006415632,-1.0
2009-05-05,0.3410088969284912,0.16504235260619146,0.11653889715065355,1.5099383006415632,-1.0
2009-05-06,0.3410088969284912,0.16504235260619146,0.11653889715065355,1.5099383006415632,-1.0
2009-05-07,0.3410088969284912,0.16504235260619146,0.11653889715065355,1.5099383006415632,-1.0
2009-05-08,0.3410088969284912,0.16504235260619146,0.11653889715065355,1.5099383006415632,-1.0
2009-05-09,0.42822153061951274,0.1704695920552619,0.12759294839315713,2.020111156692059,-1.0
2009-05-10,0.42822153061951274,0.1704695920552619,0.12759294839315713,2.020111156692059,-1.0
2009-05-11,0.42822153061951274,0.1704695920552619,0.12759294839315713,2.020111156692059,-1.0
2009-05-12,0.42822153061951274,0.1704695920552619,0.12759294839315713,2.020111156692059,-1.0
2009-05-13,0.42822153061951274,0.1704695920552619,0.12759294839315713,2.020111156692059,-1.0
2009-05-14,0.42822153061951274,0.1704695920552619,0.12759294839315713,2.020111156692059,-1.0
2009-05-15,0.42822153061951274,0.1704695920552619,0.12759294839315713,2.020111156692059,-1.0
2009-05-16,0.42822153061951274,0.1704695920552619,0.12759294839315713,2.020111156692059,-1.0
2009-05-17,0.42822153061951274,0.1704695920552619,0.12759294839315713,2.020111156692059,-1.0
2009-05-18,0.42822153061951274,0.1704695920552619,0.12759294839315713,2.020111156692059,-1.0
2009-05-19,0.42822153061951274,0.1704695920552619,0.12759294839315713,2.020111156692059,-1.0
2009-05-20,0.42822153061951274,0.1704695920552619,0.12759294839315713,2.020111156692059,-1.0
2009-05-21,0.42822153061951274,0.1704695920552619,0.12759294839315713,2.020111156692059,-1.0
2009-05-22,0.42822153061951274,0.1704695920552619,0.12759294839315713,2.020111156692059,-1.0
2009-05-23,0.42822153061951274,0.1704695920552619,0.12759294839315713,2.020111156692059,-1.0
2009-05-24,0.42822153061951274,0.1704695920552619,0.12759294839315713,2.020111156692059,-1.0
2009-05-25,0.5070612410945241,0.19073102763900493,0.1591778494236367,1.9872753313410862,-1.0
2009-05-26,0.5070612410945241,0.19073102763900493,0.1591778494236367,1.9872753313410862,-1.0
2009-05-27,0.5070612410945241,0.19073102763900493,0.1591778494236367,1.9872753313410862,-1.0
2009-05-28,0.5070612410945241,0.19073102763900493,0.1591778494236367,1.9872753313410862,-1.0
2009-05-29,0.5070612410945241,0.19073102763900493,0.1591778494236367,1.9872753313410862,-1.0
2009-05-30,0.5070612410945241,0.19073102763900493,0.1591778494236367,1.9872753313410862,-1.0
2009-05-31,0.5070612410945241,0.19073102763900493,0.1591778494236367,1.9872753313410862,-1.0
2009-06-01,0.5070612410945241,0.19073102763900493,0.1591778494236367,1.9872753313410862,-1.0
2009-06-02,0.5070612410945241,0.19073102763900493,0.1591778494236367,1.9872753313410862,-1.0
2009-06-03,0.5070612410945241,0.19073102763900493,0.1591778494236367,1.9872753313410862,-1.0
2009-06-04,0.5070612410945241,0.19073102763900493,0.1591778494236367,1.9872753313410862,-1.0
2009-06-05,0.5070612410945241,0.19073102763900493,0.1591778494236367,1.9872753313410862,-1.0
2009-06-06,0.5070612410945241,0.19073102763900493,0.1591778494236367,1.9872753313410862,-1.0
2009-06-07,0.5070612410945241,0.19073102763900493,0.1591778494236367,1.9872753313410862,-1.0
2009-06-08,0.5070612410945241,0.19073102763900493,0.1591778494236367,1.9872753313410862,-1.0
2009-06-09,0.5070612410945241,0.19073102763900493,0.1591778494236367,1.9872753313410862,-1.0
2009-06-10,0.5809229128841646,0.23028183102334346,0.19189618939044287,1.8272435892272305,-1.0
2009-06-11,0.5809229128841646,0.23028183102334346,0.19189618939044287,1.8272435892272305,-1.0
2009-06-12,0.5809229128841646,0.23028183102334346,0.19189618939044287,1.8272435892272305,-1.0
2009-06-13,0.5809229128841646,0.23028183102334346,0.19189618939044287,1.8272435892272305,-1.0
2009-06-14,0.5809229128841646,0.23028183102334346,0.19189618939044287,1.8272435892272305,-1.0
2009-06-15,0.5809229128841646,0.23028183102334346,0.19189618939044287,1.8272435892272305,-1.0
2009-06-16,0.5809229128841646,0.23028183102334346,0.19189618939044287,1.8272435892272305,-1.0
2009-06-17,0.5809229128841646,0.23028183102334346,0.19189618939044287,1.8272435892272305,-1.0
2009-06-18,0.5809229128841646,0.23028183102334346,0.19189618939044287,1.8272435892272305,-1.0
2009-06-19,0.5809229128841646,0.23028183102334346,0.19189618939044287,1.8272435892272305,-1.0
2009-06-20,0.5809229128841646,0.23028183102334346,0.19189618939044287,1.8272435892272305,-1.0
2009-06-21,0.5809229128841646,0.23028183102334346,0.19189618939044287,1.8272435892272305,-1.0
2009-06-22,0.5809229128841646,0.23028183102334346,0.19189618939044287,1.8272435892272305,-1.0
2009-06-23,0.5809229128841646,0.23028183102334346,0.19189618939044287,1.8272435892272305,-1.0
2009-06-24,0.5809229128841646,0.23028183102334346,0.19189618939044287,1.8272435892272305,-1.0
2009-06-25,0.5809229128841646,0.23028183102334346,0.19189618939044287,1.8272435892272305,-1.0
2009-06-26,0.6786410357223259,0.28000048996342336,0.22450872353435544,1.7756127222285891,-1.0
2009-06-27,0.6786410357223259,0.28000048996342336,0.22450872353435544,1.7756127222285891,-1.0
2009-06-28,0.6786410357223259,0.28000048996342336,0.22450872353435544,1.7756127222285891,-1.0
2009-06-29,0.6786410357223259,0.28000048996342336,0.22450872353435544,1.7756127222285891,-1.0
2009-06-30,0.6786410357223259,0.28000048996342336,0.22450872353435544,1.7756127222285891,-1.0
2009-07-01,0.6786410357223259,0.28000048996342336,0.22450872353435544,1.7756127222285891,-1.0
2009-07-02,0.6786410357223259,0.28000048996342336,0.22450872353435544,1.7756127222285891,-1.0
2009-07-03,0.6786410357223259,0.28000048996342336,0.22450872353435544,1.7756127222285891,-1.0
2009-07-04,0.6786410357223259,0.28000048996342336,0.22450872353435544,1.7756127222285891,-1.0
2009-07-05,0.6786410357223259,0.28000048996342336,0.22450872353435544,1.7756127222285891,-1.0
2009-07-06,0.6786410357223259,0.28000048996342336,0.22450872353435544,1.7756127222285891,-1.0
2009-07-07,0.6786410357223259,0.28000048996342336,0.22450872353435544,1.7756127222285891,-1.0
2009-07-08,0.6786410357223259,0.28000048996342336,0.22450872353435544,1.7756127222285891,-1.0
2009-07-09,0.6786410357223259,0.28000048996342336,0.22450872353435544,1.7756127222285891,-1.0
2009-07-10,0.6786410357223259,0.28000048996342336,0.22450872353435544,1.7756127222285891,-1.0
2009-07-11,0.6786410357223259,0.28000048996342336,0.22450872353435544,1.7756127222285891,-1.0
2009-07-12,0.7194486344639699,0.3348016972183279,0.24567641083599936,1.56566491645147,-1.0
2009-07-13,0.7194486344639699,0.3348016972183279,0.24567641083599936,1.56566491645147,-1.0
2009-07-14,0.7194486344639699,0.3348016972183279,0.24567641083599936,1.56566491645147,-1.0
2009-07-15,0.7194486344639699,0.3348016972183279,0.24567641083599936,1.56566491645147,-1.0
2009-07-16,0.7194486344639699,0.3348016972183279,0.24567641083599936,1.56566491645147,-1.0
2009-07-17,0.7194486344639699,0.3348016972183279,0.24567641083599936,1.56566491645147,-1.0
2009-07-18,0.7194486344639699,0.3348016972183279,0.24567641083599936,1.56566491645147,-1.0
2009-07-19,0.7194486344639699,0.3348016972183279,0.24567641083599936,1.56566491645147,-1.0
2009-07-20,0.7194486344639699,0.3348016972183279,0.24567641083599936,1.56566491645147,-1.0
2009-07-21,0.7194486344639699,0.3348016972183279,0.24567641083599936,1.56566491645147,-1.0
2009-07-22,0.7194486344639699,0.3348016972183279,0.24567641083599936,1.56566491645147,-1.0
2009-07-23,0.7194486344639699,0.3348016972183279,0.24567641083599936,1.56566491645147,-1.0
2009-07-24,0.7194486344639699,0.3348016972183279,0.24567641083599936,1.56566491645147,-1.0
2009-07-25,0.7194486344639699,0.3348016972183279,0.24567641083599936,1.56566491645147,-1.0
2009-07-26,0.7194486344639699,0.3348016972183279,0.24567641083599936,1.56566491645147,-1.0
2009-07-27,0.7194486344639699,0.3348016972183279,0.24567641083599936,1.56566491645147,-1.0
2009-07-28,0.7485608203449887,0.3959542909988951,0.2500546732749898,1.4101177343657385,-1.0
2009-07-29,0.7485608203449887,0.3959542909988951,0.2500546732749898,1.4101177343657385,-1.0
2009-07-30,0.7485608203449887,0.3959542909988951,0.2500546732749898,1.4101177343657385,-1.0
2009-07-31,0.7485608203449887,0.3959542909988951,0.2500546732749898,1.4101177343657385,-1.0
2009-08-01,0.7485608203449887,0.3959542909988951,0.2500546732749898,1.4101177343657385,-1.0
2009-08-02,0.7485608203449887,0.3959542909988951,0.2500546732749898,1.4101177343657385,-1.0
2009-08-03,0.7485608203449887,0.3959542909988951,0.2500546732749898,1.4101177343657385,-1.0
2009-08-04,0.7485608203449887,0.3959542909988951,0.2500546732749898,1.4101177343657385,-1.0
2009-08-05,0.7485608203449887,0.3959542909988951,0.2500546732749898,1.4101177343657385,-1.0
2009-08-06,0.7485608203449887,0.3959542909988951,0.2500546732749898,1.4101177343657385,-1.0
2009-08-07,0.7485608203449887,0.3959542909988951,0.2500546732749898,1.4101177343657385,-1.0
2009-08-08,0.7485608203449887,0.3959542909988951,0.2500546732749898,1.4101177343657385,-1.0
2009-08-09,0.7485608203449887,0.3959542909988951,0.2500546732749898,1.4101177343657385,-1.0
2009-08-10,0.7485608203449887,0.3959542909988951,0.2500546732749898,1.4101177343657385,-1.0
2009-08-11,0.7485608203449887,0.3959542909988951,0.2500546732749898,1.4101177343657385,-1.0
2009-08-12,0.7485608203449887,0.3959542909988951,0.2500546732749898,1.4101177343657385,-1.0
2009-08-13,0.7456959211557189,0.4521320570673722,0.24624798310655752,1.1921472833396345,-1.0
2009-08-14,0.7456959211557189,0.4521320570673722,0.24624798310655752,1.1921472833396345,-1.0
2009-08-15,0.7456959211557189,0.4521320570673722,0.24624798310655752,1.1921472833396345,-1.0
2009-08-16,0.7456959211557189,0.4521320570673722,0.24624798310655752,1.1921472833396345,-1.0
2009-08-17,0.7456959211557189,0.4521320570673722,0.24624798310655752,1.1921472833396345,-1.0
2009-08-18,0.7456959211557189,0.4521320570673722,0.24624798310655752,1.1921472833396345,-1.0
2009-08-19,0.7456959211557189,0.4521320570673722,0.24624798310655752,1.1921472833396345,-1.0
2009-08-20,0.7456959211557189,0.4521320570673722,0.24624798310655752,1.1921472833396345,-1.0
2009-08-21,0.7456959211557189,0.4521320570673722,0.24624798310655752,1.1921472833396345,-1.0
2009-08-22,0.7456959211557189,0.4521320570673722,0.24624798310655752,1.1921472833396345,-1.0
2009-08-23,0.7456959211557189,0.4521320570673722,0.24624798310655752,1.1921472833396345,-1.0
2009-08-24,0.7456959211557189,0.4521320570673722,0.24624798310655752,1.1921472833396345,-1.0
2009-08-25,0.7456959211557189,0.4521320570673722,0.24624798310655752,1.1921472833396345,-1.0
2009-08-26,0.7456959211557189,0.4521320570673722,0.24624798310655752,1.1921472833396345,-1.0
2009-08-27,0.7456959211557189,0.4521320570673722,0.24624798310655752,1.1921472833396345,-1.0
2009-08-28,0.7456959211557189,0.4521320570673722,0.24624798310655752,1.1921472833396345,-1.0
2009-08-29,0.7102955272502701,0.5037471586740475,0.22787944411108266,0.9063931561792736,0.0
2009-08-30,0.7102955272502701,0.5037471586740475,0.22787944411108266,0.9063931561792736,0.0
2009-08-31,0.7102955272502701,0.5037471586740475,0.22787944411108266,0.9063931561792736,0.0
2009-09-01,0.7102955272502701,0.5037471586740475,0.22787944411108266,0.9063931561792736,0.0
2009-09-02,0.7102955272502701,0.5037471586740475,0.22787944411108266,0.9063931561792736,0.0
2009-09-03,0.7102955272502701,0.5037471586740475,0.22787944411108266,0.9063931561792736,0.0
2009-09-04,0.7102955272502701,0.5037471586740475,0.22787944411108266,0.9063931561792736,0.0
2009-09-05,0.7102955272502701,0.5037471586740475,0.22787944411108266,0.9063931561792736,0.0
2009-09-06,0.7102955272502701,0.5037471586740475,0.22787944411108266,0.9063931561792736,0.0
2009-09-07,0.7102955272502701,0.5037471586740475,0.22787944411108266,0.9063931561792736,0.0
2009-09-08,0.7102955272502701,0.5037471586740475,0.22787944411108266,0.9063931561792736,0.0
2009-09-09,0.7102955272502701,0.5037471586740475,0.22787944411108266,0.9063931561792736,0.0
2009-09-10,0.7102955272502701,0.5037471586740475,0.22787944411108266,0.9063931561792736,0.0
2009-09-11,0.7102955272502701,0.5037471586740475,0.22787944411108266,0.9063931561792736,0.0
2009-09-12,0.7102955272502701,0.5037471586740475,0.22787944411108266,0.9063931561792736,0.0
2009-09-13,0.7102955272502701,0.5037471586740475,0.22787944411108266,0.9063931561792736,0.0
2009-09-14,0.6192197286754187,0.5436715867549341,0.19844988598928803,0.3806912840683748,0.0
2009-09-15,0.6192197286754187,0.5436715867549341,0.19844988598928803,0.3806912840683748,0.0
2009-09-16,0.6192197286754187,0.5436715867549341,0.19844988598928803,0.3806912840683748,0.0
2009-09-17,0.6192197286754187,0.5436715867549341,0.19844988598928803,0.3806912840683748,0.0
2009-09-18,0.6192197286754187,0.5436715867549341,0.19844988598928803,0.3806912840683748,0.0
2009-09-19,0.6192197286754187,0.5436715867549341,0.19844988598928803,0.3806912840683748,0.0
2009-09-20,0.6192197286754187,0.5436715867549341,0.19844988598928803,0.3806912840683748,0.0
2009-09-21,0.6192197286754187,0.5436715867549341,0.19844988598928803,0.3806912840683748,0.0
2009-09-22,0.6192197286754187,0.5436715867549341,0.19844988598928803,0.3806912840683748,0.0
2009-09-23,0.6192197286754187,0.5436715867549341,0.19844988598928803,0.3806912840683748,0.0
2009-09-24,0.6192197286754187,0.5436715867549341,0.19844988598928803,0.3806912840683748,0.0
2009-09-25,0.6192197286754187,0.5436715867549341,0.19844988598928803,0.3806912840683748,0.0
2009-09-26,0.6192197286754187,0.5436715867549341,0.19844988598928803,0.3806912840683748,0.0
2009-09-27,0.6192197286754187,0.5436715867549341,0.19844988598928803,0.3806912840683748,0.0
2009-09-28,0.6192197286754187,0.5436715867549341,0.19844988598928803,0.3806912840683748,0.0
2009-09-29,0.6192197286754187,0.5436715867549341,0.19844988598928803,0.3806912840683748,0.0
2009-09-30,0.5034379809550431,0.570985737287843,0.16249347051424728,-0.41569520374590885,0.0
2009-10-01,0.5034379809550431,0.570985737287843,0.16249347051424728,-0.41569520374590885,0.0
2009-10-02,0.5034379809550431,0.570985737287843,0.16249347051424728,-0.41569520374590885,0.0
2009-10-03,0.5034379809550431,0.570985737287843,0.16249347051424728,-0.41569520374590885,0.0
2009-10-04,0.5034379809550431,0.570985737287843,0.16249347051424728,-0.41569520374590885,0.0
2009-10-05,0.5034379809550431,0.570985737287843,0.16249347051424728,-0.41569520374590885,0.0
2009-10-06,0.5034379809550431,0.570985737287843,0.16249347051424728,-0.41569520374590885,0.0
2009-10-07,0.5034379809550431,0.570985737287843,0.16249347051424728,-0.41569520374590885,0.0
2009-10-08,0.5034379809550431,0.570985737287843,0.16249347051424728,-0.41569520374590885,0.0
2009-10-09,0.5034379809550431,0.570985737287843,0.16249347051424728,-0.41569520374590885,0.0
2009-10-10,0.5034379809550431,0.570985737287843,0.16249347051424728,-0.41569520374590885,0.0
2009-10-11,0.5034379809550431,0.570985737287843,0.16249347051424728,-0.41569520374590885,0.0
2009-10-12,0.5034379809550431,0.570985737287843,0.16249347051424728,-0.41569520374590885,0.0
2009-10-13,0.5034379809550431,0.570985737287843,0.16249347051424728,-0.41569520374590885,0.0
2009-10-14,0.5034379809550431,0.570985737287843,0.16249347051424728,-0.41569520374590885,0.0
2009-10-15,0.5034379809550431,0.570985737287843,0.16249347051424728,-0.41569520374590885,0.0
2009-10-16,0.4160051735214579,0.5832099503013238,0.14195573621842375,-1.1778655884859217,1.0
2009-10-17,0.4160051735214579,0.5832099503013238,0.14195573621842375,-1.1778655884859217,1.0
2009-10-18,0.4160051735214579,0.5832099503013238,0.14195573621842375,-1.1778655884859217,1.0
2009-10-19,0.4160051735214579,0.5832099503013238,0.14195573621842375,-1.1778655884859217,1.0
2009-10-20,0.4160051735214579,0.5832099503013238,0.14195573621842375,-1.1778655884859217,1.0
2009-10-21,0.4160051735214579,0.5832099503013238,0.14195573621842375,-1.1778655884859217,1.0
2009-10-22,0.4160051735214579,0.5832099503013238,0.14195573621842375,-1.1778655884859217,1.0
2009-10-23,0.4160051735214579,0.5832099503013238,0.14195573621842375,-1.1778655884859217,1.0
2009-10-24,0.4160051735214579,0.5832099503013238,0.14195573621842375,-1.1778655884859217,1.0
2009-10-25,0.4160051735214579,0.5832099503013238,0.14195573621842375,-1.1778655884859217,1.0
2009-10-26,0.4160051735214579,0.5832099503013238,0.14195573621842375,-1.1778655884859217,1.0
2009-10-27,0.4160051735214579,0.5832099503013238,0.14195573621842375,-1.1778655884859217,1.0
2009-10-28,0.4160051735214579,0.5832099503013238,0.14195573621842375,-1.1778655884859217,1.0
2009-10-29,0.4160051735214579,0.5832099503013238,0.14195573621842375,-1.1778655884859217,1.0
2009-10-30,0.4160051735214579,0.5832099503013238,0.14195573621842375,-1.1778655884859217,1.0
2009-10-31,0.4160051735214579,0.5832099503013238,0.14195573621842375,-1.1778655884859217,1.0
2009-11-01,0.3822081068428983,0.586643217794191,0.1359360425845741,-1.5039065950746742,1.0
2009-11-02,0.3822081068428983,0.586643217794191,0.1359360425845741,-1.5039065950746742,1.0
2009-11-03,0.3822081068428983,0.586643217794191,0.1359360425845741,-1.5039065950746742,1.0
2009-11-04,0.3822081068428983,0.586643217794191,0.1359360425845741,-1.5039065950746742,1.0
2009-11-05,0.3822081068428983,0.586643217794191,0.1359360425845741,-1.5039065950746742,1.0
2009-11-06,0.3822081068428983,0.586643217794191,0.1359360425845741,-1.5039065950746742,1.0
2009-11-07,0.3822081068428983,0.586643217794191,0.1359360425845741,-1.5039065950746742,1.0
2009-11-08,0.3822081068428983,0.586643217794191,0.1359360425845741,-1.5039065950746742,1.0
2009-11-09,0.3822081068428983,0.586643217794191,0.1359360425845741,-1.5039065950746742,1.0
2009-11-10,0.3822081068428983,0.586643217794191,0.1359360425845741,-1.5039065950746742,1.0
2009-11-11,0.3822081068428983,0.586643217794191,0.1359360425845741,-1.5039065950746742,1.0
2009-11-12,0.3822081068428983,0.586643217794191,0.1359360425845741,-1.5039065950746742,1.0
2009-11-13,0.3822081068428983,0.586643217794191,0.1359360425845741,-1.5039065950746742,1.0
2009-11-14,0.3822081068428983,0.586643217794191,0.1359360425845741,-1.5039065950746742,1.0
2009-11-15,0.3822081068428983,0.586643217794191,0.1359360425845741,-1.5039065950746742,1.0
2009-11-16,0.3822081068428983,0.586643217794191,0.1359360425845741,-1.5039065950746742,1.0
2009-11-17,0.3482689126151168,0.5799804996271581,0.14599404130149274,-1.5871304400261999,1.0
2009-11-18,0.3482689126151168,0.5799804996271581,0.14599404130149274,-1.5871304400261999,1.0
2009-11-19,0.3482689126151168,0.5799804996271581,0.14599404130149274,-1.5871304400261999,1.0
2009-11-20,0.3482689126151168,0.5799804996271581,0.14599404130149274,-1.5871304400261999,1.0
2009-11-21,0.3482689126151168,0.5799804996271581,0.14599404130149274,-1.5871304400261999,1.0
2009-11-22,0.3482689126151168,0.5799804996271581,0.14599404130149274,-1.5871304400261999,1.0
2009-11-23,0.3482689126151168,0.5799804996271581,0.14599404130149274,-1.5871304400261999,1.0
2009-11-24,0.3482689126151168,0.5799804996271581,0.14599404130149274,-1.5871304400261999,1.0
2009-11-25,0.3482689126151168,0.5799804996271581,0.14599404130149274,-1.5871304400261999,1.0
2009-11-26,0.3482689126151168,0.5799804996271581,0.14599404130149274,-1.5871304400261999,1.0
2009-11-27,0.3482689126151168,0.5799804996271581,0.14599404130149274,-1.5871304400261999,1.0
2009-11-28,0.3482689126151168,0.5799804996271581,0.14599404130149274,-1.5871304400261999,1.0
2009-11-29,0.3482689126151168,0.5799804996271581,0.14599404130149274,-1.5871304400261999,1.0
2009-11-30,0.3482689126151168,0.5799804996271581,0.14599404130149274,-1.5871304400261999,1.0
2009-12-01,0.3482689126151168,0.5799804996271581,0.14599404130149274,-1.5871304400261999,1.0
2009-12-02,0.3482689126151168,0.5799804996271581,0.14599404130149274,-1.5871304400261999,1.0
2009-12-03,0.13957251247722977,0.5493564389090503,0.1934953231271936,-2.1177975767530577,1.0
2009-12-04,0.13957251247722977,0.5493564389090503,0.1934953231271936,-2.1177975767530577,1.0
2009-12-05,0.13957251247722977,0.5493564389090503,0.1934953231271936,-2.1177975767530577,1.0
2009-12-06,0.13957251247722977,0.5493564389090503,0.1934953231271936,-2.1177975767530577,1.0
2009-12-07,0.13957251247722977,0.5493564389090503,0.1934953231271936,-2.1177975767530577,1.0
2009-12-08,0.13957251247722977,0.5493564389090503,0.1934953231271936,-2.1177975767530577,1.0
2009-12-09,0.13957251247722977,0.5493564389090503,0.1934953231271936,-2.1177975767530577,1.0
2009-12-10,0.13957251247722977,0.5493564389090503,0.1934953231271936,-2.1177975767530577,1.0
2009-12-11,0.13957251247722977,0.5493564389090503,0.1934953231271936,-2.1177975767530577,1.0
2009-12-12,0.13957251247722977,0.5493564389090503,0.1934953231271936,-2.1177975767530577,1.0
2009-12-13,0.13957251247722977,0.5493564389090503,0.1934953231271936,-2.1177975767530577,1.0
2009-12-14,0.13957251247722977,0.5493564389090503,0.1934953231271936,-2.1177975767530577,1.0
2009-12-15,0.13957251247722977,0.5493564389090503,0.1934953231271936,-2.1177975767530577,1.0
2009-12-16,0.13957251247722977,0.5493564389090503,0.1934953231271936,-2.1177975767530577,1.0
2009-12-17,0.13957251247722977,0.5493564389090503,0.1934953231271936,-2.1177975767530577,1.0
2009-12-18,0.13957251247722977,0.5493564389090503,0.1934953231271936,-2.1177975767530577,1.0
2009-12-19,0.04127247731995337,0.5043855692786993,0.24209862024205925,-1.9129109100072859,1.0
2009-12-20,0.04127247731995337,0.5043855692786993,0.24209862024205925,-1.9129109100072859,1.0
2009-12-21,0.04127247731995337,0.5043855692786993,0.24209862024205925,-1.9129109100072859,1.0
2009-12-22,0.04127247731995337,0.5043855692786993,0.24209862024205925,-1.9129109100072859,1.0
2009-12-23,0.04127247731995337,0.5043855692786993,0.24209862024205925,-1.9129109100072859,1.0
2009-12-24,0.04127247731995337,0.5043855692786993,0.24209862024205925,-1.9129109100072859,1.0
2009-12-25,0.04127247731995337,0.5043855692786993,0.24209862024205925,-1.9129109100072859,1.0
2009-12-26,0.04127247731995337,0.5043855692786993,0.24209862024205925,-1.9129109100072859,1.0
2009-12-27,0.04127247731995337,0.5043855692786993,0.24209862024205925,-1.9129109100072859,1.0
2009-12-28,0.04127247731995337,0.5043855692786993,0.24209862024205925,-1.9129109100072859,1.0
2009-12-29,0.04127247731995337,0.5043855692786993,0.24209862024205925,-1.9129109100072859,1.0
2009-12-30,0.04127247731995337,0.5043855692786993,0.24209862024205925,-1.9129109100072859,1.0
2009-12-31,0.04127247731995337,0.5043855692786993,0.24209862024205925,-1.9129109100072859,1.0
2010-01-01,0.021809593348762143,0.44964961574756895,0.27157645345880677,-1.5753943942850053,1.0
2010-01-02,0.021809593348762143,0.44964961574756895,0.27157645345880677,-1.5753943942850053,1.0
2010-01-03,0.021809593348762143,0.44964961574756895,0.27157645345880677,-1.5753943942850053,1.0
2010-01-04,0.021809593348762143,0.44964961574756895,0.27157645345880677,-1.5753943942850053,1.0
2010-01-05,0.021809593348762143,0.44964961574756895,0.27157645345880677,-1.5753943942850053,1.0
2010-01-06,0.021809593348762143,0.44964961574756895,0.27157645345880677,-1.5753943942850053,1.0
2010-01-07,0.021809593348762143,0.44964961574756895,0.27157645345880677,-1.5753943942850053,1.0
2010-01-08,0.021809593348762143,0.44964961574756895,0.27157645345880677,-1.5753943942850053,1.0
2010-01-09,0.021809593348762143,0.44964961574756895,0.27157645345880677,-1.5753943942850053,1.0
2010-01-10,0.021809593348762143,0.44964961574756895,0.27157645345880677,-1.5753943942850053,1.0
2010-01-11,0.021809593348762143,0.44964961574756895,0.27157645345880677,-1.5753943942850053,1.0
2010-01-12,0.021809593348762143,0.44964961574756895,0.27157645345880677,-1.5753943942850053,1.0
2010-01-13,0.021809593348762143,0.44964961574756895,0.27157645345880677,-1.5753943942850053,1.0
2010-01-14,0.021809593348762143,0.44964961574756895,0.27157645345880677,-1.5753943942850053,1.0
2010-01-15,0.021809593348762143,0.44964961574756895,0.27157645345880677,-1.5753943942850053,1.0
2010-01-16,0.021809593348762143,0.44964961574756895,0.27157645345880677,-1.5753943942850053,1.0
2010-01-17,0.02520862045197114,0.3917962812465691,0.28259930178104375,-1.2971994569138316,1.0
2010-01-18,0.02520862045197114,0.3917962812465691,0.28259930178104375,-1.2971994569138316,1.0
2010-01-19,0.02520862045197114,0.3917962812465691,0.28259930178104375,-1.2971994569138316,1.0
2010-01-20,0.02520862045197114,0.3917962812465691,0.28259930178104375,-1.2971994569138316,1.0
2010-01-21,0.02520862045197114,0.3917962812465691,0.28259930178104375,-1.2971994569138316,1.0
2010-01-22,0.02520862045197114,0.3917962812465691,0.28259930178104375,-1.2971994569138316,1.0
2010-01-23,0.02520862045197114,0.3917962812465691,0.28259930178104375,-1.2971994569138316,1.0
2010-01-24,0.02520862045197114,0.3917962812465691,0.28259930178104375,-1.2971994569138316,1.0
2010-01-25,0.02520862045197114,0.3917962812465691,0.28259930178104375,-1.2971994569138316,1.0
2010-01-26,0.02520862045197114,0.3917962812465691,0.28259930178104375,-1.2971994569138316,1.0
2010-01-27,0.02520862045197114,0.3917962812465691,0.28259930178104375,-1.2971994569138316,1.0
2010-01-28,0.02520862045197114,0.3917962812465691,0.28259930178104375,-1.2971994569138316,1.0
2010-01-29,0.02520862045197114,0.3917962812465691,0.28259930178104375,-1.2971994569138316,1.0
2010-01-30,0.02520862045197114,0.3917962812465691,0.28259930178104375,-1.2971994569138316,1.0
2010-01-31,0.02520862045197114,0.3917962812465691,0.28259930178104375,-1.2971994569138316,1.0
2010-02-01,0.02520862045197114,0.3917962812465691,0.28259930178104375,-1.2971994569138316,1.0
2010-02-02,0.015136503926047009,0.33067758821165727,0.27769370550890915,-1.1362918136993454,1.0
2010-02-03,0.015136503926047009,0.33067758821165727,0.27769370550890915,-1.1362918136993454,1.0
2010-02-04,0.015136503926047009,0.33067758821165727,0.27769370550890915,-1.1362918136993454,1.0
2010-02-05,0.015136503926047009,0.33067758821165727,0.27769370550890915,-1.1362918136993454,1.0
2010-02-06,0.015136503926047009,0.33067758821165727,0.27769370550890915,-1.1362918136993454,1.0
2010-02-07,0.015136503926047009,0.33067758821165727,0.27769370550890915,-1.1362918136993454,1.0
2010-02-08,0.015136503926047009,0.33067758821165727,0.27769370550890915,-1.1362918136993454,1.0
2010-02-09,0.015136503926047009,0.33067758821165727,0.27769370550890915,-1.1362918136993454,1.0
2010-02-10,0.015136503926047009,0.33067758821165727,0.27769370550890915,-1.1362918136993454,1.0
2010-02-11,0.015136503926047009,0.33067758821165727,0.27769370550890915,-1.1362918136993454,1.0
2010-02-12,0.015136503926047009,0.33067758821165727,0.27769370550890915,-1.1362918136993454,1.0
2010-02-13,0.015136503926047009,0.33067758821165727,0.27769370550890915,-1.1362918136993454,1.0
2010-02-14,0.015136503926047009,0.33067758821165727,0.27769370550890915,-1.1362918136993454,1.0
2010-02-15,0.015136503926047009,0.33067758821165727,0.27769370550890915,-1.1362918136993454,1.0
2010-02-16,0.015136503926047009,0.33067758821165727,0.27769370550890915,-1.1362918136993454,1.0
2010-02-17,0.015136503926047009,0.33067758821165727,0.27769370550890915,-1.1362918136993454,1.0
2010-02-18,0.0164609597274512,0.269908008092635,0.2576869674967114,-0.9835462415010114,0.0
2010-02-19,0.0164609597274512,0.269908008092635,0.2576869674967114,-0.9835462415010114,0.0
2010-02-20,0.0164609597274512,0.269908008092635,0.2576869674967114,-0.9835462415010114,0.0
2010-02-21,0.0164609597274512,0.269908008092635,0.2576869674967114,-0.9835462415010114,0.0
2010-02-22,0.0164609597274512,0.269908008092635,0.2576869674967114,-0.9835462415010114,0.0
2010-02-23,0.0164609597274512,0.269908008092635,0.2576869674967114,-0.9835462415010114,0.0
2010-02-24,0.0164609597274512,0.269908008092635,0.2576869674967114,-0.9835462415010114,0.0
2010-02-25,0.0164609597274512,0.269908008092635,0.2576869674967114,-0.9835462415010114,0.0
2010-02-26,0.0164609597274512,0.269908008092635,0.2576869674967114,-0.9835462415010114,0.0
2010-02-27,0.0164609597274512,0.269908008092635,0.2576869674967114,-0.9835462415010114,0.0
2010-02-28,0.0164609597274512,0.269908008092635,0.2576869674967114,-0.9835462415010114,0.0
2010-03-01,0.0164609597274512,0.269908008092635,0.2576869674967114,-0.9835462415010114,0.0
2010-03-02,0.0164609597274512,0.269908008092635,0.2576869674967114,-0.9835462415010114,0.0
2010-03-03,0.0164609597274512,0.269908008092635,0.2576869674967114,-0.9835462415010114,0.0
2010-03-04,0.0164609597274512,0.269908008092635,0.2576869674967114,-0.9835462415010114,0.0
2010-03-05,0.0164609597274512,0.269908008092635,0.2576869674967114,-0.9835462415010114,0.0
2010-03-06,0.20596970832130101,0.22788085651522086,0.21729323858983834,-0.10083676940946708,0.0
2010-03-07,0.20596970832130101,0.22788085651522086,0.21729323858983834,-0.10083676940946708,0.0
2010-03-08,0.20596970832130101,0.22788085651522086,0.21729323858983834,-0.10083676940946708,0.0
2010-03-09,0.20596970832130101,0.22788085651522086,0.21729323858983834,-0.10083676940946708,0.0
2010-03-10,0.20596970832130101,0.22788085651522086,0.21729323858983834,-0.10083676940946708,0.0
2010-03-11,0.20596970832130101,0.22788085651522086,0.21729323858983834,-0.10083676940946708,0.0
2010-03-12,0.20596970832130101,0.22788085651522086,0.21729323858983834,-0.10083676940946708,0.0
2010-03-13,0.20596970832130101,0.22788085651522086,0.21729323858983834,-0.10083676940946708,0.0
2010-03-14,0.20596970832130101,0.22788085651522086,0.21729323858983834,-0.10083676940946708,0.0
2010-03-15,0.20596970832130101,0.22788085651522086,0.21729323858983834,-0.10083676940946708,0.0
2010-03-16,0.20596970832130101,0.22788085651522086,0.21729323858983834,-0.10083676940946708,0.0
2010-03-17,0.20596970832130101,0.22788085651522086,0.21729323858983834,-0.10083676940946708,0.0
2010-03-18,0.20596970832130101,0.22788085651522086,0.21729323858983834,-0.10083676940946708,0.0
2010-03-19,0.20596970832130101,0.22788085651522086,0.21729323858983834,-0.10083676940946708,0.0
2010-03-20,0.20596970832130101,0.22788085651522086,0.21729323858983834,-0.10083676940946708,0.0
2010-03-21,0.20596970832130101,0.22788085651522086,0.21729323858983834,-0.10083676940946708,0.0
2010-03-22,0.29278481460869005,0.20067794700966016,0.18129992688942895,0.5080358783332767,0.0
2010-03-23,0.29278481460869005,0.20067794700966016,0.18129992688942895,0.5080358783332767,0.0
2010-03-24,0.29278481460869005,0.20067794700966016,0.18129992688942895,0.5080358783332767,0.0
2010-03-25,0.29278481460869005,0.20067794700966016,0.18129992688942895,0.5080358783332767,0.0
2010-03-26,0.29278481460869005,0.20067794700966016,0.18129992688942895,0.5080358783332767,0.0
2010-03-27,0.29278481460869005,0.20067794700966016,0.18129992688942895,0.5080358783332767,0.0
2010-03-28,0.29278481460869005,0.20067794700966016,0.18129992688942895,0.5080358783332767,0.0
2010-03-29,0.29278481460869005,0.20067794700966016,0.18129992688942895,0.5080358783332767,0.0
2010-03-30,0.29278481460869005,0.20067794700966016,0.18129992688942895,0.5080358783332767,0.0
2010-03-31,0.29278481460869005,0.20067794700966016,0.18129992688942895,0.5080358783332767,0.0
2010-04-01,0.29278481460869005,0.20067794700966016,0.18129992688942895,0.5080358783332767,0.0
2010-04-02,0.29278481460869005,0.20067794700966016,0.18129992688942895,0.5080358783332767,0.0
2010-04-03,0.29278481460869005,0.20067794700966016,0.18129992688942895,0.5080358783332767,0.0
2010-04-04,0.29278481460869005,0.20067794700966016,0.18129992688942895,0.5080358783332767,0.0
2010-04-05,0.29278481460869005,0.20067794700966016,0.18129992688942895,0.5080358783332767,0.0
2010-04-06,0.29278481460869005,0.20067794700966016,0.18129992688942895,0.5080358783332767,0.0
2010-04-07,0.34708725724763134,0.1876487200340425,0.1621730885908348,0.9831380693245272,0.0
2010-04-08,0.34708725724763134,0.1876487200340425,0.1621730885908348,0.9831380693245272,0.0
2010-04-09,0.34708725724763134,0.1876487200340425,0.1621730885908348,0.9831380693245272,0.0
2010-04-10,0.34708725724763134,0.1876487200340425,0.1621730885908348,0.9831380693245272,0.0
2010-04-11,0.34708725724763134,0.1876487200340425,0.1621730885908348,0.9831380693245272,0.0
2010-04-12,0.34708725724763134,0.1876487200340425,0.1621730885908348,0.9831380693245272,0.0
2010-04-13,0.34708725724763134,0.1876487200340425,0.1621730885908348,0.9831380693245272,0.0
2010-04-14,0.34708725724763134,0.1876487200340425,0.1621730885908348,0.9831380693245272,0.0
2010-04-15,0.34708725724763134,0.1876487200340425,0.1621730885908348,0.9831380693245272,0.0
2010-04-16,0.34708725724763134,0.1876487200340425,0.1621730885908348,0.9831380693245272,0.0
2010-04-17,0.34708725724763134,0.1876487200340425,0.1621730885908348,0.9831380693245272,0.0
2010-04-18,0.34708725724763134,0.1876487200340425,0.1621730885908348,0.9831380693245272,0.0
2010-04-19,0.34708725724763134,0.1876487200340425,0.1621730885908348,0.9831380693245272,0.0
2010-04-20,0.34708725724763134,0.1876487200340425,0.1621730885908348,0.9831380693245272,0.0
2010-04-21,0.34708725724763134,0.1876487200340425,0.1621730885908348,0.9831380693245272,0.0
2010-04-22,0.34708725724763134,0.1876487200340425,0.1621730885908348,0.9831380693245272,0.0
2010-04-23,0.403167462333435,0.18657891076837393,0.16056410269721538,1.3489226291974743,-1.0
2010-04-24,0.403167462333435,0.18657891076837393,0.16056410269721538,1.3489226291974743,-1.0
2010-04-25,0.403167462333435,0.18657891076837393,0.16056410269721538,1.3489226291974743,-1.0
2010-04-26,0.403167462333435,0.18657891076837393,0.16056410269721538,1.3489226291974743,-1.0
2010-04-27,0.403167462333435,0.18657891076837393,0.16056410269721538,1.3489226291974743,-1.0
2010-04-28,0.403167462333435,0.18657891076837393,0.16056410269721538,1.3489226291974743,-1.0
2010-04-29,0.403167462333435,0.18657891076837393,0.16056410269721538,1.3489226291974743,-1.0
2010-04-30,0.403167462333435,0.18657891076837393,0.16056410269721538,1.3489226291974743,-1.0
2010-05-01,0.403167462333435,0.18657891076837393,0.16056410269721538,1.3489226291974743,-1.0
2010-05-02,0.403167462333435,0.18657891076837393,0.16056410269721538,1.3489226291974743,-1.0
2010-05-03,0.403167462333435,0.18657891076837393,0.16056410269721538,1.3489226291974743,-1.0
2010-05-04,0.403167462333435,0.18657891076837393,0.16056410269721538,1.3489226291974743,-1.0
2010-05-05,0.403167462333435,0.18657891076837393,0.16056410269721538,1.3489226291974743,-1.0
2010-05-06,0.403167462333435,0.18657891076837393,0.16056410269721538,1.3489226291974743,-1.0
2010-05-07,0.403167462333435,0.18657891076837393,0.16056410269721538,1.3489226291974743,-1.0
2010-05-08,0.403167462333435,0.18657891076837393,0.16056410269721538,1.3489226291974743,-1.0
2010-05-09,0.46479330333599467,0.19346101047613196,0.17113345354455137,1.585501181913719,-1.0
2010-05-10,0.46479330333599467,0.19346101047613196,0.17113345354455137,1.585501181913719,-1.0
2010-05-11,0.46479330333599467,0.19346101047613196,0.17113345354455137,1.585501181913719,-1.0
2010-05-12,0.46479330333599467,0.19346101047613196,0.17113345354455137,1.585501181913719,-1.0
2010-05-13,0.46479330333599467,0.19346101047613196,0.17113345354455137,1.585501181913719,-1.0
2010-05-14,0.46479330333599467,0.19346101047613196,0.17113345354455137,1.585501181913719,-1.0
2010-05-15,0.46479330333599467,0.19346101047613196,0.17113345354455137,1.585501181913719,-1.0
2010-05-16,0.46479330333599467,0.19346101047613196,0.17113345354455137,1.585501181913719,-1.0
2010-05-17,0.46479330333599467,0.19346101047613196,0.17113345354455137,1.585501181913719,-1.0
2010-05-18,0.46479330333599467,0.19346101047613196,0.17113345354455137,1.585501181913719,-1.0
2010-05-19,0.46479330333599467,0.19346101047613196,0.17113345354455137,1.585501181913719,-1.0
2010-05-20,0.46479330333599467,0.19346101047613196,0.17113345354455137,1.585501181913719,-1.0
2010-05-21,0.46479330333599467,0.19346101047613196,0.17113345354455137,1.585501181913719,-1.0
2010-05-22,0.46479330333599467,0.19346101047613196,0.17113345354455137,1.585501181913719,-1.0
2010-05-23,0.46479330333599467,0.19346101047613196,0.17113345354455137,1.585501181913719,-1.0
2010-05-24,0.46479330333599467,0.19346101047613196,0.17113345354455137,1.585501181913719,-1.0
2010-05-25,0.5453376936459101,0.20988340889536472,0.19511502893951532,1.7192642031410843,-1.0
2010-05-26,0.5453376936459101,0.20988340889536472,0.19511502893951532,1.7192642031410843,-1.0
2010-05-27,0.5453376936459101,0.20988340889536472,0.19511502893951532,1.7192642031410843,-1.0
2010-05-28,0.5453376936459101,0.20988340889536472,0.19511502893951532,1.7192642031410843,-1.0
2010-05-29,0.5453376936459101,0.20988340889536472,0.19511502893951532,1.7192642031410843,-1.0
2010-05-30,0.5453376936459101,0.20988340889536472,0.19511502893951532,1.7192642031410843,-1.0
2010-05-31,0.5453376936459101,0.20988340889536472,0.19511502893951532,1.7192642031410843,-1.0
2010-06-01,0.5453376936459101,0.20988340889536472,0.19511502893951532,1.7192642031410843,-1.0
2010-06-02,0.5453376936459101,0.20988340889536472,0.19511502893951532,1.7192642031410843,-1.0
2010-06-03,0.5453376936459101,0.20988340889536472,0.19511502893951532,1.7192642031410843,-1.0
2010-06-04,0.5453376936459101,0.20988340889536472,0.19511502893951532,1.7192642031410843,-1.0
2010-06-05,0.5453376936459101,0.20988340889536472,0.19511502893951532,1.7192642031410843,-1.0
2010-06-06,0.5453376936459101,0.20988340889536472,0.19511502893951532,1.7192642031410843,-1.0
2010-06-07,0.5453376936459101,0.20988340889536472,0.19511502893951532,1.7192642031410843,-1.0
2010-06-08,0.5453376936459101,0.20988340889536472,0.19511502893951532,1.7192642031410843,-1.0
2010-06-09,0.5453376936459101,0.20988340889536472,0.19511502893951532,1.7192642031410843,-1.0
2010-06-10,0.668261160603022,0.2539407962391807,0.23367470012224553,1.7730647098170749,-1.0
2010-06-11,0.668261160603022,0.2539407962391807,0.23367470012224553,1.7730647098170749,-1.0
2010-06-12,0.668261160603022,0.2539407962391807,0.23367470012224553,1.7730647098170749,-1.0
2010-06-13,0.668261160603022,0.2539407962391807,0.23367470012224553,1.7730647098170749,-1.0
2010-06-14,0.668261160603022,0.2539407962391807,0.23367470012224553,1.7730647098170749,-1.0
2010-06-15,0.668261160603022,0.2539407962391807,0.23367470012224553,1.7730647098170749,-1.0
2010-06-16,0.668261160603022,0.2539407962391807,0.23367470012224553,1.7730647098170749,-1.0
2010-06-17,0.668261160603022,0.2539407962391807,0.23367470012224553,1.7730647098170749,-1.0
2010-06-18,0.668261160603022,0.2539407962391807,0.23367470012224553,1.7730647098170749,-1.0
2010-06-19,0.668261160603022,0.2539407962391807,0.23367470012224553,1.7730647098170749,-1.0
2010-06-20,0.668261160603022,0.2539407962391807,0.23367470012224553,1.7730647098170749,-1.0
2010-06-21,0.668261160603022,0.2539407962391807,0.23367470012224553,1.7730647098170749,-1.0
2010-06-22,0.668261160603022,0.2539407962391807,0.23367470012224553,1.7730647098170749,-1.0
2010-06-23,0.668261160603022,0.2539407962391807,0.23367470012224553,1.7730647098170749,-1.0
2010-06-24,0.668261160603022,0.2539407962391807,0.23367470012224553,1.7730647098170749,-1.0
2010-06-25,0.668261160603022,0.2539407962391807,0.23367470012224553,1.7730647098170749,-1.0
2010-06-26,0.7142076229723997,0.31001872504355127,0.25752730640400323,1.56949918660185,-1.0
2010-06-27,0.7142076229723997,0.31001872504355127,0.25752730640400323,1.56949918660185,-1.0
2010-06-28,0.7142076229723997,0.31001872504355127,0.25752730640400323,1.56949918660185,-1.0
2010-06-29,0.7142076229723997,0.31001872504355127,0.25752730640400323,1.56949918660185,-1.0
2010-06-30,0.7142076229723997,0.31001872504355127,0.25752730640400323,1.56949918660185,-1.0
2010-07-01,0.7142076229723997,0.31001872504355127,0.25752730640400323,1.56949918660185,-1.0
2010-07-02,0.7142076229723997,0.31001872504355127,0.25752730640400323,1.56949918660185,-1.0
2010-07-03,0.7142076229723997,0.31001872504355127,0.25752730640400323,1.56949918660185,-1.0
2010-07-04,0.7142076229723997,0.31001872504355127,0.25752730640400323,1.56949918660185,-1.0
2010-07-05,0.7142076229723997,0.31001872504355127,0.25752730640400323,1.56949918660185,-1.0
2010-07-06,0.7142076229723997,0.31001872504355127,0.25752730640400323,1.56949918660185,-1.0
2010-07-07,0.7142076229723997,0.31001872504355127,0.25752730640400323,1.56949918660185,-1.0
2010-07-08,0.7142076229723997,0.31001872504355127,0.25752730640400323,1.56949918660185,-1.0
2010-07-09,0.7142076229723997,0.31001872504355127,0.25752730640400323,1.56949918660185,-1.0
2010-07-10,0.7142076229723997,0.31001872504355127,0.25752730640400323,1.56949918660185,-1.0
2010-07-11,0.7142076229723997,0.31001872504355127,0.25752730640400323,1.56949918660185,-1.0
2010-07-12,0.7552918137873441,0.3711422434134331,0.26966208736338027,1.424559062528706,-1.0
2010-07-13,0.7552918137873441,0.3711422434134331,0.26966208736338027,1.424559062528706,-1.0
2010-07-14,0.7552918137873441,0.3711422434134331,0.26966208736338027,1.424559062528706,-1.0
2010-07-15,0.7552918137873441,0.3711422434134331,0.26966208736338027,1.424559062528706,-1.0
2010-07-16,0.7552918137873441,0.3711422434134331,0.26966208736338027,1.424559062528706,-1.0
2010-07-17,0.7552918137873441,0.3711422434134331,0.26966208736338027,1.424559062528706,-1.0
2010-07-18,0.7552918137873441,0.3711422434134331,0.26966208736338027,1.424559062528706,-1.0
2010-07-19,0.7552918137873441,0.3711422434134331,0.26966208736338027,1.424559062528706,-1.0
2010-07-20,0.7552918137873441,0.3711422434134331,0.26966208736338027,1.424559062528706,-1.0
2010-07-21,0.7552918137873441,0.3711422434134331,0.26966208736338027,1.424559062528706,-1.0
2010-07-22,0.7552918137873441,0.3711422434134331,0.26966208736338027,1.424559062528706,-1.0
2010-07-23,0.7552918137873441,0.3711422434134331,0.26966208736338027,1.424559062528706,-1.0
2010-07-24,0.7552918137873441,0.3711422434134331,0.26966208736338027,1.424559062528706,-1.0
2010-07-25,0.7552918137873441,0.3711422434134331,0.26966208736338027,1.424559062528706,-1.0
2010-07-26,0.7552918137873441,0.3711422434134331,0.26966208736338027,1.424559062528706,-1.0
2010-07-27,0.7552918137873441,0.3711422434134331,0.26966208736338027,1.424559062528706,-1.0
2010-07-28,0.7567719744741717,0.43210585624861647,0.267026646248961,1.2158566299891072,-1.0
2010-07-29,0.7567719744741717,0.43210585624861647,0.267026646248961,1.2158566299891072,-1.0
2010-07-30,0.7567719744741717,0.43210585624861647,0.267026646248961,1.2158566299891072,-1.0
2010-07-31,0.7567719744741717,0.43210585624861647,0.267026646248961,1.2158566299891072,-1.0
2010-08-01,0.7567719744741717,0.43210585624861647,0.267026646248961,1.2158566299891072,-1.0
2010-08-02,0.7567719744741717,0.43210585624861647,0.267026646248961,1.2158566299891072,-1.0
2010-08-03,0.7567719744741717,0.43210585624861647,0.267026646248961,1.2158566299891072,-1.0
2010-08-04,0.7567719744741717,0.43210585624861647,0.267026646248961,1.2158566299891072,-1.0
2010-08-05,0.7567719744741717,0.43210585624861647,0.267026646248961,1.2158566299891072,-1.0
2010-08-06,0.7567719744741717,0.43210585624861647,0.267026646248961,1.2158566299891072,-1.0
2010-08-07,0.7567719744741717,0.43210585624861647,0.267026646248961,1.2158566299891072,-1.0
2010-08-08,0.7567719744741717,0.43210585624861647,0.267026646248961,1.2158566299891072,-1.0
2010-08-09,0.7567719744741717,0.43210585624861647,0.267026646248961,1.2158566299891072,-1.0
2010-08-10,0.7567719744741717,0.43210585624861647,0.267026646248961,1.2158566299891072,-1.0
2010-08-11,0.7567719744741717,0.43210585624861647,0.267026646248961,1.2158566299891072,-1.0
2010-08-12,0.7567719744741717,0.43210585624861647,0.267026646248961,1.2158566299891072,-1.0
2010-08-13,0.7315638217084616,0.49180813273048435,0.24446134075708778,0.9807509368780465,0.0
2010-08-14,0.7315638217084616,0.49180813273048435,0.24446134075708778,0.9807509368780465,0.0
2010-08-15,0.7315638217084616,0.49180813273048435,0.24446134075708778,0.9807509368780465,0.0
2010-08-16,0.7315638217084616,0.49180813273048435,0.24446134075708778,0.9807509368780465,0.0
2010-08-17,0.7315638217084616,0.49180813273048435,0.24446134075708778,0.9807509368780465,0.0
2010-08-18,0.7315638217084616,0.49180813273048435,0.24446134075708778,0.9807509368780465,0.0
2010-08-19,0.7315638217084616,0.49180813273048435,0.24446134075708778,0.9807509368780465,0.0
2010-08-20,0.7315638217084616,0.49180813273048435,0.24446134075708778,0.9807509368780465,0.0
2010-08-21,0.7315638217084616,0.49180813273048435,0.24446134075708778,0.9807509368780465,0.0
2010-08-22,0.7315638217084616,0.49180813273048435,0.24446134075708778,0.9807509368780465,0.0
2010-08-23,0.7315638217084616,0.49180813273048435,0.24446134075708778,0.9807509368780465,0.0
2010-08-24,0.7315638217084616,0.49180813273048435,0.24446134075708778,0.9807509368780465,0.0
2010-08-25,0.7315638217084616,0.49180813273048435,0.24446134075708778,0.9807509368780465,0.0
2010-08-26,0.7315638217084616,0.49180813273048435,0.24446134075708778,0.9807509368780465,0.0
2010-08-27,0.7315638217084616,0.49180813273048435,0.24446134075708778,0.9807509368780465,0.0
2010-08-28,0.7315638217084616,0.49180813273048435,0.24446134075708778,0.9807509368780465,0.0
2010-08-29,0.6738525570933106,0.546590765844306,0.1973797477962668,0.6447560738620602,0.0
2010-08-30,0.6738525570933106,0.546590765844306,0.1973797477962668,0.6447560738620602,0.0
2010-08-31,0.6738525570933106,0.546590765844306,0.1973797477962668,0.6447560738620602,0.0
2010-09-01,0.6738525570933106,0.546590765844306,0.1973797477962668,0.6447560738620602,0.0
2010-09-02,0.6738525570933106,0.546590765844306,0.1973797477962668,0.6447560738620602,0.0
2010-09-03,0.6738525570933106,0.546590765844306,0.1973797477962668,0.6447560738620602,0.0
2010-09-04,0.6738525570933106,0.546590765844306,0.1973797477962668,0.6447560738620602,0.0
2010-09-05,0.6738525570933106,0.546590765844306,0.1973797477962668,0.6447560738620602,0.0
2010-09-06,0.6738525570933106,0.546590765844306,0.1973797477962668,0.6447560738620602,0.0
2010-09-07,0.6738525570933106,0.546590765844306,0.1973797477962668,0.6447560738620602,0.0
2010-09-08,0.6738525570933106,0.546590765844306,0.1973797477962668,0.6447560738620602,0.0
2010-09-09,0.6738525570933106,0.546590765844306,0.1973797477962668,0.6447560738620602,0.0
2010-09-10,0.6738525570933106,0.546590765844306,0.1973797477962668,0.6447560738620602,0.0
2010-09-11,0.6738525570933106,0.546590765844306,0.1973797477962668,0.6447560738620602,0.0
2010-09-12,0.6738525570933106,0.546590765844306,0.1973797477962668,0.6447560738620602,0.0
2010-09-13,0.6738525570933106,0.546590765844306,0.1973797477962668,0.6447560738620602,0.0
2010-09-14,0.5688812802434297,0.5768333968378168,0.16570652444840492,-0.04798915806639291,0.0
2010-09-15,0.5688812802434297,0.5768333968378168,0.16570652444840492,-0.04798915806639291,0.0
2010-09-16,0.5688812802434297,0.5768333968378168,0.16570652444840492,-0.04798915806639291,0.0
2010-09-17,0.5688812802434297,0.5768333968378168,0.16570652444840492,-0.04798915806639291,0.0
2010-09-18,0.5688812802434297,0.5768333968378168,0.16570652444840492,-0.04798915806639291,0.0
2010-09-19,0.5688812802434297,0.5768333968378168,0.16570652444840492,-0.04798915806639291,0.0
2010-09-20,0.5688812802434297,0.5768333968378168,0.16570652444840492,-0.04798915806639291,0.0
2010-09-21,0.5688812802434297,0.5768333968378168,0.16570652444840492,-0.04798915806639291,0.0
2010-09-22,0.5688812802434297,0.5768333968378168,0.16570652444840492,-0.04798915806639291,0.0
2010-09-23,0.5688812802434297,0.5768333968378168,0.16570652444840492,-0.04798915806639291,0.0
2010-09-24,0.5688812802434297,0.5768333968378168,0.16570652444840492,-0.04798915806639291,0.0
2010-09-25,0.5688812802434297,0.5768333968378168,0.16570652444840492,-0.04798915806639291,0.0
2010-09-26,0.5688812802434297,0.5768333968378168,0.16570652444840492,-0.04798915806639291,0.0
2010-09-27,0.5688812802434297,0.5768333968378168,0.16570652444840492,-0.04798915806639291,0.0
2010-09-28,0.5688812802434297,0.5768333968378168,0.16570652444840492,-0.04798915806639291,0.0
2010-09-29,0.5688812802434297,0.5768333968378168,0.16570652444840492,-0.04798915806639291,0.0
2010-09-30,0.48024241184840444,0.5924548632744596,0.1438948585359027,-0.7798225215813215,0.0
2010-10-01,0.48024241184840444,0.5924548632744596,0.1438948585359027,-0.7798225215813215,0.0
2010-10-02,0.48024241184840444,0.5924548632744596,0.1438948585359027,-0.7798225215813215,0.0
2010-10-03,0.48024241184840444,0.5924548632744596,0.1438948585359027,-0.7798225215813215,0.0
2010-10-04,0.48024241184840444,0.5924548632744596,0.1438948585359027,-0.7798225215813215,0.0
2010-10-05,0.48024241184840444,0.5924548632744596,0.1438948585359027,-0.7798225215813215,0.0
2010-10-06,0.48024241184840444,0.5924548632744596,0.1438948585359027,-0.7798225215813215,0.0
2010-10-07,0.48024241184840444,0.5924548632744596,0.1438948585359027,-0.7798225215813215,0.0
2010-10-08,0.48024241184840444,0.5924548632744596,0.1438948585359027,-0.7798225215813215,0.0
2010-10-09,0.48024241184840444,0.5924548632744596,0.1438948585359027,-0.7798225215813215,0.0
2010-10-10,0.48024241184840444,0.5924548632744596,0.1438948585359027,-0.7798225215813215,0.0
2010-10-11,0.48024241184840444,0.5924548632744596,0.1438948585359027,-0.7798225215813215,0.0
2010-10-12,0.48024241184840444,0.5924548632744596,0.1438948585359027,-0.7798225215813215,0.0
2010-10-13,0.48024241184840444,0.5924548632744596,0.1438948585359027,-0.7798225215813215,0.0
2010-10-14,0.48024241184840444,0.5924548632744596,0.1438948585359027,-0.7798225215813215,0.0
2010-10-15,0.48024241184840444,0.5924548632744596,0.1438948585359027,-0.7798225215813215,0.0
2010-10-16,0.4154117816102479,0.5981485736380109,0.13433777106069666,-1.3602785767913228,1.0
2010-10-17,0.4154117816102479,0.5981485736380109,0.13433777106069666,-1.3602785767913228,1.0
2010-10-18,0.4154117816102479,0.5981485736380109,0.13433777106069666,-1.3602785767913228,1.0
2010-10-19,0.4154117816102479,0.5981485736380109,0.13433777106069666,-1.3602785767913228,1.0
2010-10-20,0.4154117816102479,0.5981485736380109,0.13433777106069666,-1.3602785767913228,1.0
2010-10-21,0.4154117816102479,0.5981485736380109,0.13433777106069666,-1.3602785767913228,1.0
2010-10-22,0.4154117816102479,0.5981485736380109,0.13433777106069666,-1.3602785767913228,1.0
2010-10-23,0.4154117816102479,0.5981485736380109,0.13433777106069666,-1.3602785767913228,1.0
2010-10-24,0.4154117816102479,0.5981485736380109,0.13433777106069666,-1.3602785767913228,1.0
2010-10-25,0.4154117816102479,0.5981485736380109,0.13433777106069666,-1.3602785767913228,1.0
2010-10-26,0.4154117816102479,0.5981485736380109,0.13433777106069666,-1.3602785767913228,1.0
2010-10-27,0.4154117816102479,0.5981485736380109,0.13433777106069666,-1.3602785767913228,1.0
2010-10-28,0.4154117816102479,0.5981485736380109,0.13433777106069666,-1.3602785767913228,1.0
2010-10-29,0.4154117816102479,0.5981485736380109,0.13433777106069666,-1.3602785767913228,1.0
2010-10-30,0.4154117816102479,0.5981485736380109,0.13433777106069666,-1.3602785767913228,1.0
2010-10-31,0.4154117816102479,0.5981485736380109,0.13433777106069666,-1.3602785767913228,1.0
2010-11-01,0.39323434586700395,0.597320813932475,0.1356723958032654,-1.5042593363016228,1.0
2010-11-02,0.39323434586700395,0.597320813932475,0.1356723958032654,-1.5042593363016228,1.0
2010-11-03,0.39323434586700395,0.597320813932475,0.1356723958032654,-1.5042593363016228,1.0
2010-11-04,0.39323434586700395,0.597320813932475,0.1356723958032654,-1.5042593363016228,1.0
2010-11-05,0.39323434586700395,0.597320813932475,0.1356723958032654,-1.5042593363016228,1.0
2010-11-06,0.39323434586700395,0.597320813932475,0.1356723958032654,-1.5042593363016228,1.0
2010-11-07,0.39323434586700395,0.597320813932475,0.1356723958032654,-1.5042593363016228,1.0
2010-11-08,0.39323434586700395,0.597320813932475,0.1356723958032654,-1.5042593363016228,1.0
2010-11-09,0.39323434586700395,0.597320813932475,0.1356723958032654,-1.5042593363016228,1.0
2010-11-10,0.39323434586700395,0.597320813932475,0.1356723958032654,-1.5042593363016228,1.0
2010-11-11,0.39323434586700395,0.597320813932475,0.1356723958032654,-1.5042593363016228,1.0
2010-11-12,0.39323434586700395,0.597320813932475,0.1356723958032654,-1.5042593363016228,1.0
2010-11-13,0.39323434586700395,0.597320813932475,0.1356723958032654,-1.5042593363016228,1.0
2010-11-14,0.39323434586700395,0.597320813932475,0.1356723958032654,-1.5042593363016228,1.0
2010-11-15,0.39323434586700395,0.597320813932475,0.1356723958032654,-1.5042593363016228,1.0
2010-11-16,0.39323434586700395,0.597320813932475,0.1356723958032654,-1.5042593363016228,1.0
2010-11-17,0.19976481812646218,0.5752351068316807,0.17506125578615525,-2.1447937581566956,1.0
2010-11-18,0.19976481812646218,0.5752351068316807,0.17506125578615525,-2.1447937581566956,1.0
2010-11-19,0.19976481812646218,0.5752351068316807,0.17506125578615525,-2.1447937581566956,1.0
2010-11-20,0.19976481812646218,0.5752351068316807,0.17506125578615525,-2.1447937581566956,1.0
2010-11-21,0.19976481812646218,0.5752351068316807,0.17506125578615525,-2.1447937581566956,1.0
2010-11-22,0.19976481812646218,0.5752351068316807,0.17506125578615525,-2.1447937581566956,1.0
2010-11-23,0.19976481812646218,0.5752351068316807,0.17506125578615525,-2.1447937581566956,1.0
2010-11-24,0.19976481812646218,0.5752351068316807,0.17506125578615525,-2.1447937581566956,1.0
2010-11-25,0.19976481812646218,0.5752351068316807,0.17506125578615525,-2.1447937581566956,1.0
2010-11-26,0.19976481812646218,0.5752351068316807,0.17506125578615525,-2.1447937581566956,1.0
2010-11-27,0.19976481812646218,0.5752351068316807,0.17506125578615525,-2.1447937581566956,1.0
2010-11-28,0.19976481812646218,0.5752351068316807,0.17506125578615525,-2.1447937581566956,1.0
2010-11-29,0.19976481812646218,0.5752351068316807,0.17506125578615525,-2.1447937581566956,1.0
2010-11-30,0.19976481812646218,0.5752351068316807,0.17506125578615525,-2.1447937581566956,1.0
2010-12-01,0.19976481812646218,0.5752351068316807,0.17506125578615525,-2.1447937581566956,1.0
2010-12-02,0.19976481812646218,0.5752351068316807,0.17506125578615525,-2.1447937581566956,1.0
2010-12-03,0.06039419880131176,0.5348231489279641,0.22995664911983968,-2.0631234275787707,1.0
2010-12-04,0.06039419880131176,0.5348231489279641,0.22995664911983968,-2.0631234275787707,1.0
2010-12-05,0.06039419880131176,0.5348231489279641,0.22995664911983968,-2.0631234275787707,1.0
2010-12-06,0.06039419880131176,0.5348231489279641,0.22995664911983968,-2.0631234275787707,1.0
2010-12-07,0.06039419880131176,0.5348231489279641,0.22995664911983968,-2.0631234275787707,1.0
2010-12-08,0.06039419880131176,0.5348231489279641,0.22995664911983968,-2.0631234275787707,1.0
2010-12-09,0.06039419880131176,0.5348231489279641,0.22995664911983968,-2.0631234275787707,1.0
2010-12-10,0.06039419880131176,0.5348231489279641,0.22995664911983968,-2.0631234275787707,1.0
2010-12-11,0.06039419880131176,0.5348231489279641,0.22995664911983968,-2.0631234275787707,1.0
2010-12-12,0.06039419880131176,0.5348231489279641,0.22995664911983968,-2.0631234275787707,1.0
2010-12-13,0.06039419880131176,0.5348231489279641,0.22995664911983968,-2.0631234275787707,1.0
2010-12-14,0.06039419880131176,0.5348231489279641,0.22995664911983968,-2.0631234275787707,1.0
2010-12-15,0.06039419880131176,0.5348231489279641,0.22995664911983968,-2.0631234275787707,1.0
2010-12-16,0.06039419880131176,0.5348231489279641,0.22995664911983968,-2.0631234275787707,1.0
2010-12-17,0.06039419880131176,0.5348231489279641,0.22995664911983968,-2.0631234275787707,1.0
2010-12-18,0.06039419880131176,0.5348231489279641,0.22995664911983968,-2.0631234275787707,1.0
2010-12-19,0.09020744220199567,0.48665200572787853,0.2582656455667089,-1.5350263201130363,1.0
2010-12-20,0.09020744220199567,0.48665200572787853,0.2582656455667089,-1.5350263201130363,1.0
2010-12-21,0.09020744220199567,0.48665200572787853,0.2582656455667089,-1.5350263201130363,1.0
2010-12-22,0.09020744220199567,0.48665200572787853,0.2582656455667089,-1.5350263201130363,1.0
2010-12-23,0.09020744220199567,0.48665200572787853,0.2582656455667089,-1.5350263201130363,1.0
2010-12-24,0.09020744220199567,0.48665200572787853,0.2582656455667089,-1.5350263201130363,1.0
2010-12-25,0.09020744220199567,0.48665200572787853,0.2582656455667089,-1.5350263201130363,1.0
2010-12-26,0.09020744220199567,0.48665200572787853,0.2582656455667089,-1.5350263201130363,1.0
2010-12-27,0.09020744220199567,0.48665200572787853,0.2582656455667089,-1.5350263201130363,1.0
2010-12-28,0.09020744220199567,0.48665200572787853,0.2582656455667089,-1.5350263201130363,1.0
2010-12-29,0.09020744220199567,0.48665200572787853,0.2582656455667089,-1.5350263201130363,1.0
2010-12-30,0.09020744220199567,0.48665200572787853,0.2582656455667089,-1.5350263201130363,1.0
2010-12-31,0.09020744220199567,0.48665200572787853,0.2582656455667089,-1.5350263201130363,1.0
2011-01-01,0.09328417452538638,0.4349083850239608,0.27044415400036165,-1.263196876121484,1.0
2011-01-02,0.09328417452538638,0.4349083850239608,0.27044415400036165,-1.263196876121484,1.0
2011-01-03,0.09328417452538638,0.4349083850239608,0.27044415400036165,-1.263196876121484,1.0
2011-01-04,0.09328417452538638,0.4349083850239608,0.27044415400036165,-1.263196876121484,1.0
2011-01-05,0.09328417452538638,0.4349083850239608,0.27044415400036165,-1.263196876121484,1.0
2011-01-06,0.09328417452538638,0.4349083850239608,0.27044415400036165,-1.263196876121484,1.0
2011-01-07,0.09328417452538638,0.4349083850239608,0.27044415400036165,-1.263196876121484,1.0
2011-01-08,0.09328417452538638,0.4349083850239608,0.27044415400036165,-1.263196876121484,1.0
2011-01-09,0.09328417452538638,0.4349083850239608,0.27044415400036165,-1.263196876121484,1.0
2011-01-10,0.09328417452538638,0.4349083850239608,0.27044415400036165,-1.263196876121484,1.0
2011-01-11,0.09328417452538638,0.4349083850239608,0.27044415400036165,-1.263196876121484,1.0
2011-01-12,0.09328417452538638,0.4349083850239608,0.27044415400036165,-1.263196876121484,1.0
2011-01-13,0.09328417452538638,0.4349083850239608,0.27044415400036165,-1.263196876121484,1.0
2011-01-14,0.09328417452538638,0.4349083850239608,0.27044415400036165,-1.263196876121484,1.0
2011-01-15,0.09328417452538638,0.4349083850239608,0.27044415400036165,-1.263196876121484,1.0
2011-01-16,0.09328417452538638,0.4349083850239608,0.27044415400036165,-1.263196876121484,1.0
2011-01-17,0.015378224492158315,0.373248919249362,0.2750665675294942,-1.3010330480051187,1.0
2011-01-18,0.015378224492158315,0.373248919249362,0.2750665675294942,-1.3010330480051187,1.0
2011-01-19,0.015378224492158315,0.373248919249362,0.2750665675294942,-1.3010330480051187,1.0
2011-01-20,0.015378224492158315,0.373248919249362,0.2750665675294942,-1.3010330480051187,1.0
2011-01-21,0.015378224492158315,0.373248919249362,0.2750665675294942,-1.3010330480051187,1.0
2011-01-22,0.015378224492158315,0.373248919249362,0.2750665675294942,-1.3010330480051187,1.0
2011-01-23,0.015378224492158315,0.373248919249362,0.2750665675294942,-1.3010330480051187,1.0
2011-01-24,0.015378224492158315,0.373248919249362,0.2750665675294942,-1.3010330480051187,1.0
2011-01-25,0.015378224492158315,0.373248919249362,0.2750665675294942,-1.3010330480051187,1.0
2011-01-26,0.015378224492158315,0.373248919249362,0.2750665675294942,-1.3010330480051187,1.0
2011-01-27,0.015378224492158315,0.373248919249362,0.2750665675294942,-1.3010330480051187,1.0
2011-01-28,0.015378224492158315,0.373248919249362,0.2750665675294942,-1.3010330480051187,1.0
2011-01-29,0.015378224492158315,0.373248919249362,0.2750665675294942,-1.3010330480051187,1.0
2011-01-30,0.015378224492158315,0.373248919249362,0.2750665675294942,-1.3010330480051187,1.0
2011-01-31,0.015378224492158315,0.373248919249362,0.2750665675294942,-1.3010330480051187,1.0
2011-02-01,0.015378224492158315,0.373248919249362,0.2750665675294942,-1.3010330480051187,1.0
2011-02-02,0.011775174172354061,0.31116585255754386,0.26450630354230137,-1.1318848525563003,1.0
2011-02-03,0.011775174172354061,0.31116585255754386,0.26450630354230137,-1.1318848525563003,1.0
2011-02-04,0.011775174172354061,0.31116585255754386,0.26450630354230137,-1.1318848525563003,1.0
2011-02-05,0.011775174172354061,0.31116585255754386,0.26450630354230137,-1.1318848525563003,1.0
2011-02-06,0.011775174172354061,0.31116585255754386,0.26450630354230137,-1.1318848525563003,1.0
2011-02-07,0.011775174172354061,0.31116585255754386,0.26450630354230137,-1.1318848525563003,1.0
2011-02-08,0.011775174172354061,0.31116585255754386,0.26450630354230137,-1.1318848525563003,1.0
2011-02-09,0.011775174172354061,0.31116585255754386,0.26450630354230137,-1.1318848525563003,1.0
2011-02-10,0.011775174172354061,0.31116585255754386,0.26450630354230137,-1.1318848525563003,1.0
2011-02-11,0.011775174172354061,0.31116585255754386,0.26450630354230137,-1.1318848525563003,1.0
2011-02-12,0.011775174172354061,0.31116585255754386,0.26450630354230137,-1.1318848525563003,1.0
2011-02-13,0.011775174172354061,0.31116585255754386,0.26450630354230137,-1.1318848525563003,1.0
2011-02-14,0.011775174172354061,0.31116585255754386,0.26450630354230137,-1.1318848525563003,1.0
2011-02-15,0.011775174172354061,0.31116585255754386,0.26450630354230137,-1.1318848525563003,1.0
2011-02-16,0.011775174172354061,0.31116585255754386,0.26450630354230137,-1.1318848525563003,1.0
2011-02-17,0.011775174172354061,0.31116585255754386,0.26450630354230137,-1.1318848525563003,1.0
2011-02-18,0.08067149036672668,0.25692482494573265,0.23562056561897166,-0.7480388399713376,0.0
2011-02-19,0.08067149036672668,0.25692482494573265,0.23562056561897166,-0.7480388399713376,0.0
2011-02-20,0.08067149036672668,0.25692482494573265,0.23562056561897166,-0.7480388399713376,0.0
2011-02-21,0.08067149036672668,0.25692482494573265,0.23562056561897166,-0.7480388399713376,0.0
2011-02-22,0.08067149036672668,0.25692482494573265,0.23562056561897166,-0.7480388399713376,0.0
2011-02-23,0.08067149036672668,0.25692482494573265,0.23562056561897166,-0.7480388399713376,0.0
2011-02-24,0.08067149036672668,0.25692482494573265,0.23562056561897166,-0.7480388399713376,0.0
2011-02-25,0.08067149036672668,0.25692482494573265,0.23562056561897166,-0.7480388399713376,0.0
2011-02-26,0.08067149036672668,0.25692482494573265,0.23562056561897166,-0.7480388399713376,0.0
2011-02-27,0.08067149036672668,0.25692482494573265,0.23562056561897166,-0.7480388399713376,0.0
2011-02-28,0.08067149036672668,0.25692482494573265,0.23562056561897166,-0.7480388399713376,0.0
2011-03-01,0.08067149036672668,0.25692482494573265,0.23562056561897166,-0.7480388399713376,0.0
2011-03-02,0.08067149036672668,0.25692482494573265,0.23562056561897166,-0.7480388399713376,0.0
2011-03-03,0.08067149036672668,0.25692482494573265,0.23562056561897166,-0.7480388399713376,0.0
2011-03-04,0.08067149036672668,0.25692482494573265,0.23562056561897166,-0.7480388399713376,0.0
2011-03-05,0.08067149036672668,0.25692482494573265,0.23562056561897166,-0.7480388399713376,0.0
2011-03-06,0.0926045390606064,0.20848749010967393,0.19902167036327,-0.5822629808982552,0.0
2011-03-07,0.0926045390606064,0.20848749010967393,0.19902167036327,-0.5822629808982552,0.0
2011-03-08,0.0926045390606064,0.20848749010967393,0.19902167036327,-0.5822629808982552,0.0
2011-03-09,0.0926045390606064,0.20848749010967393,0.19902167036327,-0.5822629808982552,0.0
2011-03-10,0.0926045390606064,0.20848749010967393,0.19902167036327,-0.5822629808982552,0.0
2011-03-11,0.0926045390606064,0.20848749010967393,0.19902167036327,-0.5822629808982552,0.0
2011-03-12,0.0926045390606064,0.20848749010967393,0.19902167036327,-0.5822629808982552,0.0
2011-03-13,0.0926045390606064,0.20848749010967393,0.19902167036327,-0.5822629808982552,0.0
2011-03-14,0.0926045390606064,0.20848749010967393,0.19902167036327,-0.5822629808982552,0.0
2011-03-15,0.0926045390606064,0.20848749010967393,0.19902167036327,-0.5822629808982552,0.0
2011-03-16,0.0926045390606064,0.20848749010967393,0.19902167036327,-0.5822629808982552,0.0
2011-03-17,0.0926045390606064,0.20848749010967393,0.19902167036327,-0.5822629808982552,0.0
2011-03-18,0.0926045390606064,0.20848749010967393,0.19902167036327,-0.5822629808982552,0.0
2011-03-19,0.0926045390606064,0.20848749010967393,0.19902167036327,-0.5822629808982552,0.0
2011-03-20,0.0926045390606064,0.20848749010967393,0.19902167036327,-0.5822629808982552,0.0
2011-03-21,0.0926045390606064,0.20848749010967393,0.19902167036327,-0.5822629808982552,0.0
2011-03-22,0.14076900596566336,0.17281146725319343,0.16379994557152028,-0.195619486781449,0.0
2011-03-23,0.14076900596566336,0.17281146725319343,0.16379994557152028,-0.195619486781449,0.0
2011-03-24,0.14076900596566336,0.17281146725319343,0.16379994557152028,-0.195619486781449,0.0
2011-03-25,0.14076900596566336,0.17281146725319343,0.16379994557152028,-0.195619486781449,0.0
2011-03-26,0.14076900596566336,0.17281146725319343,0.16379994557152028,-0.195619486781449,0.0
2011-03-27,0.14076900596566336,0.17281146725319343,0.16379994557152028,-0.195619486781449,0.0
2011-03-28,0.14076900596566336,0.17281146725319343,0.16379994557152028,-0.195619486781449,0.0
2011-03-29,0.14076900596566336,0.17281146725319343,0.16379994557152028,-0.195619486781449,0.0
2011-03-30,0.14076900596566336,0.17281146725319343,0.16379994557152028,-0.195619486781449,0.0
2011-03-31,0.14076900596566336,0.17281146725319343,0.16379994557152028,-0.195619486781449,0.0
2011-04-01,0.14076900596566336,0.17281146725319343,0.16379994557152028,-0.195619486781449,0.0
2011-04-02,0.14076900596566336,0.17281146725319343,0.16379994557152028,-0.195619486781449,0.0
2011-04-03,0.14076900596566336,0.17281146725319343,0.16379994557152028,-0.195619486781449,0.0
2011-04-04,0.14076900596566336,0.17281146725319343,0.16379994557152028,-0.195619486781449,0.0
2011-04-05,0.14076900596566336,0.17281146725319343,0.16379994557152028,-0.195619486781449,0.0
2011-04-06,0.14076900596566336,0.17281146725319343,0.16379994557152028,-0.195619486781449,0.0
2011-04-07,0.27838067310155457,0.15598965569095594,0.13763259235419228,0.8892589706922759,0.0
2011-04-08,0.27838067310155457,0.15598965569095594,0.13763259235419228,0.8892589706922759,0.0
2011-04-09,0.27838067310155457,0.15598965569095594,0.13763259235419228,0.8892589706922759,0.0
2011-04-10,0.27838067310155457,0.15598965569095594,0.13763259235419228,0.8892589706922759,0.0
2011-04-11,0.27838067310155457,0.15598965569095594,0.13763259235419228,0.8892589706922759,0.0
2011-04-12,0.27838067310155457,0.15598965569095594,0.13763259235419228,0.8892589706922759,0.0
2011-04-13,0.27838067310155457,0.15598965569095594,0.13763259235419228,0.8892589706922759,0.0
2011-04-14,0.27838067310155457,0.15598965569095594,0.13763259235419228,0.8892589706922759,0.0
2011-04-15,0.27838067310155457,0.15598965569095594,0.13763259235419228,0.8892589706922759,0.0
2011-04-16,0.27838067310155457,0.15598965569095594,0.13763259235419228,0.8892589706922759,0.0
2011-04-17,0.27838067310155457,0.15598965569095594,0.13763259235419228,0.8892589706922759,0.0
2011-04-18,0.27838067310155457,0.15598965569095594,0.13763259235419228,0.8892589706922759,0.0
2011-04-19,0.27838067310155457,0.15598965569095594,0.13763259235419228,0.8892589706922759,0.0
2011-04-20,0.27838067310155457,0.15598965569095594,0.13763259235419228,0.8892589706922759,0.0
2011-04-21,0.27838067310155457,0.15598965569095594,0.13763259235419228,0.8892589706922759,0.0
2011-04-22,0.27838067310155457,0.15598965569095594,0.13763259235419228,0.8892589706922759,0.0
2011-04-23,0.35725856435464365,0.15114355425298892,0.1283806672814415,1.6054988221069197,-1.0
2011-04-24,0.35725856435464365,0.15114355425298892,0.1283806672814415,1.6054988221069197,-1.0
2011-04-25,0.35725856435464365,0.15114355425298892,0.1283806672814415,1.6054988221069197,-1.0
2011-04-26,0.35725856435464365,0.15114355425298892,0.1283806672814415,1.6054988221069197,-1.0
2011-04-27,0.35725856435464365,0.15114355425298892,0.1283806672814415,1.6054988221069197,-1.0
2011-04-28,0.35725856435464365,0.15114355425298892,0.1283806672814415,1.6054988221069197,-1.0
2011-04-29,0.35725856435464365,0.15114355425298892,0.1283806672814415,1.6054988221069197,-1.0
2011-04-30,0.35725856435464365,0.15114355425298892,0.1283806672814415,1.6054988221069197,-1.0
2011-05-01,0.35725856435464365,0.15114355425298892,0.1283806672814415,1.6054988221069197,-1.0
2011-05-02,0.35725856435464365,0.15114355425298892,0.1283806672814415,1.6054988221069197,-1.0
2011-05-03,0.35725856435464365,0.15114355425298892,0.1283806672814415,1.6054988221069197,-1.0
2011-05-04,0.35725856435464365,0.15114355425298892,0.1283806672814415,1.6054988221069197,-1.0
2011-05-05,0.35725856435464365,0.15114355425298892,0.1283806672814415,1.6054988221069197,-1.0
2011-05-06,0.35725856435464365,0.15114355425298892,0.1283806672814415,1.6054988221069197,-1.0
2011-05-07,0.35725856435464365,0.15114355425298892,0.1283806672814415,1.6054988221069197,-1.0
2011-05-08,0.35725856435464365,0.15114355425298892,0.1283806672814415,1.6054988221069197,-1.0
2011-05-09,0.4268731760366852,0.15394679010046233,0.13437468931650887,2.0310847773821936,-1.0
2011-05-10,0.4268731760366852,0.15394679010046233,0.13437468931650887,2.0310847773821936,-1.0
2011-05-11,0.4268731760366852,0.15394679010046233,0.13437468931650887,2.0310847773821936,-1.0
2011-05-12,0.4268731760366852,0.15394679010046233,0.13437468931650887,2.0310847773821936,-1.0
2011-05-13,0.4268731760366852,0.15394679010046233,0.13437468931650887,2.0310847773821936,-1.0
2011-05-14,0.4268731760366852,0.15394679010046233,0.13437468931650887,2.0310847773821936,-1.0
2011-05-15,0.4268731760366852,0.15394679010046233,0.13437468931650887,2.0310847773821936,-1.0
2011-05-16,0.4268731760366852,0.15394679010046233,0.13437468931650887,2.0310847773821936,-1.0
2011-05-17,0.4268731760366852,0.15394679010046233,0.13437468931650887,2.0310847773821936,-1.0
2011-05-18,0.4268731760366852,0.15394679010046233,0.13437468931650887,2.0310847773821936,-1.0
2011-05-19,0.4268731760366852,0.15394679010046233,0.13437468931650887,2.0310847773821936,-1.0
2011-05-20,0.4268731760366852,0.15394679010046233,0.13437468931650887,2.0310847773821936,-1.0
2011-05-21,0.4268731760366852,0.15394679010046233,0.13437468931650887,2.0310847773821936,-1.0
2011-05-22,0.4268731760366852,0.15394679010046233,0.13437468931650887,2.0310847773821936,-1.0
2011-05-23,0.4268731760366852,0.15394679010046233,0.13437468931650887,2.0310847773821936,-1.0
2011-05-24,0.4268731760366852,0.15394679010046233,0.13437468931650887,2.0310847773821936,-1.0
2011-05-25,0.5217124435602956,0.18077575888661512,0.17139451826308838,1.989192467348034,-1.0
2011-05-26,0.5217124435602956,0.18077575888661512,0.17139451826308838,1.989192467348034,-1.0
2011-05-27,0.5217124435602956,0.18077575888661512,0.17139451826308838,1.989192467348034,-1.0
2011-05-28,0.5217124435602956,0.18077575888661512,0.17139451826308838,1.989192467348034,-1.0
2011-05-29,0.5217124435602956,0.18077575888661512,0.17139451826308838,1.989192467348034,-1.0
2011-05-30,0.5217124435602956,0.18077575888661512,0.17139451826308838,1.989192467348034,-1.0
2011-05-31,0.5217124435602956,0.18077575888661512,0.17139451826308838,1.989192467348034,-1.0
2011-06-01,0.5217124435602956,0.18077575888661512,0.17139451826308838,1.989192467348034,-1.0
2011-06-02,0.5217124435602956,0.18077575888661512,0.17139451826308838,1.989192467348034,-1.0
2011-06-03,0.5217124435602956,0.18077575888661512,0.17139451826308838,1.989192467348034,-1.0
2011-06-04,0.5217124435602956,0.18077575888661512,0.17139451826308838,1.989192467348034,-1.0
2011-06-05,0.5217124435602956,0.18077575888661512,0.17139451826308838,1.989192467348034,-1.0
2011-06-06,0.5217124435602956,0.18077575888661512,0.17139451826308838,1.989192467348034,-1.0
2011-06-07,0.5217124435602956,0.18077575888661512,0.17139451826308838,1.989192467348034,-1.0
2011-06-08,0.5217124435602956,0.18077575888661512,0.17139451826308838,1.989192467348034,-1.0
2011-06-09,0.5217124435602956,0.18077575888661512,0.17139451826308838,1.989192467348034,-1.0
2011-06-10,0.6001617807818345,0.22575639071832534,0.2045506645996547,1.8303797291311326,-1.0
2011-06-11,0.6001617807818345,0.22575639071832534,0.2045506645996547,1.8303797291311326,-1.0
2011-06-12,0.6001617807818345,0.22575639071832534,0.2045506645996547,1.8303797291311326,-1.0
2011-06-13,0.6001617807818345,0.22575639071832534,0.2045506645996547,1.8303797291311326,-1.0
2011-06-14,0.6001617807818345,0.22575639071832534,0.2045506645996547,1.8303797291311326,-1.0
2011-06-15,0.6001617807818345,0.22575639071832534,0.2045506645996547,1.8303797291311326,-1.0
2011-06-16,0.6001617807818345,0.22575639071832534,0.2045506645996547,1.8303797291311326,-1.0
2011-06-17,0.6001617807818345,0.22575639071832534,0.2045506645996547,1.8303797291311326,-1.0
2011-06-18,0.6001617807818345,0.22575639071832534,0.2045506645996547,1.8303797291311326,-1.0
2011-06-19,0.6001617807818345,0.22575639071832534,0.2045506645996547,1.8303797291311326,-1.0
2011-06-20,0.6001617807818345,0.22575639071832534,0.2045506645996547,1.8303797291311326,-1.0
2011-06-21,0.6001617807818345,0.22575639071832534,0.2045506645996547,1.8303797291311326,-1.0
2011-06-22,0.6001617807818345,0.22575639071832534,0.2045506645996547,1.8303797291311326,-1.0
2011-06-23,0.6001617807818345,0.22575639071832534,0.2045506645996547,1.8303797291311326,-1.0
2011-06-24,0.6001617807818345,0.22575639071832534,0.2045506645996547,1.8303797291311326,-1.0
2011-06-25,0.6001617807818345,0.22575639071832534,0.2045506645996547,1.8303797291311326,-1.0
2011-06-26,0.6774651711463024,0.2746945347970176,0.23686949222020018,1.7003905086048758,-1.0
2011-06-27,0.6774651711463024,0.2746945347970176,0.23686949222020018,1.7003905086048758,-1.0
2011-06-28,0.6774651711463024,0.2746945347970176,0.23686949222020018,1.7003905086048758,-1.0
2011-06-29,0.6774651711463024,0.2746945347970176,0.23686949222020018,1.7003905086048758,-1.0
2011-06-30,0.6774651711463024,0.2746945347970176,0.23686949222020018,1.7003905086048758,-1.0
2011-07-01,0.6774651711463024,0.2746945347970176,0.23686949222020018,1.7003905086048758,-1.0
2011-07-02,0.6774651711463024,0.2746945347970176,0.23686949222020018,1.7003905086048758,-1.0
2011-07-03,0.6774651711463024,0.2746945347970176,0.23686949222020018,1.7003905086048758,-1.0
2011-07-04,0.6774651711463024,0.2746945347970176,0.23686949222020018,1.7003905086048758,-1.0
2011-07-05,0.6774651711463024,0.2746945347970176,0.23686949222020018,1.7003905086048758,-1.0
2011-07-06,0.6774651711463024,0.2746945347970176,0.23686949222020018,1.7003905086048758,-1.0
2011-07-07,0.6774651711463024,0.2746945347970176,0.23686949222020018,1.7003905086048758,-1.0
2011-07-08,0.6774651711463024,0.2746945347970176,0.23686949222020018,1.7003905086048758,-1.0
2011-07-09,0.6774651711463024,0.2746945347970176,0.23686949222020018,1.7003905086048758,-1.0
2011-07-10,0.6774651711463024,0.2746945347970176,0.23686949222020018,1.7003905086048758,-1.0
2011-07-11,0.6774651711463024,0.2746945347970176,0.23686949222020018,1.7003905086048758,-1.0
2011-07-12,0.7486221055483848,0.32930602904893413,0.26510501515137075,1.5816980160108547,-1.0
2011-07-13,0.7486221055483848,0.32930602904893413,0.26510501515137075,1.5816980160108547,-1.0
2011-07-14,0.7486221055483848,0.32930602904893413,0.26510501515137075,1.5816980160108547,-1.0
2011-07-15,0.7486221055483848,0.32930602904893413,0.26510501515137075,1.5816980160108547,-1.0
2011-07-16,0.7486221055483848,0.32930602904893413,0.26510501515137075,1.5816980160108547,-1.0
2011-07-17,0.7486221055483848,0.32930602904893413,0.26510501515137075,1.5816980160108547,-1.0
2011-07-18,0.7486221055483848,0.32930602904893413,0.26510501515137075,1.5816980160108547,-1.0
2011-07-19,0.7486221055483848,0.32930602904893413,0.26510501515137075,1.5816980160108547,-1.0
2011-07-20,0.7486221055483848,0.32930602904893413,0.26510501515137075,1.5816980160108547,-1.0
2011-07-21,0.7486221055483848,0.32930602904893413,0.26510501515137075,1.5816980160108547,-1.0
2011-07-22,0.7486221055483848,0.32930602904893413,0.26510501515137075,1.5816980160108547,-1.0
2011-07-23,0.7486221055483848,0.32930602904893413,0.26510501515137075,1.5816980160108547,-1.0
2011-07-24,0.7486221055483848,0.32930602904893413,0.26510501515137075,1.5816980160108547,-1.0
2011-07-25,0.7486221055483848,0.32930602904893413,0.26510501515137075,1.5816980160108547,-1.0
2011-07-26,0.7486221055483848,0.32930602904893413,0.26510501515137075,1.5816980160108547,-1.0
2011-07-27,0.7486221055483848,0.32930602904893413,0.26510501515137075,1.5816980160108547,-1.0
2011-07-28,0.7506354002699137,0.3905774603637471,0.27085804277211206,1.3293234205679594,-1.0
2011-07-29,0.7506354002699137,0.3905774603637471,0.27085804277211206,1.3293234205679594,-1.0
2011-07-30,0.7506354002699137,0.3905774603637471,0.27085804277211206,1.3293234205679594,-1.0
2011-07-31,0.7506354002699137,0.3905774603637471,0.27085804277211206,1.3293234205679594,-1.0
2011-08-01,0.7506354002699137,0.3905774603637471,0.27085804277211206,1.3293234205679594,-1.0
2011-08-02,0.7506354002699137,0.3905774603637471,0.27085804277211206,1.3293234205679594,-1.0
2011-08-03,0.7506354002699137,0.3905774603637471,0.27085804277211206,1.3293234205679594,-1.0
2011-08-04,0.7506354002699137,0.3905774603637471,0.27085804277211206,1.3293234205679594,-1.0
2011-08-05,0.7506354002699137,0.3905774603637471,0.27085804277211206,1.3293234205679594,-1.0
2011-08-06,0.7506354002699137,0.3905774603637471,0.27085804277211206,1.3293234205679594,-1.0
2011-08-07,0.7506354002699137,0.3905774603637471,0.27085804277211206,1.3293234205679594,-1.0
2011-08-08,0.7506354002699137,0.3905774603637471,0.27085804277211206,1.3293234205679594,-1.0
2011-08-09,0.7506354002699137,0.3905774603637471,0.27085804277211206,1.3293234205679594,-1.0
2011-08-10,0.7506354002699137,0.3905774603637471,0.27085804277211206,1.3293234205679594,-1.0
2011-08-11,0.7506354002699137,0.3905774603637471,0.27085804277211206,1.3293234205679594,-1.0
2011-08-12,0.7506354002699137,0.3905774603637471,0.27085804277211206,1.3293234205679594,-1.0
2011-08-13,0.749464642194699,0.45205158269894247,0.260587604765893,1.1413169853683058,-1.0
2011-08-14,0.749464642194699,0.45205158269894247,0.260587604765893,1.1413169853683058,-1.0
2011-08-15,0.749464642194699,0.45205158269894247,0.260587604765893,1.1413169853683058,-1.0
2011-08-16,0.749464642194699,0.45205158269894247,0.260587604765893,1.1413169853683058,-1.0
2011-08-17,0.749464642194699,0.45205158269894247,0.260587604765893,1.1413169853683058,-1.0
2011-08-18,0.749464642194699,0.45205158269894247,0.260587604765893,1.1413169853683058,-1.0
2011-08-19,0.749464642194699,0.45205158269894247,0.260587604765893,1.1413169853683058,-1.0
2011-08-20,0.749464642194699,0.45205158269894247,0.260587604765893,1.1413169853683058,-1.0
2011-08-21,0.749464642194699,0.45205158269894247,0.260587604765893,1.1413169853683058,-1.0
2011-08-22,0.749464642194699,0.45205158269894247,0.260587604765893,1.1413169853683058,-1.0
2011-08-23,0.749464642194699,0.45205158269894247,0.260587604765893,1.1413169853683058,-1.0
2011-08-24,0.749464642194699,0.45205158269894247,0.260587604765893,1.1413169853683058,-1.0
2011-08-25,0.749464642194699,0.45205158269894247,0.260587604765893,1.1413169853683058,-1.0
2011-08-26,0.749464642194699,0.45205158269894247,0.260587604765893,1.1413169853683058,-1.0
2011-08-27,0.749464642194699,0.45205158269894247,0.260587604765893,1.1413169853683058,-1.0
2011-08-28,0.749464642194699,0.45205158269894247,0.260587604765893,1.1413169853683058,-1.0
2011-08-29,0.7134880624698211,0.5047862970408671,0.2419653160996969,0.862527608473285,0.0
2011-08-30,0.7134880624698211,0.5047862970408671,0.2419653160996969,0.862527608473285,0.0
2011-08-31,0.7134880624698211,0.5047862970408671,0.2419653160996969,0.862527608473285,0.0
2011-09-01,0.7134880624698211,0.5047862970408671,0.2419653160996969,0.862527608473285,0.0
2011-09-02,0.7134880624698211,0.5047862970408671,0.2419653160996969,0.862527608473285,0.0
2011-09-03,0.7134880624698211,0.5047862970408671,0.2419653160996969,0.862527608473285,0.0
2011-09-04,0.7134880624698211,0.5047862970408671,0.2419653160996969,0.862527608473285,0.0
2011-09-05,0.7134880624698211,0.5047862970408671,0.2419653160996969,0.862527608473285,0.0
2011-09-06,0.7134880624698211,0.5047862970408671,0.2419653160996969,0.862527608473285,0.0
2011-09-07,0.7134880624698211,0.5047862970408671,0.2419653160996969,0.862527608473285,0.0
2011-09-08,0.7134880624698211,0.5047862970408671,0.2419653160996969,0.862527608473285,0.0
2011-09-09,0.7134880624698211,0.5047862970408671,0.2419653160996969,0.862527608473285,0.0
2011-09-10,0.7134880624698211,0.5047862970408671,0.2419653160996969,0.862527608473285,0.0
2011-09-11,0.7134880624698211,0.5047862970408671,0.2419653160996969,0.862527608473285,0.0
2011-09-12,0.7134880624698211,0.5047862970408671,0.2419653160996969,0.862527608473285,0.0
2011-09-13,0.7134880624698211,0.5047862970408671,0.2419653160996969,0.862527608473285,0.0
2011-09-14,0.6118603525528079,0.5480576148318838,0.20518761361232102,0.3109482906773908,0.0
2011-09-15,0.6118603525528079,0.5480576148318838,0.20518761361232102,0.3109482906773908,0.0
2011-09-16,0.6118603525528079,0.5480576148318838,0.20518761361232102,0.3109482906773908,0.0
2011-09-17,0.6118603525528079,0.5480576148318838,0.20518761361232102,0.3109482906773908,0.0
2011-09-18,0.6118603525528079,0.5480576148318838,0.20518761361232102,0.3109482906773908,0.0
2011-09-19,0.6118603525528079,0.5480576148318838,0.20518761361232102,0.3109482906773908,0.0
2011-09-20,0.6118603525528079,0.5480576148318838,0.20518761361232102,0.3109482906773908,0.0
2011-09-21,0.6118603525528079,0.5480576148318838,0.20518761361232102,0.3109482906773908,0.0
2011-09-22,0.6118603525528079,0.5480576148318838,0.20518761361232102,0.3109482906773908,0.0
2011-09-23,0.6118603525528079,0.5480576148318838,0.20518761361232102,0.3109482906773908,0.0
2011-09-24,0.6118603525528079,0.5480576148318838,0.20518761361232102,0.3109482906773908,0.0
2011-09-25,0.6118603525528079,0.5480576148318838,0.20518761361232102,0.3109482906773908,0.0
2011-09-26,0.6118603525528079,0.5480576148318838,0.20518761361232102,0.3109482906773908,0.0
2011-09-27,0.6118603525528079,0.5480576148318838,0.20518761361232102,0.3109482906773908,0.0
2011-09-28,0.6118603525528079,0.5480576148318838,0.20518761361232102,0.3109482906773908,0.0
2011-09-29,0.6118603525528079,0.5480576148318838,0.20518761361232102,0.3109482906773908,0.0
2011-09-30,0.4894522981614856,0.5771145558482024,0.16252004826097813,-0.5393935002157202,0.0
2011-10-01,0.4894522981614856,0.5771145558482024,0.16252004826097813,-0.5393935002157202,0.0
2011-10-02,0.4894522981614856,0.5771145558482024,0.16252004826097813,-0.5393935002157202,0.0
2011-10-03,0.4894522981614856,0.5771145558482024,0.16252004826097813,-0.5393935002157202,0.0
2011-10-04,0.4894522981614856,0.5771145558482024,0.16252004826097813,-0.5393935002157202,0.0
2011-10-05,0.4894522981614856,0.5771145558482024,0.16252004826097813,-0.5393935002157202,0.0
2011-10-06,0.4894522981614856,0.5771145558482024,0.16252004826097813,-0.5393935002157202,0.0
2011-10-07,0.4894522981614856,0.5771145558482024,0.16252004826097813,-0.5393935002157202,0.0
2011-10-08,0.4894522981614856,0.5771145558482024,0.16252004826097813,-0.5393935002157202,0.0
2011-10-09,0.4894522981614856,0.5771145558482024,0.16252004826097813,-0.5393935002157202,0.0
2011-10-10,0.4894522981614856,0.5771145558482024,0.16252004826097813,-0.5393935002157202,0.0
2011-10-11,0.4894522981614856,0.5771145558482024,0.16252004826097813,-0.5393935002157202,0.0
2011-10-12,0.4894522981614856,0.5771145558482024,0.16252004826097813,-0.5393935002157202,0.0
2011-10-13,0.4894522981614856,0.5771145558482024,0.16252004826097813,-0.5393935002157202,0.0
2011-10-14,0.4894522981614856,0.5771145558482024,0.16252004826097813,-0.5393935002157202,0.0
2011-10-15,0.4894522981614856,0.5771145558482024,0.16252004826097813,-0.5393935002157202,0.0
2011-10-16,0.427731320069222,0.589560443095508,0.14198432822376622,-1.1397675014614612,1.0
2011-10-17,0.427731320069222,0.589560443095508,0.14198432822376622,-1.1397675014614612,1.0
2011-10-18,0.427731320069222,0.589560443095508,0.14198432822376622,-1.1397675014614612,1.0
2011-10-19,0.427731320069222,0.589560443095508,0.14198432822376622,-1.1397675014614612,1.0
2011-10-20,0.427731320069222,0.589560443095508,0.14198432822376622,-1.1397675014614612,1.0
2011-10-21,0.427731320069222,0.589560443095508,0.14198432822376622,-1.1397675014614612,1.0
2011-10-22,0.427731320069222,0.589560443095508,0.14198432822376622,-1.1397675014614612,1.0
2011-10-23,0.427731320069222,0.589560443095508,0.14198432822376622,-1.1397675014614612,1.0
2011-10-24,0.427731320069222,0.589560443095508,0.14198432822376622,-1.1397675014614612,1.0
2011-10-25,0.427731320069222,0.589560443095508,0.14198432822376622,-1.1397675014614612,1.0
2011-10-26,0.427731320069222,0.589560443095508,0.14198432822376622,-1.1397675014614612,1.0
2011-10-27,0.427731320069222,0.589560443095508,0.14198432822376622,-1.1397675014614612,1.0
2011-10-28,0.427731320069222,0.589560443095508,0.14198432822376622,-1.1397675014614612,1.0
2011-10-29,0.427731320069222,0.589560443095508,0.14198432822376622,-1.1397675014614612,1.0
2011-10-30,0.427731320069222,0.589560443095508,0.14198432822376622,-1.1397675014614612,1.0
2011-10-31,0.427731320069222,0.589560443095508,0.14198432822376622,-1.1397675014614612,1.0
2011-11-01,0.39022093880335573,0.5923073076329006,0.13732396202217995,-1.4716031044669744,1.0
2011-11-02,0.39022093880335573,0.5923073076329006,0.13732396202217995,-1.4716031044669744,1.0
2011-11-03,0.39022093880335573,0.5923073076329006,0.13732396202217995,-1.4716031044669744,1.0
2011-11-04,0.39022093880335573,0.5923073076329006,0.13732396202217995,-1.4716031044669744,1.0
2011-11-05,0.39022093880335573,0.5923073076329006,0.13732396202217995,-1.4716031044669744,1.0
2011-11-06,0.39022093880335573,0.5923073076329006,0.13732396202217995,-1.4716031044669744,1.0
2011-11-07,0.39022093880335573,0.5923073076329006,0.13732396202217995,-1.4716031044669744,1.0
2011-11-08,0.39022093880335573,0.5923073076329006,0.13732396202217995,-1.4716031044669744,1.0
2011-11-09,0.39022093880335573,0.5923073076329006,0.13732396202217995,-1.4716031044669744,1.0
2011-11-10,0.39022093880335573,0.5923073076329006,0.13732396202217995,-1.4716031044669744,1.0
2011-11-11,0.39022093880335573,0.5923073076329006,0.13732396202217995,-1.4716031044669744,1.0
2011-11-12,0.39022093880335573,0.5923073076329006,0.13732396202217995,-1.4716031044669744,1.0
2011-11-13,0.39022093880335573,0.5923073076329006,0.13732396202217995,-1.4716031044669744,1.0
2011-11-14,0.39022093880335573,0.5923073076329006,0.13732396202217995,-1.4716031044669744,1.0
2011-11-15,0.39022093880335573,0.5923073076329006,0.13732396202217995,-1.4716031044669744,1.0
2011-11-16,0.39022093880335573,0.5923073076329006,0.13732396202217995,-1.4716031044669744,1.0
2011-11-17,0.32212426850007464,0.5835782320048498,0.15140332577179821,-1.7268706758717451,1.0
2011-11-18,0.32212426850007464,0.5835782320048498,0.15140332577179821,-1.7268706758717451,1.0
2011-11-19,0.32212426850007464,0.5835782320048498,0.15140332577179821,-1.7268706758717451,1.0
2011-11-20,0.32212426850007464,0.5835782320048498,0.15140332577179821,-1.7268706758717451,1.0
2011-11-21,0.32212426850007464,0.5835782320048498,0.15140332577179821,-1.7268706758717451,1.0
2011-11-22,0.32212426850007464,0.5835782320048498,0.15140332577179821,-1.7268706758717451,1.0
2011-11-23,0.32212426850007464,0.5835782320048498,0.15140332577179821,-1.7268706758717451,1.0
2011-11-24,0.32212426850007464,0.5835782320048498,0.15140332577179821,-1.7268706758717451,1.0
2011-11-25,0.32212426850007464,0.5835782320048498,0.15140332577179821,-1.7268706758717451,1.0
2011-11-26,0.32212426850007464,0.5835782320048498,0.15140332577179821,-1.7268706758717451,1.0
2011-11-27,0.32212426850007464,0.5835782320048498,0.15140332577179821,-1.7268706758717451,1.0
2011-11-28,0.32212426850007464,0.5835782320048498,0.15140332577179821,-1.7268706758717451,1.0
2011-11-29,0.32212426850007464,0.5835782320048498,0.15140332577179821,-1.7268706758717451,1.0
2011-11-30,0.32212426850007464,0.5835782320048498,0.15140332577179821,-1.7268706758717451,1.0
2011-12-01,0.32212426850007464,0.5835782320048498,0.15140332577179821,-1.7268706758717451,1.0
2011-12-02,0.32212426850007464,0.5835782320048498,0.15140332577179821,-1.7268706758717451,1.0
2011-12-03,0.2575478547308747,0.5615645162690647,0.17807195291433248,-1.7072686437287934,1.0
2011-12-04,0.2575478547308747,0.5615645162690647,0.17807195291433248,-1.7072686437287934,1.0
2011-12-05,0.2575478547308747,0.5615645162690647,0.17807195291433248,-1.7072686437287934,1.0
2011-12-06,0.2575478547308747,0.5615645162690647,0.17807195291433248,-1.7072686437287934,1.0
2011-12-07,0.2575478547308747,0.5615645162690647,0.17807195291433248,-1.7072686437287934,1.0
2011-12-08,0.2575478547308747,0.5615645162690647,0.17807195291433248,-1.7072686437287934,1.0
2011-12-09,0.2575478547308747,0.5615645162690647,0.17807195291433248,-1.7072686437287934,1.0
2011-12-10,0.2575478547308747,0.5615645162690647,0.17807195291433248,-1.7072686437287934,1.0
2011-12-11,0.2575478547308747,0.5615645162690647,0.17807195291433248,-1.7072686437287934,1.0
2011-12-12,0.2575478547308747,0.5615645162690647,0.17807195291433248,-1.7072686437287934,1.0
2011-12-13,0.2575478547308747,0.5615645162690647,0.17807195291433248,-1.7072686437287934,1.0
2011-12-14,0.2575478547308747,0.5615645162690647,0.17807195291433248,-1.7072686437287934,1.0
2011-12-15,0.2575478547308747,0.5615645162690647,0.17807195291433248,-1.7072686437287934,1.0
2011-12-16,0.2575478547308747,0.5615645162690647,0.17807195291433248,-1.7072686437287934,1.0
2011-12-17,0.2575478547308747,0.5615645162690647,0.17807195291433248,-1.7072686437287934,1.0
2011-12-18,0.2575478547308747,0.5615645162690647,0.17807195291433248,-1.7072686437287934,1.0
2011-12-19,0.2692117978169366,0.5339853510219899,0.1962509672128434,-1.3491579530300806,1.0
2011-12-20,0.2692117978169366,0.5339853510219899,0.1962509672128434,-1.3491579530300806,1.0
2011-12-21,0.2692117978169366,0.5339853510219899,0.1962509672128434,-1.3491579530300806,1.0
2011-12-22,0.2692117978169366,0.5339853510219899,0.1962509672128434,-1.3491579530300806,1.0
2011-12-23,0.2692117978169366,0.5339853510219899,0.1962509672128434,-1.3491579530300806,1.0
2011-12-24,0.2692117978169366,0.5339853510219899,0.1962509672128434,-1.3491579530300806,1.0
2011-12-25,0.2692117978169366,0.5339853510219899,0.1962509672128434,-1.3491579530300806,1.0
2011-12-26,0.2692117978169366,0.5339853510219899,0.1962509672128434,-1.3491579530300806,1.0
2011-12-27,0.2692117978169366,0.5339853510219899,0.1962509672128434,-1.3491579530300806,1.0
2011-12-28,0.2692117978169366,0.5339853510219899,0.1962509672128434,-1.3491579530300806,1.0
2011-12-29,0.2692117978169366,0.5339853510219899,0.1962509672128434,-1.3491579530300806,1.0
2011-12-30,0.2692117978169366,0.5339853510219899,0.1962509672128434,-1.3491579530300806,1.0
2011-12-31,0.2692117978169366,0.5339853510219899,0.1962509672128434,-1.3491579530300806,1.0
2012-01-01,0.25675941144580827,0.49892653771361534,0.20564249241554144,-1.177612289285331,1.0
2012-01-02,0.25675941144580827,0.49892653771361534,0.20564249241554144,-1.177612289285331,1.0
2012-01-03,0.25675941144580827,0.49892653771361534,0.20564249241554144,-1.177612289285331,1.0
2012-01-04,0.25675941144580827,0.49892653771361534,0.20564249241554144,-1.177612289285331,1.0
2012-01-05,0.25675941144580827,0.49892653771361534,0.20564249241554144,-1.177612289285331,1.0
2012-01-06,0.25675941144580827,0.49892653771361534,0.20564249241554144,-1.177612289285331,1.0
2012-01-07,0.25675941144580827,0.49892653771361534,0.20564249241554144,-1.177612289285331,1.0
2012-01-08,0.25675941144580827,0.49892653771361534,0.20564249241554144,-1.177612289285331,1.0
2012-01-09,0.25675941144580827,0.49892653771361534,0.20564249241554144,-1.177612289285331,1.0
2012-01-10,0.25675941144580827,0.49892653771361534,0.20564249241554144,-1.177612289285331,1.0
2012-01-11,0.25675941144580827,0.49892653771361534,0.20564249241554144,-1.177612289285331,1.0
2012-01-12,0.25675941144580827,0.49892653771361534,0.20564249241554144,-1.177612289285331,1.0
2012-01-13,0.25675941144580827,0.49892653771361534,0.20564249241554144,-1.177612289285331,1.0
2012-01-14,0.25675941144580827,0.49892653771361534,0.20564249241554144,-1.177612289285331,1.0
2012-01-15,0.25675941144580827,0.49892653771361534,0.20564249241554144,-1.177612289285331,1.0
2012-01-16,0.25675941144580827,0.49892653771361534,0.20564249241554144,-1.177612289285331,1.0
2012-01-17,0.13028240976355712,0.44739822973154636,0.21465951893202834,-1.4772967979510079,1.0
2012-01-18,0.13028240976355712,0.44739822973154636,0.21465951893202834,-1.4772967979510079,1.0
2012-01-19,0.13028240976355712,0.44739822973154636,0.21465951893202834,-1.4772967979510079,1.0
2012-01-20,0.13028240976355712,0.44739822973154636,0.21465951893202834,-1.4772967979510079,1.0
2012-01-21,0.13028240976355712,0.44739822973154636,0.21465951893202834,-1.4772967979510079,1.0
2012-01-22,0.13028240976355712,0.44739822973154636,0.21465951893202834,-1.4772967979510079,1.0
2012-01-23,0.13028240976355712,0.44739822973154636,0.21465951893202834,-1.4772967979510079,1.0
2012-01-24,0.13028240976355712,0.44739822973154636,0.21465951893202834,-1.4772967979510079,1.0
2012-01-25,0.13028240976355712,0.44739822973154636,0.21465951893202834,-1.4772967979510079,1.0
2012-01-26,0.13028240976355712,0.44739822973154636,0.21465951893202834,-1.4772967979510079,1.0
2012-01-27,0.13028240976355712,0.44739822973154636,0.21465951893202834,-1.4772967979510079,1.0
2012-01-28,0.13028240976355712,0.44739822973154636,0.21465951893202834,-1.4772967979510079,1.0
2012-01-29,0.13028240976355712,0.44739822973154636,0.21465951893202834,-1.4772967979510079,1.0
2012-01-30,0.13028240976355712,0.44739822973154636,0.21465951893202834,-1.4772967979510079,1.0
2012-01-31,0.13028240976355712,0.44739822973154636,0.21465951893202834,-1.4772967979510079,1.0
2012-02-01,0.13028240976355712,0.44739822973154636,0.21465951893202834,-1.4772967979510079,1.0
2012-02-02,0.20346371460470095,0.40180058925944523,0.20214021416828626,-0.9811846468591569,0.0
2012-02-03,0.20346371460470095,0.40180058925944523,0.20214021416828626,-0.9811846468591569,0.0
2012-02-04,0.20346371460470095,0.40180058925944523,0.20214021416828626,-0.9811846468591569,0.0
2012-02-05,0.20346371460470095,0.40180058925944523,0.20214021416828626,-0.9811846468591569,0.0
2012-02-06,0.20346371460470095,0.40180058925944523,0.20214021416828626,-0.9811846468591569,0.0
2012-02-07,0.20346371460470095,0.40180058925944523,0.20214021416828626,-0.9811846468591569,0.0
2012-02-08,0.20346371460470095,0.40180058925944523,0.20214021416828626,-0.9811846468591569,0.0
2012-02-09,0.20346371460470095,0.40180058925944523,0.20214021416828626,-0.9811846468591569,0.0
2012-02-10,0.20346371460470095,0.40180058925944523,0.20214021416828626,-0.9811846468591569,0.0
2012-02-11,0.20346371460470095,0.40180058925944523,0.20214021416828626,-0.9811846468591569,0.0
2012-02-12,0.20346371460470095,0.40180058925944523,0.20214021416828626,-0.9811846468591569,0.0
2012-02-13,0.20346371460470095,0.40180058925944523,0.20214021416828626,-0.9811846468591569,0.0
2012-02-14,0.20346371460470095,0.40180058925944523,0.20214021416828626,-0.9811846468591569,0.0
2012-02-15,0.20346371460470095,0.40180058925944523,0.20214021416828626,-0.9811846468591569,0.0
2012-02-16,0.20346371460470095,0.40180058925944523,0.20214021416828626,-0.9811846468591569,0.0
2012-02-17,0.20346371460470095,0.40180058925944523,0.20214021416828626,-0.9811846468591569,0.0
2012-02-18,0.17044868535549762,0.35354925952284516,0.17943913830306735,-1.0204048899192557,1.0
2012-02-19,0.17044868535549762,0.35354925952284516,0.17943913830306735,-1.0204048899192557,1.0
2012-02-20,0.17044868535549762,0.35354925952284516,0.17943913830306735,-1.0204048899192557,1.0
2012-02-21,0.17044868535549762,0.35354925952284516,0.17943913830306735,-1.0204048899192557,1.0
2012-02-22,0.17044868535549762,0.35354925952284516,0.17943913830306735,-1.0204048899192557,1.0
2012-02-23,0.17044868535549762,0.35354925952284516,0.17943913830306735,-1.0204048899192557,1.0
2012-02-24,0.17044868535549762,0.35354925952284516,0.17943913830306735,-1.0204048899192557,1.0
2012-02-25,0.17044868535549762,0.35354925952284516,0.17943913830306735,-1.0204048899192557,1.0
2012-02-26,0.17044868535549762,0.35354925952284516,0.17943913830306735,-1.0204048899192557,1.0
2012-02-27,0.17044868535549762,0.35354925952284516,0.17943913830306735,-1.0204048899192557,1.0
2012-02-28,0.17044868535549762,0.35354925952284516,0.17943913830306735,-1.0204048899192557,1.0
2012-02-29,0.17044868535549762,0.35354925952284516,0.17943913830306735,-1.0204048899192557,1.0
2012-03-01,0.17044868535549762,0.35354925952284516,0.17943913830306735,-1.0204048899192557,1.0
2012-03-02,0.17044868535549762,0.35354925952284516,0.17943913830306735,-1.0204048899192557,1.0
2012-03-03,0.17044868535549762,0.35354925952284516,0.17943913830306735,-1.0204048899192557,1.0
2012-03-04,0.17044868535549762,0.35354925952284516,0.17943913830306735,-1.0204048899192557,1.0
2012-03-05,0.26700580569807825,0.3163424047918666,0.1399688520446839,-0.35248270149445854,0.0
2012-03-06,0.26700580569807825,0.3163424047918666,0.1399688520446839,-0.35248270149445854,0.0
2012-03-07,0.26700580569807825,0.3163424047918666,0.1399688520446839,-0.35248270149445854,0.0
2012-03-08,0.26700580569807825,0.3163424047918666,0.1399688520446839,-0.35248270149445854,0.0
2012-03-09,0.26700580569807825,0.3163424047918666,0.1399688520446839,-0.35248270149445854,0.0
2012-03-10,0.26700580569807825,0.3163424047918666,0.1399688520446839,-0.35248270149445854,0.0
2012-03-11,0.26700580569807825,0.3163424047918666,0.1399688520446839,-0.35248270149445854,0.0
2012-03-12,0.26700580569807825,0.3163424047918666,0.1399688520446839,-0.35248270149445854,0.0
2012-03-13,0.26700580569807825,0.3163424047918666,0.1399688520446839,-0.35248270149445854,0.0
2012-03-14,0.26700580569807825,0.3163424047918666,0.1399688520446839,-0.35248270149445854,0.0
2012-03-15,0.26700580569807825,0.3163424047918666,0.1399688520446839,-0.35248270149445854,0.0
2012-03-16,0.26700580569807825,0.3163424047918666,0.1399688520446839,-0.35248270149445854,0.0
2012-03-17,0.26700580569807825,0.3163424047918666,0.1399688520446839,-0.35248270149445854,0.0
2012-03-18,0.26700580569807825,0.3163424047918666,0.1399688520446839,-0.35248270149445854,0.0
2012-03-19,0.26700580569807825,0.3163424047918666,0.1399688520446839,-0.35248270149445854,0.0
2012-03-20,0.26700580569807825,0.3163424047918666,0.1399688520446839,-0.35248270149445854,0.0
2012-03-21,0.3531623118212165,0.2947842347309007,0.10615249182107363,0.5499454236902467,0.0
2012-03-22,0.3531623118212165,0.2947842347309007,0.10615249182107363,0.5499454236902467,0.0
2012-03-23,0.3531623118212165,0.2947842347309007,0.10615249182107363,0.5499454236902467,0.0
2012-03-24,0.3531623118212165,0.2947842347309007,0.10615249182107363,0.5499454236902467,0.0
2012-03-25,0.3531623118212165,0.2947842347309007,0.10615249182107363,0.5499454236902467,0.0
2012-03-26,0.3531623118212165,0.2947842347309007,0.10615249182107363,0.5499454236902467,0.0
2012-03-27,0.3531623118212165,0.2947842347309007,0.10615249182107363,0.5499454236902467,0.0
2012-03-28,0.3531623118212165,0.2947842347309007,0.10615249182107363,0.5499454236902467,0.0
2012-03-29,0.3531623118212165,0.2947842347309007,0.10615249182107363,0.5499454236902467,0.0
2012-03-30,0.3531623118212165,0.2947842347309007,0.10615249182107363,0.5499454236902467,0.0
2012-03-31,0.3531623118212165,0.2947842347309007,0.10615249182107363,0.5499454236902467,0.0
2012-04-01,0.3531623118212165,0.2947842347309007,0.10615249182107363,0.5499454236902467,0.0
2012-04-02,0.3531623118212165,0.2947842347309007,0.10615249182107363,0.5499454236902467,0.0
2012-04-03,0.3531623118212165,0.2947842347309007,0.10615249182107363,0.5499454236902467,0.0
2012-04-04,0.3531623118212165,0.2947842347309007,0.10615249182107363,0.5499454236902467,0.0
2012-04-05,0.3531623118212165,0.2947842347309007,0.10615249182107363,0.5499454236902467,0.0
2012-04-06,0.3791126551673563,0.28558926448138994,0.09152889486975979,1.0217908871187031,-1.0
2012-04-07,0.3791126551673563,0.28558926448138994,0.09152889486975979,1.0217908871187031,-1.0
2012-04-08,0.3791126551673563,0.28558926448138994,0.09152889486975979,1.0217908871187031,-1.0
2012-04-09,0.3791126551673563,0.28558926448138994,0.09152889486975979,1.0217908871187031,-1.0
2012-04-10,0.3791126551673563,0.28558926448138994,0.09152889486975979,1.0217908871187031,-1.0
2012-04-11,0.3791126551673563,0.28558926448138994,0.09152889486975979,1.0217908871187031,-1.0
2012-04-12,0.3791126551673563,0.28558926448138994,0.09152889486975979,1.0217908871187031,-1.0
2012-04-13,0.3791126551673563,0.28558926448138994,0.09152889486975979,1.0217908871187031,-1.0
2012-04-14,0.3791126551673563,0.28558926448138994,0.09152889486975979,1.0217908871187031,-1.0
2012-04-15,0.3791126551673563,0.28558926448138994,0.09152889486975979,1.0217908871187031,-1.0
2012-04-16,0.3791126551673563,0.28558926448138994,0.09152889486975979,1.0217908871187031,-1.0
2012-04-17,0.3791126551673563,0.28558926448138994,0.09152889486975979,1.0217908871187031,-1.0
2012-04-18,0.3791126551673563,0.28558926448138994,0.09152889486975979,1.0217908871187031,-1.0
2012-04-19,0.3791126551673563,0.28558926448138994,0.09152889486975979,1.0217908871187031,-1.0
2012-04-20,0.3791126551673563,0.28558926448138994,0.09152889486975979,1.0217908871187031,-1.0
2012-04-21,0.3791126551673563,0.28558926448138994,0.09152889486975979,1.0217908871187031,-1.0
2012-04-22,0.39259906207016915,0.28266157631480215,0.08701974753631436,1.263362499523327,-1.0
2012-04-23,0.39259906207016915,0.28266157631480215,0.08701974753631436,1.263362499523327,-1.0
2012-04-24,0.39259906207016915,0.28266157631480215,0.08701974753631436,1.263362499523327,-1.0
2012-04-25,0.39259906207016915,0.28266157631480215,0.08701974753631436,1.263362499523327,-1.0
2012-04-26,0.39259906207016915,0.28266157631480215,0.08701974753631436,1.263362499523327,-1.0
2012-04-27,0.39259906207016915,0.28266157631480215,0.08701974753631436,1.263362499523327,-1.0
2012-04-28,0.39259906207016915,0.28266157631480215,0.08701974753631436,1.263362499523327,-1.0
2012-04-29,0.39259906207016915,0.28266157631480215,0.08701974753631436,1.263362499523327,-1.0
2012-04-30,0.39259906207016915,0.28266157631480215,0.08701974753631436,1.263362499523327,-1.0
2012-05-01,0.39259906207016915,0.28266157631480215,0.08701974753631436,1.263362499523327,-1.0
2012-05-02,0.39259906207016915,0.28266157631480215,0.08701974753631436,1.263362499523327,-1.0
2012-05-03,0.39259906207016915,0.28266157631480215,0.08701974753631436,1.263362499523327,-1.0
2012-05-04,0.39259906207016915,0.28266157631480215,0.08701974753631436,1.263362499523327,-1.0
2012-05-05,0.39259906207016915,0.28266157631480215,0.08701974753631436,1.263362499523327,-1.0
2012-05-06,0.39259906207016915,0.28266157631480215,0.08701974753631436,1.263362499523327,-1.0
2012-05-07,0.39259906207016915,0.28266157631480215,0.08701974753631436,1.263362499523327,-1.0
2012-05-08,0.48286059641310247,0.29038154778228104,0.10049525395848939,1.915304863156293,-1.0
2012-05-09,0.48286059641310247,0.29038154778228104,0.10049525395848939,1.915304863156293,-1.0
2012-05-10,0.48286059641310247,0.29038154778228104,0.10049525395848939,1.915304863156293,-1.0
2012-05-11,0.48286059641310247,0.29038154778228104,0.10049525395848939,1.915304863156293,-1.0
2012-05-12,0.48286059641310247,0.29038154778228104,0.10049525395848939,1.915304863156293,-1.0
2012-05-13,0.48286059641310247,0.29038154778228104,0.10049525395848939,1.915304863156293,-1.0
2012-05-14,0.48286059641310247,0.29038154778228104,0.10049525395848939,1.915304863156293,-1.0
2012-05-15,0.48286059641310247,0.29038154778228104,0.10049525395848939,1.915304863156293,-1.0
2012-05-16,0.48286059641310247,0.29038154778228104,0.10049525395848939,1.915304863156293,-1.0
2012-05-17,0.48286059641310247,0.29038154778228104,0.10049525395848939,1.915304863156293,-1.0
2012-05-18,0.48286059641310247,0.29038154778228104,0.10049525395848939,1.915304863156293,-1.0
2012-05-19,0.48286059641310247,0.29038154778228104,0.10049525395848939,1.915304863156293,-1.0
2012-05-20,0.48286059641310247,0.29038154778228104,0.10049525395848939,1.915304863156293,-1.0
2012-05-21,0.48286059641310247,0.29038154778228104,0.10049525395848939,1.915304863156293,-1.0
2012-05-22,0.48286059641310247,0.29038154778228104,0.10049525395848939,1.915304863156293,-1.0
2012-05-23,0.48286059641310247,0.29038154778228104,0.10049525395848939,1.915304863156293,-1.0
2012-05-24,0.5705223844292918,0.31108139077638247,0.12913056915349033,2.009136917413616,-1.0
2012-05-25,0.5705223844292918,0.31108139077638247,0.12913056915349033,2.009136917413616,-1.0
2012-05-26,0.5705223844292918,0.31108139077638247,0.12913056915349033,2.009136917413616,-1.0
2012-05-27,0.5705223844292918,0.31108139077638247,0.12913056915349033,2.009136917413616,-1.0
2012-05-28,0.5705223844292918,0.31108139077638247,0.12913056915349033,2.009136917413616,-1.0
2012-05-29,0.5705223844292918,0.31108139077638247,0.12913056915349033,2.009136917413616,-1.0
2012-05-30,0.5705223844292918,0.31108139077638247,0.12913056915349033,2.009136917413616,-1.0
2012-05-31,0.5705223844292918,0.31108139077638247,0.12913056915349033,2.009136917413616,-1.0
2012-06-01,0.5705223844292918,0.31108139077638247,0.12913056915349033,2.009136917413616,-1.0
2012-06-02,0.5705223844292918,0.31108139077638247,0.12913056915349033,2.009136917413616,-1.0
2012-06-03,0.5705223844292918,0.31108139077638247,0.12913056915349033,2.009136917413616,-1.0
2012-06-04,0.5705223844292918,0.31108139077638247,0.12913056915349033,2.009136917413616,-1.0
2012-06-05,0.5705223844292918,0.31108139077638247,0.12913056915349033,2.009136917413616,-1.0
2012-06-06,0.5705223844292918,0.31108139077638247,0.12913056915349033,2.009136917413616,-1.0
2012-06-07,0.5705223844292918,0.31108139077638247,0.12913056915349033,2.009136917413616,-1.0
2012-06-08,0.5705223844292918,0.31108139077638247,0.12913056915349033,2.009136917413616,-1.0
2012-06-09,0.6288224083816246,0.34202093691394503,0.15667806929956912,1.8305144603187187,-1.0
2012-06-10,0.6288224083816246,0.34202093691394503,0.15667806929956912,1.8305144603187187,-1.0
2012-06-11,0.6288224083816246,0.34202093691394503,0.15667806929956912,1.8305144603187187,-1.0
2012-06-12,0.6288224083816246,0.34202093691394503,0.15667806929956912,1.8305144603187187,-1.0
2012-06-13,0.6288224083816246,0.34202093691394503,0.15667806929956912,1.8305144603187187,-1.0
2012-06-14,0.6288224083816246,0.34202093691394503,0.15667806929956912,1.8305144603187187,-1.0
2012-06-15,0.6288224083816246,0.34202093691394503,0.15667806929956912,1.8305144603187187,-1.0
2012-06-16,0.6288224083816246,0.34202093691394503,0.15667806929956912,1.8305144603187187,-1.0
2012-06-17,0.6288224083816246,0.34202093691394503,0.15667806929956912,1.8305144603187187,-1.0
2012-06-18,0.6288224083816246,0.34202093691394503,0.15667806929956912,1.8305144603187187,-1.0
2012-06-19,0.6288224083816246,0.34202093691394503,0.15667806929956912,1.8305144603187187,-1.0
2012-06-20,0.6288224083816246,0.34202093691394503,0.15667806929956912,1.8305144603187187,-1.0
2012-06-21,0.6288224083816246,0.34202093691394503,0.15667806929956912,1.8305144603187187,-1.0
2012-06-22,0.6288224083816246,0.34202093691394503,0.15667806929956912,1.8305144603187187,-1.0
2012-06-23,0.6288224083816246,0.34202093691394503,0.15667806929956912,1.8305144603187187,-1.0
2012-06-24,0.6288224083816246,0.34202093691394503,0.15667806929956912,1.8305144603187187,-1.0
2012-06-25,0.7080905070944207,0.37859416268706864,0.1865190072567537,1.7665563915091087,-1.0
2012-06-26,0.7080905070944207,0.37859416268706864,0.1865190072567537,1.7665563915091087,-1.0
2012-06-27,0.7080905070944207,0.37859416268706864,0.1865190072567537,1.7665563915091087,-1.0
2012-06-28,0.7080905070944207,0.37859416268706864,0.1865190072567537,1.7665563915091087,-1.0
2012-06-29,0.7080905070944207,0.37859416268706864,0.1865190072567537,1.7665563915091087,-1.0
2012-06-30,0.7080905070944207,0.37859416268706864,0.1865190072567537,1.7665563915091087,-1.0
2012-07-01,0.7080905070944207,0.37859416268706864,0.1865190072567537,1.7665563915091087,-1.0
2012-07-02,0.7080905070944207,0.37859416268706864,0.1865190072567537,1.7665563915091087,-1.0
2012-07-03,0.7080905070944207,0.37859416268706864,0.1865190072567537,1.7665563915091087,-1.0
2012-07-04,0.7080905070944207,0.37859416268706864,0.1865190072567537,1.7665563915091087,-1.0
2012-07-05,0.7080905070944207,0.37859416268706864,0.1865190072567537,1.7665563915091087,-1.0
2012-07-06,0.7080905070944207,0.37859416268706864,0.1865190072567537,1.7665563915091087,-1.0
2012-07-07,0.7080905070944207,0.37859416268706864,0.1865190072567537,1.7665563915091087,-1.0
2012-07-08,0.7080905070944207,0.37859416268706864,0.1865190072567537,1.7665563915091087,-1.0
2012-07-09,0.7080905070944207,0.37859416268706864,0.1865190072567537,1.7665563915091087,-1.0
2012-07-10,0.7080905070944207,0.37859416268706864,0.1865190072567537,1.7665563915091087,-1.0
2012-07-11,0.7173426489844756,0.41697609914862427,0.20558375743870783,1.4610422222942483,-1.0
2012-07-12,0.7173426489844756,0.41697609914862427,0.20558375743870783,1.4610422222942483,-1.0
2012-07-13,0.7173426489844756,0.41697609914862427,0.20558375743870783,1.4610422222942483,-1.0
2012-07-14,0.7173426489844756,0.41697609914862427,0.20558375743870783,1.4610422222942483,-1.0
2012-07-15,0.7173426489844756,0.41697609914862427,0.20558375743870783,1.4610422222942483,-1.0
2012-07-16,0.7173426489844756,0.41697609914862427,0.20558375743870783,1.4610422222942483,-1.0
2012-07-17,0.7173426489844756,0.41697609914862427,0.20558375743870783,1.4610422222942483,-1.0
2012-07-18,0.7173426489844756,0.41697609914862427,0.20558375743870783,1.4610422222942483,-1.0
2012-07-19,0.7173426489844756,0.41697609914862427,0.20558375743870783,1.4610422222942483,-1.0
2012-07-20,0.7173426489844756,0.41697609914862427,0.20558375743870783,1.4610422222942483,-1.0
2012-07-21,0.7173426489844756,0.41697609914862427,0.20558375743870783,1.4610422222942483,-1.0
2012-07-22,0.7173426489844756,0.41697609914862427,0.20558375743870783,1.4610422222942483,-1.0
2012-07-23,0.7173426489844756,0.41697609914862427,0.20558375743870783,1.4610422222942483,-1.0
2012-07-24,0.7173426489844756,0.41697609914862427,0.20558375743870783,1.4610422222942483,-1.0
2012-07-25,0.7173426489844756,0.41697609914862427,0.20558375743870783,1.4610422222942483,-1.0
2012-07-26,0.7173426489844756,0.41697609914862427,0.20558375743870783,1.4610422222942483,-1.0
2012-07-27,0.7260389286783467,0.4666224757248567,0.2019587948807874,1.2845018861724682,-1.0
2012-07-28,0.7260389286783467,0.4666224757248567,0.2019587948807874,1.2845018861724682,-1.0
2012-07-29,0.7260389286783467,0.4666224757248567,0.2019587948807874,1.2845018861724682,-1.0
2012-07-30,0.7260389286783467,0.4666224757248567,0.2019587948807874,1.2845018861724682,-1.0
2012-07-31,0.7260389286783467,0.4666224757248567,0.2019587948807874,1.2845018861724682,-1.0
2012-08-01,0.7260389286783467,0.4666224757248567,0.2019587948807874,1.2845018861724682,-1.0
2012-08-02,0.7260389286783467,0.4666224757248567,0.2019587948807874,1.2845018861724682,-1.0
2012-08-03,0.7260389286783467,0.4666224757248567,0.2019587948807874,1.2845018861724682,-1.0
2012-08-04,0.7260389286783467,0.4666224757248567,0.2019587948807874,1.2845018861724682,-1.0
2012-08-05,0.7260389286783467,0.4666224757248567,0.2019587948807874,1.2845018861724682,-1.0
2012-08-06,0.7260389286783467,0.4666224757248567,0.2019587948807874,1.2845018861724682,-1.0
2012-08-07,0.7260389286783467,0.4666224757248567,0.2019587948807874,1.2845018861724682,-1.0
2012-08-08,0.7260389286783467,0.4666224757248567,0.2019587948807874,1.2845018861724682,-1.0
2012-08-09,0.7260389286783467,0.4666224757248567,0.2019587948807874,1.2845018861724682,-1.0
2012-08-10,0.7260389286783467,0.4666224757248567,0.2019587948807874,1.2845018861724682,-1.0
2012-08-11,0.7260389286783467,0.4666224757248567,0.2019587948807874,1.2845018861724682,-1.0
2012-08-12,0.7048093144699976,0.5084012757136315,0.19428089368975376,1.010948812444775,-1.0
2012-08-13,0.7048093144699976,0.5084012757136315,0.19428089368975376,1.010948812444775,-1.0
2012-08-14,0.7048093144699976,0.5084012757136315,0.19428089368975376,1.010948812444775,-1.0
2012-08-15,0.7048093144699976,0.5084012757136315,0.19428089368975376,1.010948812444775,-1.0
2012-08-16,0.7048093144699976,0.5084012757136315,0.19428089368975376,1.010948812444775,-1.0
2012-08-17,0.7048093144699976,0.5084012757136315,0.19428089368975376,1.010948812444775,-1.0
2012-08-18,0.7048093144699976,0.5084012757136315,0.19428089368975376,1.010948812444775,-1.0
2012-08-19,0.7048093144699976,0.5084012757136315,0.19428089368975376,1.010948812444775,-1.0
2012-08-20,0.7048093144699976,0.5084012757136315,0.19428089368975376,1.010948812444775,-1.0
2012-08-21,0.7048093144699976,0.5084012757136315,0.19428089368975376,1.010948812444775,-1.0
2012-08-22,0.7048093144699976,0.5084012757136315,0.19428089368975376,1.010948812444775,-1.0
2012-08-23,0.7048093144699976,0.5084012757136315,0.19428089368975376,1.010948812444775,-1.0
2012-08-24,0.7048093144699976,0.5084012757136315,0.19428089368975376,1.010948812444775,-1.0
2012-08-25,0.7048093144699976,0.5084012757136315,0.19428089368975376,1.010948812444775,-1.0
2012-08-26,0.7048093144699976,0.5084012757136315,0.19428089368975376,1.010948812444775,-1.0
2012-08-27,0.7048093144699976,0.5084012757136315,0.19428089368975376,1.010948812444775,-1.0
2012-08-28,0.6413165377867308,0.5476402634162342,0.16519241064255155,0.5670737172859367,0.0
2012-08-29,0.6413165377867308,0.5476402634162342,0.16519241064255155,0.5670737172859367,0.0
2012-08-30,0.6413165377867308,0.5476402634162342,0.16519241064255155,0.5670737172859367,0.0
2012-08-31,0.6413165377867308,0.5476402634162342,0.16519241064255155,0.5670737172859367,0.0
2012-09-01,0.6413165377867308,0.5476402634162342,0.16519241064255155,0.5670737172859367,0.0
2012-09-02,0.6413165377867308,0.5476402634162342,0.16519241064255155,0.5670737172859367,0.0
2012-09-03,0.6413165377867308,0.5476402634162342,0.16519241064255155,0.5670737172859367,0.0
2012-09-04,0.6413165377867308,0.5476402634162342,0.16519241064255155,0.5670737172859367,0.0
2012-09-05,0.6413165377867308,0.5476402634162342,0.16519241064255155,0.5670737172859367,0.0
2012-09-06,0.6413165377867308,0.5476402634162342,0.16519241064255155,0.5670737172859367,0.0
2012-09-07,0.6413165377867308,0.5476402634162342,0.16519241064255155,0.5670737172859367,0.0
2012-09-08,0.6413165377867308,0.5476402634162342,0.16519241064255155,0.5670737172859367,0.0
2012-09-09,0.6413165377867308,0.5476402634162342,0.16519241064255155,0.5670737172859367,0.0
2012-09-10,0.6413165377867308,0.5476402634162342,0.16519241064255155,0.5670737172859367,0.0
2012-09-11,0.6413165377867308,0.5476402634162342,0.16519241064255155,0.5670737172859367,0.0
2012-09-12,0.6413165377867308,0.5476402634162342,0.16519241064255155,0.5670737172859367,0.0
2012-09-13,0.5451250549105627,0.5708168675172746,0.13979810948001806,-0.18377796883143166,0.0
2012-09-14,0.5451250549105627,0.5708168675172746,0.13979810948001806,-0.18377796883143166,0.0
2012-09-15,0.5451250549105627,0.5708168675172746,0.13979810948001806,-0.18377796883143166,0.0
2012-09-16,0.5451250549105627,0.5708168675172746,0.13979810948001806,-0.18377796883143166,0.0
2012-09-17,0.5451250549105627,0.5708168675172746,0.13979810948001806,-0.18377796883143166,0.0
2012-09-18,0.5451250549105627,0.5708168675172746,0.13979810948001806,-0.18377796883143166,0.0
2012-09-19,0.5451250549105627,0.5708168675172746,0.13979810948001806,-0.18377796883143166,0.0
2012-09-20,0.5451250549105627,0.5708168675172746,0.13979810948001806,-0.18377796883143166,0.0
2012-09-21,0.5451250549105627,0.5708168675172746,0.13979810948001806,-0.18377796883143166,0.0
2012-09-22,0.5451250549105627,0.5708168675172746,0.13979810948001806,-0.18377796883143166,0.0
2012-09-23,0.5451250549105627,0.5708168675172746,0.13979810948001806,-0.18377796883143166,0.0
2012-09-24,0.5451250549105627,0.5708168675172746,0.13979810948001806,-0.18377796883143166,0.0
2012-09-25,0.5451250549105627,0.5708168675172746,0.13979810948001806,-0.18377796883143166,0.0
2012-09-26,0.5451250549105627,0.5708168675172746,0.13979810948001806,-0.18377796883143166,0.0
2012-09-27,0.5451250549105627,0.5708168675172746,0.13979810948001806,-0.18377796883143166,0.0
2012-09-28,0.5451250549105627,0.5708168675172746,0.13979810948001806,-0.18377796883143166,0.0
2012-09-29,0.4285486469672717,0.5770990621127792,0.13051359207936392,-1.1381988096318396,1.0
2012-09-30,0.4285486469672717,0.5770990621127792,0.13051359207936392,-1.1381988096318396,1.0
2012-10-01,0.4285486469672717,0.5770990621127792,0.13051359207936392,-1.1381988096318396,1.0
2012-10-02,0.4285486469672717,0.5770990621127792,0.13051359207936392,-1.1381988096318396,1.0
2012-10-03,0.4285486469672717,0.5770990621127792,0.13051359207936392,-1.1381988096318396,1.0
2012-10-04,0.4285486469672717,0.5770990621127792,0.13051359207936392,-1.1381988096318396,1.0
2012-10-05,0.4285486469672717,0.5770990621127792,0.13051359207936392,-1.1381988096318396,1.0
2012-10-06,0.4285486469672717,0.5770990621127792,0.13051359207936392,-1.1381988096318396,1.0
2012-10-07,0.4285486469672717,0.5770990621127792,0.13051359207936392,-1.1381988096318396,1.0
2012-10-08,0.4285486469672717,0.5770990621127792,0.13051359207936392,-1.1381988096318396,1.0
2012-10-09,0.4285486469672717,0.5770990621127792,0.13051359207936392,-1.1381988096318396,1.0
2012-10-10,0.4285486469672717,0.5770990621127792,0.13051359207936392,-1.1381988096318396,1.0
2012-10-11,0.4285486469672717,0.5770990621127792,0.13051359207936392,-1.1381988096318396,1.0
2012-10-12,0.4285486469672717,0.5770990621127792,0.13051359207936392,-1.1381988096318396,1.0
2012-10-13,0.4285486469672717,0.5770990621127792,0.13051359207936392,-1.1381988096318396,1.0
2012-10-14,0.4285486469672717,0.5770990621127792,0.13051359207936392,-1.1381988096318396,1.0
2012-10-15,0.37034815696626466,0.5763686872626882,0.13174103142381935,-1.5638296441876356,1.0
2012-10-16,0.37034815696626466,0.5763686872626882,0.13174103142381935,-1.5638296441876356,1.0
2012-10-17,0.37034815696626466,0.5763686872626882,0.13174103142381935,-1.5638296441876356,1.0
2012-10-18,0.37034815696626466,0.5763686872626882,0.13174103142381935,-1.5638296441876356,1.0
2012-10-19,0.37034815696626466,0.5763686872626882,0.13174103142381935,-1.5638296441876356,1.0
2012-10-20,0.37034815696626466,0.5763686872626882,0.13174103142381935,-1.5638296441876356,1.0
2012-10-21,0.37034815696626466,0.5763686872626882,0.13174103142381935,-1.5638296441876356,1.0
2012-10-22,0.37034815696626466,0.5763686872626882,0.13174103142381935,-1.5638296441876356,1.0
2012-10-23,0.37034815696626466,0.5763686872626882,0.13174103142381935,-1.5638296441876356,1.0
2012-10-24,0.37034815696626466,0.5763686872626882,0.13174103142381935,-1.5638296441876356,1.0
2012-10-25,0.37034815696626466,0.5763686872626882,0.13174103142381935,-1.5638296441876356,1.0
2012-10-26,0.37034815696626466,0.5763686872626882,0.13174103142381935,-1.5638296441876356,1.0
2012-10-27,0.37034815696626466,0.5763686872626882,0.13174103142381935,-1.5638296441876356,1.0
2012-10-28,0.37034815696626466,0.5763686872626882,0.13174103142381935,-1.5638296441876356,1.0
2012-10-29,0.37034815696626466,0.5763686872626882,0.13174103142381935,-1.5638296441876356,1.0
2012-10-30,0.37034815696626466,0.5763686872626882,0.13174103142381935,-1.5638296441876356,1.0
2012-10-31,0.3212801306803441,0.5704254429802028,0.14199478981842917,-1.754608831904639,1.0
2012-11-01,0.3212801306803441,0.5704254429802028,0.14199478981842917,-1.754608831904639,1.0
2012-11-02,0.3212801306803441,0.5704254429802028,0.14199478981842917,-1.754608831904639,1.0
2012-11-03,0.3212801306803441,0.5704254429802028,0.14199478981842917,-1.754608831904639,1.0
2012-11-04,0.3212801306803441,0.5704254429802028,0.14199478981842917,-1.754608831904639,1.0
2012-11-05,0.3212801306803441,0.5704254429802028,0.14199478981842917,-1.754608831904639,1.0
2012-11-06,0.3212801306803441,0.5704254429802028,0.14199478981842917,-1.754608831904639,1.0
2012-11-07,0.3212801306803441,0.5704254429802028,0.14199478981842917,-1.754608831904639,1.0
2012-11-08,0.3212801306803441,0.5704254429802028,0.14199478981842917,-1.754608831904639,1.0
2012-11-09,0.3212801306803441,0.5704254429802028,0.14199478981842917,-1.754608831904639,1.0
2012-11-10,0.3212801306803441,0.5704254429802028,0.14199478981842917,-1.754608831904639,1.0
2012-11-11,0.3212801306803441,0.5704254429802028,0.14199478981842917,-1.754608831904639,1.0
2012-11-12,0.3212801306803441,0.5704254429802028,0.14199478981842917,-1.754608831904639,1.0
2012-11-13,0.3212801306803441,0.5704254429802028,0.14199478981842917,-1.754608831904639,1.0
2012-11-14,0.3212801306803441,0.5704254429802028,0.14199478981842917,-1.754608831904639,1.0
2012-11-15,0.3212801306803441,0.5704254429802028,0.14199478981842917,-1.754608831904639,1.0
2012-11-16,0.2926797504384141,0.5545770391489787,0.16187782379835555,-1.6178700860026334,1.0
2012-11-17,0.2926797504384141,0.5545770391489787,0.16187782379835555,-1.6178700860026334,1.0
2012-11-18,0.2926797504384141,0.5545770391489787,0.16187782379835555,-1.6178700860026334,1.0
2012-11-19,0.2926797504384141,0.5545770391489787,0.16187782379835555,-1.6178700860026334,1.0
2012-11-20,0.2926797504384141,0.5545770391489787,0.16187782379835555,-1.6178700860026334,1.0
2012-11-21,0.2926797504384141,0.5545770391489787,0.16187782379835555,-1.6178700860026334,1.0
2012-11-22,0.2926797504384141,0.5545770391489787,0.16187782379835555,-1.6178700860026334,1.0
2012-11-23,0.2926797504384141,0.5545770391489787,0.16187782379835555,-1.6178700860026334,1.0
2012-11-24,0.2926797504384141,0.5545770391489787,0.16187782379835555,-1.6178700860026334,1.0
2012-11-25,0.2926797504384141,0.5545770391489787,0.16187782379835555,-1.6178700860026334,1.0
2012-11-26,0.2926797504384141,0.5545770391489787,0.16187782379835555,-1.6178700860026334,1.0
2012-11-27,0.2926797504384141,0.5545770391489787,0.16187782379835555,-1.6178700860026334,1.0
2012-11-28,0.2926797504384141,0.5545770391489787,0.16187782379835555,-1.6178700860026334,1.0
2012-11-29,0.2926797504384141,0.5545770391489787,0.16187782379835555,-1.6178700860026334,1.0
2012-11-30,0.2926797504384141,0.5545770391489787,0.16187782379835555,-1.6178700860026334,1.0
2012-12-01,0.2926797504384141,0.5545770391489787,0.16187782379835555,-1.6178700860026334,1.0
2012-12-02,0.26183291631144506,0.5288529168058249,0.1823465307371225,-1.464354706475473,1.0
2012-12-03,0.26183291631144506,0.5288529168058249,0.1823465307371225,-1.464354706475473,1.0
2012-12-04,0.26183291631144506,0.5288529168058249,0.1823465307371225,-1.464354706475473,1.0
2012-12-05,0.26183291631144506,0.5288529168058249,0.1823465307371225,-1.464354706475473,1.0
2012-12-06,0.26183291631144506,0.5288529168058249,0.1823465307371225,-1.464354706475473,1.0
2012-12-07,0.26183291631144506,0.5288529168058249,0.1823465307371225,-1.464354706475473,1.0
2012-12-08,0.26183291631144506,0.5288529168058249,0.1823465307371225,-1.464354706475473,1.0
2012-12-09,0.26183291631144506,0.5288529168058249,0.1823465307371225,-1.464354706475473,1.0
2012-12-10,0.26183291631144506,0.5288529168058249,0.1823465307371225,-1.464354706475473,1.0
2012-12-11,0.26183291631144506,0.5288529168058249,0.1823465307371225,-1.464354706475473,1.0
2012-12-12,0.26183291631144506,0.5288529168058249,0.1823465307371225,-1.464354706475473,1.0
2012-12-13,0.26183291631144506,0.5288529168058249,0.1823465307371225,-1.464354706475473,1.0
2012-12-14,0.26183291631144506,0.5288529168058249,0.1823465307371225,-1.464354706475473,1.0
2012-12-15,0.26183291631144506,0.5288529168058249,0.1823465307371225,-1.464354706475473,1.0
2012-12-16,0.26183291631144506,0.5288529168058249,0.1823465307371225,-1.464354706475473,1.0
2012-12-17,0.26183291631144506,0.5288529168058249,0.1823465307371225,-1.464354706475473,1.0
2012-12-18,0.06606127211031183,0.48195615544988213,0.22229042477976402,-1.870952758093928,1.0
2012-12-19,0.06606127211031183,0.48195615544988213,0.22229042477976402,-1.870952758093928,1.0
2012-12-20,0.06606127211031183,0.48195615544988213,0.22229042477976402,-1.870952758093928,1.0
2012-12-21,0.06606127211031183,0.48195615544988213,0.22229042477976402,-1.870952758093928,1.0
2012-12-22,0.06606127211031183,0.48195615544988213,0.22229042477976402,-1.870952758093928,1.0
2012-12-23,0.06606127211031183,0.48195615544988213,0.22229042477976402,-1.870952758093928,1.0
2012-12-24,0.06606127211031183,0.48195615544988213,0.22229042477976402,-1.870952758093928,1.0
2012-12-25,0.06606127211031183,0.48195615544988213,0.22229042477976402,-1.870952758093928,1.0
2012-12-26,0.06606127211031183,0.48195615544988213,0.22229042477976402,-1.870952758093928,1.0
2012-12-27,0.06606127211031183,0.48195615544988213,0.22229042477976402,-1.870952758093928,1.0
2012-12-28,0.06606127211031183,0.48195615544988213,0.22229042477976402,-1.870952758093928,1.0
2012-12-29,0.06606127211031183,0.48195615544988213,0.22229042477976402,-1.870952758093928,1.0
2012-12-30,0.06606127211031183,0.48195615544988213,0.22229042477976402,-1.870952758093928,1.0
2012-12-31,0.06606127211031183,0.48195615544988213,0.22229042477976402,-1.870952758093928,1.0
2013-01-01,0.07856976090396943,0.42949609326734456,0.23781247449067427,-1.475643080183065,1.0
2013-01-02,0.07856976090396943,0.42949609326734456,0.23781247449067427,-1.475643080183065,1.0
2013-01-03,0.07856976090396943,0.42949609326734456,0.23781247449067427,-1.475643080183065,1.0
2013-01-04,0.07856976090396943,0.42949609326734456,0.23781247449067427,-1.475643080183065,1.0
2013-01-05,0.07856976090396943,0.42949609326734456,0.23781247449067427,-1.475643080183065,1.0
2013-01-06,0.07856976090396943,0.42949609326734456,0.23781247449067427,-1.475643080183065,1.0
2013-01-07,0.07856976090396943,0.42949609326734456,0.23781247449067427,-1.475643080183065,1.0
2013-01-08,0.07856976090396943,0.42949609326734456,0.23781247449067427,-1.475643080183065,1.0
2013-01-09,0.07856976090396943,0.42949609326734456,0.23781247449067427,-1.475643080183065,1.0
2013-01-10,0.07856976090396943,0.42949609326734456,0.23781247449067427,-1.475643080183065,1.0
2013-01-11,0.07856976090396943,0.42949609326734456,0.23781247449067427,-1.475643080183065,1.0
2013-01-12,0.07856976090396943,0.42949609326734456,0.23781247449067427,-1.475643080183065,1.0
2013-01-13,0.07856976090396943,0.42949609326734456,0.23781247449067427,-1.475643080183065,1.0
2013-01-14,0.07856976090396943,0.42949609326734456,0.23781247449067427,-1.475643080183065,1.0
2013-01-15,0.07856976090396943,0.42949609326734456,0.23781247449067427,-1.475643080183065,1.0
2013-01-16,0.07856976090396943,0.42949609326734456,0.23781247449067427,-1.475643080183065,1.0
2013-01-17,0.11572598356421235,0.3793613711489892,0.23501192639358026,-1.1217957813054142,1.0
2013-01-18,0.11572598356421235,0.3793613711489892,0.23501192639358026,-1.1217957813054142,1.0
2013-01-19,0.11572598356421235,0.3793613711489892,0.23501192639358026,-1.1217957813054142,1.0
2013-01-20,0.11572598356421235,0.3793613711489892,0.23501192639358026,-1.1217957813054142,1.0
2013-01-21,0.11572598356421235,0.3793613711489892,0.23501192639358026,-1.1217957813054142,1.0
2013-01-22,0.11572598356421235,0.3793613711489892,0.23501192639358026,-1.1217957813054142,1.0
2013-01-23,0.11572598356421235,0.3793613711489892,0.23501192639358026,-1.1217957813054142,1.0
2013-01-24,0.11572598356421235,0.3793613711489892,0.23501192639358026,-1.1217957813054142,1.0
2013-01-25,0.11572598356421235,0.3793613711489892,0.23501192639358026,-1.1217957813054142,1.0
2013-01-26,0.11572598356421235,0.3793613711489892,0.23501192639358026,-1.1217957813054142,1.0
2013-01-27,0.11572598356421235,0.3793613711489892,0.23501192639358026,-1.1217957813054142,1.0
2013-01-28,0.11572598356421235,0.3793613711489892,0.23501192639358026,-1.1217957813054142,1.0
2013-01-29,0.11572598356421235,0.3793613711489892,0.23501192639358026,-1.1217957813054142,1.0
2013-01-30,0.11572598356421235,0.3793613711489892,0.23501192639358026,-1.1217957813054142,1.0
2013-01-31,0.11572598356421235,0.3793613711489892,0.23501192639358026,-1.1217957813054142,1.0
2013-02-01,0.11572598356421235,0.3793613711489892,0.23501192639358026,-1.1217957813054142,1.0
2013-02-02,0.0717399088172372,0.3248364528272301,0.2228547622425683,-1.1357017524018969,1.0
2013-02-03,0.0717399088172372,0.3248364528272301,0.2228547622425683,-1.1357017524018969,1.0
2013-02-04,0.0717399088172372,0.3248364528272301,0.2228547622425683,-1.1357017524018969,1.0
2013-02-05,0.0717399088172372,0.3248364528272301,0.2228547622425683,-1.1357017524018969,1.0
2013-02-06,0.0717399088172372,0.3248364528272301,0.2228547622425683,-1.1357017524018969,1.0
2013-02-07,0.0717399088172372,0.3248364528272301,0.2228547622425683,-1.1357017524018969,1.0
2013-02-08,0.0717399088172372,0.3248364528272301,0.2228547622425683,-1.1357017524018969,1.0
2013-02-09,0.0717399088172372,0.3248364528272301,0.2228547622425683,-1.1357017524018969,1.0
2013-02-10,0.0717399088172372,0.3248364528272301,0.2228547622425683,-1.1357017524018969,1.0
2013-02-11,0.0717399088172372,0.3248364528272301,0.2228547622425683,-1.1357017524018969,1.0
2013-02-12,0.0717399088172372,0.3248364528272301,0.2228547622425683,-1.1357017524018969,1.0
2013-02-13,0.0717399088172372,0.3248364528272301,0.2228547622425683,-1.1357017524018969,1.0
2013-02-14,0.0717399088172372,0.3248364528272301,0.2228547622425683,-1.1357017524018969,1.0
2013-02-15,0.0717399088172372,0.3248364528272301,0.2228547622425683,-1.1357017524018969,1.0
2013-02-16,0.0717399088172372,0.3248364528272301,0.2228547622425683,-1.1357017524018969,1.0
2013-02-17,0.0717399088172372,0.3248364528272301,0.2228547622425683,-1.1357017524018969,1.0
2013-02-18,0.05935693169665062,0.2710487542627846,0.19947414914504139,-1.0612494073716232,1.0
2013-02-19,0.05935693169665062,0.2710487542627846,0.19947414914504139,-1.0612494073716232,1.0
2013-02-20,0.05935693169665062,0.2710487542627846,0.19947414914504139,-1.0612494073716232,1.0
2013-02-21,0.05935693169665062,0.2710487542627846,0.19947414914504139,-1.0612494073716232,1.0
2013-02-22,0.05935693169665062,0.2710487542627846,0.19947414914504139,-1.0612494073716232,1.0
2013-02-23,0.05935693169665062,0.2710487542627846,0.19947414914504139,-1.0612494073716232,1.0
2013-02-24,0.05935693169665062,0.2710487542627846,0.19947414914504139,-1.0612494073716232,1.0
2013-02-25,0.05935693169665062,0.2710487542627846,0.19947414914504139,-1.0612494073716232,1.0
2013-02-26,0.05935693169665062,0.2710487542627846,0.19947414914504139,-1.0612494073716232,1.0
2013-02-27,0.05935693169665062,0.2710487542627846,0.19947414914504139,-1.0612494073716232,1.0
2013-02-28,0.05935693169665062,0.2710487542627846,0.19947414914504139,-1.0612494073716232,1.0
2013-03-01,0.05935693169665062,0.2710487542627846,0.19947414914504139,-1.0612494073716232,1.0
2013-03-02,0.05935693169665062,0.2710487542627846,0.19947414914504139,-1.0612494073716232,1.0
2013-03-03,0.05935693169665062,0.2710487542627846,0.19947414914504139,-1.0612494073716232,1.0
2013-03-04,0.05935693169665062,0.2710487542627846,0.19947414914504139,-1.0612494073716232,1.0
2013-03-05,0.05935693169665062,0.2710487542627846,0.19947414914504139,-1.0612494073716232,1.0
2013-03-06,0.07005170972693109,0.22344335192446793,0.16889899788803756,-0.9081856264133641,0.0
2013-03-07,0.07005170972693109,0.22344335192446793,0.16889899788803756,-0.9081856264133641,0.0
2013-03-08,0.07005170972693109,0.22344335192446793,0.16889899788803756,-0.9081856264133641,0.0
2013-03-09,0.07005170972693109,0.22344335192446793,0.16889899788803756,-0.9081856264133641,0.0
2013-03-10,0.07005170972693109,0.22344335192446793,0.16889899788803756,-0.9081856264133641,0.0
2013-03-11,0.07005170972693109,0.22344335192446793,0.16889899788803756,-0.9081856264133641,0.0
2013-03-12,0.07005170972693109,0.22344335192446793,0.16889899788803756,-0.9081856264133641,0.0
2013-03-13,0.07005170972693109,0.22344335192446793,0.16889899788803756,-0.9081856264133641,0.0
2013-03-14,0.07005170972693109,0.22344335192446793,0.16889899788803756,-0.9081856264133641,0.0
2013-03-15,0.07005170972693109,0.22344335192446793,0.16889899788803756,-0.9081856264133641,0.0
2013-03-16,0.07005170972693109,0.22344335192446793,0.16889899788803756,-0.9081856264133641,0.0
2013-03-17,0.07005170972693109,0.22344335192446793,0.16889899788803756,-0.9081856264133641,0.0
2013-03-18,0.07005170972693109,0.22344335192446793,0.16889899788803756,-0.9081856264133641,0.0
2013-03-19,0.07005170972693109,0.22344335192446793,0.16889899788803756,-0.9081856264133641,0.0
2013-03-20,0.07005170972693109,0.22344335192446793,0.16889899788803756,-0.9081856264133641,0.0
2013-03-21,0.07005170972693109,0.22344335192446793,0.16889899788803756,-0.9081856264133641,0.0
2013-03-22,0.1274330592418612,0.18863568561874278,0.13651358940831881,-0.4483262555921925,0.0
2013-03-23,0.1274330592418612,0.18863568561874278,0.13651358940831881,-0.4483262555921925,0.0
2013-03-24,0.1274330592418612,0.18863568561874278,0.13651358940831881,-0.4483262555921925,0.0
2013-03-25,0.1274330592418612,0.18863568561874278,0.13651358940831881,-0.4483262555921925,0.0
2013-03-26,0.1274330592418612,0.18863568561874278,0.13651358940831881,-0.4483262555921925,0.0
2013-03-27,0.1274330592418612,0.18863568561874278,0.13651358940831881,-0.4483262555921925,0.0
2013-03-28,0.1274330592418612,0.18863568561874278,0.13651358940831881,-0.4483262555921925,0.0
2013-03-29,0.1274330592418612,0.18863568561874278,0.13651358940831881,-0.4483262555921925,0.0
2013-03-30,0.1274330592418612,0.18863568561874278,0.13651358940831881,-0.4483262555921925,0.0
2013-03-31,0.1274330592418612,0.18863568561874278,0.13651358940831881,-0.4483262555921925,0.0
2013-04-01,0.1274330592418612,0.18863568561874278,0.13651358940831881,-0.4483262555921925,0.0
2013-04-02,0.1274330592418612,0.18863568561874278,0.13651358940831881,-0.4483262555921925,0.0
2013-04-03,0.1274330592418612,0.18863568561874278,0.13651358940831881,-0.4483262555921925,0.0
2013-04-04,0.1274330592418612,0.18863568561874278,0.13651358940831881,-0.4483262555921925,0.0
2013-04-05,0.1274330592418612,0.18863568561874278,0.13651358940831881,-0.4483262555921925,0.0
2013-04-06,0.1274330592418612,0.18863568561874278,0.13651358940831881,-0.4483262555921925,0.0
2013-04-07,0.14165223988659195,0.1647276516953528,0.11393205596536085,-0.20253660493738962,0.0
2013-04-08,0.14165223988659195,0.1647276516953528,0.11393205596536085,-0.20253660493738962,0.0
2013-04-09,0.14165223988659195,0.1647276516953528,0.11393205596536085,-0.20253660493738962,0.0
2013-04-10,0.14165223988659195,0.1647276516953528,0.11393205596536085,-0.20253660493738962,0.0
2013-04-11,0.14165223988659195,0.1647276516953528,0.11393205596536085,-0.20253660493738962,0.0
2013-04-12,0.14165223988659195,0.1647276516953528,0.11393205596536085,-0.20253660493738962,0.0
2013-04-13,0.14165223988659195,0.1647276516953528,0.11393205596536085,-0.20253660493738962,0.0
2013-04-14,0.14165223988659195,0.1647276516953528,0.11393205596536085,-0.20253660493738962,0.0
2013-04-15,0.14165223988659195,0.1647276516953528,0.11393205596536085,-0.20253660493738962,0.0
2013-04-16,0.14165223988659195,0.1647276516953528,0.11393205596536085,-0.20253660493738962,0.0
2013-04-17,0.14165223988659195,0.1647276516953528,0.11393205596536085,-0.20253660493738962,0.0
2013-04-18,0.14165223988659195,0.1647276516953528,0.11393205596536085,-0.20253660493738962,0.0
2013-04-19,0.14165223988659195,0.1647276516953528,0.11393205596536085,-0.20253660493738962,0.0
2013-04-20,0.14165223988659195,0.1647276516953528,0.11393205596536085,-0.20253660493738962,0.0
2013-04-21,0.14165223988659195,0.1647276516953528,0.11393205596536085,-0.20253660493738962,0.0
2013-04-22,0.14165223988659195,0.1647276516953528,0.11393205596536085,-0.20253660493738962,0.0
2013-04-23,0.30200455720704644,0.15903235171541794,0.10399369143370683,1.3748161404845354,-1.0
2013-04-24,0.30200455720704644,0.15903235171541794,0.10399369143370683,1.3748161404845354,-1.0
2013-04-25,0.30200455720704644,0.15903235171541794,0.10399369143370683,1.3748161404845354,-1.0
2013-04-26,0.30200455720704644,0.15903235171541794,0.10399369143370683,1.3748161404845354,-1.0
2013-04-27,0.30200455720704644,0.15903235171541794,0.10399369143370683,1.3748161404845354,-1.0
2013-04-28,0.30200455720704644,0.15903235171541794,0.10399369143370683,1.3748161404845354,-1.0
2013-04-29,0.30200455720704644,0.15903235171541794,0.10399369143370683,1.3748161404845354,-1.0
2013-04-30,0.30200455720704644,0.15903235171541794,0.10399369143370683,1.3748161404845354,-1.0
2013-05-01,0.30200455720704644,0.15903235171541794,0.10399369143370683,1.3748161404845354,-1.0
2013-05-02,0.30200455720704644,0.15903235171541794,0.10399369143370683,1.3748161404845354,-1.0
2013-05-03,0.30200455720704644,0.15903235171541794,0.10399369143370683,1.3748161404845354,-1.0
2013-05-04,0.30200455720704644,0.15903235171541794,0.10399369143370683,1.3748161404845354,-1.0
2013-05-05,0.30200455720704644,0.15903235171541794,0.10399369143370683,1.3748161404845354,-1.0
2013-05-06,0.30200455720704644,0.15903235171541794,0.10399369143370683,1.3748161404845354,-1.0
2013-05-07,0.30200455720704644,0.15903235171541794,0.10399369143370683,1.3748161404845354,-1.0
2013-05-08,0.30200455720704644,0.15903235171541794,0.10399369143370683,1.3748161404845354,-1.0
2013-05-09,0.38163114516054847,0.16406160292210165,0.11357173427553359,1.9157015046596604,-1.0
2013-05-10,0.38163114516054847,0.16406160292210165,0.11357173427553359,1.9157015046596604,-1.0
2013-05-11,0.38163114516054847,0.16406160292210165,0.11357173427553359,1.9157015046596604,-1.0
2013-05-12,0.38163114516054847,0.16406160292210165,0.11357173427553359,1.9157015046596604,-1.0
2013-05-13,0.38163114516054847,0.16406160292210165,0.11357173427553359,1.9157015046596604,-1.0
2013-05-14,0.38163114516054847,0.16406160292210165,0.11357173427553359,1.9157015046596604,-1.0
2013-05-15,0.38163114516054847,0.16406160292210165,0.11357173427553359,1.9157015046596604,-1.0
2013-05-16,0.38163114516054847,0.16406160292210165,0.11357173427553359,1.9157015046596604,-1.0
2013-05-17,0.38163114516054847,0.16406160292210165,0.11357173427553359,1.9157015046596604,-1.0
2013-05-18,0.38163114516054847,0.16406160292210165,0.11357173427553359,1.9157015046596604,-1.0
2013-05-19,0.38163114516054847,0.16406160292210165,0.11357173427553359,1.9157015046596604,-1.0
2013-05-20,0.38163114516054847,0.16406160292210165,0.11357173427553359,1.9157015046596604,-1.0
2013-05-21,0.38163114516054847,0.16406160292210165,0.11357173427553359,1.9157015046596604,-1.0
2013-05-22,0.38163114516054847,0.16406160292210165,0.11357173427553359,1.9157015046596604,-1.0
2013-05-23,0.38163114516054847,0.16406160292210165,0.11357173427553359,1.9157015046596604,-1.0
2013-05-24,0.38163114516054847,0.16406160292210165,0.11357173427553359,1.9157015046596604,-1.0
2013-05-25,0.4957854317033659,0.18098707636084765,0.1452096722257921,2.1678883404751867,-1.0
2013-05-26,0.4957854317033659,0.18098707636084765,0.1452096722257921,2.1678883404751867,-1.0
2013-05-27,0.4957854317033659,0.18098707636084765,0.1452096722257921,2.1678883404751867,-1.0
2013-05-28,0.4957854317033659,0.18098707636084765,0.1452096722257921,2.1678883404751867,-1.0
2013-05-29,0.4957854317033659,0.18098707636084765,0.1452096722257921,2.1678883404751867,-1.0
2013-05-30,0.4957854317033659,0.18098707636084765,0.1452096722257921,2.1678883404751867,-1.0
2013-05-31,0.4957854317033659,0.18098707636084765,0.1452096722257921,2.1678883404751867,-1.0
2013-06-01,0.4957854317033659,0.18098707636084765,0.1452096722257921,2.1678883404751867,-1.0
2013-06-02,0.4957854317033659,0.18098707636084765,0.1452096722257921,2.1678883404751867,-1.0
2013-06-03,0.4957854317033659,0.18098707636084765,0.1452096722257921,2.1678883404751867,-1.0
2013-06-04,0.4957854317033659,0.18098707636084765,0.1452096722257921,2.1678883404751867,-1.0
2013-06-05,0.4957854317033659,0.18098707636084765,0.1452096722257921,2.1678883404751867,-1.0
2013-06-06,0.4957854317033659,0.18098707636084765,0.1452096722257921,2.1678883404751867,-1.0
2013-06-07,0.4957854317033659,0.18098707636084765,0.1452096722257921,2.1678883404751867,-1.0
2013-06-08,0.4957854317033659,0.18098707636084765,0.1452096722257921,2.1678883404751867,-1.0
2013-06-09,0.4957854317033659,0.18098707636084765,0.1452096722257921,2.1678883404751867,-1.0
2013-06-10,0.5849706485294613,0.207915220712349,0.18584194536642593,2.0289037928099027,-1.0
2013-06-11,0.5849706485294613,0.207915220712349,0.18584194536642593,2.0289037928099027,-1.0
2013-06-12,0.5849706485294613,0.207915220712349,0.18584194536642593,2.0289037928099027,-1.0
2013-06-13,0.5849706485294613,0.207915220712349,0.18584194536642593,2.0289037928099027,-1.0
2013-06-14,0.5849706485294613,0.207915220712349,0.18584194536642593,2.0289037928099027,-1.0
2013-06-15,0.5849706485294613,0.207915220712349,0.18584194536642593,2.0289037928099027,-1.0
2013-06-16,0.5849706485294613,0.207915220712349,0.18584194536642593,2.0289037928099027,-1.0
2013-06-17,0.5849706485294613,0.207915220712349,0.18584194536642593,2.0289037928099027,-1.0
2013-06-18,0.5849706485294613,0.207915220712349,0.18584194536642593,2.0289037928099027,-1.0
2013-06-19,0.5849706485294613,0.207915220712349,0.18584194536642593,2.0289037928099027,-1.0
2013-06-20,0.5849706485294613,0.207915220712349,0.18584194536642593,2.0289037928099027,-1.0
2013-06-21,0.5849706485294613,0.207915220712349,0.18584194536642593,2.0289037928099027,-1.0
2013-06-22,0.5849706485294613,0.207915220712349,0.18584194536642593,2.0289037928099027,-1.0
2013-06-23,0.5849706485294613,0.207915220712349,0.18584194536642593,2.0289037928099027,-1.0
2013-06-24,0.5849706485294613,0.207915220712349,0.18584194536642593,2.0289037928099027,-1.0
2013-06-25,0.5849706485294613,0.207915220712349,0.18584194536642593,2.0289037928099027,-1.0
2013-06-26,0.6760161193600456,0.25874479131649347,0.22317984611692657,1.8696640189676388,-1.0
2013-06-27,0.6760161193600456,0.25874479131649347,0.22317984611692657,1.8696640189676388,-1.0
2013-06-28,0.6760161193600456,0.25874479131649347,0.22317984611692657,1.8696640189676388,-1.0
2013-06-29,0.6760161193600456,0.25874479131649347,0.22317984611692657,1.8696640189676388,-1.0
2013-06-30,0.6760161193600456,0.25874479131649347,0.22317984611692657,1.8696640189676388,-1.0
2013-07-01,0.6760161193600456,0.25874479131649347,0.22317984611692657,1.8696640189676388,-1.0
2013-07-02,0.6760161193600456,0.25874479131649347,0.22317984611692657,1.8696640189676388,-1.0
2013-07-03,0.6760161193600456,0.25874479131649347,0.22317984611692657,1.8696640189676388,-1.0
2013-07-04,0.6760161193600456,0.25874479131649347,0.22317984611692657,1.8696640189676388,-1.0
2013-07-05,0.6760161193600456,0.25874479131649347,0.22317984611692657,1.8696640189676388,-1.0
2013-07-06,0.6760161193600456,0.25874479131649347,0.22317984611692657,1.8696640189676388,-1.0
2013-07-07,0.6760161193600456,0.25874479131649347,0.22317984611692657,1.8696640189676388,-1.0
2013-07-08,0.6760161193600456,0.25874479131649347,0.22317984611692657,1.8696640189676388,-1.0
2013-07-09,0.6760161193600456,0.25874479131649347,0.22317984611692657,1.8696640189676388,-1.0
2013-07-10,0.6760161193600456,0.25874479131649347,0.22317984611692657,1.8696640189676388,-1.0
2013-07-11,0.6760161193600456,0.25874479131649347,0.22317984611692657,1.8696640189676388,-1.0
2013-07-12,0.7555912471032328,0.31516324849976546,0.25656800129133356,1.7166131255134982,-1.0
2013-07-13,0.7555912471032328,0.31516324849976546,0.25656800129133356,1.7166131255134982,-1.0
2013-07-14,0.7555912471032328,0.31516324849976546,0.25656800129133356,1.7166131255134982,-1.0
2013-07-15,0.7555912471032328,0.31516324849976546,0.25656800129133356,1.7166131255134982,-1.0
2013-07-16,0.7555912471032328,0.31516324849976546,0.25656800129133356,1.7166131255134982,-1.0
2013-07-17,0.7555912471032328,0.31516324849976546,0.25656800129133356,1.7166131255134982,-1.0
2013-07-18,0.7555912471032328,0.31516324849976546,0.25656800129133356,1.7166131255134982,-1.0
2013-07-19,0.7555912471032328,0.31516324849976546,0.25656800129133356,1.7166131255134982,-1.0
2013-07-20,0.7555912471032328,0.31516324849976546,0.25656800129133356,1.7166131255134982,-1.0
2013-07-21,0.7555912471032328,0.31516324849976546,0.25656800129133356,1.7166131255134982,-1.0
2013-07-22,0.7555912471032328,0.31516324849976546,0.25656800129133356,1.7166131255134982,-1.0
2013-07-23,0.7555912471032328,0.31516324849976546,0.25656800129133356,1.7166131255134982,-1.0
2013-07-24,0.7555912471032328,0.31516324849976546,0.25656800129133356,1.7166131255134982,-1.0
2013-07-25,0.7555912471032328,0.31516324849976546,0.25656800129133356,1.7166131255134982,-1.0
2013-07-26,0.7555912471032328,0.31516324849976546,0.25656800129133356,1.7166131255134982,-1.0
2013-07-27,0.7555912471032328,0.31516324849976546,0.25656800129133356,1.7166131255134982,-1.0
2013-07-28,0.7521671914340061,0.36820001582224826,0.27659306692681485,1.3882024588611748,-1.0
2013-07-29,0.7521671914340061,0.36820001582224826,0.27659306692681485,1.3882024588611748,-1.0
2013-07-30,0.7521671914340061,0.36820001582224826,0.27659306692681485,1.3882024588611748,-1.0
2013-07-31,0.7521671914340061,0.36820001582224826,0.27659306692681485,1.3882024588611748,-1.0
2013-08-01,0.7521671914340061,0.36820001582224826,0.27659306692681485,1.3882024588611748,-1.0
2013-08-02,0.7521671914340061,0.36820001582224826,0.27659306692681485,1.3882024588611748,-1.0
2013-08-03,0.7521671914340061,0.36820001582224826,0.27659306692681485,1.3882024588611748,-1.0
2013-08-04,0.7521671914340061,0.36820001582224826,0.27659306692681485,1.3882024588611748,-1.0
2013-08-05,0.7521671914340061,0.36820001582224826,0.27659306692681485,1.3882024588611748,-1.0
2013-08-06,0.7521671914340061,0.36820001582224826,0.27659306692681485,1.3882024588611748,-1.0
2013-08-07,0.7521671914340061,0.36820001582224826,0.27659306692681485,1.3882024588611748,-1.0
2013-08-08,0.7521671914340061,0.36820001582224826,0.27659306692681485,1.3882024588611748,-1.0
2013-08-09,0.7521671914340061,0.36820001582224826,0.27659306692681485,1.3882024588611748,-1.0
2013-08-10,0.7521671914340061,0.36820001582224826,0.27659306692681485,1.3882024588611748,-1.0
2013-08-11,0.7521671914340061,0.36820001582224826,0.27659306692681485,1.3882024588611748,-1.0
2013-08-12,0.7521671914340061,0.36820001582224826,0.27659306692681485,1.3882024588611748,-1.0
2013-08-13,0.7451614042242085,0.42431847377282916,0.2792784353259621,1.148828158095719,-1.0
2013-08-14,0.7451614042242085,0.42431847377282916,0.2792784353259621,1.148828158095719,-1.0
2013-08-15,0.7451614042242085,0.42431847377282916,0.2792784353259621,1.148828158095719,-1.0
2013-08-16,0.7451614042242085,0.42431847377282916,0.2792784353259621,1.148828158095719,-1.0
2013-08-17,0.7451614042242085,0.42431847377282916,0.2792784353259621,1.148828158095719,-1.0
2013-08-18,0.7451614042242085,0.42431847377282916,0.2792784353259621,1.148828158095719,-1.0
2013-08-19,0.7451614042242085,0.42431847377282916,0.2792784353259621,1.148828158095719,-1.0
2013-08-20,0.7451614042242085,0.42431847377282916,0.2792784353259621,1.148828158095719,-1.0
2013-08-21,0.7451614042242085,0.42431847377282916,0.2792784353259621,1.148828158095719,-1.0
2013-08-22,0.7451614042242085,0.42431847377282916,0.2792784353259621,1.148828158095719,-1.0
2013-08-23,0.7451614042242085,0.42431847377282916,0.2792784353259621,1.148828158095719,-1.0
2013-08-24,0.7451614042242085,0.42431847377282916,0.2792784353259621,1.148828158095719,-1.0
2013-08-25,0.7451614042242085,0.42431847377282916,0.2792784353259621,1.148828158095719,-1.0
2013-08-26,0.7451614042242085,0.42431847377282916,0.2792784353259621,1.148828158095719,-1.0
2013-08-27,0.7451614042242085,0.42431847377282916,0.2792784353259621,1.148828158095719,-1.0
2013-08-28,0.7451614042242085,0.42431847377282916,0.2792784353259621,1.148828158095719,-1.0
2013-08-29,0.6945669190852242,0.4772526393885436,0.2635722900915688,0.824495927174979,0.0
2013-08-30,0.6945669190852242,0.4772526393885436,0.2635722900915688,0.824495927174979,0.0
2013-08-31,0.6945669190852242,0.4772526393885436,0.2635722900915688,0.824495927174979,0.0
2013-09-01,0.6945669190852242,0.4772526393885436,0.2635722900915688,0.824495927174979,0.0
2013-09-02,0.6945669190852242,0.4772526393885436,0.2635722900915688,0.824495927174979,0.0
2013-09-03,0.6945669190852242,0.4772526393885436,0.2635722900915688,0.824495927174979,0.0
2013-09-04,0.6945669190852242,0.4772526393885436,0.2635722900915688,0.824495927174979,0.0
2013-09-05,0.6945669190852242,0.4772526393885436,0.2635722900915688,0.824495927174979,0.0
2013-09-06,0.6945669190852242,0.4772526393885436,0.2635722900915688,0.824495927174979,0.0
2013-09-07,0.6945669190852242,0.4772526393885436,0.2635722900915688,0.824495927174979,0.0
2013-09-08,0.6945669190852242,0.4772526393885436,0.2635722900915688,0.824495927174979,0.0
2013-09-09,0.6945669190852242,0.4772526393885436,0.2635722900915688,0.824495927174979,0.0
2013-09-10,0.6945669190852242,0.4772526393885436,0.2635722900915688,0.824495927174979,0.0
2013-09-11,0.6945669190852242,0.4772526393885436,0.2635722900915688,0.824495927174979,0.0
2013-09-12,0.6945669190852242,0.4772526393885436,0.2635722900915688,0.824495927174979,0.0
2013-09-13,0.6945669190852242,0.4772526393885436,0.2635722900915688,0.824495927174979,0.0
2013-09-14,0.63393993920693,0.5242433251785436,0.23285084795757455,0.471102488956249,0.0
2013-09-15,0.63393993920693,0.5242433251785436,0.23285084795757455,0.471102488956249,0.0
2013-09-16,0.63393993920693,0.5242433251785436,0.23285084795757455,0.471102488956249,0.0
2013-09-17,0.63393993920693,0.5242433251785436,0.23285084795757455,0.471102488956249,0.0
2013-09-18,0.63393993920693,0.5242433251785436,0.23285084795757455,0.471102488956249,0.0
2013-09-19,0.63393993920693,0.5242433251785436,0.23285084795757455,0.471102488956249,0.0
2013-09-20,0.63393993920693,0.5242433251785436,0.23285084795757455,0.471102488956249,0.0
2013-09-21,0.63393993920693,0.5242433251785436,0.23285084795757455,0.471102488956249,0.0
2013-09-22,0.63393993920693,0.5242433251785436,0.23285084795757455,0.471102488956249,0.0
2013-09-23,0.63393993920693,0.5242433251785436,0.23285084795757455,0.471102488956249,0.0
2013-09-24,0.63393993920693,0.5242433251785436,0.23285084795757455,0.471102488956249,0.0
2013-09-25,0.63393993920693,0.5242433251785436,0.23285084795757455,0.471102488956249,0.0
2013-09-26,0.63393993920693,0.5242433251785436,0.23285084795757455,0.471102488956249,0.0
2013-09-27,0.63393993920693,0.5242433251785436,0.23285084795757455,0.471102488956249,0.0
2013-09-28,0.63393993920693,0.5242433251785436,0.23285084795757455,0.471102488956249,0.0
2013-09-29,0.63393993920693,0.5242433251785436,0.23285084795757455,0.471102488956249,0.0
2013-09-30,0.5312573945403758,0.5578953531200864,0.1966575226912161,-0.1354535448996604,0.0
2013-10-01,0.5312573945403758,0.5578953531200864,0.1966575226912161,-0.1354535448996604,0.0
2013-10-02,0.5312573945403758,0.5578953531200864,0.1966575226912161,-0.1354535448996604,0.0
2013-10-03,0.5312573945403758,0.5578953531200864,0.1966575226912161,-0.1354535448996604,0.0
2013-10-04,0.5312573945403758,0.5578953531200864,0.1966575226912161,-0.1354535448996604,0.0
2013-10-05,0.5312573945403758,0.5578953531200864,0.1966575226912161,-0.1354535448996604,0.0
2013-10-06,0.5312573945403758,0.5578953531200864,0.1966575226912161,-0.1354535448996604,0.0
2013-10-07,0.5312573945403758,0.5578953531200864,0.1966575226912161,-0.1354535448996604,0.0
2013-10-08,0.5312573945403758,0.5578953531200864,0.1966575226912161,-0.1354535448996604,0.0
2013-10-09,0.5312573945403758,0.5578953531200864,0.1966575226912161,-0.1354535448996604,0.0
2013-10-10,0.5312573945403758,0.5578953531200864,0.1966575226912161,-0.1354535448996604,0.0
2013-10-11,0.5312573945403758,0.5578953531200864,0.1966575226912161,-0.1354535448996604,0.0
2013-10-12,0.5312573945403758,0.5578953531200864,0.1966575226912161,-0.1354535448996604,0.0
2013-10-13,0.5312573945403758,0.5578953531200864,0.1966575226912161,-0.1354535448996604,0.0
2013-10-14,0.5312573945403758,0.5578953531200864,0.1966575226912161,-0.1354535448996604,0.0
2013-10-15,0.5312573945403758,0.5578953531200864,0.1966575226912161,-0.1354535448996604,0.0
2013-10-16,0.4296040148874097,0.5818913343701545,0.15424497819993538,-0.9873081202380994,0.0
2013-10-17,0.4296040148874097,0.5818913343701545,0.15424497819993538,-0.9873081202380994,0.0
2013-10-18,0.4296040148874097,0.5818913343701545,0.15424497819993538,-0.9873081202380994,0.0
2013-10-19,0.4296040148874097,0.5818913343701545,0.15424497819993538,-0.9873081202380994,0.0
2013-10-20,0.4296040148874097,0.5818913343701545,0.15424497819993538,-0.9873081202380994,0.0
2013-10-21,0.4296040148874097,0.5818913343701545,0.15424497819993538,-0.9873081202380994,0.0
2013-10-22,0.4296040148874097,0.5818913343701545,0.15424497819993538,-0.9873081202380994,0.0
2013-10-23,0.4296040148874097,0.5818913343701545,0.15424497819993538,-0.9873081202380994,0.0
2013-10-24,0.4296040148874097,0.5818913343701545,0.15424497819993538,-0.9873081202380994,0.0
2013-10-25,0.4296040148874097,0.5818913343701545,0.15424497819993538,-0.9873081202380994,0.0
2013-10-26,0.4296040148874097,0.5818913343701545,0.15424497819993538,-0.9873081202380994,0.0
2013-10-27,0.4296040148874097,0.5818913343701545,0.15424497819993538,-0.9873081202380994,0.0
2013-10-28,0.4296040148874097,0.5818913343701545,0.15424497819993538,-0.9873081202380994,0.0
2013-10-29,0.4296040148874097,0.5818913343701545,0.15424497819993538,-0.9873081202380994,0.0
2013-10-30,0.4296040148874097,0.5818913343701545,0.15424497819993538,-0.9873081202380994,0.0
2013-10-31,0.4296040148874097,0.5818913343701545,0.15424497819993538,-0.9873081202380994,0.0
2013-11-01,0.3792363820829043,0.5883273197764761,0.14268273930675568,-1.4654255918373156,1.0
2013-11-02,0.3792363820829043,0.5883273197764761,0.14268273930675568,-1.4654255918373156,1.0
2013-11-03,0.3792363820829043,0.5883273197764761,0.14268273930675568,-1.4654255918373156,1.0
2013-11-04,0.3792363820829043,0.5883273197764761,0.14268273930675568,-1.4654255918373156,1.0
2013-11-05,0.3792363820829043,0.5883273197764761,0.14268273930675568,-1.4654255918373156,1.0
2013-11-06,0.3792363820829043,0.5883273197764761,0.14268273930675568,-1.4654255918373156,1.0
2013-11-07,0.3792363820829043,0.5883273197764761,0.14268273930675568,-1.4654255918373156,1.0
2013-11-08,0.3792363820829043,0.5883273197764761,0.14268273930675568,-1.4654255918373156,1.0
2013-11-09,0.3792363820829043,0.5883273197764761,0.14268273930675568,-1.4654255918373156,1.0
2013-11-10,0.3792363820829043,0.5883273197764761,0.14268273930675568,-1.4654255918373156,1.0
2013-11-11,0.3792363820829043,0.5883273197764761,0.14268273930675568,-1.4654255918373156,1.0
2013-11-12,0.3792363820829043,0.5883273197764761,0.14268273930675568,-1.4654255918373156,1.0
2013-11-13,0.3792363820829043,0.5883273197764761,0.14268273930675568,-1.4654255918373156,1.0
2013-11-14,0.3792363820829043,0.5883273197764761,0.14268273930675568,-1.4654255918373156,1.0
2013-11-15,0.3792363820829043,0.5883273197764761,0.14268273930675568,-1.4654255918373156,1.0
2013-11-16,0.3792363820829043,0.5883273197764761,0.14268273930675568,-1.4654255918373156,1.0
2013-11-17,0.2805645565816095,0.5799051040615645,0.15813843482409937,-1.8929019236399907,1.0
2013-11-18,0.2805645565816095,0.5799051040615645,0.15813843482409937,-1.8929019236399907,1.0
2013-11-19,0.2805645565816095,0.5799051040615645,0.15813843482409937,-1.8929019236399907,1.0
2013-11-20,0.2805645565816095,0.5799051040615645,0.15813843482409937,-1.8929019236399907,1.0
2013-11-21,0.2805645565816095,0.5799051040615645,0.15813843482409937,-1.8929019236399907,1.0
2013-11-22,0.2805645565816095,0.5799051040615645,0.15813843482409937,-1.8929019236399907,1.0
2013-11-23,0.2805645565816095,0.5799051040615645,0.15813843482409937,-1.8929019236399907,1.0
2013-11-24,0.2805645565816095,0.5799051040615645,0.15813843482409937,-1.8929019236399907,1.0
2013-11-25,0.2805645565816095,0.5799051040615645,0.15813843482409937,-1.8929019236399907,1.0
2013-11-26,0.2805645565816095,0.5799051040615645,0.15813843482409937,-1.8929019236399907,1.0
2013-11-27,0.2805645565816095,0.5799051040615645,0.15813843482409937,-1.8929019236399907,1.0
2013-11-28,0.2805645565816095,0.5799051040615645,0.15813843482409937,-1.8929019236399907,1.0
2013-11-29,0.2805645565816095,0.5799051040615645,0.15813843482409937,-1.8929019236399907,1.0
2013-11-30,0.2805645565816095,0.5799051040615645,0.15813843482409937,-1.8929019236399907,1.0
2013-12-01,0.2805645565816095,0.5799051040615645,0.15813843482409937,-1.8929019236399907,1.0
2013-12-02,0.2805645565816095,0.5799051040615645,0.15813843482409937,-1.8929019236399907,1.0
2013-12-03,0.10080874300212096,0.5469903800031274,0.20987920019932862,-2.125897357038021,1.0
2013-12-04,0.10080874300212096,0.5469903800031274,0.20987920019932862,-2.125897357038021,1.0
2013-12-05,0.10080874300212096,0.5469903800031274,0.20987920019932862,-2.125897357038021,1.0
2013-12-06,0.10080874300212096,0.5469903800031274,0.20987920019932862,-2.125897357038021,1.0
2013-12-07,0.10080874300212096,0.5469903800031274,0.20987920019932862,-2.125897357038021,1.0
2013-12-08,0.10080874300212096,0.5469903800031274,0.20987920019932862,-2.125897357038021,1.0
2013-12-09,0.10080874300212096,0.5469903800031274,0.20987920019932862,-2.125897357038021,1.0
2013-12-10,0.10080874300212096,0.5469903800031274,0.20987920019932862,-2.125897357038021,1.0
2013-12-11,0.10080874300212096,0.5469903800031274,0.20987920019932862,-2.125897357038021,1.0
2013-12-12,0.10080874300212096,0.5469903800031274,0.20987920019932862,-2.125897357038021,1.0
2013-12-13,0.10080874300212096,0.5469903800031274,0.20987920019932862,-2.125897357038021,1.0
2013-12-14,0.10080874300212096,0.5469903800031274,0.20987920019932862,-2.125897357038021,1.0
2013-12-15,0.10080874300212096,0.5469903800031274,0.20987920019932862,-2.125897357038021,1.0
2013-12-16,0.10080874300212096,0.5469903800031274,0.20987920019932862,-2.125897357038021,1.0
2013-12-17,0.10080874300212096,0.5469903800031274,0.20987920019932862,-2.125897357038021,1.0
2013-12-18,0.10080874300212096,0.5469903800031274,0.20987920019932862,-2.125897357038021,1.0
2013-12-19,0.07029219780398559,0.5041005091093378,0.2501392756138087,-1.7342670807726772,1.0
2013-12-20,0.07029219780398559,0.5041005091093378,0.2501392756138087,-1.7342670807726772,1.0
2013-12-21,0.07029219780398559,0.5041005091093378,0.2501392756138087,-1.7342670807726772,1.0
2013-12-22,0.07029219780398559,0.5041005091093378,0.2501392756138087,-1.7342670807726772,1.0
2013-12-23,0.07029219780398559,0.5041005091093378,0.2501392756138087,-1.7342670807726772,1.0
2013-12-24,0.07029219780398559,0.5041005091093378,0.2501392756138087,-1.7342670807726772,1.0
2013-12-25,0.07029219780398559,0.5041005091093378,0.2501392756138087,-1.7342670807726772,1.0
2013-12-26,0.07029219780398559,0.5041005091093378,0.2501392756138087,-1.7342670807726772,1.0
2013-12-27,0.07029219780398559,0.5041005091093378,0.2501392756138087,-1.7342670807726772,1.0
2013-12-28,0.07029219780398559,0.5041005091093378,0.2501392756138087,-1.7342670807726772,1.0
2013-12-29,0.07029219780398559,0.5041005091093378,0.2501392756138087,-1.7342670807726772,1.0
2013-12-30,0.07029219780398559,0.5041005091093378,0.2501392756138087,-1.7342670807726772,1.0
2013-12-31,0.07029219780398559,0.5041005091093378,0.2501392756138087,-1.7342670807726772,1.0
2014-01-01,0.04790306231539656,0.451757754355617,0.2753427937815219,-1.4667341988280609,1.0
2014-01-02,0.04790306231539656,0.451757754355617,0.2753427937815219,-1.4667341988280609,1.0
2014-01-03,0.04790306231539656,0.451757754355617,0.2753427937815219,-1.4667341988280609,1.0
2014-01-04,0.04790306231539656,0.451757754355617,0.2753427937815219,-1.4667341988280609,1.0
2014-01-05,0.04790306231539656,0.451757754355617,0.2753427937815219,-1.4667341988280609,1.0
2014-01-06,0.04790306231539656,0.451757754355617,0.2753427937815219,-1.4667341988280609,1.0
2014-01-07,0.04790306231539656,0.451757754355617,0.2753427937815219,-1.4667341988280609,1.0
2014-01-08,0.04790306231539656,0.451757754355617,0.2753427937815219,-1.4667341988280609,1.0
2014-01-09,0.04790306231539656,0.451757754355617,0.2753427937815219,-1.4667341988280609,1.0
2014-01-10,0.04790306231539656,0.451757754355617,0.2753427937815219,-1.4667341988280609,1.0
2014-01-11,0.04790306231539656,0.451757754355617,0.2753427937815219,-1.4667341988280609,1.0
2014-01-12,0.04790306231539656,0.451757754355617,0.2753427937815219,-1.4667341988280609,1.0
2014-01-13,0.04790306231539656,0.451757754355617,0.2753427937815219,-1.4667341988280609,1.0
2014-01-14,0.04790306231539656,0.451757754355617,0.2753427937815219,-1.4667341988280609,1.0
2014-01-15,0.04790306231539656,0.451757754355617,0.2753427937815219,-1.4667341988280609,1.0
2014-01-16,0.04790306231539656,0.451757754355617,0.2753427937815219,-1.4667341988280609,1.0
2014-01-17,0.04202218513351231,0.39229366585814024,0.28075983047341496,-1.247584029859268,1.0
2014-01-18,0.04202218513351231,0.39229366585814024,0.28075983047341496,-1.247584029859268,1.0
2014-01-19,0.04202218513351231,0.39229366585814024,0.28075983047341496,-1.247584029859268,1.0
2014-01-20,0.04202218513351231,0.39229366585814024,0.28075983047341496,-1.247584029859268,1.0
2014-01-21,0.04202218513351231,0.39229366585814024,0.28075983047341496,-1.247584029859268,1.0
2014-01-22,0.04202218513351231,0.39229366585814024,0.28075983047341496,-1.247584029859268,1.0
2014-01-23,0.04202218513351231,0.39229366585814024,0.28075983047341496,-1.247584029859268,1.0
2014-01-24,0.04202218513351231,0.39229366585814024,0.28075983047341496,-1.247584029859268,1.0
2014-01-25,0.04202218513351231,0.39229366585814024,0.28075983047341496,-1.247584029859268,1.0
2014-01-26,0.04202218513351231,0.39229366585814024,0.28075983047341496,-1.247584029859268,1.0
2014-01-27,0.04202218513351231,0.39229366585814024,0.28075983047341496,-1.247584029859268,1.0
2014-01-28,0.04202218513351231,0.39229366585814024,0.28075983047341496,-1.247584029859268,1.0
2014-01-29,0.04202218513351231,0.39229366585814024,0.28075983047341496,-1.247584029859268,1.0
2014-01-30,0.04202218513351231,0.39229366585814024,0.28075983047341496,-1.247584029859268,1.0
2014-01-31,0.04202218513351231,0.39229366585814024,0.28075983047341496,-1.247584029859268,1.0
2014-02-01,0.04202218513351231,0.39229366585814024,0.28075983047341496,-1.247584029859268,1.0
2014-02-02,0.02453374796084829,0.33165754556871047,0.2744754402456433,-1.1189481919875965,1.0
2014-02-03,0.02453374796084829,0.33165754556871047,0.2744754402456433,-1.1189481919875965,1.0
2014-02-04,0.02453374796084829,0.33165754556871047,0.2744754402456433,-1.1189481919875965,1.0
2014-02-05,0.02453374796084829,0.33165754556871047,0.2744754402456433,-1.1189481919875965,1.0
2014-02-06,0.02453374796084829,0.33165754556871047,0.2744754402456433,-1.1189481919875965,1.0
2014-02-07,0.02453374796084829,0.33165754556871047,0.2744754402456433,-1.1189481919875965,1.0
2014-02-08,0.02453374796084829,0.33165754556871047,0.2744754402456433,-1.1189481919875965,1.0
2014-02-09,0.02453374796084829,0.33165754556871047,0.2744754402456433,-1.1189481919875965,1.0
2014-02-10,0.02453374796084829,0.33165754556871047,0.2744754402456433,-1.1189481919875965,1.0
2014-02-11,0.02453374796084829,0.33165754556871047,0.2744754402456433,-1.1189481919875965,1.0
2014-02-12,0.02453374796084829,0.33165754556871047,0.2744754402456433,-1.1189481919875965,1.0
2014-02-13,0.02453374796084829,0.33165754556871047,0.2744754402456433,-1.1189481919875965,1.0
2014-02-14,0.02453374796084829,0.33165754556871047,0.2744754402456433,-1.1189481919875965,1.0
2014-02-15,0.02453374796084829,0.33165754556871047,0.2744754402456433,-1.1189481919875965,1.0
2014-02-16,0.02453374796084829,0.33165754556871047,0.2744754402456433,-1.1189481919875965,1.0
2014-02-17,0.02453374796084829,0.33165754556871047,0.2744754402456433,-1.1189481919875965,1.0
2014-02-18,0.029176978055220605,0.2719921767212948,0.2534299289928186,-0.9581157191302169,0.0
2014-02-19,0.029176978055220605,0.2719921767212948,0.2534299289928186,-0.9581157191302169,0.0
2014-02-20,0.029176978055220605,0.2719921767212948,0.2534299289928186,-0.9581157191302169,0.0
2014-02-21,0.029176978055220605,0.2719921767212948,0.2534299289928186,-0.9581157191302169,0.0
2014-02-22,0.029176978055220605,0.2719921767212948,0.2534299289928186,-0.9581157191302169,0.0
2014-02-23,0.029176978055220605,0.2719921767212948,0.2534299289928186,-0.9581157191302169,0.0
2014-02-24,0.029176978055220605,0.2719921767212948,0.2534299289928186,-0.9581157191302169,0.0
2014-02-25,0.029176978055220605,0.2719921767212948,0.2534299289928186,-0.9581157191302169,0.0
2014-02-26,0.029176978055220605,0.2719921767212948,0.2534299289928186,-0.9581157191302169,0.0
2014-02-27,0.029176978055220605,0.2719921767212948,0.2534299289928186,-0.9581157191302169,0.0
2014-02-28,0.029176978055220605,0.2719921767212948,0.2534299289928186,-0.9581157191302169,0.0
2014-03-01,0.029176978055220605,0.2719921767212948,0.2534299289928186,-0.9581157191302169,0.0
2014-03-02,0.029176978055220605,0.2719921767212948,0.2534299289928186,-0.9581157191302169,0.0
2014-03-03,0.029176978055220605,0.2719921767212948,0.2534299289928186,-0.9581157191302169,0.0
2014-03-04,0.029176978055220605,0.2719921767212948,0.2534299289928186,-0.9581157191302169,0.0
2014-03-05,0.029176978055220605,0.2719921767212948,0.2534299289928186,-0.9581157191302169,0.0
2014-03-06,0.10044770631004114,0.2224822423233629,0.2190760156985867,-0.5570419729616665,0.0
2014-03-07,0.10044770631004114,0.2224822423233629,0.2190760156985867,-0.5570419729616665,0.0
2014-03-08,0.10044770631004114,0.2224822423233629,0.2190760156985867,-0.5570419729616665,0.0
2014-03-09,0.10044770631004114,0.2224822423233629,0.2190760156985867,-0.5570419729616665,0.0
2014-03-10,0.10044770631004114,0.2224822423233629,0.2190760156985867,-0.5570419729616665,0.0
2014-03-11,0.10044770631004114,0.2224822423233629,0.2190760156985867,-0.5570419729616665,0.0
2014-03-12,0.10044770631004114,0.2224822423233629,0.2190760156985867,-0.5570419729616665,0.0
2014-03-13,0.10044770631004114,0.2224822423233629,0.2190760156985867,-0.5570419729616665,0.0
2014-03-14,0.10044770631004114,0.2224822423233629,0.2190760156985867,-0.5570419729616665,0.0
2014-03-15,0.10044770631004114,0.2224822423233629,0.2190760156985867,-0.5570419729616665,0.0
2014-03-16,0.10044770631004114,0.2224822423233629,0.2190760156985867,-0.5570419729616665,0.0
2014-03-17,0.10044770631004114,0.2224822423233629,0.2190760156985867,-0.5570419729616665,0.0
2014-03-18,0.10044770631004114,0.2224822423233629,0.2190760156985867,-0.5570419729616665,0.0
2014-03-19,0.10044770631004114,0.2224822423233629,0.2190760156985867,-0.5570419729616665,0.0
2014-03-20,0.10044770631004114,0.2224822423233629,0.2190760156985867,-0.5570419729616665,0.0
2014-03-21,0.10044770631004114,0.2224822423233629,0.2190760156985867,-0.5570419729616665,0.0
2014-03-22,0.15715292763440605,0.18274999135898587,0.17683170453870073,-0.14475381431940978,0.0
2014-03-23,0.15715292763440605,0.18274999135898587,0.17683170453870073,-0.14475381431940978,0.0
2014-03-24,0.15715292763440605,0.18274999135898587,0.17683170453870073,-0.14475381431940978,0.0
2014-03-25,0.15715292763440605,0.18274999135898587,0.17683170453870073,-0.14475381431940978,0.0
2014-03-26,0.15715292763440605,0.18274999135898587,0.17683170453870073,-0.14475381431940978,0.0
2014-03-27,0.15715292763440605,0.18274999135898587,0.17683170453870073,-0.14475381431940978,0.0
2014-03-28,0.15715292763440605,0.18274999135898587,0.17683170453870073,-0.14475381431940978,0.0
2014-03-29,0.15715292763440605,0.18274999135898587,0.17683170453870073,-0.14475381431940978,0.0
2014-03-30,0.15715292763440605,0.18274999135898587,0.17683170453870073,-0.14475381431940978,0.0
2014-03-31,0.15715292763440605,0.18274999135898587,0.17683170453870073,-0.14475381431940978,0.0
2014-04-01,0.15715292763440605,0.18274999135898587,0.17683170453870073,-0.14475381431940978,0.0
2014-04-02,0.15715292763440605,0.18274999135898587,0.17683170453870073,-0.14475381431940978,0.0
2014-04-03,0.15715292763440605,0.18274999135898587,0.17683170453870073,-0.14475381431940978,0.0
2014-04-04,0.15715292763440605,0.18274999135898587,0.17683170453870073,-0.14475381431940978,0.0
2014-04-05,0.15715292763440605,0.18274999135898587,0.17683170453870073,-0.14475381431940978,0.0
2014-04-06,0.15715292763440605,0.18274999135898587,0.17683170453870073,-0.14475381431940978,0.0
2014-04-07,0.23802979723704176,0.15831435825037474,0.14090525956740696,0.5657378527345344,0.0
2014-04-08,0.23802979723704176,0.15831435825037474,0.14090525956740696,0.5657378527345344,0.0
2014-04-09,0.23802979723704176,0.15831435825037474,0.14090525956740696,0.5657378527345344,0.0
2014-04-10,0.23802979723704176,0.15831435825037474,0.14090525956740696,0.5657378527345344,0.0
2014-04-11,0.23802979723704176,0.15831435825037474,0.14090525956740696,0.5657378527345344,0.0
2014-04-12,0.23802979723704176,0.15831435825037474,0.14090525956740696,0.5657378527345344,0.0
2014-04-13,0.23802979723704176,0.15831435825037474,0.14090525956740696,0.5657378527345344,0.0
2014-04-14,0.23802979723704176,0.15831435825037474,0.14090525956740696,0.5657378527345344,0.0
2014-04-15,0.23802979723704176,0.15831435825037474,0.14090525956740696,0.5657378527345344,0.0
2014-04-16,0.23802979723704176,0.15831435825037474,0.14090525956740696,0.5657378527345344,0.0
2014-04-17,0.23802979723704176,0.15831435825037474,0.14090525956740696,0.5657378527345344,0.0
2014-04-18,0.23802979723704176,0.15831435825037474,0.14090525956740696,0.5657378527345344,0.0
2014-04-19,0.23802979723704176,0.15831435825037474,0.14090525956740696,0.5657378527345344,0.0
2014-04-20,0.23802979723704176,0.15831435825037474,0.14090525956740696,0.5657378527345344,0.0
2014-04-21,0.23802979723704176,0.15831435825037474,0.14090525956740696,0.5657378527345344,0.0
2014-04-22,0.23802979723704176,0.15831435825037474,0.14090525956740696,0.5657378527345344,0.0
2014-04-23,0.29874813387455523,0.14740970149930352,0.12176499085714988,1.2428731058896583,-1.0
2014-04-24,0.29874813387455523,0.14740970149930352,0.12176499085714988,1.2428731058896583,-1.0
2014-04-25,0.29874813387455523,0.14740970149930352,0.12176499085714988,1.2428731058896583,-1.0
2014-04-26,0.29874813387455523,0.14740970149930352,0.12176499085714988,1.2428731058896583,-1.0
2014-04-27,0.29874813387455523,0.14740970149930352,0.12176499085714988,1.2428731058896583,-1.0
2014-04-28,0.29874813387455523,0.14740970149930352,0.12176499085714988,1.2428731058896583,-1.0
2014-04-29,0.29874813387455523,0.14740970149930352,0.12176499085714988,1.2428731058896583,-1.0
2014-04-30,0.29874813387455523,0.14740970149930352,0.12176499085714988,1.2428731058896583,-1.0
2014-05-01,0.29874813387455523,0.14740970149930352,0.12176499085714988,1.2428731058896583,-1.0
2014-05-02,0.29874813387455523,0.14740970149930352,0.12176499085714988,1.2428731058896583,-1.0
2014-05-03,0.29874813387455523,0.14740970149930352,0.12176499085714988,1.2428731058896583,-1.0
2014-05-04,0.29874813387455523,0.14740970149930352,0.12176499085714988,1.2428731058896583,-1.0
2014-05-05,0.29874813387455523,0.14740970149930352,0.12176499085714988,1.2428731058896583,-1.0
2014-05-06,0.29874813387455523,0.14740970149930352,0.12176499085714988,1.2428731058896583,-1.0
2014-05-07,0.29874813387455523,0.14740970149930352,0.12176499085714988,1.2428731058896583,-1.0
2014-05-08,0.29874813387455523,0.14740970149930352,0.12176499085714988,1.2428731058896583,-1.0
2014-05-09,0.3751138072606843,0.14706615359745187,0.12105520026797263,1.8838319473960392,-1.0
2014-05-10,0.3751138072606843,0.14706615359745187,0.12105520026797263,1.8838319473960392,-1.0
2014-05-11,0.3751138072606843,0.14706615359745187,0.12105520026797263,1.8838319473960392,-1.0
2014-05-12,0.3751138072606843,0.14706615359745187,0.12105520026797263,1.8838319473960392,-1.0
2014-05-13,0.3751138072606843,0.14706615359745187,0.12105520026797263,1.8838319473960392,-1.0
2014-05-14,0.3751138072606843,0.14706615359745187,0.12105520026797263,1.8838319473960392,-1.0
2014-05-15,0.3751138072606843,0.14706615359745187,0.12105520026797263,1.8838319473960392,-1.0
2014-05-16,0.3751138072606843,0.14706615359745187,0.12105520026797263,1.8838319473960392,-1.0
2014-05-17,0.3751138072606843,0.14706615359745187,0.12105520026797263,1.8838319473960392,-1.0
2014-05-18,0.3751138072606843,0.14706615359745187,0.12105520026797263,1.8838319473960392,-1.0
2014-05-19,0.3751138072606843,0.14706615359745187,0.12105520026797263,1.8838319473960392,-1.0
2014-05-20,0.3751138072606843,0.14706615359745187,0.12105520026797263,1.8838319473960392,-1.0
2014-05-21,0.3751138072606843,0.14706615359745187,0.12105520026797263,1.8838319473960392,-1.0
2014-05-22,0.3751138072606843,0.14706615359745187,0.12105520026797263,1.8838319473960392,-1.0
2014-05-23,0.3751138072606843,0.14706615359745187,0.12105520026797263,1.8838319473960392,-1.0
2014-05-24,0.3751138072606843,0.14706615359745187,0.12105520026797263,1.8838319473960392,-1.0
2014-05-25,0.49618276014241647,0.16503433722751912,0.15414995371145881,2.1482226555497257,-1.0
2014-05-26,0.49618276014241647,0.16503433722751912,0.15414995371145881,2.1482226555497257,-1.0
2014-05-27,0.49618276014241647,0.16503433722751912,0.15414995371145881,2.1482226555497257,-1.0
2014-05-28,0.49618276014241647,0.16503433722751912,0.15414995371145881,2.1482226555497257,-1.0
2014-05-29,0.49618276014241647,0.16503433722751912,0.15414995371145881,2.1482226555497257,-1.0
2014-05-30,0.49618276014241647,0.16503433722751912,0.15414995371145881,2.1482226555497257,-1.0
2014-05-31,0.49618276014241647,0.16503433722751912,0.15414995371145881,2.1482226555497257,-1.0
2014-06-01,0.49618276014241647,0.16503433722751912,0.15414995371145881,2.1482226555497257,-1.0
2014-06-02,0.49618276014241647,0.16503433722751912,0.15414995371145881,2.1482226555497257,-1.0
2014-06-03,0.49618276014241647,0.16503433722751912,0.15414995371145881,2.1482226555497257,-1.0
2014-06-04,0.49618276014241647,0.16503433722751912,0.15414995371145881,2.1482226555497257,-1.0
2014-06-05,0.49618276014241647,0.16503433722751912,0.15414995371145881,2.1482226555497257,-1.0
2014-06-06,0.49618276014241647,0.16503433722751912,0.15414995371145881,2.1482226555497257,-1.0
2014-06-07,0.49618276014241647,0.16503433722751912,0.15414995371145881,2.1482226555497257,-1.0
2014-06-08,0.49618276014241647,0.16503433722751912,0.15414995371145881,2.1482226555497257,-1.0
2014-06-09,0.49618276014241647,0.16503433722751912,0.15414995371145881,2.1482226555497257,-1.0
2014-06-10,0.5719911022311819,0.20429953382994084,0.1917318449813823,1.9177386439740616,-1.0
2014-06-11,0.5719911022311819,0.20429953382994084,0.1917318449813823,1.9177386439740616,-1.0
2014-06-12,0.5719911022311819,0.20429953382994084,0.1917318449813823,1.9177386439740616,-1.0
2014-06-13,0.5719911022311819,0.20429953382994084,0.1917318449813823,1.9177386439740616,-1.0
2014-06-14,0.5719911022311819,0.20429953382994084,0.1917318449813823,1.9177386439740616,-1.0
2014-06-15,0.5719911022311819,0.20429953382994084,0.1917318449813823,1.9177386439740616,-1.0
2014-06-16,0.5719911022311819,0.20429953382994084,0.1917318449813823,1.9177386439740616,-1.0
2014-06-17,0.5719911022311819,0.20429953382994084,0.1917318449813823,1.9177386439740616,-1.0
2014-06-18,0.5719911022311819,0.20429953382994084,0.1917318449813823,1.9177386439740616,-1.0
2014-06-19,0.5719911022311819,0.20429953382994084,0.1917318449813823,1.9177386439740616,-1.0
2014-06-20,0.5719911022311819,0.20429953382994084,0.1917318449813823,1.9177386439740616,-1.0
2014-06-21,0.5719911022311819,0.20429953382994084,0.1917318449813823,1.9177386439740616,-1.0
2014-06-22,0.5719911022311819,0.20429953382994084,0.1917318449813823,1.9177386439740616,-1.0
2014-06-23,0.5719911022311819,0.20429953382994084,0.1917318449813823,1.9177386439740616,-1.0
2014-06-24,0.5719911022311819,0.20429953382994084,0.1917318449813823,1.9177386439740616,-1.0
2014-06-25,0.5719911022311819,0.20429953382994084,0.1917318449813823,1.9177386439740616,-1.0
2014-06-26,0.7171911196438501,0.2582077773165962,0.2363738818597174,1.941768433619287,-1.0
2014-06-27,0.7171911196438501,0.2582077773165962,0.2363738818597174,1.941768433619287,-1.0
2014-06-28,0.7171911196438501,0.2582077773165962,0.2363738818597174,1.941768433619287,-1.0
2014-06-29,0.7171911196438501,0.2582077773165962,0.2363738818597174,1.941768433619287,-1.0
2014-06-30,0.7171911196438501,0.2582077773165962,0.2363738818597174,1.941768433619287,-1.0
2014-07-01,0.7171911196438501,0.2582077773165962,0.2363738818597174,1.941768433619287,-1.0
2014-07-02,0.7171911196438501,0.2582077773165962,0.2363738818597174,1.941768433619287,-1.0
2014-07-03,0.7171911196438501,0.2582077773165962,0.2363738818597174,1.941768433619287,-1.0
2014-07-04,0.7171911196438501,0.2582077773165962,0.2363738818597174,1.941768433619287,-1.0
2014-07-05,0.7171911196438501,0.2582077773165962,0.2363738818597174,1.941768433619287,-1.0
2014-07-06,0.7171911196438501,0.2582077773165962,0.2363738818597174,1.941768433619287,-1.0
2014-07-07,0.7171911196438501,0.2582077773165962,0.2363738818597174,1.941768433619287,-1.0
2014-07-08,0.7171911196438501,0.2582077773165962,0.2363738818597174,1.941768433619287,-1.0
2014-07-09,0.7171911196438501,0.2582077773165962,0.2363738818597174,1.941768433619287,-1.0
2014-07-10,0.7171911196438501,0.2582077773165962,0.2363738818597174,1.941768433619287,-1.0
2014-07-11,0.7171911196438501,0.2582077773165962,0.2363738818597174,1.941768433619287,-1.0
2014-07-12,0.7390953581780448,0.31580713530515026,0.2631645340961474,1.6084546663048673,-1.0
2014-07-13,0.7390953581780448,0.31580713530515026,0.2631645340961474,1.6084546663048673,-1.0
2014-07-14,0.7390953581780448,0.31580713530515026,0.2631645340961474,1.6084546663048673,-1.0
2014-07-15,0.7390953581780448,0.31580713530515026,0.2631645340961474,1.6084546663048673,-1.0
2014-07-16,0.7390953581780448,0.31580713530515026,0.2631645340961474,1.6084546663048673,-1.0
2014-07-17,0.7390953581780448,0.31580713530515026,0.2631645340961474,1.6084546663048673,-1.0
2014-07-18,0.7390953581780448,0.31580713530515026,0.2631645340961474,1.6084546663048673,-1.0
2014-07-19,0.7390953581780448,0.31580713530515026,0.2631645340961474,1.6084546663048673,-1.0
2014-07-20,0.7390953581780448,0.31580713530515026,0.2631645340961474,1.6084546663048673,-1.0
2014-07-21,0.7390953581780448,0.31580713530515026,0.2631645340961474,1.6084546663048673,-1.0
2014-07-22,0.7390953581780448,0.31580713530515026,0.2631645340961474,1.6084546663048673,-1.0
2014-07-23,0.7390953581780448,0.31580713530515026,0.2631645340961474,1.6084546663048673,-1.0
2014-07-24,0.7390953581780448,0.31580713530515026,0.2631645340961474,1.6084546663048673,-1.0
2014-07-25,0.7390953581780448,0.31580713530515026,0.2631645340961474,1.6084546663048673,-1.0
2014-07-26,0.7390953581780448,0.31580713530515026,0.2631645340961474,1.6084546663048673,-1.0
2014-07-27,0.7390953581780448,0.31580713530515026,0.2631645340961474,1.6084546663048673,-1.0
2014-07-28,0.7528431154839496,0.37504221283435335,0.2756394232553785,1.370634498460569,-1.0
2014-07-29,0.7528431154839496,0.37504221283435335,0.2756394232553785,1.370634498460569,-1.0
2014-07-30,0.7528431154839496,0.37504221283435335,0.2756394232553785,1.370634498460569,-1.0
2014-07-31,0.7528431154839496,0.37504221283435335,0.2756394232553785,1.370634498460569,-1.0
2014-08-01,0.7528431154839496,0.37504221283435335,0.2756394232553785,1.370634498460569,-1.0
2014-08-02,0.7528431154839496,0.37504221283435335,0.2756394232553785,1.370634498460569,-1.0
2014-08-03,0.7528431154839496,0.37504221283435335,0.2756394232553785,1.370634498460569,-1.0
2014-08-04,0.7528431154839496,0.37504221283435335,0.2756394232553785,1.370634498460569,-1.0
2014-08-05,0.7528431154839496,0.37504221283435335,0.2756394232553785,1.370634498460569,-1.0
2014-08-06,0.7528431154839496,0.37504221283435335,0.2756394232553785,1.370634498460569,-1.0
2014-08-07,0.7528431154839496,0.37504221283435335,0.2756394232553785,1.370634498460569,-1.0
2014-08-08,0.7528431154839496,0.37504221283435335,0.2756394232553785,1.370634498460569,-1.0
2014-08-09,0.7528431154839496,0.37504221283435335,0.2756394232553785,1.370634498460569,-1.0
2014-08-10,0.7528431154839496,0.37504221283435335,0.2756394232553785,1.370634498460569,-1.0
2014-08-11,0.7528431154839496,0.37504221283435335,0.2756394232553785,1.370634498460569,-1.0
2014-08-12,0.7528431154839496,0.37504221283435335,0.2756394232553785,1.370634498460569,-1.0
2014-08-13,0.7337619183144888,0.4341445603638234,0.2696217217995979,1.1112508144776345,-1.0
2014-08-14,0.7337619183144888,0.4341445603638234,0.2696217217995979,1.1112508144776345,-1.0
2014-08-15,0.7337619183144888,0.4341445603638234,0.2696217217995979,1.1112508144776345,-1.0
2014-08-16,0.7337619183144888,0.4341445603638234,0.2696217217995979,1.1112508144776345,-1.0
2014-08-17,0.7337619183144888,0.4341445603638234,0.2696217217995979,1.1112508144776345,-1.0
2014-08-18,0.7337619183144888,0.4341445603638234,0.2696217217995979,1.1112508144776345,-1.0
2014-08-19,0.7337619183144888,0.4341445603638234,0.2696217217995979,1.1112508144776345,-1.0
2014-08-20,0.7337619183144888,0.4341445603638234,0.2696217217995979,1.1112508144776345,-1.0
2014-08-21,0.7337619183144888,0.4341445603638234,0.2696217217995979,1.1112508144776345,-1.0
2014-08-22,0.7337619183144888,0.4341445603638234,0.2696217217995979,1.1112508144776345,-1.0
2014-08-23,0.7337619183144888,0.4341445603638234,0.2696217217995979,1.1112508144776345,-1.0
2014-08-24,0.7337619183144888,0.4341445603638234,0.2696217217995979,1.1112508144776345,-1.0
2014-08-25,0.7337619183144888,0.4341445603638234,0.2696217217995979,1.1112508144776345,-1.0
2014-08-26,0.7337619183144888,0.4341445603638234,0.2696217217995979,1.1112508144776345,-1.0
2014-08-27,0.7337619183144888,0.4341445603638234,0.2696217217995979,1.1112508144776345,-1.0
2014-08-28,0.7337619183144888,0.4341445603638234,0.2696217217995979,1.1112508144776345,-1.0
2014-08-29,0.7305305303098506,0.4925906897183759,0.24909091103260803,0.9552329292349269,0.0
2014-08-30,0.7305305303098506,0.4925906897183759,0.24909091103260803,0.9552329292349269,0.0
2014-08-31,0.7305305303098506,0.4925906897183759,0.24909091103260803,0.9552329292349269,0.0
2014-09-01,0.7305305303098506,0.4925906897183759,0.24909091103260803,0.9552329292349269,0.0
2014-09-02,0.7305305303098506,0.4925906897183759,0.24909091103260803,0.9552329292349269,0.0
2014-09-03,0.7305305303098506,0.4925906897183759,0.24909091103260803,0.9552329292349269,0.0
2014-09-04,0.7305305303098506,0.4925906897183759,0.24909091103260803,0.9552329292349269,0.0
2014-09-05,0.7305305303098506,0.4925906897183759,0.24909091103260803,0.9552329292349269,0.0
2014-09-06,0.7305305303098506,0.4925906897183759,0.24909091103260803,0.9552329292349269,0.0
2014-09-07,0.7305305303098506,0.4925906897183759,0.24909091103260803,0.9552329292349269,0.0
2014-09-08,0.7305305303098506,0.4925906897183759,0.24909091103260803,0.9552329292349269,0.0
2014-09-09,0.7305305303098506,0.4925906897183759,0.24909091103260803,0.9552329292349269,0.0
2014-09-10,0.7305305303098506,0.4925906897183759,0.24909091103260803,0.9552329292349269,0.0
2014-09-11,0.7305305303098506,0.4925906897183759,0.24909091103260803,0.9552329292349269,0.0
2014-09-12,0.7305305303098506,0.4925906897183759,0.24909091103260803,0.9552329292349269,0.0
2014-09-13,0.7305305303098506,0.4925906897183759,0.24909091103260803,0.9552329292349269,0.0
2014-09-14,0.6428121808314662,0.5377877292618279,0.2188370522689809,0.47992079257469034,0.0
2014-09-15,0.6428121808314662,0.5377877292618279,0.2188370522689809,0.47992079257469034,0.0
2014-09-16,0.6428121808314662,0.5377877292618279,0.2188370522689809,0.47992079257469034,0.0
2014-09-17,0.6428121808314662,0.5377877292618279,0.2188370522689809,0.47992079257469034,0.0
2014-09-18,0.6428121808314662,0.5377877292618279,0.2188370522689809,0.47992079257469034,0.0
2014-09-19,0.6428121808314662,0.5377877292618279,0.2188370522689809,0.47992079257469034,0.0
2014-09-20,0.6428121808314662,0.5377877292618279,0.2188370522689809,0.47992079257469034,0.0
2014-09-21,0.6428121808314662,0.5377877292618279,0.2188370522689809,0.47992079257469034,0.0
2014-09-22,0.6428121808314662,0.5377877292618279,0.2188370522689809,0.47992079257469034,0.0
2014-09-23,0.6428121808314662,0.5377877292618279,0.2188370522689809,0.47992079257469034,0.0
2014-09-24,0.6428121808314662,0.5377877292618279,0.2188370522689809,0.47992079257469034,0.0
2014-09-25,0.6428121808314662,0.5377877292618279,0.2188370522689809,0.47992079257469034,0.0
2014-09-26,0.6428121808314662,0.5377877292618279,0.2188370522689809,0.47992079257469034,0.0
2014-09-27,0.6428121808314662,0.5377877292618279,0.2188370522689809,0.47992079257469034,0.0
2014-09-28,0.6428121808314662,0.5377877292618279,0.2188370522689809,0.47992079257469034,0.0
2014-09-29,0.6428121808314662,0.5377877292618279,0.2188370522689809,0.47992079257469034,0.0
2014-09-30,0.500379154741139,0.5663899148540558,0.18426407406304873,-0.35823999034304516,0.0
2014-10-01,0.500379154741139,0.5663899148540558,0.18426407406304873,-0.35823999034304516,0.0
2014-10-02,0.500379154741139,0.5663899148540558,0.18426407406304873,-0.35823999034304516,0.0
2014-10-03,0.500379154741139,0.5663899148540558,0.18426407406304873,-0.35823999034304516,0.0
2014-10-04,0.500379154741139,0.5663899148540558,0.18426407406304873,-0.35823999034304516,0.0
2014-10-05,0.500379154741139,0.5663899148540558,0.18426407406304873,-0.35823999034304516,0.0
2014-10-06,0.500379154741139,0.5663899148540558,0.18426407406304873,-0.35823999034304516,0.0
2014-10-07,0.500379154741139,0.5663899148540558,0.18426407406304873,-0.35823999034304516,0.0
2014-10-08,0.500379154741139,0.5663899148540558,0.18426407406304873,-0.35823999034304516,0.0
2014-10-09,0.500379154741139,0.5663899148540558,0.18426407406304873,-0.35823999034304516,0.0
2014-10-10,0.500379154741139,0.5663899148540558,0.18426407406304873,-0.35823999034304516,0.0
2014-10-11,0.500379154741139,0.5663899148540558,0.18426407406304873,-0.35823999034304516,0.0
2014-10-12,0.500379154741139,0.5663899148540558,0.18426407406304873,-0.35823999034304516,0.0
2014-10-13,0.500379154741139,0.5663899148540558,0.18426407406304873,-0.35823999034304516,0.0
2014-10-14,0.500379154741139,0.5663899148540558,0.18426407406304873,-0.35823999034304516,0.0
2014-10-15,0.500379154741139,0.5663899148540558,0.18426407406304873,-0.35823999034304516,0.0
2014-10-16,0.4310789124480318,0.5824773411216382,0.15979213088405164,-0.9474711166062619,0.0
2014-10-17,0.4310789124480318,0.5824773411216382,0.15979213088405164,-0.9474711166062619,0.0
2014-10-18,0.4310789124480318,0.5824773411216382,0.15979213088405164,-0.9474711166062619,0.0
2014-10-19,0.4310789124480318,0.5824773411216382,0.15979213088405164,-0.9474711166062619,0.0
2014-10-20,0.4310789124480318,0.5824773411216382,0.15979213088405164,-0.9474711166062619,0.0
2014-10-21,0.4310789124480318,0.5824773411216382,0.15979213088405164,-0.9474711166062619,0.0
2014-10-22,0.4310789124480318,0.5824773411216382,0.15979213088405164,-0.9474711166062619,0.0
2014-10-23,0.4310789124480318,0.5824773411216382,0.15979213088405164,-0.9474711166062619,0.0
2014-10-24,0.4310789124480318,0.5824773411216382,0.15979213088405164,-0.9474711166062619,0.0
2014-10-25,0.4310789124480318,0.5824773411216382,0.15979213088405164,-0.9474711166062619,0.0
2014-10-26,0.4310789124480318,0.5824773411216382,0.15979213088405164,-0.9474711166062619,0.0
2014-10-27,0.4310789124480318,0.5824773411216382,0.15979213088405164,-0.9474711166062619,0.0
2014-10-28,0.4310789124480318,0.5824773411216382,0.15979213088405164,-0.9474711166062619,0.0
2014-10-29,0.4310789124480318,0.5824773411216382,0.15979213088405164,-0.9474711166062619,0.0
2014-10-30,0.4310789124480318,0.5824773411216382,0.15979213088405164,-0.9474711166062619,0.0
2014-10-31,0.4310789124480318,0.5824773411216382,0.15979213088405164,-0.9474711166062619,0.0
2014-11-01,0.35863264556753127,0.5874677170960529,0.15080816063986882,-1.5173918344842212,1.0
2014-11-02,0.35863264556753127,0.5874677170960529,0.15080816063986882,-1.5173918344842212,1.0
2014-11-03,0.35863264556753127,0.5874677170960529,0.15080816063986882,-1.5173918344842212,1.0
2014-11-04,0.35863264556753127,0.5874677170960529,0.15080816063986882,-1.5173918344842212,1.0
2014-11-05,0.35863264556753127,0.5874677170960529,0.15080816063986882,-1.5173918344842212,1.0
2014-11-06,0.35863264556753127,0.5874677170960529,0.15080816063986882,-1.5173918344842212,1.0
2014-11-07,0.35863264556753127,0.5874677170960529,0.15080816063986882,-1.5173918344842212,1.0
2014-11-08,0.35863264556753127,0.5874677170960529,0.15080816063986882,-1.5173918344842212,1.0
2014-11-09,0.35863264556753127,0.5874677170960529,0.15080816063986882,-1.5173918344842212,1.0
2014-11-10,0.35863264556753127,0.5874677170960529,0.15080816063986882,-1.5173918344842212,1.0
2014-11-11,0.35863264556753127,0.5874677170960529,0.15080816063986882,-1.5173918344842212,1.0
2014-11-12,0.35863264556753127,0.5874677170960529,0.15080816063986882,-1.5173918344842212,1.0
2014-11-13,0.35863264556753127,0.5874677170960529,0.15080816063986882,-1.5173918344842212,1.0
2014-11-14,0.35863264556753127,0.5874677170960529,0.15080816063986882,-1.5173918344842212,1.0
2014-11-15,0.35863264556753127,0.5874677170960529,0.15080816063986882,-1.5173918344842212,1.0
2014-11-16,0.35863264556753127,0.5874677170960529,0.15080816063986882,-1.5173918344842212,1.0
2014-11-17,0.15660175208526578,0.569258379164768,0.18750671537039687,-2.2007565236495603,1.0
2014-11-18,0.15660175208526578,0.569258379164768,0.18750671537039687,-2.2007565236495603,1.0
2014-11-19,0.15660175208526578,0.569258379164768,0.18750671537039687,-2.2007565236495603,1.0
2014-11-20,0.15660175208526578,0.569258379164768,0.18750671537039687,-2.2007565236495603,1.0
2014-11-21,0.15660175208526578,0.569258379164768,0.18750671537039687,-2.2007565236495603,1.0
2014-11-22,0.15660175208526578,0.569258379164768,0.18750671537039687,-2.2007565236495603,1.0
2014-11-23,0.15660175208526578,0.569258379164768,0.18750671537039687,-2.2007565236495603,1.0
2014-11-24,0.15660175208526578,0.569258379164768,0.18750671537039687,-2.2007565236495603,1.0
2014-11-25,0.15660175208526578,0.569258379164768,0.18750671537039687,-2.2007565236495603,1.0
2014-11-26,0.15660175208526578,0.569258379164768,0.18750671537039687,-2.2007565236495603,1.0
2014-11-27,0.15660175208526578,0.569258379164768,0.18750671537039687,-2.2007565236495603,1.0
2014-11-28,0.15660175208526578,0.569258379164768,0.18750671537039687,-2.2007565236495603,1.0
2014-11-29,0.15660175208526578,0.569258379164768,0.18750671537039687,-2.2007565236495603,1.0
2014-11-30,0.15660175208526578,0.569258379164768,0.18750671537039687,-2.2007565236495603,1.0
2014-12-01,0.15660175208526578,0.569258379164768,0.18750671537039687,-2.2007565236495603,1.0
2014-12-02,0.15660175208526578,0.569258379164768,0.18750671537039687,-2.2007565236495603,1.0
2014-12-03,0.17557840478669465,0.5425413495517912,0.21905265690606693,-1.6752270889937475,1.0
2014-12-04,0.17557840478669465,0.5425413495517912,0.21905265690606693,-1.6752270889937475,1.0
2014-12-05,0.17557840478669465,0.5425413495517912,0.21905265690606693,-1.6752270889937475,1.0
2014-12-06,0.17557840478669465,0.5425413495517912,0.21905265690606693,-1.6752270889937475,1.0
2014-12-07,0.17557840478669465,0.5425413495517912,0.21905265690606693,-1.6752270889937475,1.0
2014-12-08,0.17557840478669465,0.5425413495517912,0.21905265690606693,-1.6752270889937475,1.0
2014-12-09,0.17557840478669465,0.5425413495517912,0.21905265690606693,-1.6752270889937475,1.0
2014-12-10,0.17557840478669465,0.5425413495517912,0.21905265690606693,-1.6752270889937475,1.0
2014-12-11,0.17557840478669465,0.5425413495517912,0.21905265690606693,-1.6752270889937475,1.0
2014-12-12,0.17557840478669465,0.5425413495517912,0.21905265690606693,-1.6752270889937475,1.0
2014-12-13,0.17557840478669465,0.5425413495517912,0.21905265690606693,-1.6752270889937475,1.0
2014-12-14,0.17557840478669465,0.5425413495517912,0.21905265690606693,-1.6752270889937475,1.0
2014-12-15,0.17557840478669465,0.5425413495517912,0.21905265690606693,-1.6752270889937475,1.0
2014-12-16,0.17557840478669465,0.5425413495517912,0.21905265690606693,-1.6752270889937475,1.0
2014-12-17,0.17557840478669465,0.5425413495517912,0.21905265690606693,-1.6752270889937475,1.0
2014-12-18,0.17557840478669465,0.5425413495517912,0.21905265690606693,-1.6752270889937475,1.0
2014-12-19,0.1767715306273721,0.5096063852514737,0.24266109204088887,-1.3716037120941427,1.0
2014-12-20,0.1767715306273721,0.5096063852514737,0.24266109204088887,-1.3716037120941427,1.0
2014-12-21,0.1767715306273721,0.5096063852514737,0.24266109204088887,-1.3716037120941427,1.0
2014-12-22,0.1767715306273721,0.5096063852514737,0.24266109204088887,-1.3716037120941427,1.0
2014-12-23,0.1767715306273721,0.5096063852514737,0.24266109204088887,-1.3716037120941427,1.0
2014-12-24,0.1767715306273721,0.5096063852514737,0.24266109204088887,-1.3716037120941427,1.0
2014-12-25,0.1767715306273721,0.5096063852514737,0.24266109204088887,-1.3716037120941427,1.0
2014-12-26,0.1767715306273721,0.5096063852514737,0.24266109204088887,-1.3716037120941427,1.0
2014-12-27,0.1767715306273721,0.5096063852514737,0.24266109204088887,-1.3716037120941427,1.0
2014-12-28,0.1767715306273721,0.5096063852514737,0.24266109204088887,-1.3716037120941427,1.0
2014-12-29,0.1767715306273721,0.5096063852514737,0.24266109204088887,-1.3716037120941427,1.0
2014-12-30,0.1767715306273721,0.5096063852514737,0.24266109204088887,-1.3716037120941427,1.0
2014-12-31,0.1767715306273721,0.5096063852514737,0.24266109204088887,-1.3716037120941427,1.0
2015-01-01,0.09648697691474453,0.4578810400240483,0.25992980678710925,-1.3903525246925488,1.0
2015-01-02,0.09648697691474453,0.4578810400240483,0.25992980678710925,-1.3903525246925488,1.0
2015-01-03,0.09648697691474453,0.4578810400240483,0.25992980678710925,-1.3903525246925488,1.0
2015-01-04,0.09648697691474453,0.4578810400240483,0.25992980678710925,-1.3903525246925488,1.0
2015-01-05,0.09648697691474453,0.4578810400240483,0.25992980678710925,-1.3903525246925488,1.0
2015-01-06,0.09648697691474453,0.4578810400240483,0.25992980678710925,-1.3903525246925488,1.0
2015-01-07,0.09648697691474453,0.4578810400240483,0.25992980678710925,-1.3903525246925488,1.0
2015-01-08,0.09648697691474453,0.4578810400240483,0.25992980678710925,-1.3903525246925488,1.0
2015-01-09,0.09648697691474453,0.4578810400240483,0.25992980678710925,-1.3903525246925488,1.0
2015-01-10,0.09648697691474453,0.4578810400240483,0.25992980678710925,-1.3903525246925488,1.0
2015-01-11,0.09648697691474453,0.4578810400240483,0.25992980678710925,-1.3903525246925488,1.0
2015-01-12,0.09648697691474453,0.4578810400240483,0.25992980678710925,-1.3903525246925488,1.0
2015-01-13,0.09648697691474453,0.4578810400240483,0.25992980678710925,-1.3903525246925488,1.0
2015-01-14,0.09648697691474453,0.4578810400240483,0.25992980678710925,-1.3903525246925488,1.0
2015-01-15,0.09648697691474453,0.4578810400240483,0.25992980678710925,-1.3903525246925488,1.0
2015-01-16,0.09648697691474453,0.4578810400240483,0.25992980678710925,-1.3903525246925488,1.0
2015-01-17,0.10885132027918751,0.40536070353247683,0.2616100798392223,-1.133401982964552,1.0
2015-01-18,0.10885132027918751,0.40536070353247683,0.2616100798392223,-1.133401982964552,1.0
2015-01-19,0.10885132027918751,0.40536070353247683,0.2616100798392223,-1.133401982964552,1.0
2015-01-20,0.10885132027918751,0.40536070353247683,0.2616100798392223,-1.133401982964552,1.0
2015-01-21,0.10885132027918751,0.40536070353247683,0.2616100798392223,-1.133401982964552,1.0
2015-01-22,0.10885132027918751,0.40536070353247683,0.2616100798392223,-1.133401982964552,1.0
2015-01-23,0.10885132027918751,0.40536070353247683,0.2616100798392223,-1.133401982964552,1.0
2015-01-24,0.10885132027918751,0.40536070353247683,0.2616100798392223,-1.133401982964552,1.0
2015-01-25,0.10885132027918751,0.40536070353247683,0.2616100798392223,-1.133401982964552,1.0
2015-01-26,0.10885132027918751,0.40536070353247683,0.2616100798392223,-1.133401982964552,1.0
2015-01-27,0.10885132027918751,0.40536070353247683,0.2616100798392223,-1.133401982964552,1.0
2015-01-28,0.10885132027918751,0.40536070353247683,0.2616100798392223,-1.133401982964552,1.0
2015-01-29,0.10885132027918751,0.40536070353247683,0.2616100798392223,-1.133401982964552,1.0
2015-01-30,0.10885132027918751,0.40536070353247683,0.2616100798392223,-1.133401982964552,1.0
2015-01-31,0.10885132027918751,0.40536070353247683,0.2616100798392223,-1.133401982964552,1.0
2015-02-01,0.10885132027918751,0.40536070353247683,0.2616100798392223,-1.133401982964552,1.0
2015-02-02,0.04366674168777147,0.3462626723827953,0.2560194844499869,-1.1819253965966625,1.0
2015-02-03,0.04366674168777147,0.3462626723827953,0.2560194844499869,-1.1819253965966625,1.0
2015-02-04,0.04366674168777147,0.3462626723827953,0.2560194844499869,-1.1819253965966625,1.0
2015-02-05,0.04366674168777147,0.3462626723827953,0.2560194844499869,-1.1819253965966625,1.0
2015-02-06,0.04366674168777147,0.3462626723827953,0.2560194844499869,-1.1819253965966625,1.0
2015-02-07,0.04366674168777147,0.3462626723827953,0.2560194844499869,-1.1819253965966625,1.0
2015-02-08,0.04366674168777147,0.3462626723827953,0.2560194844499869,-1.1819253965966625,1.0
2015-02-09,0.04366674168777147,0.3462626723827953,0.2560194844499869,-1.1819253965966625,1.0
2015-02-10,0.04366674168777147,0.3462626723827953,0.2560194844499869,-1.1819253965966625,1.0
2015-02-11,0.04366674168777147,0.3462626723827953,0.2560194844499869,-1.1819253965966625,1.0
2015-02-12,0.04366674168777147,0.3462626723827953,0.2560194844499869,-1.1819253965966625,1.0
2015-02-13,0.04366674168777147,0.3462626723827953,0.2560194844499869,-1.1819253965966625,1.0
2015-02-14,0.04366674168777147,0.3462626723827953,0.2560194844499869,-1.1819253965966625,1.0
2015-02-15,0.04366674168777147,0.3462626723827953,0.2560194844499869,-1.1819253965966625,1.0
2015-02-16,0.04366674168777147,0.3462626723827953,0.2560194844499869,-1.1819253965966625,1.0
2015-02-17,0.04366674168777147,0.3462626723827953,0.2560194844499869,-1.1819253965966625,1.0
2015-02-18,0.04090107779967134,0.28852426900656053,0.23819226377672356,-1.0395937604380217,1.0
2015-02-19,0.04090107779967134,0.28852426900656053,0.23819226377672356,-1.0395937604380217,1.0
2015-02-20,0.04090107779967134,0.28852426900656053,0.23819226377672356,-1.0395937604380217,1.0
2015-02-21,0.04090107779967134,0.28852426900656053,0.23819226377672356,-1.0395937604380217,1.0
2015-02-22,0.04090107779967134,0.28852426900656053,0.23819226377672356,-1.0395937604380217,1.0
2015-02-23,0.04090107779967134,0.28852426900656053,0.23819226377672356,-1.0395937604380217,1.0
2015-02-24,0.04090107779967134,0.28852426900656053,0.23819226377672356,-1.0395937604380217,1.0
2015-02-25,0.04090107779967134,0.28852426900656053,0.23819226377672356,-1.0395937604380217,1.0
2015-02-26,0.04090107779967134,0.28852426900656053,0.23819226377672356,-1.0395937604380217,1.0
2015-02-27,0.04090107779967134,0.28852426900656053,0.23819226377672356,-1.0395937604380217,1.0
2015-02-28,0.04090107779967134,0.28852426900656053,0.23819226377672356,-1.0395937604380217,1.0
2015-03-01,0.04090107779967134,0.28852426900656053,0.23819226377672356,-1.0395937604380217,1.0
2015-03-02,0.04090107779967134,0.28852426900656053,0.23819226377672356,-1.0395937604380217,1.0
2015-03-03,0.04090107779967134,0.28852426900656053,0.23819226377672356,-1.0395937604380217,1.0
2015-03-04,0.04090107779967134,0.28852426900656053,0.23819226377672356,-1.0395937604380217,1.0
2015-03-05,0.04090107779967134,0.28852426900656053,0.23819226377672356,-1.0395937604380217,1.0
2015-03-06,0.22105909626793904,0.24606831616973457,0.19344790679565596,-0.12928141904483575,0.0
2015-03-07,0.22105909626793904,0.24606831616973457,0.19344790679565596,-0.12928141904483575,0.0
2015-03-08,0.22105909626793904,0.24606831616973457,0.19344790679565596,-0.12928141904483575,0.0
2015-03-09,0.22105909626793904,0.24606831616973457,0.19344790679565596,-0.12928141904483575,0.0
2015-03-10,0.22105909626793904,0.24606831616973457,0.19344790679565596,-0.12928141904483575,0.0
2015-03-11,0.22105909626793904,0.24606831616973457,0.19344790679565596,-0.12928141904483575,0.0
2015-03-12,0.22105909626793904,0.24606831616973457,0.19344790679565596,-0.12928141904483575,0.0
2015-03-13,0.22105909626793904,0.24606831616973457,0.19344790679565596,-0.12928141904483575,0.0
2015-03-14,0.22105909626793904,0.24606831616973457,0.19344790679565596,-0.12928141904483575,0.0
2015-03-15,0.22105909626793904,0.24606831616973457,0.19344790679565596,-0.12928141904483575,0.0
2015-03-16,0.22105909626793904,0.24606831616973457,0.19344790679565596,-0.12928141904483575,0.0
2015-03-17,0.22105909626793904,0.24606831616973457,0.19344790679565596,-0.12928141904483575,0.0
2015-03-18,0.22105909626793904,0.24606831616973457,0.19344790679565596,-0.12928141904483575,0.0
2015-03-19,0.22105909626793904,0.24606831616973457,0.19344790679565596,-0.12928141904483575,0.0
2015-03-20,0.22105909626793904,0.24606831616973457,0.19344790679565596,-0.12928141904483575,0.0
2015-03-21,0.22105909626793904,0.24606831616973457,0.19344790679565596,-0.12928141904483575,0.0
2015-03-22,0.2576961012454573,0.21397530953756716,0.1483279528068435,0.2947576021953493,0.0
2015-03-23,0.2576961012454573,0.21397530953756716,0.1483279528068435,0.2947576021953493,0.0
2015-03-24,0.2576961012454573,0.21397530953756716,0.1483279528068435,0.2947576021953493,0.0
2015-03-25,0.2576961012454573,0.21397530953756716,0.1483279528068435,0.2947576021953493,0.0
2015-03-26,0.2576961012454573,0.21397530953756716,0.1483279528068435,0.2947576021953493,0.0
2015-03-27,0.2576961012454573,0.21397530953756716,0.1483279528068435,0.2947576021953493,0.0
2015-03-28,0.2576961012454573,0.21397530953756716,0.1483279528068435,0.2947576021953493,0.0
2015-03-29,0.2576961012454573,0.21397530953756716,0.1483279528068435,0.2947576021953493,0.0
2015-03-30,0.2576961012454573,0.21397530953756716,0.1483279528068435,0.2947576021953493,0.0
2015-03-31,0.2576961012454573,0.21397530953756716,0.1483279528068435,0.2947576021953493,0.0
2015-04-01,0.2576961012454573,0.21397530953756716,0.1483279528068435,0.2947576021953493,0.0
2015-04-02,0.2576961012454573,0.21397530953756716,0.1483279528068435,0.2947576021953493,0.0
2015-04-03,0.2576961012454573,0.21397530953756716,0.1483279528068435,0.2947576021953493,0.0
2015-04-04,0.2576961012454573,0.21397530953756716,0.1483279528068435,0.2947576021953493,0.0
2015-04-05,0.2576961012454573,0.21397530953756716,0.1483279528068435,0.2947576021953493,0.0
2015-04-06,0.2576961012454573,0.21397530953756716,0.1483279528068435,0.2947576021953493,0.0
2015-04-07,0.3109445688593644,0.19818909404741927,0.1229923933104552,0.9167678730125185,0.0
2015-04-08,0.3109445688593644,0.19818909404741927,0.1229923933104552,0.9167678730125185,0.0
2015-04-09,0.3109445688593644,0.19818909404741927,0.1229923933104552,0.9167678730125185,0.0
2015-04-10,0.3109445688593644,0.19818909404741927,0.1229923933104552,0.9167678730125185,0.0
2015-04-11,0.3109445688593644,0.19818909404741927,0.1229923933104552,0.9167678730125185,0.0
2015-04-12,0.3109445688593644,0.19818909404741927,0.1229923933104552,0.9167678730125185,0.0
2015-04-13,0.3109445688593644,0.19818909404741927,0.1229923933104552,0.9167678730125185,0.0
2015-04-14,0.3109445688593644,0.19818909404741927,0.1229923933104552,0.9167678730125185,0.0
2015-04-15,0.3109445688593644,0.19818909404741927,0.1229923933104552,0.9167678730125185,0.0
2015-04-16,0.3109445688593644,0.19818909404741927,0.1229923933104552,0.9167678730125185,0.0
2015-04-17,0.3109445688593644,0.19818909404741927,0.1229923933104552,0.9167678730125185,0.0
2015-04-18,0.3109445688593644,0.19818909404741927,0.1229923933104552,0.9167678730125185,0.0
2015-04-19,0.3109445688593644,0.19818909404741927,0.1229923933104552,0.9167678730125185,0.0
2015-04-20,0.3109445688593644,0.19818909404741927,0.1229923933104552,0.9167678730125185,0.0
2015-04-21,0.3109445688593644,0.19818909404741927,0.1229923933104552,0.9167678730125185,0.0
2015-04-22,0.3109445688593644,0.19818909404741927,0.1229923933104552,0.9167678730125185,0.0
2015-04-23,0.35101190193609644,0.19151684317142462,0.11077468239213138,1.439815085184132,-1.0
2015-04-24,0.35101190193609644,0.19151684317142462,0.11077468239213138,1.439815085184132,-1.0
2015-04-25,0.35101190193609644,0.19151684317142462,0.11077468239213138,1.439815085184132,-1.0
2015-04-26,0.35101190193609644,0.19151684317142462,0.11077468239213138,1.439815085184132,-1.0
2015-04-27,0.35101190193609644,0.19151684317142462,0.11077468239213138,1.439815085184132,-1.0
2015-04-28,0.35101190193609644,0.19151684317142462,0.11077468239213138,1.439815085184132,-1.0
2015-04-29,0.35101190193609644,0.19151684317142462,0.11077468239213138,1.439815085184132,-1.0
2015-04-30,0.35101190193609644,0.19151684317142462,0.11077468239213138,1.439815085184132,-1.0
2015-05-01,0.35101190193609644,0.19151684317142462,0.11077468239213138,1.439815085184132,-1.0
2015-05-02,0.35101190193609644,0.19151684317142462,0.11077468239213138,1.439815085184132,-1.0
2015-05-03,0.35101190193609644,0.19151684317142462,0.11077468239213138,1.439815085184132,-1.0
2015-05-04,0.35101190193609644,0.19151684317142462,0.11077468239213138,1.439815085184132,-1.0
2015-05-05,0.35101190193609644,0.19151684317142462,0.11077468239213138,1.439815085184132,-1.0
2015-05-06,0.35101190193609644,0.19151684317142462,0.11077468239213138,1.439815085184132,-1.0
2015-05-07,0.35101190193609644,0.19151684317142462,0.11077468239213138,1.439815085184132,-1.0
2015-05-08,0.35101190193609644,0.19151684317142462,0.11077468239213138,1.439815085184132,-1.0
2015-05-09,0.4436502683609636,0.19860164507087733,0.1243245651589982,1.97103945609377,-1.0
2015-05-10,0.4436502683609636,0.19860164507087733,0.1243245651589982,1.97103945609377,-1.0
2015-05-11,0.4436502683609636,0.19860164507087733,0.1243245651589982,1.97103945609377,-1.0
2015-05-12,0.4436502683609636,0.19860164507087733,0.1243245651589982,1.97103945609377,-1.0
2015-05-13,0.4436502683609636,0.19860164507087733,0.1243245651589982,1.97103945609377,-1.0
2015-05-14,0.4436502683609636,0.19860164507087733,0.1243245651589982,1.97103945609377,-1.0
2015-05-15,0.4436502683609636,0.19860164507087733,0.1243245651589982,1.97103945609377,-1.0
2015-05-16,0.4436502683609636,0.19860164507087733,0.1243245651589982,1.97103945609377,-1.0
2015-05-17,0.4436502683609636,0.19860164507087733,0.1243245651589982,1.97103945609377,-1.0
2015-05-18,0.4436502683609636,0.19860164507087733,0.1243245651589982,1.97103945609377,-1.0
2015-05-19,0.4436502683609636,0.19860164507087733,0.1243245651589982,1.97103945609377,-1.0
2015-05-20,0.4436502683609636,0.19860164507087733,0.1243245651589982,1.97103945609377,-1.0
2015-05-21,0.4436502683609636,0.19860164507087733,0.1243245651589982,1.97103945609377,-1.0
2015-05-22,0.4436502683609636,0.19860164507087733,0.1243245651589982,1.97103945609377,-1.0
2015-05-23,0.4436502683609636,0.19860164507087733,0.1243245651589982,1.97103945609377,-1.0
2015-05-24,0.4436502683609636,0.19860164507087733,0.1243245651589982,1.97103945609377,-1.0
2015-05-25,0.5310721426227397,0.22980751094900018,0.155829026491698,1.9333024049264005,-1.0
2015-05-26,0.5310721426227397,0.22980751094900018,0.155829026491698,1.9333024049264005,-1.0
2015-05-27,0.5310721426227397,0.22980751094900018,0.155829026491698,1.9333024049264005,-1.0
2015-05-28,0.5310721426227397,0.22980751094900018,0.155829026491698,1.9333024049264005,-1.0
2015-05-29,0.5310721426227397,0.22980751094900018,0.155829026491698,1.9333024049264005,-1.0
2015-05-30,0.5310721426227397,0.22980751094900018,0.155829026491698,1.9333024049264005,-1.0
2015-05-31,0.5310721426227397,0.22980751094900018,0.155829026491698,1.9333024049264005,-1.0
2015-06-01,0.5310721426227397,0.22980751094900018,0.155829026491698,1.9333024049264005,-1.0
2015-06-02,0.5310721426227397,0.22980751094900018,0.155829026491698,1.9333024049264005,-1.0
2015-06-03,0.5310721426227397,0.22980751094900018,0.155829026491698,1.9333024049264005,-1.0
2015-06-04,0.5310721426227397,0.22980751094900018,0.155829026491698,1.9333024049264005,-1.0
2015-06-05,0.5310721426227397,0.22980751094900018,0.155829026491698,1.9333024049264005,-1.0
2015-06-06,0.5310721426227397,0.22980751094900018,0.155829026491698,1.9333024049264005,-1.0
2015-06-07,0.5310721426227397,0.22980751094900018,0.155829026491698,1.9333024049264005,-1.0
2015-06-08,0.5310721426227397,0.22980751094900018,0.155829026491698,1.9333024049264005,-1.0
2015-06-09,0.5310721426227397,0.22980751094900018,0.155829026491698,1.9333024049264005,-1.0
2015-06-10,0.6233156526451148,0.2671189482705352,0.19124274955640555,1.8625370384016686,-1.0
2015-06-11,0.6233156526451148,0.2671189482705352,0.19124274955640555,1.8625370384016686,-1.0
2015-06-12,0.6233156526451148,0.2671189482705352,0.19124274955640555,1.8625370384016686,-1.0
2015-06-13,0.6233156526451148,0.2671189482705352,0.19124274955640555,1.8625370384016686,-1.0
2015-06-14,0.6233156526451148,0.2671189482705352,0.19124274955640555,1.8625370384016686,-1.0
2015-06-15,0.6233156526451148,0.2671189482705352,0.19124274955640555,1.8625370384016686,-1.0
2015-06-16,0.6233156526451148,0.2671189482705352,0.19124274955640555,1.8625370384016686,-1.0
2015-06-17,0.6233156526451148,0.2671189482705352,0.19124274955640555,1.8625370384016686,-1.0
2015-06-18,0.6233156526451148,0.2671189482705352,0.19124274955640555,1.8625370384016686,-1.0
2015-06-19,0.6233156526451148,0.2671189482705352,0.19124274955640555,1.8625370384016686,-1.0
2015-06-20,0.6233156526451148,0.2671189482705352,0.19124274955640555,1.8625370384016686,-1.0
2015-06-21,0.6233156526451148,0.2671189482705352,0.19124274955640555,1.8625370384016686,-1.0
2015-06-22,0.6233156526451148,0.2671189482705352,0.19124274955640555,1.8625370384016686,-1.0
2015-06-23,0.6233156526451148,0.2671189482705352,0.19124274955640555,1.8625370384016686,-1.0
2015-06-24,0.6233156526451148,0.2671189482705352,0.19124274955640555,1.8625370384016686,-1.0
2015-06-25,0.6233156526451148,0.2671189482705352,0.19124274955640555,1.8625370384016686,-1.0
2015-06-26,0.7018733107025604,0.31087742994346756,0.22566723792423363,1.732621378076898,-1.0
2015-06-27,0.7018733107025604,0.31087742994346756,0.22566723792423363,1.732621378076898,-1.0
2015-06-28,0.7018733107025604,0.31087742994346756,0.22566723792423363,1.732621378076898,-1.0
2015-06-29,0.7018733107025604,0.31087742994346756,0.22566723792423363,1.732621378076898,-1.0
2015-06-30,0.7018733107025604,0.31087742994346756,0.22566723792423363,1.732621378076898,-1.0
2015-07-01,0.7018733107025604,0.31087742994346756,0.22566723792423363,1.732621378076898,-1.0
2015-07-02,0.7018733107025604,0.31087742994346756,0.22566723792423363,1.732621378076898,-1.0
2015-07-03,0.7018733107025604,0.31087742994346756,0.22566723792423363,1.732621378076898,-1.0
2015-07-04,0.7018733107025604,0.31087742994346756,0.22566723792423363,1.732621378076898,-1.0
2015-07-05,0.7018733107025604,0.31087742994346756,0.22566723792423363,1.732621378076898,-1.0
2015-07-06,0.7018733107025604,0.31087742994346756,0.22566723792423363,1.732621378076898,-1.0
2015-07-07,0.7018733107025604,0.31087742994346756,0.22566723792423363,1.732621378076898,-1.0
2015-07-08,0.7018733107025604,0.31087742994346756,0.22566723792423363,1.732621378076898,-1.0
2015-07-09,0.7018733107025604,0.31087742994346756,0.22566723792423363,1.732621378076898,-1.0
2015-07-10,0.7018733107025604,0.31087742994346756,0.22566723792423363,1.732621378076898,-1.0
2015-07-11,0.7018733107025604,0.31087742994346756,0.22566723792423363,1.732621378076898,-1.0
2015-07-12,0.7585040012364609,0.36604551530361057,0.2482789476422715,1.5807159231974732,-1.0
2015-07-13,0.7585040012364609,0.36604551530361057,0.2482789476422715,1.5807159231974732,-1.0
2015-07-14,0.7585040012364609,0.36604551530361057,0.2482789476422715,1.5807159231974732,-1.0
2015-07-15,0.7585040012364609,0.36604551530361057,0.2482789476422715,1.5807159231974732,-1.0
2015-07-16,0.7585040012364609,0.36604551530361057,0.2482789476422715,1.5807159231974732,-1.0
2015-07-17,0.7585040012364609,0.36604551530361057,0.2482789476422715,1.5807159231974732,-1.0
2015-07-18,0.7585040012364609,0.36604551530361057,0.2482789476422715,1.5807159231974732,-1.0
2015-07-19,0.7585040012364609,0.36604551530361057,0.2482789476422715,1.5807159231974732,-1.0
2015-07-20,0.7585040012364609,0.36604551530361057,0.2482789476422715,1.5807159231974732,-1.0
2015-07-21,0.7585040012364609,0.36604551530361057,0.2482789476422715,1.5807159231974732,-1.0
2015-07-22,0.7585040012364609,0.36604551530361057,0.2482789476422715,1.5807159231974732,-1.0
2015-07-23,0.7585040012364609,0.36604551530361057,0.2482789476422715,1.5807159231974732,-1.0
2015-07-24,0.7585040012364609,0.36604551530361057,0.2482789476422715,1.5807159231974732,-1.0
2015-07-25,0.7585040012364609,0.36604551530361057,0.2482789476422715,1.5807159231974732,-1.0
2015-07-26,0.7585040012364609,0.36604551530361057,0.2482789476422715,1.5807159231974732,-1.0
2015-07-27,0.7585040012364609,0.36604551530361057,0.2482789476422715,1.5807159231974732,-1.0
2015-07-28,0.7455627489572263,0.41910480102678044,0.25622572032811736,1.274102957003655,-1.0
2015-07-29,0.7455627489572263,0.41910480102678044,0.25622572032811736,1.274102957003655,-1.0
2015-07-30,0.7455627489572263,0.41910480102678044,0.25622572032811736,1.274102957003655,-1.0
2015-07-31,0.7455627489572263,0.41910480102678044,0.25622572032811736,1.274102957003655,-1.0
2015-08-01,0.7455627489572263,0.41910480102678044,0.25622572032811736,1.274102957003655,-1.0
2015-08-02,0.7455627489572263,0.41910480102678044,0.25622572032811736,1.274102957003655,-1.0
2015-08-03,0.7455627489572263,0.41910480102678044,0.25622572032811736,1.274102957003655,-1.0
2015-08-04,0.7455627489572263,0.41910480102678044,0.25622572032811736,1.274102957003655,-1.0
2015-08-05,0.7455627489572263,0.41910480102678044,0.25622572032811736,1.274102957003655,-1.0
2015-08-06,0.7455627489572263,0.41910480102678044,0.25622572032811736,1.274102957003655,-1.0
2015-08-07,0.7455627489572263,0.41910480102678044,0.25622572032811736,1.274102957003655,-1.0
2015-08-08,0.7455627489572263,0.41910480102678044,0.25622572032811736,1.274102957003655,-1.0
2015-08-09,0.7455627489572263,0.41910480102678044,0.25622572032811736,1.274102957003655,-1.0
2015-08-10,0.7455627489572263,0.41910480102678044,0.25622572032811736,1.274102957003655,-1.0
2015-08-11,0.7455627489572263,0.41910480102678044,0.25622572032811736,1.274102957003655,-1.0
2015-08-12,0.7455627489572263,0.41910480102678044,0.25622572032811736,1.274102957003655,-1.0
2015-08-13,0.726111293675629,0.4759751803591019,0.24057812696573794,1.0397292408555094,-1.0
2015-08-14,0.726111293675629,0.4759751803591019,0.24057812696573794,1.0397292408555094,-1.0
2015-08-15,0.726111293675629,0.4759751803591019,0.24057812696573794,1.0397292408555094,-1.0
2015-08-16,0.726111293675629,0.4759751803591019,0.24057812696573794,1.0397292408555094,-1.0
2015-08-17,0.726111293675629,0.4759751803591019,0.24057812696573794,1.0397292408555094,-1.0
2015-08-18,0.726111293675629,0.4759751803591019,0.24057812696573794,1.0397292408555094,-1.0
2015-08-19,0.726111293675629,0.4759751803591019,0.24057812696573794,1.0397292408555094,-1.0
2015-08-20,0.726111293675629,0.4759751803591019,0.24057812696573794,1.0397292408555094,-1.0
2015-08-21,0.726111293675629,0.4759751803591019,0.24057812696573794,1.0397292408555094,-1.0
2015-08-22,0.726111293675629,0.4759751803591019,0.24057812696573794,1.0397292408555094,-1.0
2015-08-23,0.726111293675629,0.4759751803591019,0.24057812696573794,1.0397292408555094,-1.0
2015-08-24,0.726111293675629,0.4759751803591019,0.24057812696573794,1.0397292408555094,-1.0
2015-08-25,0.726111293675629,0.4759751803591019,0.24057812696573794,1.0397292408555094,-1.0
2015-08-26,0.726111293675629,0.4759751803591019,0.24057812696573794,1.0397292408555094,-1.0
2015-08-27,0.726111293675629,0.4759751803591019,0.24057812696573794,1.0397292408555094,-1.0
2015-08-28,0.726111293675629,0.4759751803591019,0.24057812696573794,1.0397292408555094,-1.0
2015-08-29,0.6863207036114571,0.5297601491767507,0.20380429045880763,0.7681906699915623,0.0
2015-08-30,0.6863207036114571,0.5297601491767507,0.20380429045880763,0.7681906699915623,0.0
2015-08-31,0.6863207036114571,0.5297601491767507,0.20380429045880763,0.7681906699915623,0.0
2015-09-01,0.6863207036114571,0.5297601491767507,0.20380429045880763,0.7681906699915623,0.0
2015-09-02,0.6863207036114571,0.5297601491767507,0.20380429045880763,0.7681906699915623,0.0
2015-09-03,0.6863207036114571,0.5297601491767507,0.20380429045880763,0.7681906699915623,0.0
2015-09-04,0.6863207036114571,0.5297601491767507,0.20380429045880763,0.7681906699915623,0.0
2015-09-05,0.6863207036114571,0.5297601491767507,0.20380429045880763,0.7681906699915623,0.0
2015-09-06,0.6863207036114571,0.5297601491767507,0.20380429045880763,0.7681906699915623,0.0
2015-09-07,0.6863207036114571,0.5297601491767507,0.20380429045880763,0.7681906699915623,0.0
2015-09-08,0.6863207036114571,0.5297601491767507,0.20380429045880763,0.7681906699915623,0.0
2015-09-09,0.6863207036114571,0.5297601491767507,0.20380429045880763,0.7681906699915623,0.0
2015-09-10,0.6863207036114571,0.5297601491767507,0.20380429045880763,0.7681906699915623,0.0
2015-09-11,0.6863207036114571,0.5297601491767507,0.20380429045880763,0.7681906699915623,0.0
2015-09-12,0.6863207036114571,0.5297601491767507,0.20380429045880763,0.7681906699915623,0.0
2015-09-13,0.6863207036114571,0.5297601491767507,0.20380429045880763,0.7681906699915623,0.0
2015-09-14,0.6024587041345245,0.5615434498322995,0.17958656517953217,0.22783026258853004,0.0
2015-09-15,0.6024587041345245,0.5615434498322995,0.17958656517953217,0.22783026258853004,0.0
2015-09-16,0.6024587041345245,0.5615434498322995,0.17958656517953217,0.22783026258853004,0.0
2015-09-17,0.6024587041345245,0.5615434498322995,0.17958656517953217,0.22783026258853004,0.0
2015-09-18,0.6024587041345245,0.5615434498322995,0.17958656517953217,0.22783026258853004,0.0
2015-09-19,0.6024587041345245,0.5615434498322995,0.17958656517953217,0.22783026258853004,0.0
2015-09-20,0.6024587041345245,0.5615434498322995,0.17958656517953217,0.22783026258853004,0.0
2015-09-21,0.6024587041345245,0.5615434498322995,0.17958656517953217,0.22783026258853004,0.0
2015-09-22,0.6024587041345245,0.5615434498322995,0.17958656517953217,0.22783026258853004,0.0
2015-09-23,0.6024587041345245,0.5615434498322995,0.17958656517953217,0.22783026258853004,0.0
2015-09-24,0.6024587041345245,0.5615434498322995,0.17958656517953217,0.22783026258853004,0.0
2015-09-25,0.6024587041345245,0.5615434498322995,0.17958656517953217,0.22783026258853004,0.0
2015-09-26,0.6024587041345245,0.5615434498322995,0.17958656517953217,0.22783026258853004,0.0
2015-09-27,0.6024587041345245,0.5615434498322995,0.17958656517953217,0.22783026258853004,0.0
2015-09-28,0.6024587041345245,0.5615434498322995,0.17958656517953217,0.22783026258853004,0.0
2015-09-29,0.6024587041345245,0.5615434498322995,0.17958656517953217,0.22783026258853004,0.0
2015-09-30,0.5225348816629894,0.5836133482004272,0.15318383801006083,-0.3987265714900435,0.0
2015-10-01,0.5225348816629894,0.5836133482004272,0.15318383801006083,-0.3987265714900435,0.0
2015-10-02,0.5225348816629894,0.5836133482004272,0.15318383801006083,-0.3987265714900435,0.0
2015-10-03,0.5225348816629894,0.5836133482004272,0.15318383801006083,-0.3987265714900435,0.0
2015-10-04,0.5225348816629894,0.5836133482004272,0.15318383801006083,-0.3987265714900435,0.0
2015-10-05,0.5225348816629894,0.5836133482004272,0.15318383801006083,-0.3987265714900435,0.0
2015-10-06,0.5225348816629894,0.5836133482004272,0.15318383801006083,-0.3987265714900435,0.0
2015-10-07,0.5225348816629894,0.5836133482004272,0.15318383801006083,-0.3987265714900435,0.0
2015-10-08,0.5225348816629894,0.5836133482004272,0.15318383801006083,-0.3987265714900435,0.0
2015-10-09,0.5225348816629894,0.5836133482004272,0.15318383801006083,-0.3987265714900435,0.0
2015-10-10,0.5225348816629894,0.5836133482004272,0.15318383801006083,-0.3987265714900435,0.0
2015-10-11,0.5225348816629894,0.5836133482004272,0.15318383801006083,-0.3987265714900435,0.0
2015-10-12,0.5225348816629894,0.5836133482004272,0.15318383801006083,-0.3987265714900435,0.0
2015-10-13,0.5225348816629894,0.5836133482004272,0.15318383801006083,-0.3987265714900435,0.0
2015-10-14,0.5225348816629894,0.5836133482004272,0.15318383801006083,-0.3987265714900435,0.0
2015-10-15,0.5225348816629894,0.5836133482004272,0.15318383801006083,-0.3987265714900435,0.0
2015-10-16,0.4296230530754151,0.5935032218850981,0.13695029060003566,-1.1966398033305108,1.0
2015-10-17,0.4296230530754151,0.5935032218850981,0.13695029060003566,-1.1966398033305108,1.0
2015-10-18,0.4296230530754151,0.5935032218850981,0.13695029060003566,-1.1966398033305108,1.0
2015-10-19,0.4296230530754151,0.5935032218850981,0.13695029060003566,-1.1966398033305108,1.0
2015-10-20,0.4296230530754151,0.5935032218850981,0.13695029060003566,-1.1966398033305108,1.0
2015-10-21,0.4296230530754151,0.5935032218850981,0.13695029060003566,-1.1966398033305108,1.0
2015-10-22,0.4296230530754151,0.5935032218850981,0.13695029060003566,-1.1966398033305108,1.0
2015-10-23,0.4296230530754151,0.5935032218850981,0.13695029060003566,-1.1966398033305108,1.0
2015-10-24,0.4296230530754151,0.5935032218850981,0.13695029060003566,-1.1966398033305108,1.0
2015-10-25,0.4296230530754151,0.5935032218850981,0.13695029060003566,-1.1966398033305108,1.0
2015-10-26,0.4296230530754151,0.5935032218850981,0.13695029060003566,-1.1966398033305108,1.0
2015-10-27,0.4296230530754151,0.5935032218850981,0.13695029060003566,-1.1966398033305108,1.0
2015-10-28,0.4296230530754151,0.5935032218850981,0.13695029060003566,-1.1966398033305108,1.0
2015-10-29,0.4296230530754151,0.5935032218850981,0.13695029060003566,-1.1966398033305108,1.0
2015-10-30,0.4296230530754151,0.5935032218850981,0.13695029060003566,-1.1966398033305108,1.0
2015-10-31,0.4296230530754151,0.5935032218850981,0.13695029060003566,-1.1966398033305108,1.0
2015-11-01,0.41038430775622686,0.598450922370109,0.12818521494300622,-1.4671474763879782,1.0
2015-11-02,0.41038430775622686,0.598450922370109,0.12818521494300622,-1.4671474763879782,1.0
2015-11-03,0.41038430775622686,0.598450922370109,0.12818521494300622,-1.4671474763879782,1.0
2015-11-04,0.41038430775622686,0.598450922370109,0.12818521494300622,-1.4671474763879782,1.0
2015-11-05,0.41038430775622686,0.598450922370109,0.12818521494300622,-1.4671474763879782,1.0
2015-11-06,0.41038430775622686,0.598450922370109,0.12818521494300622,-1.4671474763879782,1.0
2015-11-07,0.41038430775622686,0.598450922370109,0.12818521494300622,-1.4671474763879782,1.0
2015-11-08,0.41038430775622686,0.598450922370109,0.12818521494300622,-1.4671474763879782,1.0
2015-11-09,0.41038430775622686,0.598450922370109,0.12818521494300622,-1.4671474763879782,1.0
2015-11-10,0.41038430775622686,0.598450922370109,0.12818521494300622,-1.4671474763879782,1.0
2015-11-11,0.41038430775622686,0.598450922370109,0.12818521494300622,-1.4671474763879782,1.0
2015-11-12,0.41038430775622686,0.598450922370109,0.12818521494300622,-1.4671474763879782,1.0
2015-11-13,0.41038430775622686,0.598450922370109,0.12818521494300622,-1.4671474763879782,1.0
2015-11-14,0.41038430775622686,0.598450922370109,0.12818521494300622,-1.4671474763879782,1.0
2015-11-15,0.41038430775622686,0.598450922370109,0.12818521494300622,-1.4671474763879782,1.0
2015-11-16,0.41038430775622686,0.598450922370109,0.12818521494300622,-1.4671474763879782,1.0
2015-11-17,0.32821369444776716,0.5888312078773427,0.14419065428681446,-1.8074507999053286,1.0
2015-11-18,0.32821369444776716,0.5888312078773427,0.14419065428681446,-1.8074507999053286,1.0
2015-11-19,0.32821369444776716,0.5888312078773427,0.14419065428681446,-1.8074507999053286,1.0
2015-11-20,0.32821369444776716,0.5888312078773427,0.14419065428681446,-1.8074507999053286,1.0
2015-11-21,0.32821369444776716,0.5888312078773427,0.14419065428681446,-1.8074507999053286,1.0
2015-11-22,0.32821369444776716,0.5888312078773427,0.14419065428681446,-1.8074507999053286,1.0
2015-11-23,0.32821369444776716,0.5888312078773427,0.14419065428681446,-1.8074507999053286,1.0
2015-11-24,0.32821369444776716,0.5888312078773427,0.14419065428681446,-1.8074507999053286,1.0
2015-11-25,0.32821369444776716,0.5888312078773427,0.14419065428681446,-1.8074507999053286,1.0
2015-11-26,0.32821369444776716,0.5888312078773427,0.14419065428681446,-1.8074507999053286,1.0
2015-11-27,0.32821369444776716,0.5888312078773427,0.14419065428681446,-1.8074507999053286,1.0
2015-11-28,0.32821369444776716,0.5888312078773427,0.14419065428681446,-1.8074507999053286,1.0
2015-11-29,0.32821369444776716,0.5888312078773427,0.14419065428681446,-1.8074507999053286,1.0
2015-11-30,0.32821369444776716,0.5888312078773427,0.14419065428681446,-1.8074507999053286,1.0
2015-12-01,0.32821369444776716,0.5888312078773427,0.14419065428681446,-1.8074507999053286,1.0
2015-12-02,0.32821369444776716,0.5888312078773427,0.14419065428681446,-1.8074507999053286,1.0
2015-12-03,0.28452411647205067,0.5682855390314518,0.1686582329017146,-1.6824641031592145,1.0
2015-12-04,0.28452411647205067,0.5682855390314518,0.1686582329017146,-1.6824641031592145,1.0
2015-12-05,0.28452411647205067,0.5682855390314518,0.1686582329017146,-1.6824641031592145,1.0
2015-12-06,0.28452411647205067,0.5682855390314518,0.1686582329017146,-1.6824641031592145,1.0
2015-12-07,0.28452411647205067,0.5682855390314518,0.1686582329017146,-1.6824641031592145,1.0
2015-12-08,0.28452411647205067,0.5682855390314518,0.1686582329017146,-1.6824641031592145,1.0
2015-12-09,0.28452411647205067,0.5682855390314518,0.1686582329017146,-1.6824641031592145,1.0
2015-12-10,0.28452411647205067,0.5682855390314518,0.1686582329017146,-1.6824641031592145,1.0
2015-12-11,0.28452411647205067,0.5682855390314518,0.1686582329017146,-1.6824641031592145,1.0
2015-12-12,0.28452411647205067,0.5682855390314518,0.1686582329017146,-1.6824641031592145,1.0
2015-12-13,0.28452411647205067,0.5682855390314518,0.1686582329017146,-1.6824641031592145,1.0
2015-12-14,0.28452411647205067,0.5682855390314518,0.1686582329017146,-1.6824641031592145,1.0
2015-12-15,0.28452411647205067,0.5682855390314518,0.1686582329017146,-1.6824641031592145,1.0
2015-12-16,0.28452411647205067,0.5682855390314518,0.1686582329017146,-1.6824641031592145,1.0
2015-12-17,0.28452411647205067,0.5682855390314518,0.1686582329017146,-1.6824641031592145,1.0
2015-12-18,0.28452411647205067,0.5682855390314518,0.1686582329017146,-1.6824641031592145,1.0
2015-12-19,0.15031292856434644,0.5288686453580544,0.20580884475976813,-1.8393559190110607,1.0
2015-12-20,0.15031292856434644,0.5288686453580544,0.20580884475976813,-1.8393559190110607,1.0
2015-12-21,0.15031292856434644,0.5288686453580544,0.20580884475976813,-1.8393559190110607,1.0
2015-12-22,0.15031292856434644,0.5288686453580544,0.20580884475976813,-1.8393559190110607,1.0
2015-12-23,0.15031292856434644,0.5288686453580544,0.20580884475976813,-1.8393559190110607,1.0
2015-12-24,0.15031292856434644,0.5288686453580544,0.20580884475976813,-1.8393559190110607,1.0
2015-12-25,0.15031292856434644,0.5288686453580544,0.20580884475976813,-1.8393559190110607,1.0
2015-12-26,0.15031292856434644,0.5288686453580544,0.20580884475976813,-1.8393559190110607,1.0
2015-12-27,0.15031292856434644,0.5288686453580544,0.20580884475976813,-1.8393559190110607,1.0
2015-12-28,0.15031292856434644,0.5288686453580544,0.20580884475976813,-1.8393559190110607,1.0
2015-12-29,0.15031292856434644,0.5288686453580544,0.20580884475976813,-1.8393559190110607,1.0
2015-12-30,0.15031292856434644,0.5288686453580544,0.20580884475976813,-1.8393559190110607,1.0
2015-12-31,0.15031292856434644,0.5288686453580544,0.20580884475976813,-1.8393559190110607,1.0
2016-01-01,0.08986914138263363,0.47786829791472724,0.23306409796886993,-1.6647744543817218,1.0
2016-01-02,0.08986914138263363,0.47786829791472724,0.23306409796886993,-1.6647744543817218,1.0
2016-01-03,0.08986914138263363,0.47786829791472724,0.23306409796886993,-1.6647744543817218,1.0
2016-01-04,0.08986914138263363,0.47786829791472724,0.23306409796886993,-1.6647744543817218,1.0
2016-01-05,0.08986914138263363,0.47786829791472724,0.23306409796886993,-1.6647744543817218,1.0
2016-01-06,0.08986914138263363,0.47786829791472724,0.23306409796886993,-1.6647744543817218,1.0
2016-01-07,0.08986914138263363,0.47786829791472724,0.23306409796886993,-1.6647744543817218,1.0
2016-01-08,0.08986914138263363,0.47786829791472724,0.23306409796886993,-1.6647744543817218,1.0
2016-01-09,0.08986914138263363,0.47786829791472724,0.23306409796886993,-1.6647744543817218,1.0
2016-01-10,0.08986914138263363,0.47786829791472724,0.23306409796886993,-1.6647744543817218,1.0
2016-01-11,0.08986914138263363,0.47786829791472724,0.23306409796886993,-1.6647744543817218,1.0
2016-01-12,0.08986914138263363,0.47786829791472724,0.23306409796886993,-1.6647744543817218,1.0
2016-01-13,0.08986914138263363,0.47786829791472724,0.23306409796886993,-1.6647744543817218,1.0
2016-01-14,0.08986914138263363,0.47786829791472724,0.23306409796886993,-1.6647744543817218,1.0
2016-01-15,0.08986914138263363,0.47786829791472724,0.23306409796886993,-1.6647744543817218,1.0
2016-01-16,0.08986914138263363,0.47786829791472724,0.23306409796886993,-1.6647744543817218,1.0
2016-01-17,0.08982403040908302,0.4221449670124458,0.239709766112241,-1.3863470896206949,1.0
2016-01-18,0.08982403040908302,0.4221449670124458,0.239709766112241,-1.3863470896206949,1.0
2016-01-19,0.08982403040908302,0.4221449670124458,0.239709766112241,-1.3863470896206949,1.0
2016-01-20,0.08982403040908302,0.4221449670124458,0.239709766112241,-1.3863470896206949,1.0
2016-01-21,0.08982403040908302,0.4221449670124458,0.239709766112241,-1.3863470896206949,1.0
2016-01-22,0.08982403040908302,0.4221449670124458,0.239709766112241,-1.3863470896206949,1.0
2016-01-23,0.08982403040908302,0.4221449670124458,0.239709766112241,-1.3863470896206949,1.0
2016-01-24,0.08982403040908302,0.4221449670124458,0.239709766112241,-1.3863470896206949,1.0
2016-01-25,0.08982403040908302,0.4221449670124458,0.239709766112241,-1.3863470896206949,1.0
2016-01-26,0.08982403040908302,0.4221449670124458,0.239709766112241,-1.3863470896206949,1.0
2016-01-27,0.08982403040908302,0.4221449670124458,0.239709766112241,-1.3863470896206949,1.0
2016-01-28,0.08982403040908302,0.4221449670124458,0.239709766112241,-1.3863470896206949,1.0
2016-01-29,0.08982403040908302,0.4221449670124458,0.239709766112241,-1.3863470896206949,1.0
2016-01-30,0.08982403040908302,0.4221449670124458,0.239709766112241,-1.3863470896206949,1.0
2016-01-31,0.08982403040908302,0.4221449670124458,0.239709766112241,-1.3863470896206949,1.0
2016-02-01,0.08982403040908302,0.4221449670124458,0.239709766112241,-1.3863470896206949,1.0
2016-02-02,0.104085999208156,0.36868857120002324,0.232445477859185,-1.138342524143072,1.0
2016-02-03,0.104085999208156,0.36868857120002324,0.232445477859185,-1.138342524143072,1.0
2016-02-04,0.104085999208156,0.36868857120002324,0.232445477859185,-1.138342524143072,1.0
2016-02-05,0.104085999208156,0.36868857120002324,0.232445477859185,-1.138342524143072,1.0
2016-02-06,0.104085999208156,0.36868857120002324,0.232445477859185,-1.138342524143072,1.0
2016-02-07,0.104085999208156,0.36868857120002324,0.232445477859185,-1.138342524143072,1.0
2016-02-08,0.104085999208156,0.36868857120002324,0.232445477859185,-1.138342524143072,1.0
2016-02-09,0.104085999208156,0.36868857120002324,0.232445477859185,-1.138342524143072,1.0
2016-02-10,0.104085999208156,0.36868857120002324,0.232445477859185,-1.138342524143072,1.0
2016-02-11,0.104085999208156,0.36868857120002324,0.232445477859185,-1.138342524143072,1.0
2016-02-12,0.104085999208156,0.36868857120002324,0.232445477859185,-1.138342524143072,1.0
2016-02-13,0.104085999208156,0.36868857120002324,0.232445477859185,-1.138342524143072,1.0
2016-02-14,0.104085999208156,0.36868857120002324,0.232445477859185,-1.138342524143072,1.0
2016-02-15,0.104085999208156,0.36868857120002324,0.232445477859185,-1.138342524143072,1.0
2016-02-16,0.104085999208156,0.36868857120002324,0.232445477859185,-1.138342524143072,1.0
2016-02-17,0.104085999208156,0.36868857120002324,0.232445477859185,-1.138342524143072,1.0
2016-02-18,0.14992151279926738,0.32067275612699314,0.2103636901098471,-0.8116954177717808,0.0
2016-02-19,0.14992151279926738,0.32067275612699314,0.2103636901098471,-0.8116954177717808,0.0
2016-02-20,0.14992151279926738,0.32067275612699314,0.2103636901098471,-0.8116954177717808,0.0
2016-02-21,0.14992151279926738,0.32067275612699314,0.2103636901098471,-0.8116954177717808,0.0
2016-02-22,0.14992151279926738,0.32067275612699314,0.2103636901098471,-0.8116954177717808,0.0
2016-02-23,0.14992151279926738,0.32067275612699314,0.2103636901098471,-0.8116954177717808,0.0
2016-02-24,0.14992151279926738,0.32067275612699314,0.2103636901098471,-0.8116954177717808,0.0
2016-02-25,0.14992151279926738,0.32067275612699314,0.2103636901098471,-0.8116954177717808,0.0
2016-02-26,0.14992151279926738,0.32067275612699314,0.2103636901098471,-0.8116954177717808,0.0
2016-02-27,0.14992151279926738,0.32067275612699314,0.2103636901098471,-0.8116954177717808,0.0
2016-02-28,0.14992151279926738,0.32067275612699314,0.2103636901098471,-0.8116954177717808,0.0
2016-02-29,0.14992151279926738,0.32067275612699314,0.2103636901098471,-0.8116954177717808,0.0
2016-03-01,0.14992151279926738,0.32067275612699314,0.2103636901098471,-0.8116954177717808,0.0
2016-03-02,0.14992151279926738,0.32067275612699314,0.2103636901098471,-0.8116954177717808,0.0
2016-03-03,0.14992151279926738,0.32067275612699314,0.2103636901098471,-0.8116954177717808,0.0
2016-03-04,0.14992151279926738,0.32067275612699314,0.2103636901098471,-0.8116954177717808,0.0
2016-03-05,0.26104293333409945,0.2852329419372133,0.1762145470189384,-0.13727588903607424,0.0
2016-03-06,0.26104293333409945,0.2852329419372133,0.1762145470189384,-0.13727588903607424,0.0
2016-03-07,0.26104293333409945,0.2852329419372133,0.1762145470189384,-0.13727588903607424,0.0
2016-03-08,0.26104293333409945,0.2852329419372133,0.1762145470189384,-0.13727588903607424,0.0
2016-03-09,0.26104293333409945,0.2852329419372133,0.1762145470189384,-0.13727588903607424,0.0
2016-03-10,0.26104293333409945,0.2852329419372133,0.1762145470189384,-0.13727588903607424,0.0
2016-03-11,0.26104293333409945,0.2852329419372133,0.1762145470189384,-0.13727588903607424,0.0
2016-03-12,0.26104293333409945,0.2852329419372133,0.1762145470189384,-0.13727588903607424,0.0
2016-03-13,0.26104293333409945,0.2852329419372133,0.1762145470189384,-0.13727588903607424,0.0
2016-03-14,0.26104293333409945,0.2852329419372133,0.1762145470189384,-0.13727588903607424,0.0
2016-03-15,0.26104293333409945,0.2852329419372133,0.1762145470189384,-0.13727588903607424,0.0
2016-03-16,0.26104293333409945,0.2852329419372133,0.1762145470189384,-0.13727588903607424,0.0
2016-03-17,0.26104293333409945,0.2852329419372133,0.1762145470189384,-0.13727588903607424,0.0
2016-03-18,0.26104293333409945,0.2852329419372133,0.1762145470189384,-0.13727588903607424,0.0
2016-03-19,0.26104293333409945,0.2852329419372133,0.1762145470189384,-0.13727588903607424,0.0
2016-03-20,0.26104293333409945,0.2852329419372133,0.1762145470189384,-0.13727588903607424,0.0
2016-03-21,0.28717253943311555,0.25895909487876256,0.14543196777430037,0.1939975439109657,0.0
2016-03-22,0.28717253943311555,0.25895909487876256,0.14543196777430037,0.1939975439109657,0.0
2016-03-23,0.28717253943311555,0.25895909487876256,0.14543196777430037,0.1939975439109657,0.0
2016-03-24,0.28717253943311555,0.25895909487876256,0.14543196777430037,0.1939975439109657,0.0
2016-03-25,0.28717253943311555,0.25895909487876256,0.14543196777430037,0.1939975439109657,0.0
2016-03-26,0.28717253943311555,0.25895909487876256,0.14543196777430037,0.1939975439109657,0.0
2016-03-27,0.28717253943311555,0.25895909487876256,0.14543196777430037,0.1939975439109657,0.0
2016-03-28,0.28717253943311555,0.25895909487876256,0.14543196777430037,0.1939975439109657,0.0
2016-03-29,0.28717253943311555,0.25895909487876256,0.14543196777430037,0.1939975439109657,0.0
2016-03-30,0.28717253943311555,0.25895909487876256,0.14543196777430037,0.1939975439109657,0.0
2016-03-31,0.28717253943311555,0.25895909487876256,0.14543196777430037,0.1939975439109657,0.0
2016-04-01,0.28717253943311555,0.25895909487876256,0.14543196777430037,0.1939975439109657,0.0
2016-04-02,0.28717253943311555,0.25895909487876256,0.14543196777430037,0.1939975439109657,0.0
2016-04-03,0.28717253943311555,0.25895909487876256,0.14543196777430037,0.1939975439109657,0.0
2016-04-04,0.28717253943311555,0.25895909487876256,0.14543196777430037,0.1939975439109657,0.0
2016-04-05,0.28717253943311555,0.25895909487876256,0.14543196777430037,0.1939975439109657,0.0
2016-04-06,0.32035112940899285,0.24211044885759617,0.12193339978321782,0.6416673420941164,0.0
2016-04-07,0.32035112940899285,0.24211044885759617,0.12193339978321782,0.6416673420941164,0.0
2016-04-08,0.32035112940899285,0.24211044885759617,0.12193339978321782,0.6416673420941164,0.0
2016-04-09,0.32035112940899285,0.24211044885759617,0.12193339978321782,0.6416673420941164,0.0
2016-04-10,0.32035112940899285,0.24211044885759617,0.12193339978321782,0.6416673420941164,0.0
2016-04-11,0.32035112940899285,0.24211044885759617,0.12193339978321782,0.6416673420941164,0.0
2016-04-12,0.32035112940899285,0.24211044885759617,0.12193339978321782,0.6416673420941164,0.0
2016-04-13,0.32035112940899285,0.24211044885759617,0.12193339978321782,0.6416673420941164,0.0
2016-04-14,0.32035112940899285,0.24211044885759617,0.12193339978321782,0.6416673420941164,0.0
2016-04-15,0.32035112940899285,0.24211044885759617,0.12193339978321782,0.6416673420941164,0.0
2016-04-16,0.32035112940899285,0.24211044885759617,0.12193339978321782,0.6416673420941164,0.0
2016-04-17,0.32035112940899285,0.24211044885759617,0.12193339978321782,0.6416673420941164,0.0
2016-04-18,0.32035112940899285,0.24211044885759617,0.12193339978321782,0.6416673420941164,0.0
2016-04-19,0.32035112940899285,0.24211044885759617,0.12193339978321782,0.6416673420941164,0.0
2016-04-20,0.32035112940899285,0.24211044885759617,0.12193339978321782,0.6416673420941164,0.0
2016-04-21,0.32035112940899285,0.24211044885759617,0.12193339978321782,0.6416673420941164,0.0
2016-04-22,0.3887496882689281,0.23870433512372224,0.11667677352217835,1.2859916212602902,-1.0
2016-04-23,0.3887496882689281,0.23870433512372224,0.11667677352217835,1.2859916212602902,-1.0
2016-04-24,0.3887496882689281,0.23870433512372224,0.11667677352217835,1.2859916212602902,-1.0
2016-04-25,0.3887496882689281,0.23870433512372224,0.11667677352217835,1.2859916212602902,-1.0
2016-04-26,0.3887496882689281,0.23870433512372224,0.11667677352217835,1.2859916212602902,-1.0
2016-04-27,0.3887496882689281,0.23870433512372224,0.11667677352217835,1.2859916212602902,-1.0
2016-04-28,0.3887496882689281,0.23870433512372224,0.11667677352217835,1.2859916212602902,-1.0
2016-04-29,0.3887496882689281,0.23870433512372224,0.11667677352217835,1.2859916212602902,-1.0
2016-04-30,0.3887496882689281,0.23870433512372224,0.11667677352217835,1.2859916212602902,-1.0
2016-05-01,0.3887496882689281,0.23870433512372224,0.11667677352217835,1.2859916212602902,-1.0
2016-05-02,0.3887496882689281,0.23870433512372224,0.11667677352217835,1.2859916212602902,-1.0
2016-05-03,0.3887496882689281,0.23870433512372224,0.11667677352217835,1.2859916212602902,-1.0
2016-05-04,0.3887496882689281,0.23870433512372224,0.11667677352217835,1.2859916212602902,-1.0
2016-05-05,0.3887496882689281,0.23870433512372224,0.11667677352217835,1.2859916212602902,-1.0
2016-05-06,0.3887496882689281,0.23870433512372224,0.11667677352217835,1.2859916212602902,-1.0
2016-05-07,0.3887496882689281,0.23870433512372224,0.11667677352217835,1.2859916212602902,-1.0
2016-05-08,0.45546596004683904,0.24246113948127326,0.12324786200006002,1.7282638182028833,-1.0
2016-05-09,0.45546596004683904,0.24246113948127326,0.12324786200006002,1.7282638182028833,-1.0
2016-05-10,0.45546596004683904,0.24246113948127326,0.12324786200006002,1.7282638182028833,-1.0
2016-05-11,0.45546596004683904,0.24246113948127326,0.12324786200006002,1.7282638182028833,-1.0
2016-05-12,0.45546596004683904,0.24246113948127326,0.12324786200006002,1.7282638182028833,-1.0
2016-05-13,0.45546596004683904,0.24246113948127326,0.12324786200006002,1.7282638182028833,-1.0
2016-05-14,0.45546596004683904,0.24246113948127326,0.12324786200006002,1.7282638182028833,-1.0
2016-05-15,0.45546596004683904,0.24246113948127326,0.12324786200006002,1.7282638182028833,-1.0
2016-05-16,0.45546596004683904,0.24246113948127326,0.12324786200006002,1.7282638182028833,-1.0
2016-05-17,0.45546596004683904,0.24246113948127326,0.12324786200006002,1.7282638182028833,-1.0
2016-05-18,0.45546596004683904,0.24246113948127326,0.12324786200006002,1.7282638182028833,-1.0
2016-05-19,0.45546596004683904,0.24246113948127326,0.12324786200006002,1.7282638182028833,-1.0
2016-05-20,0.45546596004683904,0.24246113948127326,0.12324786200006002,1.7282638182028833,-1.0
2016-05-21,0.45546596004683904,0.24246113948127326,0.12324786200006002,1.7282638182028833,-1.0
2016-05-22,0.45546596004683904,0.24246113948127326,0.12324786200006002,1.7282638182028833,-1.0
2016-05-23,0.45546596004683904,0.24246113948127326,0.12324786200006002,1.7282638182028833,-1.0
2016-05-24,0.5479590321782267,0.2607732509588116,0.15046650216191362,1.908635989360482,-1.0
2016-05-25,0.5479590321782267,0.2607732509588116,0.15046650216191362,1.908635989360482,-1.0
2016-05-26,0.5479590321782267,0.2607732509588116,0.15046650216191362,1.908635989360482,-1.0
2016-05-27,0.5479590321782267,0.2607732509588116,0.15046650216191362,1.908635989360482,-1.0
2016-05-28,0.5479590321782267,0.2607732509588116,0.15046650216191362,1.908635989360482,-1.0
2016-05-29,0.5479590321782267,0.2607732509588116,0.15046650216191362,1.908635989360482,-1.0
2016-05-30,0.5479590321782267,0.2607732509588116,0.15046650216191362,1.908635989360482,-1.0
2016-05-31,0.5479590321782267,0.2607732509588116,0.15046650216191362,1.908635989360482,-1.0
2016-06-01,0.5479590321782267,0.2607732509588116,0.15046650216191362,1.908635989360482,-1.0
2016-06-02,0.5479590321782267,0.2607732509588116,0.15046650216191362,1.908635989360482,-1.0
2016-06-03,0.5479590321782267,0.2607732509588116,0.15046650216191362,1.908635989360482,-1.0
2016-06-04,0.5479590321782267,0.2607732509588116,0.15046650216191362,1.908635989360482,-1.0
2016-06-05,0.5479590321782267,0.2607732509588116,0.15046650216191362,1.908635989360482,-1.0
2016-06-06,0.5479590321782267,0.2607732509588116,0.15046650216191362,1.908635989360482,-1.0
2016-06-07,0.5479590321782267,0.2607732509588116,0.15046650216191362,1.908635989360482,-1.0
2016-06-08,0.5479590321782267,0.2607732509588116,0.15046650216191362,1.908635989360482,-1.0
2016-06-09,0.6241588656885245,0.28907614672685106,0.1836286285549868,1.8247847386244265,-1.0
2016-06-10,0.6241588656885245,0.28907614672685106,0.1836286285549868,1.8247847386244265,-1.0
2016-06-11,0.6241588656885245,0.28907614672685106,0.1836286285549868,1.8247847386244265,-1.0
2016-06-12,0.6241588656885245,0.28907614672685106,0.1836286285549868,1.8247847386244265,-1.0
2016-06-13,0.6241588656885245,0.28907614672685106,0.1836286285549868,1.8247847386244265,-1.0
2016-06-14,0.6241588656885245,0.28907614672685106,0.1836286285549868,1.8247847386244265,-1.0
2016-06-15,0.6241588656885245,0.28907614672685106,0.1836286285549868,1.8247847386244265,-1.0
2016-06-16,0.6241588656885245,0.28907614672685106,0.1836286285549868,1.8247847386244265,-1.0
2016-06-17,0.6241588656885245,0.28907614672685106,0.1836286285549868,1.8247847386244265,-1.0
2016-06-18,0.6241588656885245,0.28907614672685106,0.1836286285549868,1.8247847386244265,-1.0
2016-06-19,0.6241588656885245,0.28907614672685106,0.1836286285549868,1.8247847386244265,-1.0
2016-06-20,0.6241588656885245,0.28907614672685106,0.1836286285549868,1.8247847386244265,-1.0
2016-06-21,0.6241588656885245,0.28907614672685106,0.1836286285549868,1.8247847386244265,-1.0
2016-06-22,0.6241588656885245,0.28907614672685106,0.1836286285549868,1.8247847386244265,-1.0
2016-06-23,0.6241588656885245,0.28907614672685106,0.1836286285549868,1.8247847386244265,-1.0
2016-06-24,0.6241588656885245,0.28907614672685106,0.1836286285549868,1.8247847386244265,-1.0
2016-06-25,0.7113547737064108,0.3358296338220231,0.21399820536568345,1.7548050893356069,-1.0
2016-06-26,0.7113547737064108,0.3358296338220231,0.21399820536568345,1.7548050893356069,-1.0
2016-06-27,0.7113547737064108,0.3358296338220231,0.21399820536568345,1.7548050893356069,-1.0
2016-06-28,0.7113547737064108,0.3358296338220231,0.21399820536568345,1.7548050893356069,-1.0
2016-06-29,0.7113547737064108,0.3358296338220231,0.21399820536568345,1.7548050893356069,-1.0
2016-06-30,0.7113547737064108,0.3358296338220231,0.21399820536568345,1.7548050893356069,-1.0
2016-07-01,0.7113547737064108,0.3358296338220231,0.21399820536568345,1.7548050893356069,-1.0
2016-07-02,0.7113547737064108,0.3358296338220231,0.21399820536568345,1.7548050893356069,-1.0
2016-07-03,0.7113547737064108,0.3358296338220231,0.21399820536568345,1.7548050893356069,-1.0
2016-07-04,0.7113547737064108,0.3358296338220231,0.21399820536568345,1.7548050893356069,-1.0
2016-07-05,0.7113547737064108,0.3358296338220231,0.21399820536568345,1.7548050893356069,-1.0
2016-07-06,0.7113547737064108,0.3358296338220231,0.21399820536568345,1.7548050893356069,-1.0
2016-07-07,0.7113547737064108,0.3358296338220231,0.21399820536568345,1.7548050893356069,-1.0
2016-07-08,0.7113547737064108,0.3358296338220231,0.21399820536568345,1.7548050893356069,-1.0
2016-07-09,0.7113547737064108,0.3358296338220231,0.21399820536568345,1.7548050893356069,-1.0
2016-07-10,0.7113547737064108,0.3358296338220231,0.21399820536568345,1.7548050893356069,-1.0
2016-07-11,0.7612852106532113,0.39178097292790454,0.23094603988808973,1.5999591848570283,-1.0
2016-07-12,0.7612852106532113,0.39178097292790454,0.23094603988808973,1.5999591848570283,-1.0
2016-07-13,0.7612852106532113,0.39178097292790454,0.23094603988808973,1.5999591848570283,-1.0
2016-07-14,0.7612852106532113,0.39178097292790454,0.23094603988808973,1.5999591848570283,-1.0
2016-07-15,0.7612852106532113,0.39178097292790454,0.23094603988808973,1.5999591848570283,-1.0
2016-07-16,0.7612852106532113,0.39178097292790454,0.23094603988808973,1.5999591848570283,-1.0
2016-07-17,0.7612852106532113,0.39178097292790454,0.23094603988808973,1.5999591848570283,-1.0
2016-07-18,0.7612852106532113,0.39178097292790454,0.23094603988808973,1.5999591848570283,-1.0
2016-07-19,0.7612852106532113,0.39178097292790454,0.23094603988808973,1.5999591848570283,-1.0
2016-07-20,0.7612852106532113,0.39178097292790454,0.23094603988808973,1.5999591848570283,-1.0
2016-07-21,0.7612852106532113,0.39178097292790454,0.23094603988808973,1.5999591848570283,-1.0
2016-07-22,0.7612852106532113,0.39178097292790454,0.23094603988808973,1.5999591848570283,-1.0
2016-07-23,0.7612852106532113,0.39178097292790454,0.23094603988808973,1.5999591848570283,-1.0
2016-07-24,0.7612852106532113,0.39178097292790454,0.23094603988808973,1.5999591848570283,-1.0
2016-07-25,0.7612852106532113,0.39178097292790454,0.23094603988808973,1.5999591848570283,-1.0
2016-07-26,0.7612852106532113,0.39178097292790454,0.23094603988808973,1.5999591848570283,-1.0
2016-07-27,0.7672182097907418,0.4482304878763761,0.23320559746377095,1.3678390458184488,-1.0
2016-07-28,0.7672182097907418,0.4482304878763761,0.23320559746377095,1.3678390458184488,-1.0
2016-07-29,0.7672182097907418,0.4482304878763761,0.23320559746377095,1.3678390458184488,-1.0
2016-07-30,0.7672182097907418,0.4482304878763761,0.23320559746377095,1.3678390458184488,-1.0
2016-07-31,0.7672182097907418,0.4482304878763761,0.23320559746377095,1.3678390458184488,-1.0
2016-08-01,0.7672182097907418,0.4482304878763761,0.23320559746377095,1.3678390458184488,-1.0
2016-08-02,0.7672182097907418,0.4482304878763761,0.23320559746377095,1.3678390458184488,-1.0
2016-08-03,0.7672182097907418,0.4482304878763761,0.23320559746377095,1.3678390458184488,-1.0
2016-08-04,0.7672182097907418,0.4482304878763761,0.23320559746377095,1.3678390458184488,-1.0
2016-08-05,0.7672182097907418,0.4482304878763761,0.23320559746377095,1.3678390458184488,-1.0
2016-08-06,0.7672182097907418,0.4482304878763761,0.23320559746377095,1.3678390458184488,-1.0
2016-08-07,0.7672182097907418,0.4482304878763761,0.23320559746377095,1.3678390458184488,-1.0
2016-08-08,0.7672182097907418,0.4482304878763761,0.23320559746377095,1.3678390458184488,-1.0
2016-08-09,0.7672182097907418,0.4482304878763761,0.23320559746377095,1.3678390458184488,-1.0
2016-08-10,0.7672182097907418,0.4482304878763761,0.23320559746377095,1.3678390458184488,-1.0
2016-08-11,0.7672182097907418,0.4482304878763761,0.23320559746377095,1.3678390458184488,-1.0
2016-08-12,0.7455019408305102,0.5016818163449056,0.22030633859013898,1.106732225890291,-1.0
2016-08-13,0.7455019408305102,0.5016818163449056,0.22030633859013898,1.106732225890291,-1.0
2016-08-14,0.7455019408305102,0.5016818163449056,0.22030633859013898,1.106732225890291,-1.0
2016-08-15,0.7455019408305102,0.5016818163449056,0.22030633859013898,1.106732225890291,-1.0
2016-08-16,0.7455019408305102,0.5016818163449056,0.22030633859013898,1.106732225890291,-1.0
2016-08-17,0.7455019408305102,0.5016818163449056,0.22030633859013898,1.106732225890291,-1.0
2016-08-18,0.7455019408305102,0.5016818163449056,0.22030633859013898,1.106732225890291,-1.0
2016-08-19,0.7455019408305102,0.5016818163449056,0.22030633859013898,1.106732225890291,-1.0
2016-08-20,0.7455019408305102,0.5016818163449056,0.22030633859013898,1.106732225890291,-1.0
2016-08-21,0.7455019408305102,0.5016818163449056,0.22030633859013898,1.106732225890291,-1.0
2016-08-22,0.7455019408305102,0.5016818163449056,0.22030633859013898,1.106732225890291,-1.0
2016-08-23,0.7455019408305102,0.5016818163449056,0.22030633859013898,1.106732225890291,-1.0
2016-08-24,0.7455019408305102,0.5016818163449056,0.22030633859013898,1.106732225890291,-1.0
2016-08-25,0.7455019408305102,0.5016818163449056,0.22030633859013898,1.106732225890291,-1.0
2016-08-26,0.7455019408305102,0.5016818163449056,0.22030633859013898,1.106732225890291,-1.0
2016-08-27,0.7455019408305102,0.5016818163449056,0.22030633859013898,1.106732225890291,-1.0
2016-08-28,0.7093516897970805,0.5483009977613901,0.19706828519593475,0.8172329295683783,0.0
2016-08-29,0.7093516897970805,0.5483009977613901,0.19706828519593475,0.8172329295683783,0.0
2016-08-30,0.7093516897970805,0.5483009977613901,0.19706828519593475,0.8172329295683783,0.0
2016-08-31,0.7093516897970805,0.5483009977613901,0.19706828519593475,0.8172329295683783,0.0
2016-09-01,0.7093516897970805,0.5483009977613901,0.19706828519593475,0.8172329295683783,0.0
2016-09-02,0.7093516897970805,0.5483009977613901,0.19706828519593475,0.8172329295683783,0.0
2016-09-03,0.7093516897970805,0.5483009977613901,0.19706828519593475,0.8172329295683783,0.0
2016-09-04,0.7093516897970805,0.5483009977613901,0.19706828519593475,0.8172329295683783,0.0
2016-09-05,0.7093516897970805,0.5483009977613901,0.19706828519593475,0.8172329295683783,0.0
2016-09-06,0.7093516897970805,0.5483009977613901,0.19706828519593475,0.8172329295683783,0.0
2016-09-07,0.7093516897970805,0.5483009977613901,0.19706828519593475,0.8172329295683783,0.0
2016-09-08,0.7093516897970805,0.5483009977613901,0.19706828519593475,0.8172329295683783,0.0
2016-09-09,0.7093516897970805,0.5483009977613901,0.19706828519593475,0.8172329295683783,0.0
2016-09-10,0.7093516897970805,0.5483009977613901,0.19706828519593475,0.8172329295683783,0.0
2016-09-11,0.7093516897970805,0.5483009977613901,0.19706828519593475,0.8172329295683783,0.0
2016-09-12,0.7093516897970805,0.5483009977613901,0.19706828519593475,0.8172329295683783,0.0
2016-09-13,0.6232609112433628,0.5784858292538287,0.1756451235652362,0.25491787691392515,0.0
2016-09-14,0.6232609112433628,0.5784858292538287,0.1756451235652362,0.25491787691392515,0.0
2016-09-15,0.6232609112433628,0.5784858292538287,0.1756451235652362,0.25491787691392515,0.0
2016-09-16,0.6232609112433628,0.5784858292538287,0.1756451235652362,0.25491787691392515,0.0
2016-09-17,0.6232609112433628,0.5784858292538287,0.1756451235652362,0.25491787691392515,0.0
2016-09-18,0.6232609112433628,0.5784858292538287,0.1756451235652362,0.25491787691392515,0.0
2016-09-19,0.6232609112433628,0.5784858292538287,0.1756451235652362,0.25491787691392515,0.0
2016-09-20,0.6232609112433628,0.5784858292538287,0.1756451235652362,0.25491787691392515,0.0
2016-09-21,0.6232609112433628,0.5784858292538287,0.1756451235652362,0.25491787691392515,0.0
2016-09-22,0.6232609112433628,0.5784858292538287,0.1756451235652362,0.25491787691392515,0.0
2016-09-23,0.6232609112433628,0.5784858292538287,0.1756451235652362,0.25491787691392515,0.0
2016-09-24,0.6232609112433628,0.5784858292538287,0.1756451235652362,0.25491787691392515,0.0
2016-09-25,0.6232609112433628,0.5784858292538287,0.1756451235652362,0.25491787691392515,0.0
2016-09-26,0.6232609112433628,0.5784858292538287,0.1756451235652362,0.25491787691392515,0.0
2016-09-27,0.6232609112433628,0.5784858292538287,0.1756451235652362,0.25491787691392515,0.0
2016-09-28,0.6232609112433628,0.5784858292538287,0.1756451235652362,0.25491787691392515,0.0
2016-09-29,0.5138424745728744,0.5973749905154753,0.15207564782488334,-0.5492826572653464,0.0
2016-09-30,0.5138424745728744,0.5973749905154753,0.15207564782488334,-0.5492826572653464,0.0
2016-10-01,0.5138424745728744,0.5973749905154753,0.15207564782488334,-0.5492826572653464,0.0
2016-10-02,0.5138424745728744,0.5973749905154753,0.15207564782488334,-0.5492826572653464,0.0
2016-10-03,0.5138424745728744,0.5973749905154753,0.15207564782488334,-0.5492826572653464,0.0
2016-10-04,0.5138424745728744,0.5973749905154753,0.15207564782488334,-0.5492826572653464,0.0
2016-10-05,0.5138424745728744,0.5973749905154753,0.15207564782488334,-0.5492826572653464,0.0
2016-10-06,0.5138424745728744,0.5973749905154753,0.15207564782488334,-0.5492826572653464,0.0
2016-10-07,0.5138424745728744,0.5973749905154753,0.15207564782488334,-0.5492826572653464,0.0
2016-10-08,0.5138424745728744,0.5973749905154753,0.15207564782488334,-0.5492826572653464,0.0
2016-10-09,0.5138424745728744,0.5973749905154753,0.15207564782488334,-0.5492826572653464,0.0
2016-10-10,0.5138424745728744,0.5973749905154753,0.15207564782488334,-0.5492826572653464,0.0
2016-10-11,0.5138424745728744,0.5973749905154753,0.15207564782488334,-0.5492826572653464,0.0
2016-10-12,0.5138424745728744,0.5973749905154753,0.15207564782488334,-0.5492826572653464,0.0
2016-10-13,0.5138424745728744,0.5973749905154753,0.15207564782488334,-0.5492826572653464,0.0
2016-10-14,0.5138424745728744,0.5973749905154753,0.15207564782488334,-0.5492826572653464,0.0
2016-10-15,0.44079866459549166,0.6074122851143502,0.1351638695997026,-1.23267868116159,1.0
2016-10-16,0.44079866459549166,0.6074122851143502,0.1351638695997026,-1.23267868116159,1.0
2016-10-17,0.44079866459549166,0.6074122851143502,0.1351638695997026,-1.23267868116159,1.0
2016-10-18,0.44079866459549166,0.6074122851143502,0.1351638695997026,-1.23267868116159,1.0
2016-10-19,0.44079866459549166,0.6074122851143502,0.1351638695997026,-1.23267868116159,1.0
2016-10-20,0.44079866459549166,0.6074122851143502,0.1351638695997026,-1.23267868116159,1.0
2016-10-21,0.44079866459549166,0.6074122851143502,0.1351638695997026,-1.23267868116159,1.0
2016-10-22,0.44079866459549166,0.6074122851143502,0.1351638695997026,-1.23267868116159,1.0
2016-10-23,0.44079866459549166,0.6074122851143502,0.1351638695997026,-1.23267868116159,1.0
2016-10-24,0.44079866459549166,0.6074122851143502,0.1351638695997026,-1.23267868116159,1.0
2016-10-25,0.44079866459549166,0.6074122851143502,0.1351638695997026,-1.23267868116159,1.0
2016-10-26,0.44079866459549166,0.6074122851143502,0.1351638695997026,-1.23267868116159,1.0
2016-10-27,0.44079866459549166,0.6074122851143502,0.1351638695997026,-1.23267868116159,1.0
2016-10-28,0.44079866459549166,0.6074122851143502,0.1351638695997026,-1.23267868116159,1.0
2016-10-29,0.44079866459549166,0.6074122851143502,0.1351638695997026,-1.23267868116159,1.0
2016-10-30,0.44079866459549166,0.6074122851143502,0.1351638695997026,-1.23267868116159,1.0
2016-10-31,0.4257753402771056,0.6104977561150317,0.13004418654368344,-1.4204588513141685,1.0
2016-11-01,0.4257753402771056,0.6104977561150317,0.13004418654368344,-1.4204588513141685,1.0
2016-11-02,0.4257753402771056,0.6104977561150317,0.13004418654368344,-1.4204588513141685,1.0
2016-11-03,0.4257753402771056,0.6104977561150317,0.13004418654368344,-1.4204588513141685,1.0
2016-11-04,0.4257753402771056,0.6104977561150317,0.13004418654368344,-1.4204588513141685,1.0
2016-11-05,0.4257753402771056,0.6104977561150317,0.13004418654368344,-1.4204588513141685,1.0
2016-11-06,0.4257753402771056,0.6104977561150317,0.13004418654368344,-1.4204588513141685,1.0
2016-11-07,0.4257753402771056,0.6104977561150317,0.13004418654368344,-1.4204588513141685,1.0
2016-11-08,0.4257753402771056,0.6104977561150317,0.13004418654368344,-1.4204588513141685,1.0
2016-11-09,0.4257753402771056,0.6104977561150317,0.13004418654368344,-1.4204588513141685,1.0
2016-11-10,0.4257753402771056,0.6104977561150317,0.13004418654368344,-1.4204588513141685,1.0
2016-11-11,0.4257753402771056,0.6104977561150317,0.13004418654368344,-1.4204588513141685,1.0
2016-11-12,0.4257753402771056,0.6104977561150317,0.13004418654368344,-1.4204588513141685,1.0
2016-11-13,0.4257753402771056,0.6104977561150317,0.13004418654368344,-1.4204588513141685,1.0
2016-11-14,0.4257753402771056,0.6104977561150317,0.13004418654368344,-1.4204588513141685,1.0
2016-11-15,0.4257753402771056,0.6104977561150317,0.13004418654368344,-1.4204588513141685,1.0
2016-11-16,0.3328649956358877,0.6002810090807856,0.14703707134643113,-1.8186979038425242,1.0
2016-11-17,0.3328649956358877,0.6002810090807856,0.14703707134643113,-1.8186979038425242,1.0
2016-11-18,0.3328649956358877,0.6002810090807856,0.14703707134643113,-1.8186979038425242,1.0
2016-11-19,0.3328649956358877,0.6002810090807856,0.14703707134643113,-1.8186979038425242,1.0
2016-11-20,0.3328649956358877,0.6002810090807856,0.14703707134643113,-1.8186979038425242,1.0
2016-11-21,0.3328649956358877,0.6002810090807856,0.14703707134643113,-1.8186979038425242,1.0
2016-11-22,0.3328649956358877,0.6002810090807856,0.14703707134643113,-1.8186979038425242,1.0
2016-11-23,0.3328649956358877,0.6002810090807856,0.14703707134643113,-1.8186979038425242,1.0
2016-11-24,0.3328649956358877,0.6002810090807856,0.14703707134643113,-1.8186979038425242,1.0
2016-11-25,0.3328649956358877,0.6002810090807856,0.14703707134643113,-1.8186979038425242,1.0
2016-11-26,0.3328649956358877,0.6002810090807856,0.14703707134643113,-1.8186979038425242,1.0
2016-11-27,0.3328649956358877,0.6002810090807856,0.14703707134643113,-1.8186979038425242,1.0
2016-11-28,0.3328649956358877,0.6002810090807856,0.14703707134643113,-1.8186979038425242,1.0
2016-11-29,0.3328649956358877,0.6002810090807856,0.14703707134643113,-1.8186979038425242,1.0
2016-11-30,0.3328649956358877,0.6002810090807856,0.14703707134643113,-1.8186979038425242,1.0
2016-12-01,0.3328649956358877,0.6002810090807856,0.14703707134643113,-1.8186979038425242,1.0
2016-12-02,0.10963678992472814,0.5637541555596608,0.20445104593829935,-2.22115452406137,1.0
2016-12-03,0.10963678992472814,0.5637541555596608,0.20445104593829935,-2.22115452406137,1.0
2016-12-04,0.10963678992472814,0.5637541555596608,0.20445104593829935,-2.22115452406137,1.0
2016-12-05,0.10963678992472814,0.5637541555596608,0.20445104593829935,-2.22115452406137,1.0
2016-12-06,0.10963678992472814,0.5637541555596608,0.20445104593829935,-2.22115452406137,1.0
2016-12-07,0.10963678992472814,0.5637541555596608,0.20445104593829935,-2.22115452406137,1.0
2016-12-08,0.10963678992472814,0.5637541555596608,0.20445104593829935,-2.22115452406137,1.0
2016-12-09,0.10963678992472814,0.5637541555596608,0.20445104593829935,-2.22115452406137,1.0
2016-12-10,0.10963678992472814,0.5637541555596608,0.20445104593829935,-2.22115452406137,1.0
2016-12-11,0.10963678992472814,0.5637541555596608,0.20445104593829935,-2.22115452406137,1.0
2016-12-12,0.10963678992472814,0.5637541555596608,0.20445104593829935,-2.22115452406137,1.0
2016-12-13,0.10963678992472814,0.5637541555596608,0.20445104593829935,-2.22115452406137,1.0
2016-12-14,0.10963678992472814,0.5637541555596608,0.20445104593829935,-2.22115452406137,1.0
2016-12-15,0.10963678992472814,0.5637541555596608,0.20445104593829935,-2.22115452406137,1.0
2016-12-16,0.10963678992472814,0.5637541555596608,0.20445104593829935,-2.22115452406137,1.0
2016-12-17,0.10963678992472814,0.5637541555596608,0.20445104593829935,-2.22115452406137,1.0
2016-12-18,0.1244871904885321,0.5221148492929948,0.238994729443317,-1.6637507435023544,1.0
2016-12-19,0.1244871904885321,0.5221148492929948,0.238994729443317,-1.6637507435023544,1.0
2016-12-20,0.1244871904885321,0.5221148492929948,0.238994729443317,-1.6637507435023544,1.0
2016-12-21,0.1244871904885321,0.5221148492929948,0.238994729443317,-1.6637507435023544,1.0
2016-12-22,0.1244871904885321,0.5221148492929948,0.238994729443317,-1.6637507435023544,1.0
2016-12-23,0.1244871904885321,0.5221148492929948,0.238994729443317,-1.6637507435023544,1.0
2016-12-24,0.1244871904885321,0.5221148492929948,0.238994729443317,-1.6637507435023544,1.0
2016-12-25,0.1244871904885321,0.5221148492929948,0.238994729443317,-1.6637507435023544,1.0
2016-12-26,0.1244871904885321,0.5221148492929948,0.238994729443317,-1.6637507435023544,1.0
2016-12-27,0.1244871904885321,0.5221148492929948,0.238994729443317,-1.6637507435023544,1.0
2016-12-28,0.1244871904885321,0.5221148492929948,0.238994729443317,-1.6637507435023544,1.0
2016-12-29,0.1244871904885321,0.5221148492929948,0.238994729443317,-1.6637507435023544,1.0
2016-12-30,0.1244871904885321,0.5221148492929948,0.238994729443317,-1.6637507435023544,1.0
2016-12-31,0.1244871904885321,0.5221148492929948,0.238994729443317,-1.6637507435023544,1.0
2017-01-01,0.11551971020763407,0.4724619273347634,0.25729823409394575,-1.3872703727799436,1.0
2017-01-02,0.11551971020763407,0.4724619273347634,0.25729823409394575,-1.3872703727799436,1.0
2017-01-03,0.11551971020763407,0.4724619273347634,0.25729823409394575,-1.3872703727799436,1.0
2017-01-04,0.11551971020763407,0.4724619273347634,0.25729823409394575,-1.3872703727799436,1.0
2017-01-05,0.11551971020763407,0.4724619273347634,0.25729823409394575,-1.3872703727799436,1.0
2017-01-06,0.11551971020763407,0.4724619273347634,0.25729823409394575,-1.3872703727799436,1.0
2017-01-07,0.11551971020763407,0.4724619273347634,0.25729823409394575,-1.3872703727799436,1.0
2017-01-08,0.11551971020763407,0.4724619273347634,0.25729823409394575,-1.3872703727799436,1.0
2017-01-09,0.11551971020763407,0.4724619273347634,0.25729823409394575,-1.3872703727799436,1.0
2017-01-10,0.11551971020763407,0.4724619273347634,0.25729823409394575,-1.3872703727799436,1.0
2017-01-11,0.11551971020763407,0.4724619273347634,0.25729823409394575,-1.3872703727799436,1.0
2017-01-12,0.11551971020763407,0.4724619273347634,0.25729823409394575,-1.3872703727799436,1.0
2017-01-13,0.11551971020763407,0.4724619273347634,0.25729823409394575,-1.3872703727799436,1.0
2017-01-14,0.11551971020763407,0.4724619273347634,0.25729823409394575,-1.3872703727799436,1.0
2017-01-15,0.11551971020763407,0.4724619273347634,0.25729823409394575,-1.3872703727799436,1.0
2017-01-16,0.11551971020763407,0.4724619273347634,0.25729823409394575,-1.3872703727799436,1.0
2017-01-17,0.08871165571841187,0.41641413109019676,0.2618770201239152,-1.2513601812664674,1.0
2017-01-18,0.08871165571841187,0.41641413109019676,0.2618770201239152,-1.2513601812664674,1.0
2017-01-19,0.08871165571841187,0.41641413109019676,0.2618770201239152,-1.2513601812664674,1.0
2017-01-20,0.08871165571841187,0.41641413109019676,0.2618770201239152,-1.2513601812664674,1.0
2017-01-21,0.08871165571841187,0.41641413109019676,0.2618770201239152,-1.2513601812664674,1.0
2017-01-22,0.08871165571841187,0.41641413109019676,0.2618770201239152,-1.2513601812664674,1.0
2017-01-23,0.08871165571841187,0.41641413109019676,0.2618770201239152,-1.2513601812664674,1.0
2017-01-24,0.08871165571841187,0.41641413109019676,0.2618770201239152,-1.2513601812664674,1.0
2017-01-25,0.08871165571841187,0.41641413109019676,0.2618770201239152,-1.2513601812664674,1.0
2017-01-26,0.08871165571841187,0.41641413109019676,0.2618770201239152,-1.2513601812664674,1.0
2017-01-27,0.08871165571841187,0.41641413109019676,0.2618770201239152,-1.2513601812664674,1.0
2017-01-28,0.08871165571841187,0.41641413109019676,0.2618770201239152,-1.2513601812664674,1.0
2017-01-29,0.08871165571841187,0.41641413109019676,0.2618770201239152,-1.2513601812664674,1.0
2017-01-30,0.08871165571841187,0.41641413109019676,0.2618770201239152,-1.2513601812664674,1.0
2017-01-31,0.08871165571841187,0.41641413109019676,0.2618770201239152,-1.2513601812664674,1.0
2017-02-01,0.08871165571841187,0.41641413109019676,0.2618770201239152,-1.2513601812664674,1.0
2017-02-02,0.13613349163685362,0.36382373791070605,0.248024934985642,-0.9180135307243736,0.0
2017-02-03,0.13613349163685362,0.36382373791070605,0.248024934985642,-0.9180135307243736,0.0
2017-02-04,0.13613349163685362,0.36382373791070605,0.248024934985642,-0.9180135307243736,0.0
2017-02-05,0.13613349163685362,0.36382373791070605,0.248024934985642,-0.9180135307243736,0.0
2017-02-06,0.13613349163685362,0.36382373791070605,0.248024934985642,-0.9180135307243736,0.0
2017-02-07,0.13613349163685362,0.36382373791070605,0.248024934985642,-0.9180135307243736,0.0
2017-02-08,0.13613349163685362,0.36382373791070605,0.248024934985642,-0.9180135307243736,0.0
2017-02-09,0.13613349163685362,0.36382373791070605,0.248024934985642,-0.9180135307243736,0.0
2017-02-10,0.13613349163685362,0.36382373791070605,0.248024934985642,-0.9180135307243736,0.0
2017-02-11,0.13613349163685362,0.36382373791070605,0.248024934985642,-0.9180135307243736,0.0
2017-02-12,0.13613349163685362,0.36382373791070605,0.248024934985642,-0.9180135307243736,0.0
2017-02-13,0.13613349163685362,0.36382373791070605,0.248024934985642,-0.9180135307243736,0.0
2017-02-14,0.13613349163685362,0.36382373791070605,0.248024934985642,-0.9180135307243736,0.0
2017-02-15,0.13613349163685362,0.36382373791070605,0.248024934985642,-0.9180135307243736,0.0
2017-02-16,0.13613349163685362,0.36382373791070605,0.248024934985642,-0.9180135307243736,0.0
2017-02-17,0.13613349163685362,0.36382373791070605,0.248024934985642,-0.9180135307243736,0.0
2017-02-18,0.18929108672423128,0.31747283340184945,0.22067717509388093,-0.5808563872683563,0.0
2017-02-19,0.18929108672423128,0.31747283340184945,0.22067717509388093,-0.5808563872683563,0.0
2017-02-20,0.18929108672423128,0.31747283340184945,0.22067717509388093,-0.5808563872683563,0.0
2017-02-21,0.18929108672423128,0.31747283340184945,0.22067717509388093,-0.5808563872683563,0.0
2017-02-22,0.18929108672423128,0.31747283340184945,0.22067717509388093,-0.5808563872683563,0.0
2017-02-23,0.18929108672423128,0.31747283340184945,0.22067717509388093,-0.5808563872683563,0.0
2017-02-24,0.18929108672423128,0.31747283340184945,0.22067717509388093,-0.5808563872683563,0.0
2017-02-25,0.18929108672423128,0.31747283340184945,0.22067717509388093,-0.5808563872683563,0.0
2017-02-26,0.18929108672423128,0.31747283340184945,0.22067717509388093,-0.5808563872683563,0.0
2017-02-27,0.18929108672423128,0.31747283340184945,0.22067717509388093,-0.5808563872683563,0.0
2017-02-28,0.18929108672423128,0.31747283340184945,0.22067717509388093,-0.5808563872683563,0.0
2017-03-01,0.18929108672423128,0.31747283340184945,0.22067717509388093,-0.5808563872683563,0.0
2017-03-02,0.18929108672423128,0.31747283340184945,0.22067717509388093,-0.5808563872683563,0.0
2017-03-03,0.18929108672423128,0.31747283340184945,0.22067717509388093,-0.5808563872683563,0.0
2017-03-04,0.18929108672423128,0.31747283340184945,0.22067717509388093,-0.5808563872683563,0.0
2017-03-05,0.18929108672423128,0.31747283340184945,0.22067717509388093,-0.5808563872683563,0.0
2017-03-06,0.22648930351282362,0.2772343012114947,0.18364042499826838,-0.2763280345226254,0.0
2017-03-07,0.22648930351282362,0.2772343012114947,0.18364042499826838,-0.2763280345226254,0.0
2017-03-08,0.22648930351282362,0.2772343012114947,0.18364042499826838,-0.2763280345226254,0.0
2017-03-09,0.22648930351282362,0.2772343012114947,0.18364042499826838,-0.2763280345226254,0.0
2017-03-10,0.22648930351282362,0.2772343012114947,0.18364042499826838,-0.2763280345226254,0.0
2017-03-11,0.22648930351282362,0.2772343012114947,0.18364042499826838,-0.2763280345226254,0.0
2017-03-12,0.22648930351282362,0.2772343012114947,0.18364042499826838,-0.2763280345226254,0.0
2017-03-13,0.22648930351282362,0.2772343012114947,0.18364042499826838,-0.2763280345226254,0.0
2017-03-14,0.22648930351282362,0.2772343012114947,0.18364042499826838,-0.2763280345226254,0.0
2017-03-15,0.22648930351282362,0.2772343012114947,0.18364042499826838,-0.2763280345226254,0.0
2017-03-16,0.22648930351282362,0.2772343012114947,0.18364042499826838,-0.2763280345226254,0.0
2017-03-17,0.22648930351282362,0.2772343012114947,0.18364042499826838,-0.2763280345226254,0.0
2017-03-18,0.22648930351282362,0.2772343012114947,0.18364042499826838,-0.2763280345226254,0.0
2017-03-19,0.22648930351282362,0.2772343012114947,0.18364042499826838,-0.2763280345226254,0.0
2017-03-20,0.22648930351282362,0.2772343012114947,0.18364042499826838,-0.2763280345226254,0.0
2017-03-21,0.22648930351282362,0.2772343012114947,0.18364042499826838,-0.2763280345226254,0.0
2017-03-22,0.2825527676619245,0.24884195591304156,0.14819588713642406,0.2274746782807131,0.0
2017-03-23,0.2825527676619245,0.24884195591304156,0.14819588713642406,0.2274746782807131,0.0
2017-03-24,0.2825527676619245,0.24884195591304156,0.14819588713642406,0.2274746782807131,0.0
2017-03-25,0.2825527676619245,0.24884195591304156,0.14819588713642406,0.2274746782807131,0.0
2017-03-26,0.2825527676619245,0.24884195591304156,0.14819588713642406,0.2274746782807131,0.0
2017-03-27,0.2825527676619245,0.24884195591304156,0.14819588713642406,0.2274746782807131,0.0
2017-03-28,0.2825527676619245,0.24884195591304156,0.14819588713642406,0.2274746782807131,0.0
2017-03-29,0.2825527676619245,0.24884195591304156,0.14819588713642406,0.2274746782807131,0.0
2017-03-30,0.2825527676619245,0.24884195591304156,0.14819588713642406,0.2274746782807131,0.0
2017-03-31,0.2825527676619245,0.24884195591304156,0.14819588713642406,0.2274746782807131,0.0
2017-04-01,0.2825527676619245,0.24884195591304156,0.14819588713642406,0.2274746782807131,0.0
2017-04-02,0.2825527676619245,0.24884195591304156,0.14819588713642406,0.2274746782807131,0.0
2017-04-03,0.2825527676619245,0.24884195591304156,0.14819588713642406,0.2274746782807131,0.0
2017-04-04,0.2825527676619245,0.24884195591304156,0.14819588713642406,0.2274746782807131,0.0
2017-04-05,0.2825527676619245,0.24884195591304156,0.14819588713642406,0.2274746782807131,0.0
2017-04-06,0.2825527676619245,0.24884195591304156,0.14819588713642406,0.2274746782807131,0.0
2017-04-07,0.34017263986428387,0.23436946968732567,0.12691615530665323,0.8336461967455435,0.0
2017-04-08,0.34017263986428387,0.23436946968732567,0.12691615530665323,0.8336461967455435,0.0
2017-04-09,0.34017263986428387,0.23436946968732567,0.12691615530665323,0.8336461967455435,0.0
2017-04-10,0.34017263986428387,0.23436946968732567,0.12691615530665323,0.8336461967455435,0.0
2017-04-11,0.34017263986428387,0.23436946968732567,0.12691615530665323,0.8336461967455435,0.0
2017-04-12,0.34017263986428387,0.23436946968732567,0.12691615530665323,0.8336461967455435,0.0
2017-04-13,0.34017263986428387,0.23436946968732567,0.12691615530665323,0.8336461967455435,0.0
2017-04-14,0.34017263986428387,0.23436946968732567,0.12691615530665323,0.8336461967455435,0.0
2017-04-15,0.34017263986428387,0.23436946968732567,0.12691615530665323,0.8336461967455435,0.0
2017-04-16,0.34017263986428387,0.23436946968732567,0.12691615530665323,0.8336461967455435,0.0
2017-04-17,0.34017263986428387,0.23436946968732567,0.12691615530665323,0.8336461967455435,0.0
2017-04-18,0.34017263986428387,0.23436946968732567,0.12691615530665323,0.8336461967455435,0.0
2017-04-19,0.34017263986428387,0.23436946968732567,0.12691615530665323,0.8336461967455435,0.0
2017-04-20,0.34017263986428387,0.23436946968732567,0.12691615530665323,0.8336461967455435,0.0
2017-04-21,0.34017263986428387,0.23436946968732567,0.12691615530665323,0.8336461967455435,0.0
2017-04-22,0.34017263986428387,0.23436946968732567,0.12691615530665323,0.8336461967455435,0.0
2017-04-23,0.3907247504510712,0.23019664350862398,0.12015513715364055,1.3360070217986797,-1.0
2017-04-24,0.3907247504510712,0.23019664350862398,0.12015513715364055,1.3360070217986797,-1.0
2017-04-25,0.3907247504510712,0.23019664350862398,0.12015513715364055,1.3360070217986797,-1.0
2017-04-26,0.3907247504510712,0.23019664350862398,0.12015513715364055,1.3360070217986797,-1.0
2017-04-27,0.3907247504510712,0.23019664350862398,0.12015513715364055,1.3360070217986797,-1.0
2017-04-28,0.3907247504510712,0.23019664350862398,0.12015513715364055,1.3360070217986797,-1.0
2017-04-29,0.3907247504510712,0.23019664350862398,0.12015513715364055,1.3360070217986797,-1.0
2017-04-30,0.3907247504510712,0.23019664350862398,0.12015513715364055,1.3360070217986797,-1.0
2017-05-01,0.3907247504510712,0.23019664350862398,0.12015513715364055,1.3360070217986797,-1.0
2017-05-02,0.3907247504510712,0.23019664350862398,0.12015513715364055,1.3360070217986797,-1.0
2017-05-03,0.3907247504510712,0.23019664350862398,0.12015513715364055,1.3360070217986797,-1.0
2017-05-04,0.3907247504510712,0.23019664350862398,0.12015513715364055,1.3360070217986797,-1.0
2017-05-05,0.3907247504510712,0.23019664350862398,0.12015513715364055,1.3360070217986797,-1.0
2017-05-06,0.3907247504510712,0.23019664350862398,0.12015513715364055,1.3360070217986797,-1.0
2017-05-07,0.3907247504510712,0.23019664350862398,0.12015513715364055,1.3360070217986797,-1.0
2017-05-08,0.3907247504510712,0.23019664350862398,0.12015513715364055,1.3360070217986797,-1.0
2017-05-09,0.43466302909128257,0.23093728424313872,0.12149026165526758,1.6768895059772118,-1.0
2017-05-10,0.43466302909128257,0.23093728424313872,0.12149026165526758,1.6768895059772118,-1.0
2017-05-11,0.43466302909128257,0.23093728424313872,0.12149026165526758,1.6768895059772118,-1.0
2017-05-12,0.43466302909128257,0.23093728424313872,0.12149026165526758,1.6768895059772118,-1.0
2017-05-13,0.43466302909128257,0.23093728424313872,0.12149026165526758,1.6768895059772118,-1.0
2017-05-14,0.43466302909128257,0.23093728424313872,0.12149026165526758,1.6768895059772118,-1.0
2017-05-15,0.43466302909128257,0.23093728424313872,0.12149026165526758,1.6768895059772118,-1.0
2017-05-16,0.43466302909128257,0.23093728424313872,0.12149026165526758,1.6768895059772118,-1.0
2017-05-17,0.43466302909128257,0.23093728424313872,0.12149026165526758,1.6768895059772118,-1.0
2017-05-18,0.43466302909128257,0.23093728424313872,0.12149026165526758,1.6768895059772118,-1.0
2017-05-19,0.43466302909128257,0.23093728424313872,0.12149026165526758,1.6768895059772118,-1.0
2017-05-20,0.43466302909128257,0.23093728424313872,0.12149026165526758,1.6768895059772118,-1.0
2017-05-21,0.43466302909128257,0.23093728424313872,0.12149026165526758,1.6768895059772118,-1.0
2017-05-22,0.43466302909128257,0.23093728424313872,0.12149026165526758,1.6768895059772118,-1.0
2017-05-23,0.43466302909128257,0.23093728424313872,0.12149026165526758,1.6768895059772118,-1.0
2017-05-24,0.43466302909128257,0.23093728424313872,0.12149026165526758,1.6768895059772118,-1.0
2017-05-25,0.5268876150309828,0.24710583585939663,0.1466036696970252,1.9084227546949553,-1.0
2017-05-26,0.5268876150309828,0.24710583585939663,0.1466036696970252,1.9084227546949553,-1.0
2017-05-27,0.5268876150309828,0.24710583585939663,0.1466036696970252,1.9084227546949553,-1.0
2017-05-28,0.5268876150309828,0.24710583585939663,0.1466036696970252,1.9084227546949553,-1.0
2017-05-29,0.5268876150309828,0.24710583585939663,0.1466036696970252,1.9084227546949553,-1.0
2017-05-30,0.5268876150309828,0.24710583585939663,0.1466036696970252,1.9084227546949553,-1.0
2017-05-31,0.5268876150309828,0.24710583585939663,0.1466036696970252,1.9084227546949553,-1.0
2017-06-01,0.5268876150309828,0.24710583585939663,0.1466036696970252,1.9084227546949553,-1.0
2017-06-02,0.5268876150309828,0.24710583585939663,0.1466036696970252,1.9084227546949553,-1.0
2017-06-03,0.5268876150309828,0.24710583585939663,0.1466036696970252,1.9084227546949553,-1.0
2017-06-04,0.5268876150309828,0.24710583585939663,0.1466036696970252,1.9084227546949553,-1.0
2017-06-05,0.5268876150309828,0.24710583585939663,0.1466036696970252,1.9084227546949553,-1.0
2017-06-06,0.5268876150309828,0.24710583585939663,0.1466036696970252,1.9084227546949553,-1.0
2017-06-07,0.5268876150309828,0.24710583585939663,0.1466036696970252,1.9084227546949553,-1.0
2017-06-08,0.5268876150309828,0.24710583585939663,0.1466036696970252,1.9084227546949553,-1.0
2017-06-09,0.5268876150309828,0.24710583585939663,0.1466036696970252,1.9084227546949553,-1.0
2017-06-10,0.5794367731694371,0.28625583446312236,0.16775860370026852,1.7476357828426863,-1.0
2017-06-11,0.5794367731694371,0.28625583446312236,0.16775860370026852,1.7476357828426863,-1.0
2017-06-12,0.5794367731694371,0.28625583446312236,0.16775860370026852,1.7476357828426863,-1.0
2017-06-13,0.5794367731694371,0.28625583446312236,0.16775860370026852,1.7476357828426863,-1.0
2017-06-14,0.5794367731694371,0.28625583446312236,0.16775860370026852,1.7476357828426863,-1.0
2017-06-15,0.5794367731694371,0.28625583446312236,0.16775860370026852,1.7476357828426863,-1.0
2017-06-16,0.5794367731694371,0.28625583446312236,0.16775860370026852,1.7476357828426863,-1.0
2017-06-17,0.5794367731694371,0.28625583446312236,0.16775860370026852,1.7476357828426863,-1.0
2017-06-18,0.5794367731694371,0.28625583446312236,0.16775860370026852,1.7476357828426863,-1.0
2017-06-19,0.5794367731694371,0.28625583446312236,0.16775860370026852,1.7476357828426863,-1.0
2017-06-20,0.5794367731694371,0.28625583446312236,0.16775860370026852,1.7476357828426863,-1.0
2017-06-21,0.5794367731694371,0.28625583446312236,0.16775860370026852,1.7476357828426863,-1.0
2017-06-22,0.5794367731694371,0.28625583446312236,0.16775860370026852,1.7476357828426863,-1.0
2017-06-23,0.5794367731694371,0.28625583446312236,0.16775860370026852,1.7476357828426863,-1.0
2017-06-24,0.5794367731694371,0.28625583446312236,0.16775860370026852,1.7476357828426863,-1.0
2017-06-25,0.5794367731694371,0.28625583446312236,0.16775860370026852,1.7476357828426863,-1.0
2017-06-26,0.6806997344573964,0.33260687979386105,0.19381535343544962,1.7960024760343252,-1.0
2017-06-27,0.6806997344573964,0.33260687979386105,0.19381535343544962,1.7960024760343252,-1.0
2017-06-28,0.6806997344573964,0.33260687979386105,0.19381535343544962,1.7960024760343252,-1.0
2017-06-29,0.6806997344573964,0.33260687979386105,0.19381535343544962,1.7960024760343252,-1.0
2017-06-30,0.6806997344573964,0.33260687979386105,0.19381535343544962,1.7960024760343252,-1.0
2017-07-01,0.6806997344573964,0.33260687979386105,0.19381535343544962,1.7960024760343252,-1.0
2017-07-02,0.6806997344573964,0.33260687979386105,0.19381535343544962,1.7960024760343252,-1.0
2017-07-03,0.6806997344573964,0.33260687979386105,0.19381535343544962,1.7960024760343252,-1.0
2017-07-04,0.6806997344573964,0.33260687979386105,0.19381535343544962,1.7960024760343252,-1.0
2017-07-05,0.6806997344573964,0.33260687979386105,0.19381535343544962,1.7960024760343252,-1.0
2017-07-06,0.6806997344573964,0.33260687979386105,0.19381535343544962,1.7960024760343252,-1.0
2017-07-07,0.6806997344573964,0.33260687979386105,0.19381535343544962,1.7960024760343252,-1.0
2017-07-08,0.6806997344573964,0.33260687979386105,0.19381535343544962,1.7960024760343252,-1.0
2017-07-09,0.6806997344573964,0.33260687979386105,0.19381535343544962,1.7960024760343252,-1.0
2017-07-10,0.6806997344573964,0.33260687979386105,0.19381535343544962,1.7960024760343252,-1.0
2017-07-11,0.6806997344573964,0.33260687979386105,0.19381535343544962,1.7960024760343252,-1.0
2017-07-12,0.7298207537918127,0.383798633425876,0.21157701763807432,1.6354428483241286,-1.0
2017-07-13,0.7298207537918127,0.383798633425876,0.21157701763807432,1.6354428483241286,-1.0
2017-07-14,0.7298207537918127,0.383798633425876,0.21157701763807432,1.6354428483241286,-1.0
2017-07-15,0.7298207537918127,0.383798633425876,0.21157701763807432,1.6354428483241286,-1.0
2017-07-16,0.7298207537918127,0.383798633425876,0.21157701763807432,1.6354428483241286,-1.0
2017-07-17,0.7298207537918127,0.383798633425876,0.21157701763807432,1.6354428483241286,-1.0
2017-07-18,0.7298207537918127,0.383798633425876,0.21157701763807432,1.6354428483241286,-1.0
2017-07-19,0.7298207537918127,0.383798633425876,0.21157701763807432,1.6354428483241286,-1.0
2017-07-20,0.7298207537918127,0.383798633425876,0.21157701763807432,1.6354428483241286,-1.0
2017-07-21,0.7298207537918127,0.383798633425876,0.21157701763807432,1.6354428483241286,-1.0
2017-07-22,0.7298207537918127,0.383798633425876,0.21157701763807432,1.6354428483241286,-1.0
2017-07-23,0.7298207537918127,0.383798633425876,0.21157701763807432,1.6354428483241286,-1.0
2017-07-24,0.7298207537918127,0.383798633425876,0.21157701763807432,1.6354428483241286,-1.0
2017-07-25,0.7298207537918127,0.383798633425876,0.21157701763807432,1.6354428483241286,-1.0
2017-07-26,0.7298207537918127,0.383798633425876,0.21157701763807432,1.6354428483241286,-1.0
2017-07-27,0.7298207537918127,0.383798633425876,0.21157701763807432,1.6354428483241286,-1.0
2017-07-28,0.7476328199629164,0.4387087304462513,0.21352682270128015,1.4467694765862922,-1.0
2017-07-29,0.7476328199629164,0.4387087304462513,0.21352682270128015,1.4467694765862922,-1.0
2017-07-30,0.7476328199629164,0.4387087304462513,0.21352682270128015,1.4467694765862922,-1.0
2017-07-31,0.7476328199629164,0.4387087304462513,0.21352682270128015,1.4467694765862922,-1.0
2017-08-01,0.7476328199629164,0.4387087304462513,0.21352682270128015,1.4467694765862922,-1.0
2017-08-02,0.7476328199629164,0.4387087304462513,0.21352682270128015,1.4467694765862922,-1.0
2017-08-03,0.7476328199629164,0.4387087304462513,0.21352682270128015,1.4467694765862922,-1.0
2017-08-04,0.7476328199629164,0.4387087304462513,0.21352682270128015,1.4467694765862922,-1.0
2017-08-05,0.7476328199629164,0.4387087304462513,0.21352682270128015,1.4467694765862922,-1.0
2017-08-06,0.7476328199629164,0.4387087304462513,0.21352682270128015,1.4467694765862922,-1.0
2017-08-07,0.7476328199629164,0.4387087304462513,0.21352682270128015,1.4467694765862922,-1.0
2017-08-08,0.7476328199629164,0.4387087304462513,0.21352682270128015,1.4467694765862922,-1.0
2017-08-09,0.7476328199629164,0.4387087304462513,0.21352682270128015,1.4467694765862922,-1.0
2017-08-10,0.7476328199629164,0.4387087304462513,0.21352682270128015,1.4467694765862922,-1.0
2017-08-11,0.7476328199629164,0.4387087304462513,0.21352682270128015,1.4467694765862922,-1.0
2017-08-12,0.7476328199629164,0.4387087304462513,0.21352682270128015,1.4467694765862922,-1.0
2017-08-13,0.7124137954230525,0.4867320890951013,0.20387574555559396,1.1069571111214456,-1.0
2017-08-14,0.7124137954230525,0.4867320890951013,0.20387574555559396,1.1069571111214456,-1.0
2017-08-15,0.7124137954230525,0.4867320890951013,0.20387574555559396,1.1069571111214456,-1.0
2017-08-16,0.7124137954230525,0.4867320890951013,0.20387574555559396,1.1069571111214456,-1.0
2017-08-17,0.7124137954230525,0.4867320890951013,0.20387574555559396,1.1069571111214456,-1.0
2017-08-18,0.7124137954230525,0.4867320890951013,0.20387574555559396,1.1069571111214456,-1.0
2017-08-19,0.7124137954230525,0.4867320890951013,0.20387574555559396,1.1069571111214456,-1.0
2017-08-20,0.7124137954230525,0.4867320890951013,0.20387574555559396,1.1069571111214456,-1.0
2017-08-21,0.7124137954230525,0.4867320890951013,0.20387574555559396,1.1069571111214456,-1.0
2017-08-22,0.7124137954230525,0.4867320890951013,0.20387574555559396,1.1069571111214456,-1.0
2017-08-23,0.7124137954230525,0.4867320890951013,0.20387574555559396,1.1069571111214456,-1.0
2017-08-24,0.7124137954230525,0.4867320890951013,0.20387574555559396,1.1069571111214456,-1.0
2017-08-25,0.7124137954230525,0.4867320890951013,0.20387574555559396,1.1069571111214456,-1.0
2017-08-26,0.7124137954230525,0.4867320890951013,0.20387574555559396,1.1069571111214456,-1.0
2017-08-27,0.7124137954230525,0.4867320890951013,0.20387574555559396,1.1069571111214456,-1.0
2017-08-28,0.7124137954230525,0.4867320890951013,0.20387574555559396,1.1069571111214456,-1.0
2017-08-29,0.6895273944208529,0.5284184480698196,0.188057116942576,0.8567022028750366,0.0
2017-08-30,0.6895273944208529,0.5284184480698196,0.188057116942576,0.8567022028750366,0.0
2017-08-31,0.6895273944208529,0.5284184480698196,0.188057116942576,0.8567022028750366,0.0
2017-09-01,0.6895273944208529,0.5284184480698196,0.188057116942576,0.8567022028750366,0.0
2017-09-02,0.6895273944208529,0.5284184480698196,0.188057116942576,0.8567022028750366,0.0
2017-09-03,0.6895273944208529,0.5284184480698196,0.188057116942576,0.8567022028750366,0.0
2017-09-04,0.6895273944208529,0.5284184480698196,0.188057116942576,0.8567022028750366,0.0
2017-09-05,0.6895273944208529,0.5284184480698196,0.188057116942576,0.8567022028750366,0.0
2017-09-06,0.6895273944208529,0.5284184480698196,0.188057116942576,0.8567022028750366,0.0
2017-09-07,0.6895273944208529,0.5284184480698196,0.188057116942576,0.8567022028750366,0.0
2017-09-08,0.6895273944208529,0.5284184480698196,0.188057116942576,0.8567022028750366,0.0
2017-09-09,0.6895273944208529,0.5284184480698196,0.188057116942576,0.8567022028750366,0.0
2017-09-10,0.6895273944208529,0.5284184480698196,0.188057116942576,0.8567022028750366,0.0
2017-09-11,0.6895273944208529,0.5284184480698196,0.188057116942576,0.8567022028750366,0.0
2017-09-12,0.6895273944208529,0.5284184480698196,0.188057116942576,0.8567022028750366,0.0
2017-09-13,0.6895273944208529,0.5284184480698196,0.188057116942576,0.8567022028750366,0.0
2017-09-14,0.6018259686326711,0.5596965034964737,0.1627904191639398,0.25879572859733535,0.0
2017-09-15,0.6018259686326711,0.5596965034964737,0.1627904191639398,0.25879572859733535,0.0
2017-09-16,0.6018259686326711,0.5596965034964737,0.1627904191639398,0.25879572859733535,0.0
2017-09-17,0.6018259686326711,0.5596965034964737,0.1627904191639398,0.25879572859733535,0.0
2017-09-18,0.6018259686326711,0.5596965034964737,0.1627904191639398,0.25879572859733535,0.0
2017-09-19,0.6018259686326711,0.5596965034964737,0.1627904191639398,0.25879572859733535,0.0
2017-09-20,0.6018259686326711,0.5596965034964737,0.1627904191639398,0.25879572859733535,0.0
2017-09-21,0.6018259686326711,0.5596965034964737,0.1627904191639398,0.25879572859733535,0.0
2017-09-22,0.6018259686326711,0.5596965034964737,0.1627904191639398,0.25879572859733535,0.0
2017-09-23,0.6018259686326711,0.5596965034964737,0.1627904191639398,0.25879572859733535,0.0
2017-09-24,0.6018259686326711,0.5596965034964737,0.1627904191639398,0.25879572859733535,0.0
2017-09-25,0.6018259686326711,0.5596965034964737,0.1627904191639398,0.25879572859733535,0.0
2017-09-26,0.6018259686326711,0.5596965034964737,0.1627904191639398,0.25879572859733535,0.0
2017-09-27,0.6018259686326711,0.5596965034964737,0.1627904191639398,0.25879572859733535,0.0
2017-09-28,0.6018259686326711,0.5596965034964737,0.1627904191639398,0.25879572859733535,0.0
2017-09-29,0.6018259686326711,0.5596965034964737,0.1627904191639398,0.25879572859733535,0.0
2017-09-30,0.5080336156813284,0.5784865741647574,0.1391962410946648,-0.5061412429629846,0.0
2017-10-01,0.5080336156813284,0.5784865741647574,0.1391962410946648,-0.5061412429629846,0.0
2017-10-02,0.5080336156813284,0.5784865741647574,0.1391962410946648,-0.5061412429629846,0.0
2017-10-03,0.5080336156813284,0.5784865741647574,0.1391962410946648,-0.5061412429629846,0.0
2017-10-04,0.5080336156813284,0.5784865741647574,0.1391962410946648,-0.5061412429629846,0.0
2017-10-05,0.5080336156813284,0.5784865741647574,0.1391962410946648,-0.5061412429629846,0.0
2017-10-06,0.5080336156813284,0.5784865741647574,0.1391962410946648,-0.5061412429629846,0.0
2017-10-07,0.5080336156813284,0.5784865741647574,0.1391962410946648,-0.5061412429629846,0.0
2017-10-08,0.5080336156813284,0.5784865741647574,0.1391962410946648,-0.5061412429629846,0.0
2017-10-09,0.5080336156813284,0.5784865741647574,0.1391962410946648,-0.5061412429629846,0.0
2017-10-10,0.5080336156813284,0.5784865741647574,0.1391962410946648,-0.5061412429629846,0.0
2017-10-11,0.5080336156813284,0.5784865741647574,0.1391962410946648,-0.5061412429629846,0.0
2017-10-12,0.5080336156813284,0.5784865741647574,0.1391962410946648,-0.5061412429629846,0.0
2017-10-13,0.5080336156813284,0.5784865741647574,0.1391962410946648,-0.5061412429629846,0.0
2017-10-14,0.5080336156813284,0.5784865741647574,0.1391962410946648,-0.5061412429629846,0.0
2017-10-15,0.5080336156813284,0.5784865741647574,0.1391962410946648,-0.5061412429629846,0.0
2017-10-16,0.43494413792505293,0.5863841990031547,0.12656078628165093,-1.196579647830917,1.0
2017-10-17,0.43494413792505293,0.5863841990031547,0.12656078628165093,-1.196579647830917,1.0
2017-10-18,0.43494413792505293,0.5863841990031547,0.12656078628165093,-1.196579647830917,1.0
2017-10-19,0.43494413792505293,0.5863841990031547,0.12656078628165093,-1.196579647830917,1.0
2017-10-20,0.43494413792505293,0.5863841990031547,0.12656078628165093,-1.196579647830917,1.0
2017-10-21,0.43494413792505293,0.5863841990031547,0.12656078628165093,-1.196579647830917,1.0
2017-10-22,0.43494413792505293,0.5863841990031547,0.12656078628165093,-1.196579647830917,1.0
2017-10-23,0.43494413792505293,0.5863841990031547,0.12656078628165093,-1.196579647830917,1.0
2017-10-24,0.43494413792505293,0.5863841990031547,0.12656078628165093,-1.196579647830917,1.0
2017-10-25,0.43494413792505293,0.5863841990031547,0.12656078628165093,-1.196579647830917,1.0
2017-10-26,0.43494413792505293,0.5863841990031547,0.12656078628165093,-1.196579647830917,1.0
2017-10-27,0.43494413792505293,0.5863841990031547,0.12656078628165093,-1.196579647830917,1.0
2017-10-28,0.43494413792505293,0.5863841990031547,0.12656078628165093,-1.196579647830917,1.0
2017-10-29,0.43494413792505293,0.5863841990031547,0.12656078628165093,-1.196579647830917,1.0
2017-10-30,0.43494413792505293,0.5863841990031547,0.12656078628165093,-1.196579647830917,1.0
2017-10-31,0.43494413792505293,0.5863841990031547,0.12656078628165093,-1.196579647830917,1.0
2017-11-01,0.26780574529565154,0.5761409485735365,0.14713768446072995,-2.095555631502258,1.0
2017-11-02,0.26780574529565154,0.5761409485735365,0.14713768446072995,-2.095555631502258,1.0
2017-11-03,0.26780574529565154,0.5761409485735365,0.14713768446072995,-2.095555631502258,1.0
2017-11-04,0.26780574529565154,0.5761409485735365,0.14713768446072995,-2.095555631502258,1.0
2017-11-05,0.26780574529565154,0.5761409485735365,0.14713768446072995,-2.095555631502258,1.0
2017-11-06,0.26780574529565154,0.5761409485735365,0.14713768446072995,-2.095555631502258,1.0
2017-11-07,0.26780574529565154,0.5761409485735365,0.14713768446072995,-2.095555631502258,1.0
2017-11-08,0.26780574529565154,0.5761409485735365,0.14713768446072995,-2.095555631502258,1.0
2017-11-09,0.26780574529565154,0.5761409485735365,0.14713768446072995,-2.095555631502258,1.0
2017-11-10,0.26780574529565154,0.5761409485735365,0.14713768446072995,-2.095555631502258,1.0
2017-11-11,0.26780574529565154,0.5761409485735365,0.14713768446072995,-2.095555631502258,1.0
2017-11-12,0.26780574529565154,0.5761409485735365,0.14713768446072995,-2.095555631502258,1.0
2017-11-13,0.26780574529565154,0.5761409485735365,0.14713768446072995,-2.095555631502258,1.0
2017-11-14,0.26780574529565154,0.5761409485735365,0.14713768446072995,-2.095555631502258,1.0
2017-11-15,0.26780574529565154,0.5761409485735365,0.14713768446072995,-2.095555631502258,1.0
2017-11-16,0.26780574529565154,0.5761409485735365,0.14713768446072995,-2.095555631502258,1.0
2017-11-17,0.32731796845763167,0.5671955268540655,0.1592827979552495,-1.5059853385035804,1.0
2017-11-18,0.32731796845763167,0.5671955268540655,0.1592827979552495,-1.5059853385035804,1.0
2017-11-19,0.32731796845763167,0.5671955268540655,0.1592827979552495,-1.5059853385035804,1.0
2017-11-20,0.32731796845763167,0.5671955268540655,0.1592827979552495,-1.5059853385035804,1.0
2017-11-21,0.32731796845763167,0.5671955268540655,0.1592827979552495,-1.5059853385035804,1.0
2017-11-22,0.32731796845763167,0.5671955268540655,0.1592827979552495,-1.5059853385035804,1.0
2017-11-23,0.32731796845763167,0.5671955268540655,0.1592827979552495,-1.5059853385035804,1.0
2017-11-24,0.32731796845763167,0.5671955268540655,0.1592827979552495,-1.5059853385035804,1.0
2017-11-25,0.32731796845763167,0.5671955268540655,0.1592827979552495,-1.5059853385035804,1.0
2017-11-26,0.32731796845763167,0.5671955268540655,0.1592827979552495,-1.5059853385035804,1.0
2017-11-27,0.32731796845763167,0.5671955268540655,0.1592827979552495,-1.5059853385035804,1.0
2017-11-28,0.32731796845763167,0.5671955268540655,0.1592827979552495,-1.5059853385035804,1.0
2017-11-29,0.32731796845763167,0.5671955268540655,0.1592827979552495,-1.5059853385035804,1.0
2017-11-30,0.32731796845763167,0.5671955268540655,0.1592827979552495,-1.5059853385035804,1.0
2017-12-01,0.32731796845763167,0.5671955268540655,0.1592827979552495,-1.5059853385035804,1.0
2017-12-02,0.32731796845763167,0.5671955268540655,0.1592827979552495,-1.5059853385035804,1.0
2017-12-03,0.20512589802336947,0.5403820504367643,0.1906742212456694,-1.7582667978040016,1.0
2017-12-04,0.20512589802336947,0.5403820504367643,0.1906742212456694,-1.7582667978040016,1.0
2017-12-05,0.20512589802336947,0.5403820504367643,0.1906742212456694,-1.7582667978040016,1.0
2017-12-06,0.20512589802336947,0.5403820504367643,0.1906742212456694,-1.7582667978040016,1.0
2017-12-07,0.20512589802336947,0.5403820504367643,0.1906742212456694,-1.7582667978040016,1.0
2017-12-08,0.20512589802336947,0.5403820504367643,0.1906742212456694,-1.7582667978040016,1.0
2017-12-09,0.20512589802336947,0.5403820504367643,0.1906742212456694,-1.7582667978040016,1.0
2017-12-10,0.20512589802336947,0.5403820504367643,0.1906742212456694,-1.7582667978040016,1.0
2017-12-11,0.20512589802336947,0.5403820504367643,0.1906742212456694,-1.7582667978040016,1.0
2017-12-12,0.20512589802336947,0.5403820504367643,0.1906742212456694,-1.7582667978040016,1.0
2017-12-13,0.20512589802336947,0.5403820504367643,0.1906742212456694,-1.7582667978040016,1.0
2017-12-14,0.20512589802336947,0.5403820504367643,0.1906742212456694,-1.7582667978040016,1.0
2017-12-15,0.20512589802336947,0.5403820504367643,0.1906742212456694,-1.7582667978040016,1.0
2017-12-16,0.20512589802336947,0.5403820504367643,0.1906742212456694,-1.7582667978040016,1.0
2017-12-17,0.20512589802336947,0.5403820504367643,0.1906742212456694,-1.7582667978040016,1.0
2017-12-18,0.20512589802336947,0.5403820504367643,0.1906742212456694,-1.7582667978040016,1.0
2017-12-19,0.10669781797861504,0.5009871375041959,0.2272076497711008,-1.735369913481371,1.0
2017-12-20,0.10669781797861504,0.5009871375041959,0.2272076497711008,-1.735369913481371,1.0
2017-12-21,0.10669781797861504,0.5009871375041959,0.2272076497711008,-1.735369913481371,1.0
2017-12-22,0.10669781797861504,0.5009871375041959,0.2272076497711008,-1.735369913481371,1.0
2017-12-23,0.10669781797861504,0.5009871375041959,0.2272076497711008,-1.735369913481371,1.0
2017-12-24,0.10669781797861504,0.5009871375041959,0.2272076497711008,-1.735369913481371,1.0
2017-12-25,0.10669781797861504,0.5009871375041959,0.2272076497711008,-1.735369913481371,1.0
2017-12-26,0.10669781797861504,0.5009871375041959,0.2272076497711008,-1.735369913481371,1.0
2017-12-27,0.10669781797861504,0.5009871375041959,0.2272076497711008,-1.735369913481371,1.0
2017-12-28,0.10669781797861504,0.5009871375041959,0.2272076497711008,-1.735369913481371,1.0
2017-12-29,0.10669781797861504,0.5009871375041959,0.2272076497711008,-1.735369913481371,1.0
2017-12-30,0.10669781797861504,0.5009871375041959,0.2272076497711008,-1.735369913481371,1.0
2017-12-31,0.10669781797861504,0.5009871375041959,0.2272076497711008,-1.735369913481371,1.0
2018-01-01,0.0679294390774608,0.44992294622253465,0.25078208765010146,-1.5232088971124702,1.0
2018-01-02,0.0679294390774608,0.44992294622253465,0.25078208765010146,-1.5232088971124702,1.0
2018-01-03,0.0679294390774608,0.44992294622253465,0.25078208765010146,-1.5232088971124702,1.0
2018-01-04,0.0679294390774608,0.44992294622253465,0.25078208765010146,-1.5232088971124702,1.0
2018-01-05,0.0679294390774608,0.44992294622253465,0.25078208765010146,-1.5232088971124702,1.0
2018-01-06,0.0679294390774608,0.44992294622253465,0.25078208765010146,-1.5232088971124702,1.0
2018-01-07,0.0679294390774608,0.44992294622253465,0.25078208765010146,-1.5232088971124702,1.0
2018-01-08,0.0679294390774608,0.44992294622253465,0.25078208765010146,-1.5232088971124702,1.0
2018-01-09,0.0679294390774608,0.44992294622253465,0.25078208765010146,-1.5232088971124702,1.0
2018-01-10,0.0679294390774608,0.44992294622253465,0.25078208765010146,-1.5232088971124702,1.0
2018-01-11,0.0679294390774608,0.44992294622253465,0.25078208765010146,-1.5232088971124702,1.0
2018-01-12,0.0679294390774608,0.44992294622253465,0.25078208765010146,-1.5232088971124702,1.0
2018-01-13,0.0679294390774608,0.44992294622253465,0.25078208765010146,-1.5232088971124702,1.0
2018-01-14,0.0679294390774608,0.44992294622253465,0.25078208765010146,-1.5232088971124702,1.0
2018-01-15,0.0679294390774608,0.44992294622253465,0.25078208765010146,-1.5232088971124702,1.0
2018-01-16,0.0679294390774608,0.44992294622253465,0.25078208765010146,-1.5232088971124702,1.0
2018-01-17,0.14799308039299108,0.40143730677263284,0.2479766823258959,-1.0220486216787121,1.0
2018-01-18,0.14799308039299108,0.40143730677263284,0.2479766823258959,-1.0220486216787121,1.0
2018-01-19,0.14799308039299108,0.40143730677263284,0.2479766823258959,-1.0220486216787121,1.0
2018-01-20,0.14799308039299108,0.40143730677263284,0.2479766823258959,-1.0220486216787121,1.0
2018-01-21,0.14799308039299108,0.40143730677263284,0.2479766823258959,-1.0220486216787121,1.0
2018-01-22,0.14799308039299108,0.40143730677263284,0.2479766823258959,-1.0220486216787121,1.0
2018-01-23,0.14799308039299108,0.40143730677263284,0.2479766823258959,-1.0220486216787121,1.0
2018-01-24,0.14799308039299108,0.40143730677263284,0.2479766823258959,-1.0220486216787121,1.0
2018-01-25,0.14799308039299108,0.40143730677263284,0.2479766823258959,-1.0220486216787121,1.0
2018-01-26,0.14799308039299108,0.40143730677263284,0.2479766823258959,-1.0220486216787121,1.0
2018-01-27,0.14799308039299108,0.40143730677263284,0.2479766823258959,-1.0220486216787121,1.0
2018-01-28,0.14799308039299108,0.40143730677263284,0.2479766823258959,-1.0220486216787121,1.0
2018-01-29,0.14799308039299108,0.40143730677263284,0.2479766823258959,-1.0220486216787121,1.0
2018-01-30,0.14799308039299108,0.40143730677263284,0.2479766823258959,-1.0220486216787121,1.0
2018-01-31,0.14799308039299108,0.40143730677263284,0.2479766823258959,-1.0220486216787121,1.0
2018-02-01,0.14799308039299108,0.40143730677263284,0.2479766823258959,-1.0220486216787121,1.0
2018-02-02,0.08535196834411295,0.34624723580439914,0.23739573124859079,-1.0989888743495884,1.0
2018-02-03,0.08535196834411295,0.34624723580439914,0.23739573124859079,-1.0989888743495884,1.0
2018-02-04,0.08535196834411295,0.34624723580439914,0.23739573124859079,-1.0989888743495884,1.0
2018-02-05,0.08535196834411295,0.34624723580439914,0.23739573124859079,-1.0989888743495884,1.0
2018-02-06,0.08535196834411295,0.34624723580439914,0.23739573124859079,-1.0989888743495884,1.0
2018-02-07,0.08535196834411295,0.34624723580439914,0.23739573124859079,-1.0989888743495884,1.0
2018-02-08,0.08535196834411295,0.34624723580439914,0.23739573124859079,-1.0989888743495884,1.0
2018-02-09,0.08535196834411295,0.34624723580439914,0.23739573124859079,-1.0989888743495884,1.0
2018-02-10,0.08535196834411295,0.34624723580439914,0.23739573124859079,-1.0989888743495884,1.0
2018-02-11,0.08535196834411295,0.34624723580439914,0.23739573124859079,-1.0989888743495884,1.0
2018-02-12,0.08535196834411295,0.34624723580439914,0.23739573124859079,-1.0989888743495884,1.0
2018-02-13,0.08535196834411295,0.34624723580439914,0.23739573124859079,-1.0989888743495884,1.0
2018-02-14,0.08535196834411295,0.34624723580439914,0.23739573124859079,-1.0989888743495884,1.0
2018-02-15,0.08535196834411295,0.34624723580439914,0.23739573124859079,-1.0989888743495884,1.0
2018-02-16,0.08535196834411295,0.34624723580439914,0.23739573124859079,-1.0989888743495884,1.0
2018-02-17,0.08535196834411295,0.34624723580439914,0.23739573124859079,-1.0989888743495884,1.0
2018-02-18,0.13004826496906663,0.29771677493323373,0.21412096058589009,-0.7830550988814121,0.0
2018-02-19,0.13004826496906663,0.29771677493323373,0.21412096058589009,-0.7830550988814121,0.0
2018-02-20,0.13004826496906663,0.29771677493323373,0.21412096058589009,-0.7830550988814121,0.0
2018-02-21,0.13004826496906663,0.29771677493323373,0.21412096058589009,-0.7830550988814121,0.0
2018-02-22,0.13004826496906663,0.29771677493323373,0.21412096058589009,-0.7830550988814121,0.0
2018-02-23,0.13004826496906663,0.29771677493323373,0.21412096058589009,-0.7830550988814121,0.0
2018-02-24,0.13004826496906663,0.29771677493323373,0.21412096058589009,-0.7830550988814121,0.0
2018-02-25,0.13004826496906663,0.29771677493323373,0.21412096058589009,-0.7830550988814121,0.0
2018-02-26,0.13004826496906663,0.29771677493323373,0.21412096058589009,-0.7830550988814121,0.0
2018-02-27,0.13004826496906663,0.29771677493323373,0.21412096058589009,-0.7830550988814121,0.0
2018-02-28,0.13004826496906663,0.29771677493323373,0.21412096058589009,-0.7830550988814121,0.0
2018-03-01,0.13004826496906663,0.29771677493323373,0.21412096058589009,-0.7830550988814121,0.0
2018-03-02,0.13004826496906663,0.29771677493323373,0.21412096058589009,-0.7830550988814121,0.0
2018-03-03,0.13004826496906663,0.29771677493323373,0.21412096058589009,-0.7830550988814121,0.0
2018-03-04,0.13004826496906663,0.29771677493323373,0.21412096058589009,-0.7830550988814121,0.0
2018-03-05,0.13004826496906663,0.29771677493323373,0.21412096058589009,-0.7830550988814121,0.0
2018-03-06,0.12416452237971708,0.2506032022631391,0.17946744487022276,-0.7045215357852387,0.0
2018-03-07,0.12416452237971708,0.2506032022631391,0.17946744487022276,-0.7045215357852387,0.0
2018-03-08,0.12416452237971708,0.2506032022631391,0.17946744487022276,-0.7045215357852387,0.0
2018-03-09,0.12416452237971708,0.2506032022631391,0.17946744487022276,-0.7045215357852387,0.0
2018-03-10,0.12416452237971708,0.2506032022631391,0.17946744487022276,-0.7045215357852387,0.0
2018-03-11,0.12416452237971708,0.2506032022631391,0.17946744487022276,-0.7045215357852387,0.0
2018-03-12,0.12416452237971708,0.2506032022631391,0.17946744487022276,-0.7045215357852387,0.0
2018-03-13,0.12416452237971708,0.2506032022631391,0.17946744487022276,-0.7045215357852387,0.0
2018-03-14,0.12416452237971708,0.2506032022631391,0.17946744487022276,-0.7045215357852387,0.0
2018-03-15,0.12416452237971708,0.2506032022631391,0.17946744487022276,-0.7045215357852387,0.0
2018-03-16,0.12416452237971708,0.2506032022631391,0.17946744487022276,-0.7045215357852387,0.0
2018-03-17,0.12416452237971708,0.2506032022631391,0.17946744487022276,-0.7045215357852387,0.0
2018-03-18,0.12416452237971708,0.2506032022631391,0.17946744487022276,-0.7045215357852387,0.0
2018-03-19,0.12416452237971708,0.2506032022631391,0.17946744487022276,-0.7045215357852387,0.0
2018-03-20,0.12416452237971708,0.2506032022631391,0.17946744487022276,-0.7045215357852387,0.0
2018-03-21,0.12416452237971708,0.2506032022631391,0.17946744487022276,-0.7045215357852387,0.0
2018-03-22,0.14004558750490784,0.21212150383582543,0.14314317773387353,-0.5035232378655059,0.0
2018-03-23,0.14004558750490784,0.21212150383582543,0.14314317773387353,-0.5035232378655059,0.0
2018-03-24,0.14004558750490784,0.21212150383582543,0.14314317773387353,-0.5035232378655059,0.0
2018-03-25,0.14004558750490784,0.21212150383582543,0.14314317773387353,-0.5035232378655059,0.0
2018-03-26,0.14004558750490784,0.21212150383582543,0.14314317773387353,-0.5035232378655059,0.0
2018-03-27,0.14004558750490784,0.21212150383582543,0.14314317773387353,-0.5035232378655059,0.0
2018-03-28,0.14004558750490784,0.21212150383582543,0.14314317773387353,-0.5035232378655059,0.0
2018-03-29,0.14004558750490784,0.21212150383582543,0.14314317773387353,-0.5035232378655059,0.0
2018-03-30,0.14004558750490784,0.21212150383582543,0.14314317773387353,-0.5035232378655059,0.0
2018-03-31,0.14004558750490784,0.21212150383582543,0.14314317773387353,-0.5035232378655059,0.0
2018-04-01,0.14004558750490784,0.21212150383582543,0.14314317773387353,-0.5035232378655059,0.0
2018-04-02,0.14004558750490784,0.21212150383582543,0.14314317773387353,-0.5035232378655059,0.0
2018-04-03,0.14004558750490784,0.21212150383582543,0.14314317773387353,-0.5035232378655059,0.0
2018-04-04,0.14004558750490784,0.21212150383582543,0.14314317773387353,-0.5035232378655059,0.0
2018-04-05,0.14004558750490784,0.21212150383582543,0.14314317773387353,-0.5035232378655059,0.0
2018-04-06,0.14004558750490784,0.21212150383582543,0.14314317773387353,-0.5035232378655059,0.0
2018-04-07,0.19974559954258056,0.18643083582426312,0.10873601170010971,0.12245035945441068,0.0
2018-04-08,0.19974559954258056,0.18643083582426312,0.10873601170010971,0.12245035945441068,0.0
2018-04-09,0.19974559954258056,0.18643083582426312,0.10873601170010971,0.12245035945441068,0.0
2018-04-10,0.19974559954258056,0.18643083582426312,0.10873601170010971,0.12245035945441068,0.0
2018-04-11,0.19974559954258056,0.18643083582426312,0.10873601170010971,0.12245035945441068,0.0
2018-04-12,0.19974559954258056,0.18643083582426312,0.10873601170010971,0.12245035945441068,0.0
2018-04-13,0.19974559954258056,0.18643083582426312,0.10873601170010971,0.12245035945441068,0.0
2018-04-14,0.19974559954258056,0.18643083582426312,0.10873601170010971,0.12245035945441068,0.0
2018-04-15,0.19974559954258056,0.18643083582426312,0.10873601170010971,0.12245035945441068,0.0
2018-04-16,0.19974559954258056,0.18643083582426312,0.10873601170010971,0.12245035945441068,0.0
2018-04-17,0.19974559954258056,0.18643083582426312,0.10873601170010971,0.12245035945441068,0.0
2018-04-18,0.19974559954258056,0.18643083582426312,0.10873601170010971,0.12245035945441068,0.0
2018-04-19,0.19974559954258056,0.18643083582426312,0.10873601170010971,0.12245035945441068,0.0
2018-04-20,0.19974559954258056,0.18643083582426312,0.10873601170010971,0.12245035945441068,0.0
2018-04-21,0.19974559954258056,0.18643083582426312,0.10873601170010971,0.12245035945441068,0.0
2018-04-22,0.19974559954258056,0.18643083582426312,0.10873601170010971,0.12245035945441068,0.0
2018-04-23,0.3124297793031078,0.17622130593910104,0.08682520637147668,1.5687664798773593,-1.0
2018-04-24,0.3124297793031078,0.17622130593910104,0.08682520637147668,1.5687664798773593,-1.0
2018-04-25,0.3124297793031078,0.17622130593910104,0.08682520637147668,1.5687664798773593,-1.0
2018-04-26,0.3124297793031078,0.17622130593910104,0.08682520637147668,1.5687664798773593,-1.0
2018-04-27,0.3124297793031078,0.17622130593910104,0.08682520637147668,1.5687664798773593,-1.0
2018-04-28,0.3124297793031078,0.17622130593910104,0.08682520637147668,1.5687664798773593,-1.0
2018-04-29,0.3124297793031078,0.17622130593910104,0.08682520637147668,1.5687664798773593,-1.0
2018-04-30,0.3124297793031078,0.17622130593910104,0.08682520637147668,1.5687664798773593,-1.0
2018-05-01,0.3124297793031078,0.17622130593910104,0.08682520637147668,1.5687664798773593,-1.0
2018-05-02,0.3124297793031078,0.17622130593910104,0.08682520637147668,1.5687664798773593,-1.0
2018-05-03,0.3124297793031078,0.17622130593910104,0.08682520637147668,1.5687664798773593,-1.0
2018-05-04,0.3124297793031078,0.17622130593910104,0.08682520637147668,1.5687664798773593,-1.0
2018-05-05,0.3124297793031078,0.17622130593910104,0.08682520637147668,1.5687664798773593,-1.0
2018-05-06,0.3124297793031078,0.17622130593910104,0.08682520637147668,1.5687664798773593,-1.0
2018-05-07,0.3124297793031078,0.17622130593910104,0.08682520637147668,1.5687664798773593,-1.0
2018-05-08,0.3124297793031078,0.17622130593910104,0.08682520637147668,1.5687664798773593,-1.0
2018-05-09,0.41221201437647353,0.1882551616958362,0.108078642158879,2.072165676835704,-1.0
2018-05-10,0.41221201437647353,0.1882551616958362,0.108078642158879,2.072165676835704,-1.0
2018-05-11,0.41221201437647353,0.1882551616958362,0.108078642158879,2.072165676835704,-1.0
2018-05-12,0.41221201437647353,0.1882551616958362,0.108078642158879,2.072165676835704,-1.0
2018-05-13,0.41221201437647353,0.1882551616958362,0.108078642158879,2.072165676835704,-1.0
2018-05-14,0.41221201437647353,0.1882551616958362,0.108078642158879,2.072165676835704,-1.0
2018-05-15,0.41221201437647353,0.1882551616958362,0.108078642158879,2.072165676835704,-1.0
2018-05-16,0.41221201437647353,0.1882551616958362,0.108078642158879,2.072165676835704,-1.0
2018-05-17,0.41221201437647353,0.1882551616958362,0.108078642158879,2.072165676835704,-1.0
2018-05-18,0.41221201437647353,0.1882551616958362,0.108078642158879,2.072165676835704,-1.0
2018-05-19,0.41221201437647353,0.1882551616958362,0.108078642158879,2.072165676835704,-1.0
2018-05-20,0.41221201437647353,0.1882551616958362,0.108078642158879,2.072165676835704,-1.0
2018-05-21,0.41221201437647353,0.1882551616958362,0.108078642158879,2.072165676835704,-1.0
2018-05-22,0.41221201437647353,0.1882551616958362,0.108078642158879,2.072165676835704,-1.0
2018-05-23,0.41221201437647353,0.1882551616958362,0.108078642158879,2.072165676835704,-1.0
2018-05-24,0.41221201437647353,0.1882551616958362,0.108078642158879,2.072165676835704,-1.0
2018-05-25,0.5126593713216733,0.203700278601173,0.13867159673908408,2.2279911675194644,-1.0
2018-05-26,0.5126593713216733,0.203700278601173,0.13867159673908408,2.2279911675194644,-1.0
2018-05-27,0.5126593713216733,0.203700278601173,0.13867159673908408,2.2279911675194644,-1.0
2018-05-28,0.5126593713216733,0.203700278601173,0.13867159673908408,2.2279911675194644,-1.0
2018-05-29,0.5126593713216733,0.203700278601173,0.13867159673908408,2.2279911675194644,-1.0
2018-05-30,0.5126593713216733,0.203700278601173,0.13867159673908408,2.2279911675194644,-1.0
2018-05-31,0.5126593713216733,0.203700278601173,0.13867159673908408,2.2279911675194644,-1.0
2018-06-01,0.5126593713216733,0.203700278601173,0.13867159673908408,2.2279911675194644,-1.0
2018-06-02,0.5126593713216733,0.203700278601173,0.13867159673908408,2.2279911675194644,-1.0
2018-06-03,0.5126593713216733,0.203700278601173,0.13867159673908408,2.2279911675194644,-1.0
2018-06-04,0.5126593713216733,0.203700278601173,0.13867159673908408,2.2279911675194644,-1.0
2018-06-05,0.5126593713216733,0.203700278601173,0.13867159673908408,2.2279911675194644,-1.0
2018-06-06,0.5126593713216733,0.203700278601173,0.13867159673908408,2.2279911675194644,-1.0
2018-06-07,0.5126593713216733,0.203700278601173,0.13867159673908408,2.2279911675194644,-1.0
2018-06-08,0.5126593713216733,0.203700278601173,0.13867159673908408,2.2279911675194644,-1.0
2018-06-09,0.5126593713216733,0.203700278601173,0.13867159673908408,2.2279911675194644,-1.0
2018-06-10,0.6230211885971474,0.2385248861489878,0.18409554901602848,2.0885692484324156,-1.0
2018-06-11,0.6230211885971474,0.2385248861489878,0.18409554901602848,2.0885692484324156,-1.0
2018-06-12,0.6230211885971474,0.2385248861489878,0.18409554901602848,2.0885692484324156,-1.0
2018-06-13,0.6230211885971474,0.2385248861489878,0.18409554901602848,2.0885692484324156,-1.0
2018-06-14,0.6230211885971474,0.2385248861489878,0.18409554901602848,2.0885692484324156,-1.0
2018-06-15,0.6230211885971474,0.2385248861489878,0.18409554901602848,2.0885692484324156,-1.0
2018-06-16,0.6230211885971474,0.2385248861489878,0.18409554901602848,2.0885692484324156,-1.0
2018-06-17,0.6230211885971474,0.2385248861489878,0.18409554901602848,2.0885692484324156,-1.0
2018-06-18,0.6230211885971474,0.2385248861489878,0.18409554901602848,2.0885692484324156,-1.0
2018-06-19,0.6230211885971474,0.2385248861489878,0.18409554901602848,2.0885692484324156,-1.0
2018-06-20,0.6230211885971474,0.2385248861489878,0.18409554901602848,2.0885692484324156,-1.0
2018-06-21,0.6230211885971474,0.2385248861489878,0.18409554901602848,2.0885692484324156,-1.0
2018-06-22,0.6230211885971474,0.2385248861489878,0.18409554901602848,2.0885692484324156,-1.0
2018-06-23,0.6230211885971474,0.2385248861489878,0.18409554901602848,2.0885692484324156,-1.0
2018-06-24,0.6230211885971474,0.2385248861489878,0.18409554901602848,2.0885692484324156,-1.0
2018-06-25,0.6230211885971474,0.2385248861489878,0.18409554901602848,2.0885692484324156,-1.0
2018-06-26,0.7311149330405483,0.2905596457374823,0.22675137902190418,1.942900145540056,-1.0
2018-06-27,0.7311149330405483,0.2905596457374823,0.22675137902190418,1.942900145540056,-1.0
2018-06-28,0.7311149330405483,0.2905596457374823,0.22675137902190418,1.942900145540056,-1.0
2018-06-29,0.7311149330405483,0.2905596457374823,0.22675137902190418,1.942900145540056,-1.0
2018-06-30,0.7311149330405483,0.2905596457374823,0.22675137902190418,1.942900145540056,-1.0
2018-07-01,0.7311149330405483,0.2905596457374823,0.22675137902190418,1.942900145540056,-1.0
2018-07-02,0.7311149330405483,0.2905596457374823,0.22675137902190418,1.942900145540056,-1.0
2018-07-03,0.7311149330405483,0.2905596457374823,0.22675137902190418,1.942900145540056,-1.0
2018-07-04,0.7311149330405483,0.2905596457374823,0.22675137902190418,1.942900145540056,-1.0
2018-07-05,0.7311149330405483,0.2905596457374823,0.22675137902190418,1.942900145540056,-1.0
2018-07-06,0.7311149330405483,0.2905596457374823,0.22675137902190418,1.942900145540056,-1.0
2018-07-07,0.7311149330405483,0.2905596457374823,0.22675137902190418,1.942900145540056,-1.0
2018-07-08,0.7311149330405483,0.2905596457374823,0.22675137902190418,1.942900145540056,-1.0
2018-07-09,0.7311149330405483,0.2905596457374823,0.22675137902190418,1.942900145540056,-1.0
2018-07-10,0.7311149330405483,0.2905596457374823,0.22675137902190418,1.942900145540056,-1.0
2018-07-11,0.7311149330405483,0.2905596457374823,0.22675137902190418,1.942900145540056,-1.0
2018-07-12,0.7505064134621157,0.3474410602695368,0.2502251609986009,1.6108106458360216,-1.0
2018-07-13,0.7505064134621157,0.3474410602695368,0.2502251609986009,1.6108106458360216,-1.0
2018-07-14,0.7505064134621157,0.3474410602695368,0.2502251609986009,1.6108106458360216,-1.0
2018-07-15,0.7505064134621157,0.3474410602695368,0.2502251609986009,1.6108106458360216,-1.0
2018-07-16,0.7505064134621157,0.3474410602695368,0.2502251609986009,1.6108106458360216,-1.0
2018-07-17,0.7505064134621157,0.3474410602695368,0.2502251609986009,1.6108106458360216,-1.0
2018-07-18,0.7505064134621157,0.3474410602695368,0.2502251609986009,1.6108106458360216,-1.0
2018-07-19,0.7505064134621157,0.3474410602695368,0.2502251609986009,1.6108106458360216,-1.0
2018-07-20,0.7505064134621157,0.3474410602695368,0.2502251609986009,1.6108106458360216,-1.0
2018-07-21,0.7505064134621157,0.3474410602695368,0.2502251609986009,1.6108106458360216,-1.0
2018-07-22,0.7505064134621157,0.3474410602695368,0.2502251609986009,1.6108106458360216,-1.0
2018-07-23,0.7505064134621157,0.3474410602695368,0.2502251609986009,1.6108106458360216,-1.0
2018-07-24,0.7505064134621157,0.3474410602695368,0.2502251609986009,1.6108106458360216,-1.0
2018-07-25,0.7505064134621157,0.3474410602695368,0.2502251609986009,1.6108106458360216,-1.0
2018-07-26,0.7505064134621157,0.3474410602695368,0.2502251609986009,1.6108106458360216,-1.0
2018-07-27,0.7505064134621157,0.3474410602695368,0.2502251609986009,1.6108106458360216,-1.0
2018-07-28,0.7348853045881028,0.39634874561912947,0.2646385096535592,1.279241480811522,-1.0
2018-07-29,0.7348853045881028,0.39634874561912947,0.2646385096535592,1.279241480811522,-1.0
2018-07-30,0.7348853045881028,0.39634874561912947,0.2646385096535592,1.279241480811522,-1.0
2018-07-31,0.7348853045881028,0.39634874561912947,0.2646385096535592,1.279241480811522,-1.0
2018-08-01,0.7348853045881028,0.39634874561912947,0.2646385096535592,1.279241480811522,-1.0
2018-08-02,0.7348853045881028,0.39634874561912947,0.2646385096535592,1.279241480811522,-1.0
2018-08-03,0.7348853045881028,0.39634874561912947,0.2646385096535592,1.279241480811522,-1.0
2018-08-04,0.7348853045881028,0.39634874561912947,0.2646385096535592,1.279241480811522,-1.0
2018-08-05,0.7348853045881028,0.39634874561912947,0.2646385096535592,1.279241480811522,-1.0
2018-08-06,0.7348853045881028,0.39634874561912947,0.2646385096535592,1.279241480811522,-1.0
2018-08-07,0.7348853045881028,0.39634874561912947,0.2646385096535592,1.279241480811522,-1.0
2018-08-08,0.7348853045881028,0.39634874561912947,0.2646385096535592,1.279241480811522,-1.0
2018-08-09,0.7348853045881028,0.39634874561912947,0.2646385096535592,1.279241480811522,-1.0
2018-08-10,0.7348853045881028,0.39634874561912947,0.2646385096535592,1.279241480811522,-1.0
2018-08-11,0.7348853045881028,0.39634874561912947,0.2646385096535592,1.279241480811522,-1.0
2018-08-12,0.7348853045881028,0.39634874561912947,0.2646385096535592,1.279241480811522,-1.0
2018-08-13,0.6886548878549895,0.4466239889117025,0.2573928078680279,0.9403172565232774,0.0
2018-08-14,0.6886548878549895,0.4466239889117025,0.2573928078680279,0.9403172565232774,0.0
2018-08-15,0.6886548878549895,0.4466239889117025,0.2573928078680279,0.9403172565232774,0.0
2018-08-16,0.6886548878549895,0.4466239889117025,0.2573928078680279,0.9403172565232774,0.0
2018-08-17,0.6886548878549895,0.4466239889117025,0.2573928078680279,0.9403172565232774,0.0
2018-08-18,0.6886548878549895,0.4466239889117025,0.2573928078680279,0.9403172565232774,0.0
2018-08-19,0.6886548878549895,0.4466239889117025,0.2573928078680279,0.9403172565232774,0.0
2018-08-20,0.6886548878549895,0.4466239889117025,0.2573928078680279,0.9403172565232774,0.0
2018-08-21,0.6886548878549895,0.4466239889117025,0.2573928078680279,0.9403172565232774,0.0
2018-08-22,0.6886548878549895,0.4466239889117025,0.2573928078680279,0.9403172565232774,0.0
2018-08-23,0.6886548878549895,0.4466239889117025,0.2573928078680279,0.9403172565232774,0.0
2018-08-24,0.6886548878549895,0.4466239889117025,0.2573928078680279,0.9403172565232774,0.0
2018-08-25,0.6886548878549895,0.4466239889117025,0.2573928078680279,0.9403172565232774,0.0
2018-08-26,0.6886548878549895,0.4466239889117025,0.2573928078680279,0.9403172565232774,0.0
2018-08-27,0.6886548878549895,0.4466239889117025,0.2573928078680279,0.9403172565232774,0.0
2018-08-28,0.6886548878549895,0.4466239889117025,0.2573928078680279,0.9403172565232774,0.0
2018-08-29,0.6559727429623791,0.49045102874447855,0.24295877535664076,0.6812748951954096,0.0
2018-08-30,0.6559727429623791,0.49045102874447855,0.24295877535664076,0.6812748951954096,0.0
2018-08-31,0.6559727429623791,0.49045102874447855,0.24295877535664076,0.6812748951954096,0.0
2018-09-01,0.6559727429623791,0.49045102874447855,0.24295877535664076,0.6812748951954096,0.0
2018-09-02,0.6559727429623791,0.49045102874447855,0.24295877535664076,0.6812748951954096,0.0
2018-09-03,0.6559727429623791,0.49045102874447855,0.24295877535664076,0.6812748951954096,0.0
2018-09-04,0.6559727429623791,0.49045102874447855,0.24295877535664076,0.6812748951954096,0.0
2018-09-05,0.6559727429623791,0.49045102874447855,0.24295877535664076,0.6812748951954096,0.0
2018-09-06,0.6559727429623791,0.49045102874447855,0.24295877535664076,0.6812748951954096,0.0
2018-09-07,0.6559727429623791,0.49045102874447855,0.24295877535664076,0.6812748951954096,0.0
2018-09-08,0.6559727429623791,0.49045102874447855,0.24295877535664076,0.6812748951954096,0.0
2018-09-09,0.6559727429623791,0.49045102874447855,0.24295877535664076,0.6812748951954096,0.0
2018-09-10,0.6559727429623791,0.49045102874447855,0.24295877535664076,0.6812748951954096,0.0
2018-09-11,0.6559727429623791,0.49045102874447855,0.24295877535664076,0.6812748951954096,0.0
2018-09-12,0.6559727429623791,0.49045102874447855,0.24295877535664076,0.6812748951954096,0.0
2018-09-13,0.6559727429623791,0.49045102874447855,0.24295877535664076,0.6812748951954096,0.0
2018-09-14,0.5638242056612588,0.527089335684607,0.21414270171408326,0.17154388023785666,0.0
2018-09-15,0.5638242056612588,0.527089335684607,0.21414270171408326,0.17154388023785666,0.0
2018-09-16,0.5638242056612588,0.527089335684607,0.21414270171408326,0.17154388023785666,0.0
2018-09-17,0.5638242056612588,0.527089335684607,0.21414270171408326,0.17154388023785666,0.0
2018-09-18,0.5638242056612588,0.527089335684607,0.21414270171408326,0.17154388023785666,0.0
2018-09-19,0.5638242056612588,0.527089335684607,0.21414270171408326,0.17154388023785666,0.0
2018-09-20,0.5638242056612588,0.527089335684607,0.21414270171408326,0.17154388023785666,0.0
2018-09-21,0.5638242056612588,0.527089335684607,0.21414270171408326,0.17154388023785666,0.0
2018-09-22,0.5638242056612588,0.527089335684607,0.21414270171408326,0.17154388023785666,0.0
2018-09-23,0.5638242056612588,0.527089335684607,0.21414270171408326,0.17154388023785666,0.0
2018-09-24,0.5638242056612588,0.527089335684607,0.21414270171408326,0.17154388023785666,0.0
2018-09-25,0.5638242056612588,0.527089335684607,0.21414270171408326,0.17154388023785666,0.0
2018-09-26,0.5638242056612588,0.527089335684607,0.21414270171408326,0.17154388023785666,0.0
2018-09-27,0.5638242056612588,0.527089335684607,0.21414270171408326,0.17154388023785666,0.0
2018-09-28,0.5638242056612588,0.527089335684607,0.21414270171408326,0.17154388023785666,0.0
2018-09-29,0.5638242056612588,0.527089335684607,0.21414270171408326,0.17154388023785666,0.0
2018-09-30,0.4199421031883815,0.5504140453248965,0.18080054936069984,-0.7216346554136928,0.0
2018-10-01,0.4199421031883815,0.5504140453248965,0.18080054936069984,-0.7216346554136928,0.0
2018-10-02,0.4199421031883815,0.5504140453248965,0.18080054936069984,-0.7216346554136928,0.0
2018-10-03,0.4199421031883815,0.5504140453248965,0.18080054936069984,-0.7216346554136928,0.0
2018-10-04,0.4199421031883815,0.5504140453248965,0.18080054936069984,-0.7216346554136928,0.0
2018-10-05,0.4199421031883815,0.5504140453248965,0.18080054936069984,-0.7216346554136928,0.0
2018-10-06,0.4199421031883815,0.5504140453248965,0.18080054936069984,-0.7216346554136928,0.0
2018-10-07,0.4199421031883815,0.5504140453248965,0.18080054936069984,-0.7216346554136928,0.0
2018-10-08,0.4199421031883815,0.5504140453248965,0.18080054936069984,-0.7216346554136928,0.0
2018-10-09,0.4199421031883815,0.5504140453248965,0.18080054936069984,-0.7216346554136928,0.0
2018-10-10,0.4199421031883815,0.5504140453248965,0.18080054936069984,-0.7216346554136928,0.0
2018-10-11,0.4199421031883815,0.5504140453248965,0.18080054936069984,-0.7216346554136928,0.0
2018-10-12,0.4199421031883815,0.5504140453248965,0.18080054936069984,-0.7216346554136928,0.0
2018-10-13,0.4199421031883815,0.5504140453248965,0.18080054936069984,-0.7216346554136928,0.0
2018-10-14,0.4199421031883815,0.5504140453248965,0.18080054936069984,-0.7216346554136928,0.0
2018-10-15,0.4199421031883815,0.5504140453248965,0.18080054936069984,-0.7216346554136928,0.0
2018-10-16,0.41806804546918996,0.5686075824854473,0.15080157716136705,-0.9982623514286636,0.0
2018-10-17,0.41806804546918996,0.5686075824854473,0.15080157716136705,-0.9982623514286636,0.0
2018-10-18,0.41806804546918996,0.5686075824854473,0.15080157716136705,-0.9982623514286636,0.0
2018-10-19,0.41806804546918996,0.5686075824854473,0.15080157716136705,-0.9982623514286636,0.0
2018-10-20,0.41806804546918996,0.5686075824854473,0.15080157716136705,-0.9982623514286636,0.0
2018-10-21,0.41806804546918996,0.5686075824854473,0.15080157716136705,-0.9982623514286636,0.0
2018-10-22,0.41806804546918996,0.5686075824854473,0.15080157716136705,-0.9982623514286636,0.0
2018-10-23,0.41806804546918996,0.5686075824854473,0.15080157716136705,-0.9982623514286636,0.0
2018-10-24,0.41806804546918996,0.5686075824854473,0.15080157716136705,-0.9982623514286636,0.0
2018-10-25,0.41806804546918996,0.5686075824854473,0.15080157716136705,-0.9982623514286636,0.0
2018-10-26,0.41806804546918996,0.5686075824854473,0.15080157716136705,-0.9982623514286636,0.0
2018-10-27,0.41806804546918996,0.5686075824854473,0.15080157716136705,-0.9982623514286636,0.0
2018-10-28,0.41806804546918996,0.5686075824854473,0.15080157716136705,-0.9982623514286636,0.0
2018-10-29,0.41806804546918996,0.5686075824854473,0.15080157716136705,-0.9982623514286636,0.0
2018-10-30,0.41806804546918996,0.5686075824854473,0.15080157716136705,-0.9982623514286636,0.0
2018-10-31,0.41806804546918996,0.5686075824854473,0.15080157716136705,-0.9982623514286636,0.0
2018-11-01,0.2719106804078217,0.5652309909108401,0.15736969814279636,-1.863893201579768,1.0
2018-11-02,0.2719106804078217,0.5652309909108401,0.15736969814279636,-1.863893201579768,1.0
2018-11-03,0.2719106804078217,0.5652309909108401,0.15736969814279636,-1.863893201579768,1.0
2018-11-04,0.2719106804078217,0.5652309909108401,0.15736969814279636,-1.863893201579768,1.0
2018-11-05,0.2719106804078217,0.5652309909108401,0.15736969814279636,-1.863893201579768,1.0
2018-11-06,0.2719106804078217,0.5652309909108401,0.15736969814279636,-1.863893201579768,1.0
2018-11-07,0.2719106804078217,0.5652309909108401,0.15736969814279636,-1.863893201579768,1.0
2018-11-08,0.2719106804078217,0.5652309909108401,0.15736969814279636,-1.863893201579768,1.0
2018-11-09,0.2719106804078217,0.5652309909108401,0.15736969814279636,-1.863893201579768,1.0
2018-11-10,0.2719106804078217,0.5652309909108401,0.15736969814279636,-1.863893201579768,1.0
2018-11-11,0.2719106804078217,0.5652309909108401,0.15736969814279636,-1.863893201579768,1.0
2018-11-12,0.2719106804078217,0.5652309909108401,0.15736969814279636,-1.863893201579768,1.0
2018-11-13,0.2719106804078217,0.5652309909108401,0.15736969814279636,-1.863893201579768,1.0
2018-11-14,0.2719106804078217,0.5652309909108401,0.15736969814279636,-1.863893201579768,1.0
2018-11-15,0.2719106804078217,0.5652309909108401,0.15736969814279636,-1.863893201579768,1.0
2018-11-16,0.2719106804078217,0.5652309909108401,0.15736969814279636,-1.863893201579768,1.0
2018-11-17,0.19035119165979172,0.5467425890177833,0.18718868591520502,-1.903915269320465,1.0
2018-11-18,0.19035119165979172,0.5467425890177833,0.18718868591520502,-1.903915269320465,1.0
2018-11-19,0.19035119165979172,0.5467425890177833,0.18718868591520502,-1.903915269320465,1.0
2018-11-20,0.19035119165979172,0.5467425890177833,0.18718868591520502,-1.903915269320465,1.0
2018-11-21,0.19035119165979172,0.5467425890177833,0.18718868591520502,-1.903915269320465,1.0
2018-11-22,0.19035119165979172,0.5467425890177833,0.18718868591520502,-1.903915269320465,1.0
2018-11-23,0.19035119165979172,0.5467425890177833,0.18718868591520502,-1.903915269320465,1.0
2018-11-24,0.19035119165979172,0.5467425890177833,0.18718868591520502,-1.903915269320465,1.0
2018-11-25,0.19035119165979172,0.5467425890177833,0.18718868591520502,-1.903915269320465,1.0
2018-11-26,0.19035119165979172,0.5467425890177833,0.18718868591520502,-1.903915269320465,1.0
2018-11-27,0.19035119165979172,0.5467425890177833,0.18718868591520502,-1.903915269320465,1.0
2018-11-28,0.19035119165979172,0.5467425890177833,0.18718868591520502,-1.903915269320465,1.0
2018-11-29,0.19035119165979172,0.5467425890177833,0.18718868591520502,-1.903915269320465,1.0
2018-11-30,0.19035119165979172,0.5467425890177833,0.18718868591520502,-1.903915269320465,1.0
2018-12-01,0.19035119165979172,0.5467425890177833,0.18718868591520502,-1.903915269320465,1.0
2018-12-02,0.19035119165979172,0.5467425890177833,0.18718868591520502,-1.903915269320465,1.0
2018-12-03,0.18886452476785207,0.5197596851382982,0.2139697861854665,-1.5464574053629705,1.0
2018-12-04,0.18886452476785207,0.5197596851382982,0.2139697861854665,-1.5464574053629705,1.0
2018-12-05,0.18886452476785207,0.5197596851382982,0.2139697861854665,-1.5464574053629705,1.0
2018-12-06,0.18886452476785207,0.5197596851382982,0.2139697861854665,-1.5464574053629705,1.0
2018-12-07,0.18886452476785207,0.5197596851382982,0.2139697861854665,-1.5464574053629705,1.0
2018-12-08,0.18886452476785207,0.5197596851382982,0.2139697861854665,-1.5464574053629705,1.0
2018-12-09,0.18886452476785207,0.5197596851382982,0.2139697861854665,-1.5464574053629705,1.0
2018-12-10,0.18886452476785207,0.5197596851382982,0.2139697861854665,-1.5464574053629705,1.0
2018-12-11,0.18886452476785207,0.5197596851382982,0.2139697861854665,-1.5464574053629705,1.0
2018-12-12,0.18886452476785207,0.5197596851382982,0.2139697861854665,-1.5464574053629705,1.0
2018-12-13,0.18886452476785207,0.5197596851382982,0.2139697861854665,-1.5464574053629705,1.0
2018-12-14,0.18886452476785207,0.5197596851382982,0.2139697861854665,-1.5464574053629705,1.0
2018-12-15,0.18886452476785207,0.5197596851382982,0.2139697861854665,-1.5464574053629705,1.0
2018-12-16,0.18886452476785207,0.5197596851382982,0.2139697861854665,-1.5464574053629705,1.0
2018-12-17,0.18886452476785207,0.5197596851382982,0.2139697861854665,-1.5464574053629705,1.0
2018-12-18,0.18886452476785207,0.5197596851382982,0.2139697861854665,-1.5464574053629705,1.0
2018-12-19,0.1384235377701245,0.47937654756937964,0.23718012123449234,-1.4375277659216892,1.0
2018-12-20,0.1384235377701245,0.47937654756937964,0.23718012123449234,-1.4375277659216892,1.0
2018-12-21,0.1384235377701245,0.47937654756937964,0.23718012123449234,-1.4375277659216892,1.0
2018-12-22,0.1384235377701245,0.47937654756937964,0.23718012123449234,-1.4375277659216892,1.0
2018-12-23,0.1384235377701245,0.47937654756937964,0.23718012123449234,-1.4375277659216892,1.0
2018-12-24,0.1384235377701245,0.47937654756937964,0.23718012123449234,-1.4375277659216892,1.0
2018-12-25,0.1384235377701245,0.47937654756937964,0.23718012123449234,-1.4375277659216892,1.0
2018-12-26,0.1384235377701245,0.47937654756937964,0.23718012123449234,-1.4375277659216892,1.0
2018-12-27,0.1384235377701245,0.47937654756937964,0.23718012123449234,-1.4375277659216892,1.0
2018-12-28,0.1384235377701245,0.47937654756937964,0.23718012123449234,-1.4375277659216892,1.0
2018-12-29,0.1384235377701245,0.47937654756937964,0.23718012123449234,-1.4375277659216892,1.0
2018-12-30,0.1384235377701245,0.47937654756937964,0.23718012123449234,-1.4375277659216892,1.0
2018-12-31,0.1384235377701245,0.47937654756937964,0.23718012123449234,-1.4375277659216892,1.0
2019-01-01,0.14940990298140033,0.43090112839778394,0.24047413122102396,-1.170567594888866,1.0
2019-01-02,0.14940990298140033,0.43090112839778394,0.24047413122102396,-1.170567594888866,1.0
2019-01-03,0.14940990298140033,0.43090112839778394,0.24047413122102396,-1.170567594888866,1.0
2019-01-04,0.14940990298140033,0.43090112839778394,0.24047413122102396,-1.170567594888866,1.0
2019-01-05,0.14940990298140033,0.43090112839778394,0.24047413122102396,-1.170567594888866,1.0
2019-01-06,0.14940990298140033,0.43090112839778394,0.24047413122102396,-1.170567594888866,1.0
2019-01-07,0.14940990298140033,0.43090112839778394,0.24047413122102396,-1.170567594888866,1.0
2019-01-08,0.14940990298140033,0.43090112839778394,0.24047413122102396,-1.170567594888866,1.0
2019-01-09,0.14940990298140033,0.43090112839778394,0.24047413122102396,-1.170567594888866,1.0
2019-01-10,0.14940990298140033,0.43090112839778394,0.24047413122102396,-1.170567594888866,1.0
2019-01-11,0.14940990298140033,0.43090112839778394,0.24047413122102396,-1.170567594888866,1.0
2019-01-12,0.14940990298140033,0.43090112839778394,0.24047413122102396,-1.170567594888866,1.0
2019-01-13,0.14940990298140033,0.43090112839778394,0.24047413122102396,-1.170567594888866,1.0
2019-01-14,0.14940990298140033,0.43090112839778394,0.24047413122102396,-1.170567594888866,1.0
2019-01-15,0.14940990298140033,0.43090112839778394,0.24047413122102396,-1.170567594888866,1.0
2019-01-16,0.14940990298140033,0.43090112839778394,0.24047413122102396,-1.170567594888866,1.0
2019-01-17,0.036197233818483186,0.3713753634274813,0.24256764969478786,-1.3817923784591142,1.0
2019-01-18,0.036197233818483186,0.3713753634274813,0.24256764969478786,-1.3817923784591142,1.0
2019-01-19,0.036197233818483186,0.3713753634274813,0.24256764969478786,-1.3817923784591142,1.0
2019-01-20,0.036197233818483186,0.3713753634274813,0.24256764969478786,-1.3817923784591142,1.0
2019-01-21,0.036197233818483186,0.3713753634274813,0.24256764969478786,-1.3817923784591142,1.0
2019-01-22,0.036197233818483186,0.3713753634274813,0.24256764969478786,-1.3817923784591142,1.0
2019-01-23,0.036197233818483186,0.3713753634274813,0.24256764969478786,-1.3817923784591142,1.0
2019-01-24,0.036197233818483186,0.3713753634274813,0.24256764969478786,-1.3817923784591142,1.0
2019-01-25,0.036197233818483186,0.3713753634274813,0.24256764969478786,-1.3817923784591142,1.0
2019-01-26,0.036197233818483186,0.3713753634274813,0.24256764969478786,-1.3817923784591142,1.0
2019-01-27,0.036197233818483186,0.3713753634274813,0.24256764969478786,-1.3817923784591142,1.0
2019-01-28,0.036197233818483186,0.3713753634274813,0.24256764969478786,-1.3817923784591142,1.0
2019-01-29,0.036197233818483186,0.3713753634274813,0.24256764969478786,-1.3817923784591142,1.0
2019-01-30,0.036197233818483186,0.3713753634274813,0.24256764969478786,-1.3817923784591142,1.0
2019-01-31,0.036197233818483186,0.3713753634274813,0.24256764969478786,-1.3817923784591142,1.0
2019-02-01,0.036197233818483186,0.3713753634274813,0.24256764969478786,-1.3817923784591142,1.0
2019-02-02,0.054145319756842746,0.3146470313582096,0.2290509849625235,-1.137308846953831,1.0
2019-02-03,0.054145319756842746,0.3146470313582096,0.2290509849625235,-1.137308846953831,1.0
2019-02-04,0.054145319756842746,0.3146470313582096,0.2290509849625235,-1.137308846953831,1.0
2019-02-05,0.054145319756842746,0.3146470313582096,0.2290509849625235,-1.137308846953831,1.0
2019-02-06,0.054145319756842746,0.3146470313582096,0.2290509849625235,-1.137308846953831,1.0
2019-02-07,0.054145319756842746,0.3146470313582096,0.2290509849625235,-1.137308846953831,1.0
2019-02-08,0.054145319756842746,0.3146470313582096,0.2290509849625235,-1.137308846953831,1.0
2019-02-09,0.054145319756842746,0.3146470313582096,0.2290509849625235,-1.137308846953831,1.0
2019-02-10,0.054145319756842746,0.3146470313582096,0.2290509849625235,-1.137308846953831,1.0
2019-02-11,0.054145319756842746,0.3146470313582096,0.2290509849625235,-1.137308846953831,1.0
2019-02-12,0.054145319756842746,0.3146470313582096,0.2290509849625235,-1.137308846953831,1.0
2019-02-13,0.054145319756842746,0.3146470313582096,0.2290509849625235,-1.137308846953831,1.0
2019-02-14,0.054145319756842746,0.3146470313582096,0.2290509849625235,-1.137308846953831,1.0
2019-02-15,0.054145319756842746,0.3146470313582096,0.2290509849625235,-1.137308846953831,1.0
2019-02-16,0.054145319756842746,0.3146470313582096,0.2290509849625235,-1.137308846953831,1.0
2019-02-17,0.054145319756842746,0.3146470313582096,0.2290509849625235,-1.137308846953831,1.0
2019-02-18,0.054700712753728835,0.2618175167664379,0.20699288774035488,-1.0005986499039021,1.0
2019-02-19,0.054700712753728835,0.2618175167664379,0.20699288774035488,-1.0005986499039021,1.0
2019-02-20,0.054700712753728835,0.2618175167664379,0.20699288774035488,-1.0005986499039021,1.0
2019-02-21,0.054700712753728835,0.2618175167664379,0.20699288774035488,-1.0005986499039021,1.0
2019-02-22,0.054700712753728835,0.2618175167664379,0.20699288774035488,-1.0005986499039021,1.0
2019-02-23,0.054700712753728835,0.2618175167664379,0.20699288774035488,-1.0005986499039021,1.0
2019-02-24,0.054700712753728835,0.2618175167664379,0.20699288774035488,-1.0005986499039021,1.0
2019-02-25,0.054700712753728835,0.2618175167664379,0.20699288774035488,-1.0005986499039021,1.0
2019-02-26,0.054700712753728835,0.2618175167664379,0.20699288774035488,-1.0005986499039021,1.0
2019-02-27,0.054700712753728835,0.2618175167664379,0.20699288774035488,-1.0005986499039021,1.0
2019-02-28,0.054700712753728835,0.2618175167664379,0.20699288774035488,-1.0005986499039021,1.0
2019-03-01,0.054700712753728835,0.2618175167664379,0.20699288774035488,-1.0005986499039021,1.0
2019-03-02,0.054700712753728835,0.2618175167664379,0.20699288774035488,-1.0005986499039021,1.0
2019-03-03,0.054700712753728835,0.2618175167664379,0.20699288774035488,-1.0005986499039021,1.0
2019-03-04,0.054700712753728835,0.2618175167664379,0.20699288774035488,-1.0005986499039021,1.0
2019-03-05,0.054700712753728835,0.2618175167664379,0.20699288774035488,-1.0005986499039021,1.0
2019-03-06,0.09005963219454118,0.21465809086911805,0.17023003219960495,-0.7319416971529307,0.0
2019-03-07,0.09005963219454118,0.21465809086911805,0.17023003219960495,-0.7319416971529307,0.0
2019-03-08,0.09005963219454118,0.21465809086911805,0.17023003219960495,-0.7319416971529307,0.0
2019-03-09,0.09005963219454118,0.21465809086911805,0.17023003219960495,-0.7319416971529307,0.0
2019-03-10,0.09005963219454118,0.21465809086911805,0.17023003219960495,-0.7319416971529307,0.0
2019-03-11,0.09005963219454118,0.21465809086911805,0.17023003219960495,-0.7319416971529307,0.0
2019-03-12,0.09005963219454118,0.21465809086911805,0.17023003219960495,-0.7319416971529307,0.0
2019-03-13,0.09005963219454118,0.21465809086911805,0.17023003219960495,-0.7319416971529307,0.0
2019-03-14,0.09005963219454118,0.21465809086911805,0.17023003219960495,-0.7319416971529307,0.0
2019-03-15,0.09005963219454118,0.21465809086911805,0.17023003219960495,-0.7319416971529307,0.0
2019-03-16,0.09005963219454118,0.21465809086911805,0.17023003219960495,-0.7319416971529307,0.0
2019-03-17,0.09005963219454118,0.21465809086911805,0.17023003219960495,-0.7319416971529307,0.0
2019-03-18,0.09005963219454118,0.21465809086911805,0.17023003219960495,-0.7319416971529307,0.0
2019-03-19,0.09005963219454118,0.21465809086911805,0.17023003219960495,-0.7319416971529307,0.0
2019-03-20,0.09005963219454118,0.21465809086911805,0.17023003219960495,-0.7319416971529307,0.0
2019-03-21,0.09005963219454118,0.21465809086911805,0.17023003219960495,-0.7319416971529307,0.0
2019-03-22,0.17176376497150334,0.1819863874783051,0.1299911072256129,-0.0786409372531872,0.0
2019-03-23,0.17176376497150334,0.1819863874783051,0.1299911072256129,-0.0786409372531872,0.0
2019-03-24,0.17176376497150334,0.1819863874783051,0.1299911072256129,-0.0786409372531872,0.0
2019-03-25,0.17176376497150334,0.1819863874783051,0.1299911072256129,-0.0786409372531872,0.0
2019-03-26,0.17176376497150334,0.1819863874783051,0.1299911072256129,-0.0786409372531872,0.0
2019-03-27,0.17176376497150334,0.1819863874783051,0.1299911072256129,-0.0786409372531872,0.0
2019-03-28,0.17176376497150334,0.1819863874783051,0.1299911072256129,-0.0786409372531872,0.0
2019-03-29,0.17176376497150334,0.1819863874783051,0.1299911072256129,-0.0786409372531872,0.0
2019-03-30,0.17176376497150334,0.1819863874783051,0.1299911072256129,-0.0786409372531872,0.0
2019-03-31,0.17176376497150334,0.1819863874783051,0.1299911072256129,-0.0786409372531872,0.0
2019-04-01,0.17176376497150334,0.1819863874783051,0.1299911072256129,-0.0786409372531872,0.0
2019-04-02,0.17176376497150334,0.1819863874783051,0.1299911072256129,-0.0786409372531872,0.0
2019-04-03,0.17176376497150334,0.1819863874783051,0.1299911072256129,-0.0786409372531872,0.0
2019-04-04,0.17176376497150334,0.1819863874783051,0.1299911072256129,-0.0786409372531872,0.0
2019-04-05,0.17176376497150334,0.1819863874783051,0.1299911072256129,-0.0786409372531872,0.0
2019-04-06,0.17176376497150334,0.1819863874783051,0.1299911072256129,-0.0786409372531872,0.0
2019-04-07,0.2783997347237664,0.17019119010625383,0.11155009402652001,0.9700444052677084,0.0
2019-04-08,0.2783997347237664,0.17019119010625383,0.11155009402652001,0.9700444052677084,0.0
2019-04-09,0.2783997347237664,0.17019119010625383,0.11155009402652001,0.9700444052677084,0.0
2019-04-10,0.2783997347237664,0.17019119010625383,0.11155009402652001,0.9700444052677084,0.0
2019-04-11,0.2783997347237664,0.17019119010625383,0.11155009402652001,0.9700444052677084,0.0
2019-04-12,0.2783997347237664,0.17019119010625383,0.11155009402652001,0.9700444052677084,0.0
2019-04-13,0.2783997347237664,0.17019119010625383,0.11155009402652001,0.9700444052677084,0.0
2019-04-14,0.2783997347237664,0.17019119010625383,0.11155009402652001,0.9700444052677084,0.0
2019-04-15,0.2783997347237664,0.17019119010625383,0.11155009402652001,0.9700444052677084,0.0
2019-04-16,0.2783997347237664,0.17019119010625383,0.11155009402652001,0.9700444052677084,0.0
2019-04-17,0.2783997347237664,0.17019119010625383,0.11155009402652001,0.9700444052677084,0.0
2019-04-18,0.2783997347237664,0.17019119010625383,0.11155009402652001,0.9700444052677084,0.0
2019-04-19,0.2783997347237664,0.17019119010625383,0.11155009402652001,0.9700444052677084,0.0
2019-04-20,0.2783997347237664,0.17019119010625383,0.11155009402652001,0.9700444052677084,0.0
2019-04-21,0.2783997347237664,0.17019119010625383,0.11155009402652001,0.9700444052677084,0.0
2019-04-22,0.2783997347237664,0.17019119010625383,0.11155009402652001,0.9700444052677084,0.0
2019-04-23,0.34876697729243245,0.16441610109152405,0.09859181911367913,1.8698394842309043,-1.0
2019-04-24,0.34876697729243245,0.16441610109152405,0.09859181911367913,1.8698394842309043,-1.0
2019-04-25,0.34876697729243245,0.16441610109152405,0.09859181911367913,1.8698394842309043,-1.0
2019-04-26,0.34876697729243245,0.16441610109152405,0.09859181911367913,1.8698394842309043,-1.0
2019-04-27,0.34876697729243245,0.16441610109152405,0.09859181911367913,1.8698394842309043,-1.0
2019-04-28,0.34876697729243245,0.16441610109152405,0.09859181911367913,1.8698394842309043,-1.0
2019-04-29,0.34876697729243245,0.16441610109152405,0.09859181911367913,1.8698394842309043,-1.0
2019-04-30,0.34876697729243245,0.16441610109152405,0.09859181911367913,1.8698394842309043,-1.0
2019-05-01,0.34876697729243245,0.16441610109152405,0.09859181911367913,1.8698394842309043,-1.0
2019-05-02,0.34876697729243245,0.16441610109152405,0.09859181911367913,1.8698394842309043,-1.0
2019-05-03,0.34876697729243245,0.16441610109152405,0.09859181911367913,1.8698394842309043,-1.0
2019-05-04,0.34876697729243245,0.16441610109152405,0.09859181911367913,1.8698394842309043,-1.0
2019-05-05,0.34876697729243245,0.16441610109152405,0.09859181911367913,1.8698394842309043,-1.0
2019-05-06,0.34876697729243245,0.16441610109152405,0.09859181911367913,1.8698394842309043,-1.0
2019-05-07,0.34876697729243245,0.16441610109152405,0.09859181911367913,1.8698394842309043,-1.0
2019-05-08,0.34876697729243245,0.16441610109152405,0.09859181911367913,1.8698394842309043,-1.0
2019-05-09,0.40621892479945876,0.17560845479082712,0.11767988564992278,1.9596421999818876,-1.0
2019-05-10,0.40621892479945876,0.17560845479082712,0.11767988564992278,1.9596421999818876,-1.0
2019-05-11,0.40621892479945876,0.17560845479082712,0.11767988564992278,1.9596421999818876,-1.0
2019-05-12,0.40621892479945876,0.17560845479082712,0.11767988564992278,1.9596421999818876,-1.0
2019-05-13,0.40621892479945876,0.17560845479082712,0.11767988564992278,1.9596421999818876,-1.0
2019-05-14,0.40621892479945876,0.17560845479082712,0.11767988564992278,1.9596421999818876,-1.0
2019-05-15,0.40621892479945876,0.17560845479082712,0.11767988564992278,1.9596421999818876,-1.0
2019-05-16,0.40621892479945876,0.17560845479082712,0.11767988564992278,1.9596421999818876,-1.0
2019-05-17,0.40621892479945876,0.17560845479082712,0.11767988564992278,1.9596421999818876,-1.0
2019-05-18,0.40621892479945876,0.17560845479082712,0.11767988564992278,1.9596421999818876,-1.0
2019-05-19,0.40621892479945876,0.17560845479082712,0.11767988564992278,1.9596421999818876,-1.0
2019-05-20,0.40621892479945876,0.17560845479082712,0.11767988564992278,1.9596421999818876,-1.0
2019-05-21,0.40621892479945876,0.17560845479082712,0.11767988564992278,1.9596421999818876,-1.0
2019-05-22,0.40621892479945876,0.17560845479082712,0.11767988564992278,1.9596421999818876,-1.0
2019-05-23,0.40621892479945876,0.17560845479082712,0.11767988564992278,1.9596421999818876,-1.0
2019-05-24,0.40621892479945876,0.17560845479082712,0.11767988564992278,1.9596421999818876,-1.0
2019-05-25,0.49875429556602746,0.20130871344968013,0.15033718373004926,1.9785230422464948,-1.0
2019-05-26,0.49875429556602746,0.20130871344968013,0.15033718373004926,1.9785230422464948,-1.0
2019-05-27,0.49875429556602746,0.20130871344968013,0.15033718373004926,1.9785230422464948,-1.0
2019-05-28,0.49875429556602746,0.20130871344968013,0.15033718373004926,1.9785230422464948,-1.0
2019-05-29,0.49875429556602746,0.20130871344968013,0.15033718373004926,1.9785230422464948,-1.0
2019-05-30,0.49875429556602746,0.20130871344968013,0.15033718373004926,1.9785230422464948,-1.0
2019-05-31,0.49875429556602746,0.20130871344968013,0.15033718373004926,1.9785230422464948,-1.0
2019-06-01,0.49875429556602746,0.20130871344968013,0.15033718373004926,1.9785230422464948,-1.0
2019-06-02,0.49875429556602746,0.20130871344968013,0.15033718373004926,1.9785230422464948,-1.0
2019-06-03,0.49875429556602746,0.20130871344968013,0.15033718373004926,1.9785230422464948,-1.0
2019-06-04,0.49875429556602746,0.20130871344968013,0.15033718373004926,1.9785230422464948,-1.0
2019-06-05,0.49875429556602746,0.20130871344968013,0.15033718373004926,1.9785230422464948,-1.0
2019-06-06,0.49875429556602746,0.20130871344968013,0.15033718373004926,1.9785230422464948,-1.0
2019-06-07,0.49875429556602746,0.20130871344968013,0.15033718373004926,1.9785230422464948,-1.0
2019-06-08,0.49875429556602746,0.20130871344968013,0.15033718373004926,1.9785230422464948,-1.0
2019-06-09,0.49875429556602746,0.20130871344968013,0.15033718373004926,1.9785230422464948,-1.0
2019-06-10,0.5484133927945224,0.23127111911856932,0.1804458640751848,1.7575480341506313,-1.0
2019-06-11,0.5484133927945224,0.23127111911856932,0.1804458640751848,1.7575480341506313,-1.0
2019-06-12,0.5484133927945224,0.23127111911856932,0.1804458640751848,1.7575480341506313,-1.0
2019-06-13,0.5484133927945224,0.23127111911856932,0.1804458640751848,1.7575480341506313,-1.0
2019-06-14,0.5484133927945224,0.23127111911856932,0.1804458640751848,1.7575480341506313,-1.0
2019-06-15,0.5484133927945224,0.23127111911856932,0.1804458640751848,1.7575480341506313,-1.0
2019-06-16,0.5484133927945224,0.23127111911856932,0.1804458640751848,1.7575480341506313,-1.0
2019-06-17,0.5484133927945224,0.23127111911856932,0.1804458640751848,1.7575480341506313,-1.0
2019-06-18,0.5484133927945224,0.23127111911856932,0.1804458640751848,1.7575480341506313,-1.0
2019-06-19,0.5484133927945224,0.23127111911856932,0.1804458640751848,1.7575480341506313,-1.0
2019-06-20,0.5484133927945224,0.23127111911856932,0.1804458640751848,1.7575480341506313,-1.0
2019-06-21,0.5484133927945224,0.23127111911856932,0.1804458640751848,1.7575480341506313,-1.0
2019-06-22,0.5484133927945224,0.23127111911856932,0.1804458640751848,1.7575480341506313,-1.0
2019-06-23,0.5484133927945224,0.23127111911856932,0.1804458640751848,1.7575480341506313,-1.0
2019-06-24,0.5484133927945224,0.23127111911856932,0.1804458640751848,1.7575480341506313,-1.0
2019-06-25,0.5484133927945224,0.23127111911856932,0.1804458640751848,1.7575480341506313,-1.0
2019-06-26,0.6466309043492365,0.27362173300016196,0.2133175167233275,1.7486101332825232,-1.0
2019-06-27,0.6466309043492365,0.27362173300016196,0.2133175167233275,1.7486101332825232,-1.0
2019-06-28,0.6466309043492365,0.27362173300016196,0.2133175167233275,1.7486101332825232,-1.0
2019-06-29,0.6466309043492365,0.27362173300016196,0.2133175167233275,1.7486101332825232,-1.0
2019-06-30,0.6466309043492365,0.27362173300016196,0.2133175167233275,1.7486101332825232,-1.0
2019-07-01,0.6466309043492365,0.27362173300016196,0.2133175167233275,1.7486101332825232,-1.0
2019-07-02,0.6466309043492365,0.27362173300016196,0.2133175167233275,1.7486101332825232,-1.0
2019-07-03,0.6466309043492365,0.27362173300016196,0.2133175167233275,1.7486101332825232,-1.0
2019-07-04,0.6466309043492365,0.27362173300016196,0.2133175167233275,1.7486101332825232,-1.0
2019-07-05,0.6466309043492365,0.27362173300016196,0.2133175167233275,1.7486101332825232,-1.0
2019-07-06,0.6466309043492365,0.27362173300016196,0.2133175167233275,1.7486101332825232,-1.0
2019-07-07,0.6466309043492365,0.27362173300016196,0.2133175167233275,1.7486101332825232,-1.0
2019-07-08,0.6466309043492365,0.27362173300016196,0.2133175167233275,1.7486101332825232,-1.0
2019-07-09,0.6466309043492365,0.27362173300016196,0.2133175167233275,1.7486101332825232,-1.0
2019-07-10,0.6466309043492365,0.27362173300016196,0.2133175167233275,1.7486101332825232,-1.0
2019-07-11,0.6466309043492365,0.27362173300016196,0.2133175167233275,1.7486101332825232,-1.0
2019-07-12,0.7071921620218472,0.32010358792019916,0.24255758013957474,1.5958626148847046,-1.0
2019-07-13,0.7071921620218472,0.32010358792019916,0.24255758013957474,1.5958626148847046,-1.0
2019-07-14,0.7071921620218472,0.32010358792019916,0.24255758013957474,1.5958626148847046,-1.0
2019-07-15,0.7071921620218472,0.32010358792019916,0.24255758013957474,1.5958626148847046,-1.0
2019-07-16,0.7071921620218472,0.32010358792019916,0.24255758013957474,1.5958626148847046,-1.0
2019-07-17,0.7071921620218472,0.32010358792019916,0.24255758013957474,1.5958626148847046,-1.0
2019-07-18,0.7071921620218472,0.32010358792019916,0.24255758013957474,1.5958626148847046,-1.0
2019-07-19,0.7071921620218472,0.32010358792019916,0.24255758013957474,1.5958626148847046,-1.0
2019-07-20,0.7071921620218472,0.32010358792019916,0.24255758013957474,1.5958626148847046,-1.0
2019-07-21,0.7071921620218472,0.32010358792019916,0.24255758013957474,1.5958626148847046,-1.0
2019-07-22,0.7071921620218472,0.32010358792019916,0.24255758013957474,1.5958626148847046,-1.0
2019-07-23,0.7071921620218472,0.32010358792019916,0.24255758013957474,1.5958626148847046,-1.0
2019-07-24,0.7071921620218472,0.32010358792019916,0.24255758013957474,1.5958626148847046,-1.0
2019-07-25,0.7071921620218472,0.32010358792019916,0.24255758013957474,1.5958626148847046,-1.0
2019-07-26,0.7071921620218472,0.32010358792019916,0.24255758013957474,1.5958626148847046,-1.0
2019-07-27,0.7071921620218472,0.32010358792019916,0.24255758013957474,1.5958626148847046,-1.0
2019-07-28,0.7280568992193296,0.3777585600369364,0.25101791191033007,1.3955113263292882,-1.0
2019-07-29,0.7280568992193296,0.3777585600369364,0.25101791191033007,1.3955113263292882,-1.0
2019-07-30,0.7280568992193296,0.3777585600369364,0.25101791191033007,1.3955113263292882,-1.0
2019-07-31,0.7280568992193296,0.3777585600369364,0.25101791191033007,1.3955113263292882,-1.0
2019-08-01,0.7280568992193296,0.3777585600369364,0.25101791191033007,1.3955113263292882,-1.0
2019-08-02,0.7280568992193296,0.3777585600369364,0.25101791191033007,1.3955113263292882,-1.0
2019-08-03,0.7280568992193296,0.3777585600369364,0.25101791191033007,1.3955113263292882,-1.0
2019-08-04,0.7280568992193296,0.3777585600369364,0.25101791191033007,1.3955113263292882,-1.0
2019-08-05,0.7280568992193296,0.3777585600369364,0.25101791191033007,1.3955113263292882,-1.0
2019-08-06,0.7280568992193296,0.3777585600369364,0.25101791191033007,1.3955113263292882,-1.0
2019-08-07,0.7280568992193296,0.3777585600369364,0.25101791191033007,1.3955113263292882,-1.0
2019-08-08,0.7280568992193296,0.3777585600369364,0.25101791191033007,1.3955113263292882,-1.0
2019-08-09,0.7280568992193296,0.3777585600369364,0.25101791191033007,1.3955113263292882,-1.0
2019-08-10,0.7280568992193296,0.3777585600369364,0.25101791191033007,1.3955113263292882,-1.0
2019-08-11,0.7280568992193296,0.3777585600369364,0.25101791191033007,1.3955113263292882,-1.0
2019-08-12,0.7280568992193296,0.3777585600369364,0.25101791191033007,1.3955113263292882,-1.0
2019-08-13,0.7157358253769783,0.43289110217194765,0.24608532320628715,1.1493766451399827,-1.0
2019-08-14,0.7157358253769783,0.43289110217194765,0.24608532320628715,1.1493766451399827,-1.0
2019-08-15,0.7157358253769783,0.43289110217194765,0.24608532320628715,1.1493766451399827,-1.0
2019-08-16,0.7157358253769783,0.43289110217194765,0.24608532320628715,1.1493766451399827,-1.0
2019-08-17,0.7157358253769783,0.43289110217194765,0.24608532320628715,1.1493766451399827,-1.0
2019-08-18,0.7157358253769783,0.43289110217194765,0.24608532320628715,1.1493766451399827,-1.0
2019-08-19,0.7157358253769783,0.43289110217194765,0.24608532320628715,1.1493766451399827,-1.0
2019-08-20,0.7157358253769783,0.43289110217194765,0.24608532320628715,1.1493766451399827,-1.0
2019-08-21,0.7157358253769783,0.43289110217194765,0.24608532320628715,1.1493766451399827,-1.0
2019-08-22,0.7157358253769783,0.43289110217194765,0.24608532320628715,1.1493766451399827,-1.0
2019-08-23,0.7157358253769783,0.43289110217194765,0.24608532320628715,1.1493766451399827,-1.0
2019-08-24,0.7157358253769783,0.43289110217194765,0.24608532320628715,1.1493766451399827,-1.0
2019-08-25,0.7157358253769783,0.43289110217194765,0.24608532320628715,1.1493766451399827,-1.0
2019-08-26,0.7157358253769783,0.43289110217194765,0.24608532320628715,1.1493766451399827,-1.0
2019-08-27,0.7157358253769783,0.43289110217194765,0.24608532320628715,1.1493766451399827,-1.0
2019-08-28,0.7157358253769783,0.43289110217194765,0.24608532320628715,1.1493766451399827,-1.0
2019-08-29,0.6861269777191973,0.48550995758573673,0.2244211462950371,0.8939310018037149,0.0
2019-08-30,0.6861269777191973,0.48550995758573673,0.2244211462950371,0.8939310018037149,0.0
2019-08-31,0.6861269777191973,0.48550995758573673,0.2244211462950371,0.8939310018037149,0.0
2019-09-01,0.6861269777191973,0.48550995758573673,0.2244211462950371,0.8939310018037149,0.0
2019-09-02,0.6861269777191973,0.48550995758573673,0.2244211462950371,0.8939310018037149,0.0
2019-09-03,0.6861269777191973,0.48550995758573673,0.2244211462950371,0.8939310018037149,0.0
2019-09-04,0.6861269777191973,0.48550995758573673,0.2244211462950371,0.8939310018037149,0.0
2019-09-05,0.6861269777191973,0.48550995758573673,0.2244211462950371,0.8939310018037149,0.0
2019-09-06,0.6861269777191973,0.48550995758573673,0.2244211462950371,0.8939310018037149,0.0
2019-09-07,0.6861269777191973,0.48550995758573673,0.2244211462950371,0.8939310018037149,0.0
2019-09-08,0.6861269777191973,0.48550995758573673,0.2244211462950371,0.8939310018037149,0.0
2019-09-09,0.6861269777191973,0.48550995758573673,0.2244211462950371,0.8939310018037149,0.0
2019-09-10,0.6861269777191973,0.48550995758573673,0.2244211462950371,0.8939310018037149,0.0
2019-09-11,0.6861269777191973,0.48550995758573673,0.2244211462950371,0.8939310018037149,0.0
2019-09-12,0.6861269777191973,0.48550995758573673,0.2244211462950371,0.8939310018037149,0.0
2019-09-13,0.6861269777191973,0.48550995758573673,0.2244211462950371,0.8939310018037149,0.0
2019-09-14,0.6346183685201329,0.530889852279536,0.18953380609909382,0.5472823997760303,0.0
2019-09-15,0.6346183685201329,0.530889852279536,0.18953380609909382,0.5472823997760303,0.0
2019-09-16,0.6346183685201329,0.530889852279536,0.18953380609909382,0.5472823997760303,0.0
2019-09-17,0.6346183685201329,0.530889852279536,0.18953380609909382,0.5472823997760303,0.0
2019-09-18,0.6346183685201329,0.530889852279536,0.18953380609909382,0.5472823997760303,0.0
2019-09-19,0.6346183685201329,0.530889852279536,0.18953380609909382,0.5472823997760303,0.0
2019-09-20,0.6346183685201329,0.530889852279536,0.18953380609909382,0.5472823997760303,0.0
2019-09-21,0.6346183685201329,0.530889852279536,0.18953380609909382,0.5472823997760303,0.0
2019-09-22,0.6346183685201329,0.530889852279536,0.18953380609909382,0.5472823997760303,0.0
2019-09-23,0.6346183685201329,0.530889852279536,0.18953380609909382,0.5472823997760303,0.0
2019-09-24,0.6346183685201329,0.530889852279536,0.18953380609909382,0.5472823997760303,0.0
2019-09-25,0.6346183685201329,0.530889852279536,0.18953380609909382,0.5472823997760303,0.0
2019-09-26,0.6346183685201329,0.530889852279536,0.18953380609909382,0.5472823997760303,0.0
2019-09-27,0.6346183685201329,0.530889852279536,0.18953380609909382,0.5472823997760303,0.0
2019-09-28,0.6346183685201329,0.530889852279536,0.18953380609909382,0.5472823997760303,0.0
2019-09-29,0.6346183685201329,0.530889852279536,0.18953380609909382,0.5472823997760303,0.0
2019-09-30,0.5362575361346545,0.5612643332097986,0.1522974531339293,-0.16419707986287388,0.0
2019-10-01,0.5362575361346545,0.5612643332097986,0.1522974531339293,-0.16419707986287388,0.0
2019-10-02,0.5362575361346545,0.5612643332097986,0.1522974531339293,-0.16419707986287388,0.0
2019-10-03,0.5362575361346545,0.5612643332097986,0.1522974531339293,-0.16419707986287388,0.0
2019-10-04,0.5362575361346545,0.5612643332097986,0.1522974531339293,-0.16419707986287388,0.0
2019-10-05,0.5362575361346545,0.5612643332097986,0.1522974531339293,-0.16419707986287388,0.0
2019-10-06,0.5362575361346545,0.5612643332097986,0.1522974531339293,-0.16419707986287388,0.0
2019-10-07,0.5362575361346545,0.5612643332097986,0.1522974531339293,-0.16419707986287388,0.0
2019-10-08,0.5362575361346545,0.5612643332097986,0.1522974531339293,-0.16419707986287388,0.0
2019-10-09,0.5362575361346545,0.5612643332097986,0.1522974531339293,-0.16419707986287388,0.0
2019-10-10,0.5362575361346545,0.5612643332097986,0.1522974531339293,-0.16419707986287388,0.0
2019-10-11,0.5362575361346545,0.5612643332097986,0.1522974531339293,-0.16419707986287388,0.0
2019-10-12,0.5362575361346545,0.5612643332097986,0.1522974531339293,-0.16419707986287388,0.0
2019-10-13,0.5362575361346545,0.5612643332097986,0.1522974531339293,-0.16419707986287388,0.0
2019-10-14,0.5362575361346545,0.5612643332097986,0.1522974531339293,-0.16419707986287388,0.0
2019-10-15,0.5362575361346545,0.5612643332097986,0.1522974531339293,-0.16419707986287388,0.0
2019-10-16,0.4396709513197224,0.5747036012594616,0.13064346307139935,-1.0335966818786877,1.0
2019-10-17,0.4396709513197224,0.5747036012594616,0.13064346307139935,-1.0335966818786877,1.0
2019-10-18,0.4396709513197224,0.5747036012594616,0.13064346307139935,-1.0335966818786877,1.0
2019-10-19,0.4396709513197224,0.5747036012594616,0.13064346307139935,-1.0335966818786877,1.0
2019-10-20,0.4396709513197224,0.5747036012594616,0.13064346307139935,-1.0335966818786877,1.0
2019-10-21,0.4396709513197224,0.5747036012594616,0.13064346307139935,-1.0335966818786877,1.0
2019-10-22,0.4396709513197224,0.5747036012594616,0.13064346307139935,-1.0335966818786877,1.0
2019-10-23,0.4396709513197224,0.5747036012594616,0.13064346307139935,-1.0335966818786877,1.0
2019-10-24,0.4396709513197224,0.5747036012594616,0.13064346307139935,-1.0335966818786877,1.0
2019-10-25,0.4396709513197224,0.5747036012594616,0.13064346307139935,-1.0335966818786877,1.0
2019-10-26,0.4396709513197224,0.5747036012594616,0.13064346307139935,-1.0335966818786877,1.0
2019-10-27,0.4396709513197224,0.5747036012594616,0.13064346307139935,-1.0335966818786877,1.0
2019-10-28,0.4396709513197224,0.5747036012594616,0.13064346307139935,-1.0335966818786877,1.0
2019-10-29,0.4396709513197224,0.5747036012594616,0.13064346307139935,-1.0335966818786877,1.0
2019-10-30,0.4396709513197224,0.5747036012594616,0.13064346307139935,-1.0335966818786877,1.0
2019-10-31,0.4396709513197224,0.5747036012594616,0.13064346307139935,-1.0335966818786877,1.0
2019-11-01,0.2967427626412916,0.5703682500385333,0.13939289971136223,-1.9629800941355828,1.0
2019-11-02,0.2967427626412916,0.5703682500385333,0.13939289971136223,-1.9629800941355828,1.0
2019-11-03,0.2967427626412916,0.5703682500385333,0.13939289971136223,-1.9629800941355828,1.0
2019-11-04,0.2967427626412916,0.5703682500385333,0.13939289971136223,-1.9629800941355828,1.0
2019-11-05,0.2967427626412916,0.5703682500385333,0.13939289971136223,-1.9629800941355828,1.0
2019-11-06,0.2967427626412916,0.5703682500385333,0.13939289971136223,-1.9629800941355828,1.0
2019-11-07,0.2967427626412916,0.5703682500385333,0.13939289971136223,-1.9629800941355828,1.0
2019-11-08,0.2967427626412916,0.5703682500385333,0.13939289971136223,-1.9629800941355828,1.0
2019-11-09,0.2967427626412916,0.5703682500385333,0.13939289971136223,-1.9629800941355828,1.0
2019-11-10,0.2967427626412916,0.5703682500385333,0.13939289971136223,-1.9629800941355828,1.0
2019-11-11,0.2967427626412916,0.5703682500385333,0.13939289971136223,-1.9629800941355828,1.0
2019-11-12,0.2967427626412916,0.5703682500385333,0.13939289971136223,-1.9629800941355828,1.0
2019-11-13,0.2967427626412916,0.5703682500385333,0.13939289971136223,-1.9629800941355828,1.0
2019-11-14,0.2967427626412916,0.5703682500385333,0.13939289971136223,-1.9629800941355828,1.0
2019-11-15,0.2967427626412916,0.5703682500385333,0.13939289971136223,-1.9629800941355828,1.0
2019-11-16,0.2967427626412916,0.5703682500385333,0.13939289971136223,-1.9629800941355828,1.0
2019-11-17,0.27026858867284076,0.559039055361315,0.15820262707286292,-1.8253202998675624,1.0
2019-11-18,0.27026858867284076,0.559039055361315,0.15820262707286292,-1.8253202998675624,1.0
2019-11-19,0.27026858867284076,0.559039055361315,0.15820262707286292,-1.8253202998675624,1.0
2019-11-20,0.27026858867284076,0.559039055361315,0.15820262707286292,-1.8253202998675624,1.0
2019-11-21,0.27026858867284076,0.559039055361315,0.15820262707286292,-1.8253202998675624,1.0
2019-11-22,0.27026858867284076,0.559039055361315,0.15820262707286292,-1.8253202998675624,1.0
2019-11-23,0.27026858867284076,0.559039055361315,0.15820262707286292,-1.8253202998675624,1.0
2019-11-24,0.27026858867284076,0.559039055361315,0.15820262707286292,-1.8253202998675624,1.0
2019-11-25,0.27026858867284076,0.559039055361315,0.15820262707286292,-1.8253202998675624,1.0
2019-11-26,0.27026858867284076,0.559039055361315,0.15820262707286292,-1.8253202998675624,1.0
2019-11-27,0.27026858867284076,0.559039055361315,0.15820262707286292,-1.8253202998675624,1.0
2019-11-28,0.27026858867284076,0.559039055361315,0.15820262707286292,-1.8253202998675624,1.0
2019-11-29,0.27026858867284076,0.559039055361315,0.15820262707286292,-1.8253202998675624,1.0
2019-11-30,0.27026858867284076,0.559039055361315,0.15820262707286292,-1.8253202998675624,1.0
2019-12-01,0.27026858867284076,0.559039055361315,0.15820262707286292,-1.8253202998675624,1.0
2019-12-02,0.27026858867284076,0.559039055361315,0.15820262707286292,-1.8253202998675624,1.0
2019-12-03,0.13487104642102846,0.5287154512658986,0.20012695500176728,-1.9679728042701305,1.0
2019-12-04,0.13487104642102846,0.5287154512658986,0.20012695500176728,-1.9679728042701305,1.0
2019-12-05,0.13487104642102846,0.5287154512658986,0.20012695500176728,-1.9679728042701305,1.0
2019-12-06,0.13487104642102846,0.5287154512658986,0.20012695500176728,-1.9679728042701305,1.0
2019-12-07,0.13487104642102846,0.5287154512658986,0.20012695500176728,-1.9679728042701305,1.0
2019-12-08,0.13487104642102846,0.5287154512658986,0.20012695500176728,-1.9679728042701305,1.0
2019-12-09,0.13487104642102846,0.5287154512658986,0.20012695500176728,-1.9679728042701305,1.0
2019-12-10,0.13487104642102846,0.5287154512658986,0.20012695500176728,-1.9679728042701305,1.0
2019-12-11,0.13487104642102846,0.5287154512658986,0.20012695500176728,-1.9679728042701305,1.0
2019-12-12,0.13487104642102846,0.5287154512658986,0.20012695500176728,-1.9679728042701305,1.0
2019-12-13,0.13487104642102846,0.5287154512658986,0.20012695500176728,-1.9679728042701305,1.0
2019-12-14,0.13487104642102846,0.5287154512658986,0.20012695500176728,-1.9679728042701305,1.0
2019-12-15,0.13487104642102846,0.5287154512658986,0.20012695500176728,-1.9679728042701305,1.0
2019-12-16,0.13487104642102846,0.5287154512658986,0.20012695500176728,-1.9679728042701305,1.0
2019-12-17,0.13487104642102846,0.5287154512658986,0.20012695500176728,-1.9679728042701305,1.0
2019-12-18,0.13487104642102846,0.5287154512658986,0.20012695500176728,-1.9679728042701305,1.0
2019-12-19,0.13168776040368535,0.4939883152333288,0.2302824490978798,-1.5732877440245148,1.0
2019-12-20,0.13168776040368535,0.4939883152333288,0.2302824490978798,-1.5732877440245148,1.0
2019-12-21,0.13168776040368535,0.4939883152333288,0.2302824490978798,-1.5732877440245148,1.0
2019-12-22,0.13168776040368535,0.4939883152333288,0.2302824490978798,-1.5732877440245148,1.0
2019-12-23,0.13168776040368535,0.4939883152333288,0.2302824490978798,-1.5732877440245148,1.0
2019-12-24,0.13168776040368535,0.4939883152333288,0.2302824490978798,-1.5732877440245148,1.0
2019-12-25,0.13168776040368535,0.4939883152333288,0.2302824490978798,-1.5732877440245148,1.0
2019-12-26,0.13168776040368535,0.4939883152333288,0.2302824490978798,-1.5732877440245148,1.0
2019-12-27,0.13168776040368535,0.4939883152333288,0.2302824490978798,-1.5732877440245148,1.0
2019-12-28,0.13168776040368535,0.4939883152333288,0.2302824490978798,-1.5732877440245148,1.0
2019-12-29,0.13168776040368535,0.4939883152333288,0.2302824490978798,-1.5732877440245148,1.0
2019-12-30,0.13168776040368535,0.4939883152333288,0.2302824490978798,-1.5732877440245148,1.0
2019-12-31,0.13168776040368535,0.4939883152333288,0.2302824490978798,-1.5732877440245148,1.0
2020-01-01,0.11782984734899977,0.44992156048330895,0.24830753593924068,-1.3374210004466798,1.0
2020-01-02,0.11782984734899977,0.44992156048330895,0.24830753593924068,-1.3374210004466798,1.0
2020-01-03,0.11782984734899977,0.44992156048330895,0.24830753593924068,-1.3374210004466798,1.0
2020-01-04,0.11782984734899977,0.44992156048330895,0.24830753593924068,-1.3374210004466798,1.0
2020-01-05,0.11782984734899977,0.44992156048330895,0.24830753593924068,-1.3374210004466798,1.0
2020-01-06,0.11782984734899977,0.44992156048330895,0.24830753593924068,-1.3374210004466798,1.0
2020-01-07,0.11782984734899977,0.44992156048330895,0.24830753593924068,-1.3374210004466798,1.0
2020-01-08,0.11782984734899977,0.44992156048330895,0.24830753593924068,-1.3374210004466798,1.0
2020-01-09,0.11782984734899977,0.44992156048330895,0.24830753593924068,-1.3374210004466798,1.0
2020-01-10,0.11782984734899977,0.44992156048330895,0.24830753593924068,-1.3374210004466798,1.0
2020-01-11,0.11782984734899977,0.44992156048330895,0.24830753593924068,-1.3374210004466798,1.0
2020-01-12,0.11782984734899977,0.44992156048330895,0.24830753593924068,-1.3374210004466798,1.0
2020-01-13,0.11782984734899977,0.44992156048330895,0.24830753593924068,-1.3374210004466798,1.0
2020-01-14,0.11782984734899977,0.44992156048330895,0.24830753593924068,-1.3374210004466798,1.0
2020-01-15,0.11782984734899977,0.44992156048330895,0.24830753593924068,-1.3374210004466798,1.0
2020-01-16,0.11782984734899977,0.44992156048330895,0.24830753593924068,-1.3374210004466798,1.0
2020-01-17,0.0358250406377497,0.3939743003679676,0.26041044016315124,-1.375326041098167,1.0
2020-01-18,0.0358250406377497,0.3939743003679676,0.26041044016315124,-1.375326041098167,1.0
2020-01-19,0.0358250406377497,0.3939743003679676,0.26041044016315124,-1.375326041098167,1.0
2020-01-20,0.0358250406377497,0.3939743003679676,0.26041044016315124,-1.375326041098167,1.0
2020-01-21,0.0358250406377497,0.3939743003679676,0.26041044016315124,-1.375326041098167,1.0
2020-01-22,0.0358250406377497,0.3939743003679676,0.26041044016315124,-1.375326041098167,1.0
2020-01-23,0.0358250406377497,0.3939743003679676,0.26041044016315124,-1.375326041098167,1.0
2020-01-24,0.0358250406377497,0.3939743003679676,0.26041044016315124,-1.375326041098167,1.0
2020-01-25,0.0358250406377497,0.3939743003679676,0.26041044016315124,-1.375326041098167,1.0
2020-01-26,0.0358250406377497,0.3939743003679676,0.26041044016315124,-1.375326041098167,1.0
2020-01-27,0.0358250406377497,0.3939743003679676,0.26041044016315124,-1.375326041098167,1.0
2020-01-28,0.0358250406377497,0.3939743003679676,0.26041044016315124,-1.375326041098167,1.0
2020-01-29,0.0358250406377497,0.3939743003679676,0.26041044016315124,-1.375326041098167,1.0
2020-01-30,0.0358250406377497,0.3939743003679676,0.26041044016315124,-1.375326041098167,1.0
2020-01-31,0.0358250406377497,0.3939743003679676,0.26041044016315124,-1.375326041098167,1.0
2020-02-01,0.0358250406377497,0.3939743003679676,0.26041044016315124,-1.375326041098167,1.0
2020-02-02,0.0679228770837004,0.3389631318566651,0.2530420688423705,-1.0711272477850546,1.0
2020-02-03,0.0679228770837004,0.3389631318566651,0.2530420688423705,-1.0711272477850546,1.0
2020-02-04,0.0679228770837004,0.3389631318566651,0.2530420688423705,-1.0711272477850546,1.0
2020-02-05,0.0679228770837004,0.3389631318566651,0.2530420688423705,-1.0711272477850546,1.0
2020-02-06,0.0679228770837004,0.3389631318566651,0.2530420688423705,-1.0711272477850546,1.0
2020-02-07,0.0679228770837004,0.3389631318566651,0.2530420688423705,-1.0711272477850546,1.0
2020-02-08,0.0679228770837004,0.3389631318566651,0.2530420688423705,-1.0711272477850546,1.0
2020-02-09,0.0679228770837004,0.3389631318566651,0.2530420688423705,-1.0711272477850546,1.0
2020-02-10,0.0679228770837004,0.3389631318566651,0.2530420688423705,-1.0711272477850546,1.0
2020-02-11,0.0679228770837004,0.3389631318566651,0.2530420688423705,-1.0711272477850546,1.0
2020-02-12,0.0679228770837004,0.3389631318566651,0.2530420688423705,-1.0711272477850546,1.0
2020-02-13,0.0679228770837004,0.3389631318566651,0.2530420688423705,-1.0711272477850546,1.0
2020-02-14,0.0679228770837004,0.3389631318566651,0.2530420688423705,-1.0711272477850546,1.0
2020-02-15,0.0679228770837004,0.3389631318566651,0.2530420688423705,-1.0711272477850546,1.0
2020-02-16,0.0679228770837004,0.3389631318566651,0.2530420688423705,-1.0711272477850546,1.0
2020-02-17,0.0679228770837004,0.3389631318566651,0.2530420688423705,-1.0711272477850546,1.0
2020-02-18,0.09512910991851943,0.28724590556846025,0.23154314037010104,-0.8297235467345708,0.0
2020-02-19,0.09512910991851943,0.28724590556846025,0.23154314037010104,-0.8297235467345708,0.0
2020-02-20,0.09512910991851943,0.28724590556846025,0.23154314037010104,-0.8297235467345708,0.0
2020-02-21,0.09512910991851943,0.28724590556846025,0.23154314037010104,-0.8297235467345708,0.0
2020-02-22,0.09512910991851943,0.28724590556846025,0.23154314037010104,-0.8297235467345708,0.0
2020-02-23,0.09512910991851943,0.28724590556846025,0.23154314037010104,-0.8297235467345708,0.0
2020-02-24,0.09512910991851943,0.28724590556846025,0.23154314037010104,-0.8297235467345708,0.0
2020-02-25,0.09512910991851943,0.28724590556846025,0.23154314037010104,-0.8297235467345708,0.0
2020-02-26,0.09512910991851943,0.28724590556846025,0.23154314037010104,-0.8297235467345708,0.0
2020-02-27,0.09512910991851943,0.28724590556846025,0.23154314037010104,-0.8297235467345708,0.0
2020-02-28,0.09512910991851943,0.28724590556846025,0.23154314037010104,-0.8297235467345708,0.0
2020-02-29,0.09512910991851943,0.28724590556846025,0.23154314037010104,-0.8297235467345708,0.0
2020-03-01,0.09512910991851943,0.28724590556846025,0.23154314037010104,-0.8297235467345708,0.0
2020-03-02,0.09512910991851943,0.28724590556846025,0.23154314037010104,-0.8297235467345708,0.0
2020-03-03,0.09512910991851943,0.28724590556846025,0.23154314037010104,-0.8297235467345708,0.0
2020-03-04,0.09512910991851943,0.28724590556846025,0.23154314037010104,-0.8297235467345708,0.0
2020-03-05,0.16657921269988202,0.24395025848351726,0.19602751864948179,-0.3946948179351439,0.0
2020-03-06,0.16657921269988202,0.24395025848351726,0.19602751864948179,-0.3946948179351439,0.0
2020-03-07,0.16657921269988202,0.24395025848351726,0.19602751864948179,-0.3946948179351439,0.0
2020-03-08,0.16657921269988202,0.24395025848351726,0.19602751864948179,-0.3946948179351439,0.0
2020-03-09,0.16657921269988202,0.24395025848351726,0.19602751864948179,-0.3946948179351439,0.0
2020-03-10,0.16657921269988202,0.24395025848351726,0.19602751864948179,-0.3946948179351439,0.0
2020-03-11,0.16657921269988202,0.24395025848351726,0.19602751864948179,-0.3946948179351439,0.0
2020-03-12,0.16657921269988202,0.24395025848351726,0.19602751864948179,-0.3946948179351439,0.0
2020-03-13,0.16657921269988202,0.24395025848351726,0.19602751864948179,-0.3946948179351439,0.0
2020-03-14,0.16657921269988202,0.24395025848351726,0.19602751864948179,-0.3946948179351439,0.0
2020-03-15,0.16657921269988202,0.24395025848351726,0.19602751864948179,-0.3946948179351439,0.0
2020-03-16,0.16657921269988202,0.24395025848351726,0.19602751864948179,-0.3946948179351439,0.0
2020-03-17,0.16657921269988202,0.24395025848351726,0.19602751864948179,-0.3946948179351439,0.0
2020-03-18,0.16657921269988202,0.24395025848351726,0.19602751864948179,-0.3946948179351439,0.0
2020-03-19,0.16657921269988202,0.24395025848351726,0.19602751864948179,-0.3946948179351439,0.0
2020-03-20,0.16657921269988202,0.24395025848351726,0.19602751864948179,-0.3946948179351439,0.0
2020-03-21,0.23746627431863254,0.21085425063339225,0.15284305371859686,0.174113399580699,0.0
2020-03-22,0.23746627431863254,0.21085425063339225,0.15284305371859686,0.174113399580699,0.0
2020-03-23,0.23746627431863254,0.21085425063339225,0.15284305371859686,0.174113399580699,0.0
2020-03-24,0.23746627431863254,0.21085425063339225,0.15284305371859686,0.174113399580699,0.0
2020-03-25,0.23746627431863254,0.21085425063339225,0.15284305371859686,0.174113399580699,0.0
2020-03-26,0.23746627431863254,0.21085425063339225,0.15284305371859686,0.174113399580699,0.0
2020-03-27,0.23746627431863254,0.21085425063339225,0.15284305371859686,0.174113399580699,0.0
2020-03-28,0.23746627431863254,0.21085425063339225,0.15284305371859686,0.174113399580699,0.0
2020-03-29,0.23746627431863254,0.21085425063339225,0.15284305371859686,0.174113399580699,0.0
2020-03-30,0.23746627431863254,0.21085425063339225,0.15284305371859686,0.174113399580699,0.0
2020-03-31,0.23746627431863254,0.21085425063339225,0.15284305371859686,0.174113399580699,0.0
2020-04-01,0.23746627431863254,0.21085425063339225,0.15284305371859686,0.174113399580699,0.0
2020-04-02,0.23746627431863254,0.21085425063339225,0.15284305371859686,0.174113399580699,0.0
2020-04-03,0.23746627431863254,0.21085425063339225,0.15284305371859686,0.174113399580699,0.0
2020-04-04,0.23746627431863254,0.21085425063339225,0.15284305371859686,0.174113399580699,0.0
2020-04-05,0.23746627431863254,0.21085425063339225,0.15284305371859686,0.174113399580699,0.0
2020-04-06,0.29957106640052283,0.19113037815554793,0.11843141137724181,0.9156412727325923,0.0
2020-04-07,0.29957106640052283,0.19113037815554793,0.11843141137724181,0.9156412727325923,0.0
2020-04-08,0.29957106640052283,0.19113037815554793,0.11843141137724181,0.9156412727325923,0.0
2020-04-09,0.29957106640052283,0.19113037815554793,0.11843141137724181,0.9156412727325923,0.0
2020-04-10,0.29957106640052283,0.19113037815554793,0.11843141137724181,0.9156412727325923,0.0
2020-04-11,0.29957106640052283,0.19113037815554793,0.11843141137724181,0.9156412727325923,0.0
2020-04-12,0.29957106640052283,0.19113037815554793,0.11843141137724181,0.9156412727325923,0.0
2020-04-13,0.29957106640052283,0.19113037815554793,0.11843141137724181,0.9156412727325923,0.0
2020-04-14,0.29957106640052283,0.19113037815554793,0.11843141137724181,0.9156412727325923,0.0
2020-04-15,0.29957106640052283,0.19113037815554793,0.11843141137724181,0.9156412727325923,0.0
2020-04-16,0.29957106640052283,0.19113037815554793,0.11843141137724181,0.9156412727325923,0.0
2020-04-17,0.29957106640052283,0.19113037815554793,0.11843141137724181,0.9156412727325923,0.0
2020-04-18,0.29957106640052283,0.19113037815554793,0.11843141137724181,0.9156412727325923,0.0
2020-04-19,0.29957106640052283,0.19113037815554793,0.11843141137724181,0.9156412727325923,0.0
2020-04-20,0.29957106640052283,0.19113037815554793,0.11843141137724181,0.9156412727325923,0.0
2020-04-21,0.29957106640052283,0.19113037815554793,0.11843141137724181,0.9156412727325923,0.0
2020-04-22,0.3451157396209777,0.18325077718065255,0.1024606394082581,1.5797770087630274,-1.0
2020-04-23,0.3451157396209777,0.18325077718065255,0.1024606394082581,1.5797770087630274,-1.0
2020-04-24,0.3451157396209777,0.18325077718065255,0.1024606394082581,1.5797770087630274,-1.0
2020-04-25,0.3451157396209777,0.18325077718065255,0.1024606394082581,1.5797770087630274,-1.0
2020-04-26,0.3451157396209777,0.18325077718065255,0.1024606394082581,1.5797770087630274,-1.0
2020-04-27,0.3451157396209777,0.18325077718065255,0.1024606394082581,1.5797770087630274,-1.0
2020-04-28,0.3451157396209777,0.18325077718065255,0.1024606394082581,1.5797770087630274,-1.0
2020-04-29,0.3451157396209777,0.18325077718065255,0.1024606394082581,1.5797770087630274,-1.0
2020-04-30,0.3451157396209777,0.18325077718065255,0.1024606394082581,1.5797770087630274,-1.0
2020-05-01,0.3451157396209777,0.18325077718065255,0.1024606394082581,1.5797770087630274,-1.0
2020-05-02,0.3451157396209777,0.18325077718065255,0.1024606394082581,1.5797770087630274,-1.0
2020-05-03,0.3451157396209777,0.18325077718065255,0.1024606394082581,1.5797770087630274,-1.0
2020-05-04,0.3451157396209777,0.18325077718065255,0.1024606394082581,1.5797770087630274,-1.0
2020-05-05,0.3451157396209777,0.18325077718065255,0.1024606394082581,1.5797770087630274,-1.0
2020-05-06,0.3451157396209777,0.18325077718065255,0.1024606394082581,1.5797770087630274,-1.0
2020-05-07,0.3451157396209777,0.18325077718065255,0.1024606394082581,1.5797770087630274,-1.0
2020-05-08,0.3855322529706432,0.1906499013747652,0.11396187924251446,1.7100661457254687,-1.0
2020-05-09,0.3855322529706432,0.1906499013747652,0.11396187924251446,1.7100661457254687,-1.0
2020-05-10,0.3855322529706432,0.1906499013747652,0.11396187924251446,1.7100661457254687,-1.0
2020-05-11,0.3855322529706432,0.1906499013747652,0.11396187924251446,1.7100661457254687,-1.0
2020-05-12,0.3855322529706432,0.1906499013747652,0.11396187924251446,1.7100661457254687,-1.0
2020-05-13,0.3855322529706432,0.1906499013747652,0.11396187924251446,1.7100661457254687,-1.0
2020-05-14,0.3855322529706432,0.1906499013747652,0.11396187924251446,1.7100661457254687,-1.0
2020-05-15,0.3855322529706432,0.1906499013747652,0.11396187924251446,1.7100661457254687,-1.0
2020-05-16,0.3855322529706432,0.1906499013747652,0.11396187924251446,1.7100661457254687,-1.0
2020-05-17,0.3855322529706432,0.1906499013747652,0.11396187924251446,1.7100661457254687,-1.0
2020-05-18,0.3855322529706432,0.1906499013747652,0.11396187924251446,1.7100661457254687,-1.0
2020-05-19,0.3855322529706432,0.1906499013747652,0.11396187924251446,1.7100661457254687,-1.0
2020-05-20,0.3855322529706432,0.1906499013747652,0.11396187924251446,1.7100661457254687,-1.0
2020-05-21,0.3855322529706432,0.1906499013747652,0.11396187924251446,1.7100661457254687,-1.0
2020-05-22,0.3855322529706432,0.1906499013747652,0.11396187924251446,1.7100661457254687,-1.0
2020-05-23,0.3855322529706432,0.1906499013747652,0.11396187924251446,1.7100661457254687,-1.0
2020-05-24,0.5021314687133204,0.2099718080448051,0.14430460448193527,2.024603869830704,-1.0
2020-05-25,0.5021314687133204,0.2099718080448051,0.14430460448193527,2.024603869830704,-1.0
2020-05-26,0.5021314687133204,0.2099718080448051,0.14430460448193527,2.024603869830704,-1.0
2020-05-27,0.5021314687133204,0.2099718080448051,0.14430460448193527,2.024603869830704,-1.0
2020-05-28,0.5021314687133204,0.2099718080448051,0.14430460448193527,2.024603869830704,-1.0
2020-05-29,0.5021314687133204,0.2099718080448051,0.14430460448193527,2.024603869830704,-1.0
2020-05-30,0.5021314687133204,0.2099718080448051,0.14430460448193527,2.024603869830704,-1.0
2020-05-31,0.5021314687133204,0.2099718080448051,0.14430460448193527,2.024603869830704,-1.0
2020-06-01,0.5021314687133204,0.2099718080448051,0.14430460448193527,2.024603869830704,-1.0
2020-06-02,0.5021314687133204,0.2099718080448051,0.14430460448193527,2.024603869830704,-1.0
2020-06-03,0.5021314687133204,0.2099718080448051,0.14430460448193527,2.024603869830704,-1.0
2020-06-04,0.5021314687133204,0.2099718080448051,0.14430460448193527,2.024603869830704,-1.0
2020-06-05,0.5021314687133204,0.2099718080448051,0.14430460448193527,2.024603869830704,-1.0
2020-06-06,0.5021314687133204,0.2099718080448051,0.14430460448193527,2.024603869830704,-1.0
2020-06-07,0.5021314687133204,0.2099718080448051,0.14430460448193527,2.024603869830704,-1.0
2020-06-08,0.5021314687133204,0.2099718080448051,0.14430460448193527,2.024603869830704,-1.0
2020-06-09,0.5755209158084154,0.2466926304937541,0.17603383140643972,1.8679834591308677,-1.0
2020-06-10,0.5755209158084154,0.2466926304937541,0.17603383140643972,1.8679834591308677,-1.0
2020-06-11,0.5755209158084154,0.2466926304937541,0.17603383140643972,1.8679834591308677,-1.0
2020-06-12,0.5755209158084154,0.2466926304937541,0.17603383140643972,1.8679834591308677,-1.0
2020-06-13,0.5755209158084154,0.2466926304937541,0.17603383140643972,1.8679834591308677,-1.0
2020-06-14,0.5755209158084154,0.2466926304937541,0.17603383140643972,1.8679834591308677,-1.0
2020-06-15,0.5755209158084154,0.2466926304937541,0.17603383140643972,1.8679834591308677,-1.0
2020-06-16,0.5755209158084154,0.2466926304937541,0.17603383140643972,1.8679834591308677,-1.0
2020-06-17,0.5755209158084154,0.2466926304937541,0.17603383140643972,1.8679834591308677,-1.0
2020-06-18,0.5755209158084154,0.2466926304937541,0.17603383140643972,1.8679834591308677,-1.0
2020-06-19,0.5755209158084154,0.2466926304937541,0.17603383140643972,1.8679834591308677,-1.0
2020-06-20,0.5755209158084154,0.2466926304937541,0.17603383140643972,1.8679834591308677,-1.0
2020-06-21,0.5755209158084154,0.2466926304937541,0.17603383140643972,1.8679834591308677,-1.0
2020-06-22,0.5755209158084154,0.2466926304937541,0.17603383140643972,1.8679834591308677,-1.0
2020-06-23,0.5755209158084154,0.2466926304937541,0.17603383140643972,1.8679834591308677,-1.0
2020-06-24,0.5755209158084154,0.2466926304937541,0.17603383140643972,1.8679834591308677,-1.0
2020-06-25,0.6689556493042201,0.2914649545687986,0.20930452209627798,1.8035477253653391,-1.0
2020-06-26,0.6689556493042201,0.2914649545687986,0.20930452209627798,1.8035477253653391,-1.0
2020-06-27,0.6689556493042201,0.2914649545687986,0.20930452209627798,1.8035477253653391,-1.0
2020-06-28,0.6689556493042201,0.2914649545687986,0.20930452209627798,1.8035477253653391,-1.0
2020-06-29,0.6689556493042201,0.2914649545687986,0.20930452209627798,1.8035477253653391,-1.0
2020-06-30,0.6689556493042201,0.2914649545687986,0.20930452209627798,1.8035477253653391,-1.0
2020-07-01,0.6689556493042201,0.2914649545687986,0.20930452209627798,1.8035477253653391,-1.0
2020-07-02,0.6689556493042201,0.2914649545687986,0.20930452209627798,1.8035477253653391,-1.0
2020-07-03,0.6689556493042201,0.2914649545687986,0.20930452209627798,1.8035477253653391,-1.0
2020-07-04,0.6689556493042201,0.2914649545687986,0.20930452209627798,1.8035477253653391,-1.0
2020-07-05,0.6689556493042201,0.2914649545687986,0.20930452209627798,1.8035477253653391,-1.0
2020-07-06,0.6689556493042201,0.2914649545687986,0.20930452209627798,1.8035477253653391,-1.0
2020-07-07,0.6689556493042201,0.2914649545687986,0.20930452209627798,1.8035477253653391,-1.0
2020-07-08,0.6689556493042201,0.2914649545687986,0.20930452209627798,1.8035477253653391,-1.0
2020-07-09,0.6689556493042201,0.2914649545687986,0.20930452209627798,1.8035477253653391,-1.0
2020-07-10,0.6689556493042201,0.2914649545687986,0.20930452209627798,1.8035477253653391,-1.0
2020-07-11,0.7335464047801233,0.3427746676880589,0.23656381628078377,1.6518660513501662,-1.0
2020-07-12,0.7335464047801233,0.3427746676880589,0.23656381628078377,1.6518660513501662,-1.0
2020-07-13,0.7335464047801233,0.3427746676880589,0.23656381628078377,1.6518660513501662,-1.0
2020-07-14,0.7335464047801233,0.3427746676880589,0.23656381628078377,1.6518660513501662,-1.0
2020-07-15,0.7335464047801233,0.3427746676880589,0.23656381628078377,1.6518660513501662,-1.0
2020-07-16,0.7335464047801233,0.3427746676880589,0.23656381628078377,1.6518660513501662,-1.0
2020-07-17,0.7335464047801233,0.3427746676880589,0.23656381628078377,1.6518660513501662,-1.0
2020-07-18,0.7335464047801233,0.3427746676880589,0.23656381628078377,1.6518660513501662,-1.0
2020-07-19,0.7335464047801233,0.3427746676880589,0.23656381628078377,1.6518660513501662,-1.0
2020-07-20,0.7335464047801233,0.3427746676880589,0.23656381628078377,1.6518660513501662,-1.0
2020-07-21,0.7335464047801233,0.3427746676880589,0.23656381628078377,1.6518660513501662,-1.0
2020-07-22,0.7335464047801233,0.3427746676880589,0.23656381628078377,1.6518660513501662,-1.0
2020-07-23,0.7335464047801233,0.3427746676880589,0.23656381628078377,1.6518660513501662,-1.0
2020-07-24,0.7335464047801233,0.3427746676880589,0.23656381628078377,1.6518660513501662,-1.0
2020-07-25,0.7335464047801233,0.3427746676880589,0.23656381628078377,1.6518660513501662,-1.0
2020-07-26,0.7335464047801233,0.3427746676880589,0.23656381628078377,1.6518660513501662,-1.0
2020-07-27,0.744443580864679,0.40182621270696967,0.241371394995598,1.4194613581446045,-1.0
2020-07-28,0.744443580864679,0.40182621270696967,0.241371394995598,1.4194613581446045,-1.0
2020-07-29,0.744443580864679,0.40182621270696967,0.241371394995598,1.4194613581446045,-1.0
2020-07-30,0.744443580864679,0.40182621270696967,0.241371394995598,1.4194613581446045,-1.0
2020-07-31,0.744443580864679,0.40182621270696967,0.241371394995598,1.4194613581446045,-1.0
2020-08-01,0.744443580864679,0.40182621270696967,0.241371394995598,1.4194613581446045,-1.0
2020-08-02,0.744443580864679,0.40182621270696967,0.241371394995598,1.4194613581446045,-1.0
2020-08-03,0.744443580864679,0.40182621270696967,0.241371394995598,1.4194613581446045,-1.0
2020-08-04,0.744443580864679,0.40182621270696967,0.241371394995598,1.4194613581446045,-1.0
2020-08-05,0.744443580864679,0.40182621270696967,0.241371394995598,1.4194613581446045,-1.0
2020-08-06,0.744443580864679,0.40182621270696967,0.241371394995598,1.4194613581446045,-1.0
2020-08-07,0.744443580864679,0.40182621270696967,0.241371394995598,1.4194613581446045,-1.0
2020-08-08,0.744443580864679,0.40182621270696967,0.241371394995598,1.4194613581446045,-1.0
2020-08-09,0.744443580864679,0.40182621270696967,0.241371394995598,1.4194613581446045,-1.0
2020-08-10,0.744443580864679,0.40182621270696967,0.241371394995598,1.4194613581446045,-1.0
2020-08-11,0.744443580864679,0.40182621270696967,0.241371394995598,1.4194613581446045,-1.0
2020-08-12,0.7136111153569502,0.4556335658964072,0.23195557302607628,1.112185174492623,-1.0
2020-08-13,0.7136111153569502,0.4556335658964072,0.23195557302607628,1.112185174492623,-1.0
2020-08-14,0.7136111153569502,0.4556335658964072,0.23195557302607628,1.112185174492623,-1.0
2020-08-15,0.7136111153569502,0.4556335658964072,0.23195557302607628,1.112185174492623,-1.0
2020-08-16,0.7136111153569502,0.4556335658964072,0.23195557302607628,1.112185174492623,-1.0
2020-08-17,0.7136111153569502,0.4556335658964072,0.23195557302607628,1.112185174492623,-1.0
2020-08-18,0.7136111153569502,0.4556335658964072,0.23195557302607628,1.112185174492623,-1.0
2020-08-19,0.7136111153569502,0.4556335658964072,0.23195557302607628,1.112185174492623,-1.0
2020-08-20,0.7136111153569502,0.4556335658964072,0.23195557302607628,1.112185174492623,-1.0
2020-08-21,0.7136111153569502,0.4556335658964072,0.23195557302607628,1.112185174492623,-1.0
2020-08-22,0.7136111153569502,0.4556335658964072,0.23195557302607628,1.112185174492623,-1.0
2020-08-23,0.7136111153569502,0.4556335658964072,0.23195557302607628,1.112185174492623,-1.0
2020-08-24,0.7136111153569502,0.4556335658964072,0.23195557302607628,1.112185174492623,-1.0
2020-08-25,0.7136111153569502,0.4556335658964072,0.23195557302607628,1.112185174492623,-1.0
2020-08-26,0.7136111153569502,0.4556335658964072,0.23195557302607628,1.112185174492623,-1.0
2020-08-27,0.7136111153569502,0.4556335658964072,0.23195557302607628,1.112185174492623,-1.0
2020-08-28,0.6647375364339921,0.5031009347726966,0.20857971243946472,0.774939229567721,0.0
2020-08-29,0.6647375364339921,0.5031009347726966,0.20857971243946472,0.774939229567721,0.0
2020-08-30,0.6647375364339921,0.5031009347726966,0.20857971243946472,0.774939229567721,0.0
2020-08-31,0.6647375364339921,0.5031009347726966,0.20857971243946472,0.774939229567721,0.0
2020-09-01,0.6647375364339921,0.5031009347726966,0.20857971243946472,0.774939229567721,0.0
2020-09-02,0.6647375364339921,0.5031009347726966,0.20857971243946472,0.774939229567721,0.0
2020-09-03,0.6647375364339921,0.5031009347726966,0.20857971243946472,0.774939229567721,0.0
2020-09-04,0.6647375364339921,0.5031009347726966,0.20857971243946472,0.774939229567721,0.0
2020-09-05,0.6647375364339921,0.5031009347726966,0.20857971243946472,0.774939229567721,0.0
2020-09-06,0.6647375364339921,0.5031009347726966,0.20857971243946472,0.774939229567721,0.0
2020-09-07,0.6647375364339921,0.5031009347726966,0.20857971243946472,0.774939229567721,0.0
2020-09-08,0.6647375364339921,0.5031009347726966,0.20857971243946472,0.774939229567721,0.0
2020-09-09,0.6647375364339921,0.5031009347726966,0.20857971243946472,0.774939229567721,0.0
2020-09-10,0.6647375364339921,0.5031009347726966,0.20857971243946472,0.774939229567721,0.0
2020-09-11,0.6647375364339921,0.5031009347726966,0.20857971243946472,0.774939229567721,0.0
2020-09-12,0.6647375364339921,0.5031009347726966,0.20857971243946472,0.774939229567721,0.0
2020-09-13,0.5550775768063222,0.5354757984482332,0.1797568006473676,0.10904610166344778,0.0
2020-09-14,0.5550775768063222,0.5354757984482332,0.1797568006473676,0.10904610166344778,0.0
2020-09-15,0.5550775768063222,0.5354757984482332,0.1797568006473676,0.10904610166344778,0.0
2020-09-16,0.5550775768063222,0.5354757984482332,0.1797568006473676,0.10904610166344778,0.0
2020-09-17,0.5550775768063222,0.5354757984482332,0.1797568006473676,0.10904610166344778,0.0
2020-09-18,0.5550775768063222,0.5354757984482332,0.1797568006473676,0.10904610166344778,0.0
2020-09-19,0.5550775768063222,0.5354757984482332,0.1797568006473676,0.10904610166344778,0.0
2020-09-20,0.5550775768063222,0.5354757984482332,0.1797568006473676,0.10904610166344778,0.0
2020-09-21,0.5550775768063222,0.5354757984482332,0.1797568006473676,0.10904610166344778,0.0
2020-09-22,0.5550775768063222,0.5354757984482332,0.1797568006473676,0.10904610166344778,0.0
2020-09-23,0.5550775768063222,0.5354757984482332,0.1797568006473676,0.10904610166344778,0.0
2020-09-24,0.5550775768063222,0.5354757984482332,0.1797568006473676,0.10904610166344778,0.0
2020-09-25,0.5550775768063222,0.5354757984482332,0.1797568006473676,0.10904610166344778,0.0
2020-09-26,0.5550775768063222,0.5354757984482332,0.1797568006473676,0.10904610166344778,0.0
2020-09-27,0.5550775768063222,0.5354757984482332,0.1797568006473676,0.10904610166344778,0.0
2020-09-28,0.5550775768063222,0.5354757984482332,0.1797568006473676,0.10904610166344778,0.0
2020-09-29,0.45685711142222807,0.5537583682068662,0.15632070018300162,-0.619887555974338,0.0
2020-09-30,0.45685711142222807,0.5537583682068662,0.15632070018300162,-0.619887555974338,0.0
2020-10-01,0.45685711142222807,0.5537583682068662,0.15632070018300162,-0.619887555974338,0.0
2020-10-02,0.45685711142222807,0.5537583682068662,0.15632070018300162,-0.619887555974338,0.0
2020-10-03,0.45685711142222807,0.5537583682068662,0.15632070018300162,-0.619887555974338,0.0
2020-10-04,0.45685711142222807,0.5537583682068662,0.15632070018300162,-0.619887555974338,0.0
2020-10-05,0.45685711142222807,0.5537583682068662,0.15632070018300162,-0.619887555974338,0.0
2020-10-06,0.45685711142222807,0.5537583682068662,0.15632070018300162,-0.619887555974338,0.0
2020-10-07,0.45685711142222807,0.5537583682068662,0.15632070018300162,-0.619887555974338,0.0
2020-10-08,0.45685711142222807,0.5537583682068662,0.15632070018300162,-0.619887555974338,0.0
2020-10-09,0.45685711142222807,0.5537583682068662,0.15632070018300162,-0.619887555974338,0.0
2020-10-10,0.45685711142222807,0.5537583682068662,0.15632070018300162,-0.619887555974338,0.0
2020-10-11,0.45685711142222807,0.5537583682068662,0.15632070018300162,-0.619887555974338,0.0
2020-10-12,0.45685711142222807,0.5537583682068662,0.15632070018300162,-0.619887555974338,0.0
2020-10-13,0.45685711142222807,0.5537583682068662,0.15632070018300162,-0.619887555974338,0.0
2020-10-14,0.45685711142222807,0.5537583682068662,0.15632070018300162,-0.619887555974338,0.0
2020-10-15,0.3359557312347308,0.5567904236097169,0.15121154907659487,-1.460435355127036,1.0
2020-10-16,0.3359557312347308,0.5567904236097169,0.15121154907659487,-1.460435355127036,1.0
2020-10-17,0.3359557312347308,0.5567904236097169,0.15121154907659487,-1.460435355127036,1.0
2020-10-18,0.3359557312347308,0.5567904236097169,0.15121154907659487,-1.460435355127036,1.0
2020-10-19,0.3359557312347308,0.5567904236097169,0.15121154907659487,-1.460435355127036,1.0
2020-10-20,0.3359557312347308,0.5567904236097169,0.15121154907659487,-1.460435355127036,1.0
2020-10-21,0.3359557312347308,0.5567904236097169,0.15121154907659487,-1.460435355127036,1.0
2020-10-22,0.3359557312347308,0.5567904236097169,0.15121154907659487,-1.460435355127036,1.0
2020-10-23,0.3359557312347308,0.5567904236097169,0.15121154907659487,-1.460435355127036,1.0
2020-10-24,0.3359557312347308,0.5567904236097169,0.15121154907659487,-1.460435355127036,1.0
2020-10-25,0.3359557312347308,0.5567904236097169,0.15121154907659487,-1.460435355127036,1.0
2020-10-26,0.3359557312347308,0.5567904236097169,0.15121154907659487,-1.460435355127036,1.0
2020-10-27,0.3359557312347308,0.5567904236097169,0.15121154907659487,-1.460435355127036,1.0
2020-10-28,0.3359557312347308,0.5567904236097169,0.15121154907659487,-1.460435355127036,1.0
2020-10-29,0.3359557312347308,0.5567904236097169,0.15121154907659487,-1.460435355127036,1.0
2020-10-30,0.3359557312347308,0.5567904236097169,0.15121154907659487,-1.460435355127036,1.0
2020-10-31,0.37068820263584984,0.5589214621942896,0.14810549901394437,-1.2709403824412848,1.0
2020-11-01,0.37068820263584984,0.5589214621942896,0.14810549901394437,-1.2709403824412848,1.0
2020-11-02,0.37068820263584984,0.5589214621942896,0.14810549901394437,-1.2709403824412848,1.0
2020-11-03,0.37068820263584984,0.5589214621942896,0.14810549901394437,-1.2709403824412848,1.0
2020-11-04,0.37068820263584984,0.5589214621942896,0.14810549901394437,-1.2709403824412848,1.0
2020-11-05,0.37068820263584984,0.5589214621942896,0.14810549901394437,-1.2709403824412848,1.0
2020-11-06,0.37068820263584984,0.5589214621942896,0.14810549901394437,-1.2709403824412848,1.0
2020-11-07,0.37068820263584984,0.5589214621942896,0.14810549901394437,-1.2709403824412848,1.0
2020-11-08,0.37068820263584984,0.5589214621942896,0.14810549901394437,-1.2709403824412848,1.0
2020-11-09,0.37068820263584984,0.5589214621942896,0.14810549901394437,-1.2709403824412848,1.0
2020-11-10,0.37068820263584984,0.5589214621942896,0.14810549901394437,-1.2709403824412848,1.0
2020-11-11,0.37068820263584984,0.5589214621942896,0.14810549901394437,-1.2709403824412848,1.0
2020-11-12,0.37068820263584984,0.5589214621942896,0.14810549901394437,-1.2709403824412848,1.0
2020-11-13,0.37068820263584984,0.5589214621942896,0.14810549901394437,-1.2709403824412848,1.0
2020-11-14,0.37068820263584984,0.5589214621942896,0.14810549901394437,-1.2709403824412848,1.0
2020-11-15,0.37068820263584984,0.5589214621942896,0.14810549901394437,-1.2709403824412848,1.0
2020-11-16,0.31019838063317684,0.5526436394995007,0.15742647575425986,-1.5400539058295182,1.0
2020-11-17,0.31019838063317684,0.5526436394995007,0.15742647575425986,-1.5400539058295182,1.0
2020-11-18,0.31019838063317684,0.5526436394995007,0.15742647575425986,-1.5400539058295182,1.0
2020-11-19,0.31019838063317684,0.5526436394995007,0.15742647575425986,-1.5400539058295182,1.0
2020-11-20,0.31019838063317684,0.5526436394995007,0.15742647575425986,-1.5400539058295182,1.0
2020-11-21,0.31019838063317684,0.5526436394995007,0.15742647575425986,-1.5400539058295182,1.0
2020-11-22,0.31019838063317684,0.5526436394995007,0.15742647575425986,-1.5400539058295182,1.0
2020-11-23,0.31019838063317684,0.5526436394995007,0.15742647575425986,-1.5400539058295182,1.0
2020-11-24,0.31019838063317684,0.5526436394995007,0.15742647575425986,-1.5400539058295182,1.0
2020-11-25,0.31019838063317684,0.5526436394995007,0.15742647575425986,-1.5400539058295182,1.0
2020-11-26,0.31019838063317684,0.5526436394995007,0.15742647575425986,-1.5400539058295182,1.0
2020-11-27,0.31019838063317684,0.5526436394995007,0.15742647575425986,-1.5400539058295182,1.0
2020-11-28,0.31019838063317684,0.5526436394995007,0.15742647575425986,-1.5400539058295182,1.0
2020-11-29,0.31019838063317684,0.5526436394995007,0.15742647575425986,-1.5400539058295182,1.0
2020-11-30,0.31019838063317684,0.5526436394995007,0.15742647575425986,-1.5400539058295182,1.0
2020-12-01,0.31019838063317684,0.5526436394995007,0.15742647575425986,-1.5400539058295182,1.0
2020-12-02,0.2989541993975379,0.5357122003898521,0.17346228749429876,-1.3648961074613744,1.0
2020-12-03,0.2989541993975379,0.5357122003898521,0.17346228749429876,-1.3648961074613744,1.0
2020-12-04,0.2989541993975379,0.5357122003898521,0.17346228749429876,-1.3648961074613744,1.0
2020-12-05,0.2989541993975379,0.5357122003898521,0.17346228749429876,-1.3648961074613744,1.0
2020-12-06,0.2989541993975379,0.5357122003898521,0.17346228749429876,-1.3648961074613744,1.0
2020-12-07,0.2989541993975379,0.5357122003898521,0.17346228749429876,-1.3648961074613744,1.0
2020-12-08,0.2989541993975379,0.5357122003898521,0.17346228749429876,-1.3648961074613744,1.0
2020-12-09,0.2989541993975379,0.5357122003898521,0.17346228749429876,-1.3648961074613744,1.0
2020-12-10,0.2989541993975379,0.5357122003898521,0.17346228749429876,-1.3648961074613744,1.0
2020-12-11,0.2989541993975379,0.5357122003898521,0.17346228749429876,-1.3648961074613744,1.0
2020-12-12,0.2989541993975379,0.5357122003898521,0.17346228749429876,-1.3648961074613744,1.0
2020-12-13,0.2989541993975379,0.5357122003898521,0.17346228749429876,-1.3648961074613744,1.0
2020-12-14,0.2989541993975379,0.5357122003898521,0.17346228749429876,-1.3648961074613744,1.0
2020-12-15,0.2989541993975379,0.5357122003898521,0.17346228749429876,-1.3648961074613744,1.0
2020-12-16,0.2989541993975379,0.5357122003898521,0.17346228749429876,-1.3648961074613744,1.0
2020-12-17,0.2989541993975379,0.5357122003898521,0.17346228749429876,-1.3648961074613744,1.0
2020-12-18,0.17296425992195102,0.5021658123993135,0.20169234666468647,-1.632196550445516,1.0
2020-12-19,0.17296425992195102,0.5021658123993135,0.20169234666468647,-1.632196550445516,1.0
2020-12-20,0.17296425992195102,0.5021658123993135,0.20169234666468647,-1.632196550445516,1.0
2020-12-21,0.17296425992195102,0.5021658123993135,0.20169234666468647,-1.632196550445516,1.0
2020-12-22,0.17296425992195102,0.5021658123993135,0.20169234666468647,-1.632196550445516,1.0
2020-12-23,0.17296425992195102,0.5021658123993135,0.20169234666468647,-1.632196550445516,1.0
2020-12-24,0.17296425992195102,0.5021658123993135,0.20169234666468647,-1.632196550445516,1.0
2020-12-25,0.17296425992195102,0.5021658123993135,0.20169234666468647,-1.632196550445516,1.0
2020-12-26,0.17296425992195102,0.5021658123993135,0.20169234666468647,-1.632196550445516,1.0
2020-12-27,0.17296425992195102,0.5021658123993135,0.20169234666468647,-1.632196550445516,1.0
2020-12-28,0.17296425992195102,0.5021658123993135,0.20169234666468647,-1.632196550445516,1.0
2020-12-29,0.17296425992195102,0.5021658123993135,0.20169234666468647,-1.632196550445516,1.0
2020-12-30,0.17296425992195102,0.5021658123993135,0.20169234666468647,-1.632196550445516,1.0
2020-12-31,0.17296425992195102,0.5021658123993135,0.20169234666468647,-1.632196550445516,1.0
2021-01-01,0.09085782801232506,0.4539909939583222,0.22582847080312174,-1.6080043612507045,1.0
2021-01-02,0.09085782801232506,0.4539909939583222,0.22582847080312174,-1.6080043612507045,1.0
2021-01-03,0.09085782801232506,0.4539909939583222,0.22582847080312174,-1.6080043612507045,1.0
2021-01-04,0.09085782801232506,0.4539909939583222,0.22582847080312174,-1.6080043612507045,1.0
2021-01-05,0.09085782801232506,0.4539909939583222,0.22582847080312174,-1.6080043612507045,1.0
2021-01-06,0.09085782801232506,0.4539909939583222,0.22582847080312174,-1.6080043612507045,1.0
2021-01-07,0.09085782801232506,0.4539909939583222,0.22582847080312174,-1.6080043612507045,1.0
2021-01-08,0.09085782801232506,0.4539909939583222,0.22582847080312174,-1.6080043612507045,1.0
2021-01-09,0.09085782801232506,0.4539909939583222,0.22582847080312174,-1.6080043612507045,1.0
2021-01-10,0.09085782801232506,0.4539909939583222,0.22582847080312174,-1.6080043612507045,1.0
2021-01-11,0.09085782801232506,0.4539909939583222,0.22582847080312174,-1.6080043612507045,1.0
2021-01-12,0.09085782801232506,0.4539909939583222,0.22582847080312174,-1.6080043612507045,1.0
2021-01-13,0.09085782801232506,0.4539909939583222,0.22582847080312174,-1.6080043612507045,1.0
2021-01-14,0.09085782801232506,0.4539909939583222,0.22582847080312174,-1.6080043612507045,1.0
2021-01-15,0.09085782801232506,0.4539909939583222,0.22582847080312174,-1.6080043612507045,1.0
2021-01-16,0.09085782801232506,0.4539909939583222,0.22582847080312174,-1.6080043612507045,1.0
2021-01-17,0.0897028674805447,0.400337365850024,0.22982078989365534,-1.3516379371649483,1.0
2021-01-18,0.0897028674805447,0.400337365850024,0.22982078989365534,-1.3516379371649483,1.0
2021-01-19,0.0897028674805447,0.400337365850024,0.22982078989365534,-1.3516379371649483,1.0
2021-01-20,0.0897028674805447,0.400337365850024,0.22982078989365534,-1.3516379371649483,1.0
2021-01-21,0.0897028674805447,0.400337365850024,0.22982078989365534,-1.3516379371649483,1.0
2021-01-22,0.0897028674805447,0.400337365850024,0.22982078989365534,-1.3516379371649483,1.0
2021-01-23,0.0897028674805447,0.400337365850024,0.22982078989365534,-1.3516379371649483,1.0
2021-01-24,0.0897028674805447,0.400337365850024,0.22982078989365534,-1.3516379371649483,1.0
2021-01-25,0.0897028674805447,0.400337365850024,0.22982078989365534,-1.3516379371649483,1.0
2021-01-26,0.0897028674805447,0.400337365850024,0.22982078989365534,-1.3516379371649483,1.0
2021-01-27,0.0897028674805447,0.400337365850024,0.22982078989365534,-1.3516379371649483,1.0
2021-01-28,0.0897028674805447,0.400337365850024,0.22982078989365534,-1.3516379371649483,1.0
2021-01-29,0.0897028674805447,0.400337365850024,0.22982078989365534,-1.3516379371649483,1.0
2021-01-30,0.0897028674805447,0.400337365850024,0.22982078989365534,-1.3516379371649483,1.0
2021-01-31,0.0897028674805447,0.400337365850024,0.22982078989365534,-1.3516379371649483,1.0
2021-02-01,0.0897028674805447,0.400337365850024,0.22982078989365534,-1.3516379371649483,1.0
2021-02-02,0.0436318071349043,0.34193638470587606,0.22338210707300787,-1.335400500423595,1.0
2021-02-03,0.0436318071349043,0.34193638470587606,0.22338210707300787,-1.335400500423595,1.0
2021-02-04,0.0436318071349043,0.34193638470587606,0.22338210707300787,-1.335400500423595,1.0
2021-02-05,0.0436318071349043,0.34193638470587606,0.22338210707300787,-1.335400500423595,1.0
2021-02-06,0.0436318071349043,0.34193638470587606,0.22338210707300787,-1.335400500423595,1.0
2021-02-07,0.0436318071349043,0.34193638470587606,0.22338210707300787,-1.335400500423595,1.0
2021-02-08,0.0436318071349043,0.34193638470587606,0.22338210707300787,-1.335400500423595,1.0
2021-02-09,0.0436318071349043,0.34193638470587606,0.22338210707300787,-1.335400500423595,1.0
2021-02-10,0.0436318071349043,0.34193638470587606,0.22338210707300787,-1.335400500423595,1.0
2021-02-11,0.0436318071349043,0.34193638470587606,0.22338210707300787,-1.335400500423595,1.0
2021-02-12,0.0436318071349043,0.34193638470587606,0.22338210707300787,-1.335400500423595,1.0
2021-02-13,0.0436318071349043,0.34193638470587606,0.22338210707300787,-1.335400500423595,1.0
2021-02-14,0.0436318071349043,0.34193638470587606,0.22338210707300787,-1.335400500423595,1.0
2021-02-15,0.0436318071349043,0.34193638470587606,0.22338210707300787,-1.335400500423595,1.0
2021-02-16,0.0436318071349043,0.34193638470587606,0.22338210707300787,-1.335400500423595,1.0
2021-02-17,0.0436318071349043,0.34193638470587606,0.22338210707300787,-1.335400500423595,1.0
2021-02-18,0.12778153518751445,0.2931172530250898,0.1972574980980758,-0.8381720311355209,0.0
2021-02-19,0.12778153518751445,0.2931172530250898,0.1972574980980758,-0.8381720311355209,0.0
2021-02-20,0.12778153518751445,0.2931172530250898,0.1972574980980758,-0.8381720311355209,0.0
2021-02-21,0.12778153518751445,0.2931172530250898,0.1972574980980758,-0.8381720311355209,0.0
2021-02-22,0.12778153518751445,0.2931172530250898,0.1972574980980758,-0.8381720311355209,0.0
2021-02-23,0.12778153518751445,0.2931172530250898,0.1972574980980758,-0.8381720311355209,0.0
2021-02-24,0.12778153518751445,0.2931172530250898,0.1972574980980758,-0.8381720311355209,0.0
2021-02-25,0.12778153518751445,0.2931172530250898,0.1972574980980758,-0.8381720311355209,0.0
2021-02-26,0.12778153518751445,0.2931172530250898,0.1972574980980758,-0.8381720311355209,0.0
2021-02-27,0.12778153518751445,0.2931172530250898,0.1972574980980758,-0.8381720311355209,0.0
2021-02-28,0.12778153518751445,0.2931172530250898,0.1972574980980758,-0.8381720311355209,0.0
2021-03-01,0.12778153518751445,0.2931172530250898,0.1972574980980758,-0.8381720311355209,0.0
2021-03-02,0.12778153518751445,0.2931172530250898,0.1972574980980758,-0.8381720311355209,0.0
2021-03-03,0.12778153518751445,0.2931172530250898,0.1972574980980758,-0.8381720311355209,0.0
2021-03-04,0.12778153518751445,0.2931172530250898,0.1972574980980758,-0.8381720311355209,0.0
2021-03-05,0.12778153518751445,0.2931172530250898,0.1972574980980758,-0.8381720311355209,0.0
2021-03-06,0.26203734492510583,0.2595589037326826,0.1587926315198112,0.015608036523495914,0.0
2021-03-07,0.26203734492510583,0.2595589037326826,0.1587926315198112,0.015608036523495914,0.0
2021-03-08,0.26203734492510583,0.2595589037326826,0.1587926315198112,0.015608036523495914,0.0
2021-03-09,0.26203734492510583,0.2595589037326826,0.1587926315198112,0.015608036523495914,0.0
2021-03-10,0.26203734492510583,0.2595589037326826,0.1587926315198112,0.015608036523495914,0.0
2021-03-11,0.26203734492510583,0.2595589037326826,0.1587926315198112,0.015608036523495914,0.0
2021-03-12,0.26203734492510583,0.2595589037326826,0.1587926315198112,0.015608036523495914,0.0
2021-03-13,0.26203734492510583,0.2595589037326826,0.1587926315198112,0.015608036523495914,0.0
2021-03-14,0.26203734492510583,0.2595589037326826,0.1587926315198112,0.015608036523495914,0.0
2021-03-15,0.26203734492510583,0.2595589037326826,0.1587926315198112,0.015608036523495914,0.0
2021-03-16,0.26203734492510583,0.2595589037326826,0.1587926315198112,0.015608036523495914,0.0
2021-03-17,0.26203734492510583,0.2595589037326826,0.1587926315198112,0.015608036523495914,0.0
2021-03-18,0.26203734492510583,0.2595589037326826,0.1587926315198112,0.015608036523495914,0.0
2021-03-19,0.26203734492510583,0.2595589037326826,0.1587926315198112,0.015608036523495914,0.0
2021-03-20,0.26203734492510583,0.2595589037326826,0.1587926315198112,0.015608036523495914,0.0
2021-03-21,0.26203734492510583,0.2595589037326826,0.1587926315198112,0.015608036523495914,0.0
2021-03-22,0.30296266697764085,0.2385493279136258,0.13025215799653977,0.49452799903496597,0.0
2021-03-23,0.30296266697764085,0.2385493279136258,0.13025215799653977,0.49452799903496597,0.0
2021-03-24,0.30296266697764085,0.2385493279136258,0.13025215799653977,0.49452799903496597,0.0
2021-03-25,0.30296266697764085,0.2385493279136258,0.13025215799653977,0.49452799903496597,0.0
2021-03-26,0.30296266697764085,0.2385493279136258,0.13025215799653977,0.49452799903496597,0.0
2021-03-27,0.30296266697764085,0.2385493279136258,0.13025215799653977,0.49452799903496597,0.0
2021-03-28,0.30296266697764085,0.2385493279136258,0.13025215799653977,0.49452799903496597,0.0
2021-03-29,0.30296266697764085,0.2385493279136258,0.13025215799653977,0.49452799903496597,0.0
2021-03-30,0.30296266697764085,0.2385493279136258,0.13025215799653977,0.49452799903496597,0.0
2021-03-31,0.30296266697764085,0.2385493279136258,0.13025215799653977,0.49452799903496597,0.0
2021-04-01,0.30296266697764085,0.2385493279136258,0.13025215799653977,0.49452799903496597,0.0
2021-04-02,0.30296266697764085,0.2385493279136258,0.13025215799653977,0.49452799903496597,0.0
2021-04-03,0.30296266697764085,0.2385493279136258,0.13025215799653977,0.49452799903496597,0.0
2021-04-04,0.30296266697764085,0.2385493279136258,0.13025215799653977,0.49452799903496597,0.0
2021-04-05,0.30296266697764085,0.2385493279136258,0.13025215799653977,0.49452799903496597,0.0
2021-04-06,0.30296266697764085,0.2385493279136258,0.13025215799653977,0.49452799903496597,0.0
2021-04-07,0.34919196801298424,0.22957723262952215,0.11686798878633187,1.0235029850830415,-1.0
2021-04-08,0.34919196801298424,0.22957723262952215,0.11686798878633187,1.0235029850830415,-1.0
2021-04-09,0.34919196801298424,0.22957723262952215,0.11686798878633187,1.0235029850830415,-1.0
2021-04-10,0.34919196801298424,0.22957723262952215,0.11686798878633187,1.0235029850830415,-1.0
2021-04-11,0.34919196801298424,0.22957723262952215,0.11686798878633187,1.0235029850830415,-1.0
2021-04-12,0.34919196801298424,0.22957723262952215,0.11686798878633187,1.0235029850830415,-1.0
2021-04-13,0.34919196801298424,0.22957723262952215,0.11686798878633187,1.0235029850830415,-1.0
2021-04-14,0.34919196801298424,0.22957723262952215,0.11686798878633187,1.0235029850830415,-1.0
2021-04-15,0.34919196801298424,0.22957723262952215,0.11686798878633187,1.0235029850830415,-1.0
2021-04-16,0.34919196801298424,0.22957723262952215,0.11686798878633187,1.0235029850830415,-1.0
2021-04-17,0.34919196801298424,0.22957723262952215,0.11686798878633187,1.0235029850830415,-1.0
2021-04-18,0.34919196801298424,0.22957723262952215,0.11686798878633187,1.0235029850830415,-1.0
2021-04-19,0.34919196801298424,0.22957723262952215,0.11686798878633187,1.0235029850830415,-1.0
2021-04-20,0.34919196801298424,0.22957723262952215,0.11686798878633187,1.0235029850830415,-1.0
2021-04-21,0.34919196801298424,0.22957723262952215,0.11686798878633187,1.0235029850830415,-1.0
2021-04-22,0.34919196801298424,0.22957723262952215,0.11686798878633187,1.0235029850830415,-1.0
2021-04-23,0.3737447795131334,0.23272631998605567,0.12044926899939509,1.170770571698413,-1.0
2021-04-24,0.3737447795131334,0.23272631998605567,0.12044926899939509,1.170770571698413,-1.0
2021-04-25,0.3737447795131334,0.23272631998605567,0.12044926899939509,1.170770571698413,-1.0
2021-04-26,0.3737447795131334,0.23272631998605567,0.12044926899939509,1.170770571698413,-1.0
2021-04-27,0.3737447795131334,0.23272631998605567,0.12044926899939509,1.170770571698413,-1.0
2021-04-28,0.3737447795131334,0.23272631998605567,0.12044926899939509,1.170770571698413,-1.0
2021-04-29,0.3737447795131334,0.23272631998605567,0.12044926899939509,1.170770571698413,-1.0
2021-04-30,0.3737447795131334,0.23272631998605567,0.12044926899939509,1.170770571698413,-1.0
2021-05-01,0.3737447795131334,0.23272631998605567,0.12044926899939509,1.170770571698413,-1.0
2021-05-02,0.3737447795131334,0.23272631998605567,0.12044926899939509,1.170770571698413,-1.0
2021-05-03,0.3737447795131334,0.23272631998605567,0.12044926899939509,1.170770571698413,-1.0
2021-05-04,0.3737447795131334,0.23272631998605567,0.12044926899939509,1.170770571698413,-1.0
2021-05-05,0.3737447795131334,0.23272631998605567,0.12044926899939509,1.170770571698413,-1.0
2021-05-06,0.3737447795131334,0.23272631998605567,0.12044926899939509,1.170770571698413,-1.0
2021-05-07,0.3737447795131334,0.23272631998605567,0.12044926899939509,1.170770571698413,-1.0
2021-05-08,0.3737447795131334,0.23272631998605567,0.12044926899939509,1.170770571698413,-1.0
2021-05-09,0.40992565171765466,0.23599610740953944,0.12498222215822517,1.3916342764967295,-1.0
2021-05-10,0.40992565171765466,0.23599610740953944,0.12498222215822517,1.3916342764967295,-1.0
2021-05-11,0.40992565171765466,0.23599610740953944,0.12498222215822517,1.3916342764967295,-1.0
2021-05-12,0.40992565171765466,0.23599610740953944,0.12498222215822517,1.3916342764967295,-1.0
2021-05-13,0.40992565171765466,0.23599610740953944,0.12498222215822517,1.3916342764967295,-1.0
2021-05-14,0.40992565171765466,0.23599610740953944,0.12498222215822517,1.3916342764967295,-1.0
2021-05-15,0.40992565171765466,0.23599610740953944,0.12498222215822517,1.3916342764967295,-1.0
2021-05-16,0.40992565171765466,0.23599610740953944,0.12498222215822517,1.3916342764967295,-1.0
2021-05-17,0.40992565171765466,0.23599610740953944,0.12498222215822517,1.3916342764967295,-1.0
2021-05-18,0.40992565171765466,0.23599610740953944,0.12498222215822517,1.3916342764967295,-1.0
2021-05-19,0.40992565171765466,0.23599610740953944,0.12498222215822517,1.3916342764967295,-1.0
2021-05-20,0.40992565171765466,0.23599610740953944,0.12498222215822517,1.3916342764967295,-1.0
2021-05-21,0.40992565171765466,0.23599610740953944,0.12498222215822517,1.3916342764967295,-1.0
2021-05-22,0.40992565171765466,0.23599610740953944,0.12498222215822517,1.3916342764967295,-1.0
2021-05-23,0.40992565171765466,0.23599610740953944,0.12498222215822517,1.3916342764967295,-1.0
2021-05-24,0.40992565171765466,0.23599610740953944,0.12498222215822517,1.3916342764967295,-1.0
2021-05-25,0.5180355924817159,0.2533158750635844,0.14840568354125844,1.78375727331586,-1.0
2021-05-26,0.5180355924817159,0.2533158750635844,0.14840568354125844,1.78375727331586,-1.0
2021-05-27,0.5180355924817159,0.2533158750635844,0.14840568354125844,1.78375727331586,-1.0
2021-05-28,0.5180355924817159,0.2533158750635844,0.14840568354125844,1.78375727331586,-1.0
2021-05-29,0.5180355924817159,0.2533158750635844,0.14840568354125844,1.78375727331586,-1.0
2021-05-30,0.5180355924817159,0.2533158750635844,0.14840568354125844,1.78375727331586,-1.0
2021-05-31,0.5180355924817159,0.2533158750635844,0.14840568354125844,1.78375727331586,-1.0
2021-06-01,0.5180355924817159,0.2533158750635844,0.14840568354125844,1.78375727331586,-1.0
2021-06-02,0.5180355924817159,0.2533158750635844,0.14840568354125844,1.78375727331586,-1.0
2021-06-03,0.5180355924817159,0.2533158750635844,0.14840568354125844,1.78375727331586,-1.0
2021-06-04,0.5180355924817159,0.2533158750635844,0.14840568354125844,1.78375727331586,-1.0
2021-06-05,0.5180355924817159,0.2533158750635844,0.14840568354125844,1.78375727331586,-1.0
2021-06-06,0.5180355924817159,0.2533158750635844,0.14840568354125844,1.78375727331586,-1.0
2021-06-07,0.5180355924817159,0.2533158750635844,0.14840568354125844,1.78375727331586,-1.0
2021-06-08,0.5180355924817159,0.2533158750635844,0.14840568354125844,1.78375727331586,-1.0
2021-06-09,0.5180355924817159,0.2533158750635844,0.14840568354125844,1.78375727331586,-1.0
2021-06-10,0.5804050368188726,0.2767701115153623,0.17595711372639664,1.7256189242547215,-1.0
2021-06-11,0.5804050368188726,0.2767701115153623,0.17595711372639664,1.7256189242547215,-1.0
2021-06-12,0.5804050368188726,0.2767701115153623,0.17595711372639664,1.7256189242547215,-1.0
2021-06-13,0.5804050368188726,0.2767701115153623,0.17595711372639664,1.7256189242547215,-1.0
2021-06-14,0.5804050368188726,0.2767701115153623,0.17595711372639664,1.7256189242547215,-1.0
2021-06-15,0.5804050368188726,0.2767701115153623,0.17595711372639664,1.7256189242547215,-1.0
2021-06-16,0.5804050368188726,0.2767701115153623,0.17595711372639664,1.7256189242547215,-1.0
2021-06-17,0.5804050368188726,0.2767701115153623,0.17595711372639664,1.7256189242547215,-1.0
2021-06-18,0.5804050368188726,0.2767701115153623,0.17595711372639664,1.7256189242547215,-1.0
2021-06-19,0.5804050368188726,0.2767701115153623,0.17595711372639664,1.7256189242547215,-1.0
2021-06-20,0.5804050368188726,0.2767701115153623,0.17595711372639664,1.7256189242547215,-1.0
2021-06-21,0.5804050368188726,0.2767701115153623,0.17595711372639664,1.7256189242547215,-1.0
2021-06-22,0.5804050368188726,0.2767701115153623,0.17595711372639664,1.7256189242547215,-1.0
2021-06-23,0.5804050368188726,0.2767701115153623,0.17595711372639664,1.7256189242547215,-1.0
2021-06-24,0.5804050368188726,0.2767701115153623,0.17595711372639664,1.7256189242547215,-1.0
2021-06-25,0.5804050368188726,0.2767701115153623,0.17595711372639664,1.7256189242547215,-1.0
2021-06-26,0.7045100068739825,0.3210655904280315,0.21088787507956203,1.81823832357023,-1.0
2021-06-27,0.7045100068739825,0.3210655904280315,0.21088787507956203,1.81823832357023,-1.0
2021-06-28,0.7045100068739825,0.3210655904280315,0.21088787507956203,1.81823832357023,-1.0
2021-06-29,0.7045100068739825,0.3210655904280315,0.21088787507956203,1.81823832357023,-1.0
2021-06-30,0.7045100068739825,0.3210655904280315,0.21088787507956203,1.81823832357023,-1.0
2021-07-01,0.7045100068739825,0.3210655904280315,0.21088787507956203,1.81823832357023,-1.0
2021-07-02,0.7045100068739825,0.3210655904280315,0.21088787507956203,1.81823832357023,-1.0
2021-07-03,0.7045100068739825,0.3210655904280315,0.21088787507956203,1.81823832357023,-1.0
2021-07-04,0.7045100068739825,0.3210655904280315,0.21088787507956203,1.81823832357023,-1.0
2021-07-05,0.7045100068739825,0.3210655904280315,0.21088787507956203,1.81823832357023,-1.0
2021-07-06,0.7045100068739825,0.3210655904280315,0.21088787507956203,1.81823832357023,-1.0
2021-07-07,0.7045100068739825,0.3210655904280315,0.21088787507956203,1.81823832357023,-1.0
2021-07-08,0.7045100068739825,0.3210655904280315,0.21088787507956203,1.81823832357023,-1.0
2021-07-09,0.7045100068739825,0.3210655904280315,0.21088787507956203,1.81823832357023,-1.0
2021-07-10,0.7045100068739825,0.3210655904280315,0.21088787507956203,1.81823832357023,-1.0
2021-07-11,0.7045100068739825,0.3210655904280315,0.21088787507956203,1.81823832357023,-1.0
2021-07-12,0.7282206622093743,0.37417915994445233,0.22726389902706404,1.5578431232615633,-1.0
2021-07-13,0.7282206622093743,0.37417915994445233,0.22726389902706404,1.5578431232615633,-1.0
2021-07-14,0.7282206622093743,0.37417915994445233,0.22726389902706404,1.5578431232615633,-1.0
2021-07-15,0.7282206622093743,0.37417915994445233,0.22726389902706404,1.5578431232615633,-1.0
2021-07-16,0.7282206622093743,0.37417915994445233,0.22726389902706404,1.5578431232615633,-1.0
2021-07-17,0.7282206622093743,0.37417915994445233,0.22726389902706404,1.5578431232615633,-1.0
2021-07-18,0.7282206622093743,0.37417915994445233,0.22726389902706404,1.5578431232615633,-1.0
2021-07-19,0.7282206622093743,0.37417915994445233,0.22726389902706404,1.5578431232615633,-1.0
2021-07-20,0.7282206622093743,0.37417915994445233,0.22726389902706404,1.5578431232615633,-1.0
2021-07-21,0.7282206622093743,0.37417915994445233,0.22726389902706404,1.5578431232615633,-1.0
2021-07-22,0.7282206622093743,0.37417915994445233,0.22726389902706404,1.5578431232615633,-1.0
2021-07-23,0.7282206622093743,0.37417915994445233,0.22726389902706404,1.5578431232615633,-1.0
2021-07-24,0.7282206622093743,0.37417915994445233,0.22726389902706404,1.5578431232615633,-1.0
2021-07-25,0.7282206622093743,0.37417915994445233,0.22726389902706404,1.5578431232615633,-1.0
2021-07-26,0.7282206622093743,0.37417915994445233,0.22726389902706404,1.5578431232615633,-1.0
2021-07-27,0.7282206622093743,0.37417915994445233,0.22726389902706404,1.5578431232615633,-1.0
2021-07-28,0.7156761268748015,0.426343598227307,0.2278710863231561,1.2697202322420875,-1.0
2021-07-29,0.7156761268748015,0.426343598227307,0.2278710863231561,1.2697202322420875,-1.0
2021-07-30,0.7156761268748015,0.426343598227307,0.2278710863231561,1.2697202322420875,-1.0
2021-07-31,0.7156761268748015,0.426343598227307,0.2278710863231561,1.2697202322420875,-1.0
2021-08-01,0.7156761268748015,0.426343598227307,0.2278710863231561,1.2697202322420875,-1.0
2021-08-02,0.7156761268748015,0.426343598227307,0.2278710863231561,1.2697202322420875,-1.0
2021-08-03,0.7156761268748015,0.426343598227307,0.2278710863231561,1.2697202322420875,-1.0
2021-08-04,0.7156761268748015,0.426343598227307,0.2278710863231561,1.2697202322420875,-1.0
2021-08-05,0.7156761268748015,0.426343598227307,0.2278710863231561,1.2697202322420875,-1.0
2021-08-06,0.7156761268748015,0.426343598227307,0.2278710863231561,1.2697202322420875,-1.0
2021-08-07,0.7156761268748015,0.426343598227307,0.2278710863231561,1.2697202322420875,-1.0
2021-08-08,0.7156761268748015,0.426343598227307,0.2278710863231561,1.2697202322420875,-1.0
2021-08-09,0.7156761268748015,0.426343598227307,0.2278710863231561,1.2697202322420875,-1.0
2021-08-10,0.7156761268748015,0.426343598227307,0.2278710863231561,1.2697202322420875,-1.0
2021-08-11,0.7156761268748015,0.426343598227307,0.2278710863231561,1.2697202322420875,-1.0
2021-08-12,0.7156761268748015,0.426343598227307,0.2278710863231561,1.2697202322420875,-1.0
2021-08-13,0.707681297047366,0.4816810557200122,0.20607000732720474,1.096715840692446,-1.0
2021-08-14,0.707681297047366,0.4816810557200122,0.20607000732720474,1.096715840692446,-1.0
2021-08-15,0.707681297047366,0.4816810557200122,0.20607000732720474,1.096715840692446,-1.0
2021-08-16,0.707681297047366,0.4816810557200122,0.20607000732720474,1.096715840692446,-1.0
2021-08-17,0.707681297047366,0.4816810557200122,0.20607000732720474,1.096715840692446,-1.0
2021-08-18,0.707681297047366,0.4816810557200122,0.20607000732720474,1.096715840692446,-1.0
2021-08-19,0.707681297047366,0.4816810557200122,0.20607000732720474,1.096715840692446,-1.0
2021-08-20,0.707681297047366,0.4816810557200122,0.20607000732720474,1.096715840692446,-1.0
2021-08-21,0.707681297047366,0.4816810557200122,0.20607000732720474,1.096715840692446,-1.0
2021-08-22,0.707681297047366,0.4816810557200122,0.20607000732720474,1.096715840692446,-1.0
2021-08-23,0.707681297047366,0.4816810557200122,0.20607000732720474,1.096715840692446,-1.0
2021-08-24,0.707681297047366,0.4816810557200122,0.20607000732720474,1.096715840692446,-1.0
2021-08-25,0.707681297047366,0.4816810557200122,0.20607000732720474,1.096715840692446,-1.0
2021-08-26,0.707681297047366,0.4816810557200122,0.20607000732720474,1.096715840692446,-1.0
2021-08-27,0.707681297047366,0.4816810557200122,0.20607000732720474,1.096715840692446,-1.0
2021-08-28,0.707681297047366,0.4816810557200122,0.20607000732720474,1.096715840692446,-1.0
2021-08-29,0.6833507043996587,0.5279784864876909,0.18010544349336557,0.8626736366116065,0.0
2021-08-30,0.6833507043996587,0.5279784864876909,0.18010544349336557,0.8626736366116065,0.0
2021-08-31,0.6833507043996587,0.5279784864876909,0.18010544349336557,0.8626736366116065,0.0
2021-09-01,0.6833507043996587,0.5279784864876909,0.18010544349336557,0.8626736366116065,0.0
2021-09-02,0.6833507043996587,0.5279784864876909,0.18010544349336557,0.8626736366116065,0.0
2021-09-03,0.6833507043996587,0.5279784864876909,0.18010544349336557,0.8626736366116065,0.0
2021-09-04,0.6833507043996587,0.5279784864876909,0.18010544349336557,0.8626736366116065,0.0
2021-09-05,0.6833507043996587,0.5279784864876909,0.18010544349336557,0.8626736366116065,0.0
2021-09-06,0.6833507043996587,0.5279784864876909,0.18010544349336557,0.8626736366116065,0.0
2021-09-07,0.6833507043996587,0.5279784864876909,0.18010544349336557,0.8626736366116065,0.0
2021-09-08,0.6833507043996587,0.5279784864876909,0.18010544349336557,0.8626736366116065,0.0
2021-09-09,0.6833507043996587,0.5279784864876909,0.18010544349336557,0.8626736366116065,0.0
2021-09-10,0.6833507043996587,0.5279784864876909,0.18010544349336557,0.8626736366116065,0.0
2021-09-11,0.6833507043996587,0.5279784864876909,0.18010544349336557,0.8626736366116065,0.0
2021-09-12,0.6833507043996587,0.5279784864876909,0.18010544349336557,0.8626736366116065,0.0
2021-09-13,0.6833507043996587,0.5279784864876909,0.18010544349336557,0.8626736366116065,0.0
2021-09-14,0.5929891441669671,0.5555578030911793,0.15988403437260307,0.23411556521369514,0.0
2021-09-15,0.5929891441669671,0.5555578030911793,0.15988403437260307,0.23411556521369514,0.0
2021-09-16,0.5929891441669671,0.5555578030911793,0.15988403437260307,0.23411556521369514,0.0
2021-09-17,0.5929891441669671,0.5555578030911793,0.15988403437260307,0.23411556521369514,0.0
2021-09-18,0.5929891441669671,0.5555578030911793,0.15988403437260307,0.23411556521369514,0.0
2021-09-19,0.5929891441669671,0.5555578030911793,0.15988403437260307,0.23411556521369514,0.0
2021-09-20,0.5929891441669671,0.5555578030911793,0.15988403437260307,0.23411556521369514,0.0
2021-09-21,0.5929891441669671,0.5555578030911793,0.15988403437260307,0.23411556521369514,0.0
2021-09-22,0.5929891441669671,0.5555578030911793,0.15988403437260307,0.23411556521369514,0.0
2021-09-23,0.5929891441669671,0.5555578030911793,0.15988403437260307,0.23411556521369514,0.0
2021-09-24,0.5929891441669671,0.5555578030911793,0.15988403437260307,0.23411556521369514,0.0
2021-09-25,0.5929891441669671,0.5555578030911793,0.15988403437260307,0.23411556521369514,0.0
2021-09-26,0.5929891441669671,0.5555578030911793,0.15988403437260307,0.23411556521369514,0.0
2021-09-27,0.5929891441669671,0.5555578030911793,0.15988403437260307,0.23411556521369514,0.0
2021-09-28,0.5929891441669671,0.5555578030911793,0.15988403437260307,0.23411556521369514,0.0
2021-09-29,0.5929891441669671,0.5555578030911793,0.15988403437260307,0.23411556521369514,0.0
2021-09-30,0.484022091951966,0.5706460885057064,0.14134841794748637,-0.6128402270899338,0.0
2021-10-01,0.484022091951966,0.5706460885057064,0.14134841794748637,-0.6128402270899338,0.0
2021-10-02,0.484022091951966,0.5706460885057064,0.14134841794748637,-0.6128402270899338,0.0
2021-10-03,0.484022091951966,0.5706460885057064,0.14134841794748637,-0.6128402270899338,0.0
2021-10-04,0.484022091951966,0.5706460885057064,0.14134841794748637,-0.6128402270899338,0.0
2021-10-05,0.484022091951966,0.5706460885057064,0.14134841794748637,-0.6128402270899338,0.0
2021-10-06,0.484022091951966,0.5706460885057064,0.14134841794748637,-0.6128402270899338,0.0
2021-10-07,0.484022091951966,0.5706460885057064,0.14134841794748637,-0.6128402270899338,0.0
2021-10-08,0.484022091951966,0.5706460885057064,0.14134841794748637,-0.6128402270899338,0.0
2021-10-09,0.484022091951966,0.5706460885057064,0.14134841794748637,-0.6128402270899338,0.0
2021-10-10,0.484022091951966,0.5706460885057064,0.14134841794748637,-0.6128402270899338,0.0
2021-10-11,0.484022091951966,0.5706460885057064,0.14134841794748637,-0.6128402270899338,0.0
2021-10-12,0.484022091951966,0.5706460885057064,0.14134841794748637,-0.6128402270899338,0.0
2021-10-13,0.484022091951966,0.5706460885057064,0.14134841794748637,-0.6128402270899338,0.0
2021-10-14,0.484022091951966,0.5706460885057064,0.14134841794748637,-0.6128402270899338,0.0
2021-10-15,0.484022091951966,0.5706460885057064,0.14134841794748637,-0.6128402270899338,0.0
2021-10-16,0.45740063090407346,0.5796634770799639,0.1288339221431426,-0.9489957624673472,0.0
2021-10-17,0.45740063090407346,0.5796634770799639,0.1288339221431426,-0.9489957624673472,0.0
2021-10-18,0.45740063090407346,0.5796634770799639,0.1288339221431426,-0.9489957624673472,0.0
2021-10-19,0.45740063090407346,0.5796634770799639,0.1288339221431426,-0.9489957624673472,0.0
2021-10-20,0.45740063090407346,0.5796634770799639,0.1288339221431426,-0.9489957624673472,0.0
2021-10-21,0.45740063090407346,0.5796634770799639,0.1288339221431426,-0.9489957624673472,0.0
2021-10-22,0.45740063090407346,0.5796634770799639,0.1288339221431426,-0.9489957624673472,0.0
2021-10-23,0.45740063090407346,0.5796634770799639,0.1288339221431426,-0.9489957624673472,0.0
2021-10-24,0.45740063090407346,0.5796634770799639,0.1288339221431426,-0.9489957624673472,0.0
2021-10-25,0.45740063090407346,0.5796634770799639,0.1288339221431426,-0.9489957624673472,0.0
2021-10-26,0.45740063090407346,0.5796634770799639,0.1288339221431426,-0.9489957624673472,0.0
2021-10-27,0.45740063090407346,0.5796634770799639,0.1288339221431426,-0.9489957624673472,0.0
2021-10-28,0.45740063090407346,0.5796634770799639,0.1288339221431426,-0.9489957624673472,0.0
2021-10-29,0.45740063090407346,0.5796634770799639,0.1288339221431426,-0.9489957624673472,0.0
2021-10-30,0.45740063090407346,0.5796634770799639,0.1288339221431426,-0.9489957624673472,0.0
2021-10-31,0.45740063090407346,0.5796634770799639,0.1288339221431426,-0.9489957624673472,0.0
2021-11-01,0.4037571032221904,0.5821645040557186,0.12469798247533487,-1.4307160171482087,1.0
2021-11-02,0.4037571032221904,0.5821645040557186,0.12469798247533487,-1.4307160171482087,1.0
2021-11-03,0.4037571032221904,0.5821645040557186,0.12469798247533487,-1.4307160171482087,1.0
2021-11-04,0.4037571032221904,0.5821645040557186,0.12469798247533487,-1.4307160171482087,1.0
2021-11-05,0.4037571032221904,0.5821645040557186,0.12469798247533487,-1.4307160171482087,1.0
2021-11-06,0.4037571032221904,0.5821645040557186,0.12469798247533487,-1.4307160171482087,1.0
2021-11-07,0.4037571032221904,0.5821645040557186,0.12469798247533487,-1.4307160171482087,1.0
2021-11-08,0.4037571032221904,0.5821645040557186,0.12469798247533487,-1.4307160171482087,1.0
2021-11-09,0.4037571032221904,0.5821645040557186,0.12469798247533487,-1.4307160171482087,1.0
2021-11-10,0.4037571032221904,0.5821645040557186,0.12469798247533487,-1.4307160171482087,1.0
2021-11-11,0.4037571032221904,0.5821645040557186,0.12469798247533487,-1.4307160171482087,1.0
2021-11-12,0.4037571032221904,0.5821645040557186,0.12469798247533487,-1.4307160171482087,1.0
2021-11-13,0.4037571032221904,0.5821645040557186,0.12469798247533487,-1.4307160171482087,1.0
2021-11-14,0.4037571032221904,0.5821645040557186,0.12469798247533487,-1.4307160171482087,1.0
2021-11-15,0.4037571032221904,0.5821645040557186,0.12469798247533487,-1.4307160171482087,1.0
2021-11-16,0.4037571032221904,0.5821645040557186,0.12469798247533487,-1.4307160171482087,1.0
2021-11-17,0.3098343745222672,0.5738235642894363,0.13971011450674445,-1.889549591303392,1.0
2021-11-18,0.3098343745222672,0.5738235642894363,0.13971011450674445,-1.889549591303392,1.0
2021-11-19,0.3098343745222672,0.5738235642894363,0.13971011450674445,-1.889549591303392,1.0
2021-11-20,0.3098343745222672,0.5738235642894363,0.13971011450674445,-1.889549591303392,1.0
2021-11-21,0.3098343745222672,0.5738235642894363,0.13971011450674445,-1.889549591303392,1.0
2021-11-22,0.3098343745222672,0.5738235642894363,0.13971011450674445,-1.889549591303392,1.0
2021-11-23,0.3098343745222672,0.5738235642894363,0.13971011450674445,-1.889549591303392,1.0
2021-11-24,0.3098343745222672,0.5738235642894363,0.13971011450674445,-1.889549591303392,1.0
2021-11-25,0.3098343745222672,0.5738235642894363,0.13971011450674445,-1.889549591303392,1.0
2021-11-26,0.3098343745222672,0.5738235642894363,0.13971011450674445,-1.889549591303392,1.0
2021-11-27,0.3098343745222672,0.5738235642894363,0.13971011450674445,-1.889549591303392,1.0
2021-11-28,0.3098343745222672,0.5738235642894363,0.13971011450674445,-1.889549591303392,1.0
2021-11-29,0.3098343745222672,0.5738235642894363,0.13971011450674445,-1.889549591303392,1.0
2021-11-30,0.3098343745222672,0.5738235642894363,0.13971011450674445,-1.889549591303392,1.0
2021-12-01,0.3098343745222672,0.5738235642894363,0.13971011450674445,-1.889549591303392,1.0
2021-12-02,0.3098343745222672,0.5738235642894363,0.13971011450674445,-1.889549591303392,1.0
2021-12-03,0.21368933864326314,0.5484613764695653,0.17414036994270107,-1.9224263617704218,1.0
2021-12-04,0.21368933864326314,0.5484613764695653,0.17414036994270107,-1.9224263617704218,1.0
2021-12-05,0.21368933864326314,0.5484613764695653,0.17414036994270107,-1.9224263617704218,1.0
2021-12-06,0.21368933864326314,0.5484613764695653,0.17414036994270107,-1.9224263617704218,1.0
2021-12-07,0.21368933864326314,0.5484613764695653,0.17414036994270107,-1.9224263617704218,1.0
2021-12-08,0.21368933864326314,0.5484613764695653,0.17414036994270107,-1.9224263617704218,1.0
2021-12-09,0.21368933864326314,0.5484613764695653,0.17414036994270107,-1.9224263617704218,1.0
2021-12-10,0.21368933864326314,0.5484613764695653,0.17414036994270107,-1.9224263617704218,1.0
2021-12-11,0.21368933864326314,0.5484613764695653,0.17414036994270107,-1.9224263617704218,1.0
2021-12-12,0.21368933864326314,0.5484613764695653,0.17414036994270107,-1.9224263617704218,1.0
2021-12-13,0.21368933864326314,0.5484613764695653,0.17414036994270107,-1.9224263617704218,1.0
2021-12-14,0.21368933864326314,0.5484613764695653,0.17414036994270107,-1.9224263617704218,1.0
2021-12-15,0.21368933864326314,0.5484613764695653,0.17414036994270107,-1.9224263617704218,1.0
2021-12-16,0.21368933864326314,0.5484613764695653,0.17414036994270107,-1.9224263617704218,1.0
2021-12-17,0.21368933864326314,0.5484613764695653,0.17414036994270107,-1.9224263617704218,1.0
2021-12-18,0.21368933864326314,0.5484613764695653,0.17414036994270107,-1.9224263617704218,1.0
2021-12-19,0.1695801123088551,0.5142259660937305,0.2049477556251997,-1.681627850636969,1.0
2021-12-20,0.1695801123088551,0.5142259660937305,0.2049477556251997,-1.681627850636969,1.0
2021-12-21,0.1695801123088551,0.5142259660937305,0.2049477556251997,-1.681627850636969,1.0
2021-12-22,0.1695801123088551,0.5142259660937305,0.2049477556251997,-1.681627850636969,1.0
2021-12-23,0.1695801123088551,0.5142259660937305,0.2049477556251997,-1.681627850636969,1.0
2021-12-24,0.1695801123088551,0.5142259660937305,0.2049477556251997,-1.681627850636969,1.0
2021-12-25,0.1695801123088551,0.5142259660937305,0.2049477556251997,-1.681627850636969,1.0
2021-12-26,0.1695801123088551,0.5142259660937305,0.2049477556251997,-1.681627850636969,1.0
2021-12-27,0.1695801123088551,0.5142259660937305,0.2049477556251997,-1.681627850636969,1.0
2021-12-28,0.1695801123088551,0.5142259660937305,0.2049477556251997,-1.681627850636969,1.0
2021-12-29,0.1695801123088551,0.5142259660937305,0.2049477556251997,-1.681627850636969,1.0
2021-12-30,0.1695801123088551,0.5142259660937305,0.2049477556251997,-1.681627850636969,1.0
2021-12-31,0.1695801123088551,0.5142259660937305,0.2049477556251997,-1.681627850636969,1.0
2022-01-01,0.08495814057048308,0.46259664390177213,0.22925079851703026,-1.6472723574973092,1.0
2022-01-02,0.08495814057048308,0.46259664390177213,0.22925079851703026,-1.6472723574973092,1.0
2022-01-03,0.08495814057048308,0.46259664390177213,0.22925079851703026,-1.6472723574973092,1.0
2022-01-04,0.08495814057048308,0.46259664390177213,0.22925079851703026,-1.6472723574973092,1.0
2022-01-05,0.08495814057048308,0.46259664390177213,0.22925079851703026,-1.6472723574973092,1.0
2022-01-06,0.08495814057048308,0.46259664390177213,0.22925079851703026,-1.6472723574973092,1.0
2022-01-07,0.08495814057048308,0.46259664390177213,0.22925079851703026,-1.6472723574973092,1.0
2022-01-08,0.08495814057048308,0.46259664390177213,0.22925079851703026,-1.6472723574973092,1.0
2022-01-09,0.08495814057048308,0.46259664390177213,0.22925079851703026,-1.6472723574973092,1.0
2022-01-10,0.08495814057048308,0.46259664390177213,0.22925079851703026,-1.6472723574973092,1.0
2022-01-11,0.08495814057048308,0.46259664390177213,0.22925079851703026,-1.6472723574973092,1.0
2022-01-12,0.08495814057048308,0.46259664390177213,0.22925079851703026,-1.6472723574973092,1.0
2022-01-13,0.08495814057048308,0.46259664390177213,0.22925079851703026,-1.6472723574973092,1.0
2022-01-14,0.08495814057048308,0.46259664390177213,0.22925079851703026,-1.6472723574973092,1.0
2022-01-15,0.08495814057048308,0.46259664390177213,0.22925079851703026,-1.6472723574973092,1.0
2022-01-16,0.08495814057048308,0.46259664390177213,0.22925079851703026,-1.6472723574973092,1.0
2022-01-17,0.04898529942059909,0.4059936970027076,0.24124425887420364,-1.4798627716495,1.0
2022-01-18,0.04898529942059909,0.4059936970027076,0.24124425887420364,-1.4798627716495,1.0
2022-01-19,0.04898529942059909,0.4059936970027076,0.24124425887420364,-1.4798627716495,1.0
2022-01-20,0.04898529942059909,0.4059936970027076,0.24124425887420364,-1.4798627716495,1.0
2022-01-21,0.04898529942059909,0.4059936970027076,0.24124425887420364,-1.4798627716495,1.0
2022-01-22,0.04898529942059909,0.4059936970027076,0.24124425887420364,-1.4798627716495,1.0
2022-01-23,0.04898529942059909,0.4059936970027076,0.24124425887420364,-1.4798627716495,1.0
2022-01-24,0.04898529942059909,0.4059936970027076,0.24124425887420364,-1.4798627716495,1.0
2022-01-25,0.04898529942059909,0.4059936970027076,0.24124425887420364,-1.4798627716495,1.0
2022-01-26,0.04898529942059909,0.4059936970027076,0.24124425887420364,-1.4798627716495,1.0
2022-01-27,0.04898529942059909,0.4059936970027076,0.24124425887420364,-1.4798627716495,1.0
2022-01-28,0.04898529942059909,0.4059936970027076,0.24124425887420364,-1.4798627716495,1.0
2022-01-29,0.04898529942059909,0.4059936970027076,0.24124425887420364,-1.4798627716495,1.0
2022-01-30,0.04898529942059909,0.4059936970027076,0.24124425887420364,-1.4798627716495,1.0
2022-01-31,0.04898529942059909,0.4059936970027076,0.24124425887420364,-1.4798627716495,1.0
2022-02-01,0.04898529942059909,0.4059936970027076,0.24124425887420364,-1.4798627716495,1.0
2022-02-02,0.046130075356352565,0.3501981927095035,0.24053494852068838,-1.2641327974300502,1.0
2022-02-03,0.046130075356352565,0.3501981927095035,0.24053494852068838,-1.2641327974300502,1.0
2022-02-04,0.046130075356352565,0.3501981927095035,0.24053494852068838,-1.2641327974300502,1.0
2022-02-05,0.046130075356352565,0.3501981927095035,0.24053494852068838,-1.2641327974300502,1.0
2022-02-06,0.046130075356352565,0.3501981927095035,0.24053494852068838,-1.2641327974300502,1.0
2022-02-07,0.046130075356352565,0.3501981927095035,0.24053494852068838,-1.2641327974300502,1.0
2022-02-08,0.046130075356352565,0.3501981927095035,0.24053494852068838,-1.2641327974300502,1.0
2022-02-09,0.046130075356352565,0.3501981927095035,0.24053494852068838,-1.2641327974300502,1.0
2022-02-10,0.046130075356352565,0.3501981927095035,0.24053494852068838,-1.2641327974300502,1.0
2022-02-11,0.046130075356352565,0.3501981927095035,0.24053494852068838,-1.2641327974300502,1.0
2022-02-12,0.046130075356352565,0.3501981927095035,0.24053494852068838,-1.2641327974300502,1.0
2022-02-13,0.046130075356352565,0.3501981927095035,0.24053494852068838,-1.2641327974300502,1.0
2022-02-14,0.046130075356352565,0.3501981927095035,0.24053494852068838,-1.2641327974300502,1.0
2022-02-15,0.046130075356352565,0.3501981927095035,0.24053494852068838,-1.2641327974300502,1.0
2022-02-16,0.046130075356352565,0.3501981927095035,0.24053494852068838,-1.2641327974300502,1.0
2022-02-17,0.046130075356352565,0.3501981927095035,0.24053494852068838,-1.2641327974300502,1.0
2022-02-18,0.09683311738961181,0.29929417773802397,0.22191987552443165,-0.912316032396669,0.0
2022-02-19,0.09683311738961181,0.29929417773802397,0.22191987552443165,-0.912316032396669,0.0
2022-02-20,0.09683311738961181,0.29929417773802397,0.22191987552443165,-0.912316032396669,0.0
2022-02-21,0.09683311738961181,0.29929417773802397,0.22191987552443165,-0.912316032396669,0.0
2022-02-22,0.09683311738961181,0.29929417773802397,0.22191987552443165,-0.912316032396669,0.0
2022-02-23,0.09683311738961181,0.29929417773802397,0.22191987552443165,-0.912316032396669,0.0
2022-02-24,0.09683311738961181,0.29929417773802397,0.22191987552443165,-0.912316032396669,0.0
2022-02-25,0.09683311738961181,0.29929417773802397,0.22191987552443165,-0.912316032396669,0.0
2022-02-26,0.09683311738961181,0.29929417773802397,0.22191987552443165,-0.912316032396669,0.0
2022-02-27,0.09683311738961181,0.29929417773802397,0.22191987552443165,-0.912316032396669,0.0
2022-02-28,0.09683311738961181,0.29929417773802397,0.22191987552443165,-0.912316032396669,0.0
2022-03-01,0.09683311738961181,0.29929417773802397,0.22191987552443165,-0.912316032396669,0.0
2022-03-02,0.09683311738961181,0.29929417773802397,0.22191987552443165,-0.912316032396669,0.0
2022-03-03,0.09683311738961181,0.29929417773802397,0.22191987552443165,-0.912316032396669,0.0
2022-03-04,0.09683311738961181,0.29929417773802397,0.22191987552443165,-0.912316032396669,0.0
2022-03-05,0.09683311738961181,0.29929417773802397,0.22191987552443165,-0.912316032396669,0.0
2022-03-06,0.17725522477915778,0.25711955443631557,0.1877576888247133,-0.4253585041287842,0.0
2022-03-07,0.17725522477915778,0.25711955443631557,0.1877576888247133,-0.4253585041287842,0.0
2022-03-08,0.17725522477915778,0.25711955443631557,0.1877576888247133,-0.4253585041287842,0.0
2022-03-09,0.17725522477915778,0.25711955443631557,0.1877576888247133,-0.4253585041287842,0.0
2022-03-10,0.17725522477915778,0.25711955443631557,0.1877576888247133,-0.4253585041287842,0.0
2022-03-11,0.17725522477915778,0.25711955443631557,0.1877576888247133,-0.4253585041287842,0.0
2022-03-12,0.17725522477915778,0.25711955443631557,0.1877576888247133,-0.4253585041287842,0.0
2022-03-13,0.17725522477915778,0.25711955443631557,0.1877576888247133,-0.4253585041287842,0.0
2022-03-14,0.17725522477915778,0.25711955443631557,0.1877576888247133,-0.4253585041287842,0.0
2022-03-15,0.17725522477915778,0.25711955443631557,0.1877576888247133,-0.4253585041287842,0.0
2022-03-16,0.17725522477915778,0.25711955443631557,0.1877576888247133,-0.4253585041287842,0.0
2022-03-17,0.17725522477915778,0.25711955443631557,0.1877576888247133,-0.4253585041287842,0.0
2022-03-18,0.17725522477915778,0.25711955443631557,0.1877576888247133,-0.4253585041287842,0.0
2022-03-19,0.17725522477915778,0.25711955443631557,0.1877576888247133,-0.4253585041287842,0.0
2022-03-20,0.17725522477915778,0.25711955443631557,0.1877576888247133,-0.4253585041287842,0.0
2022-03-21,0.17725522477915778,0.25711955443631557,0.1877576888247133,-0.4253585041287842,0.0
2022-03-22,0.21635089781207237,0.22573303390674102,0.15515821392912718,-0.060468188290400134,0.0
2022-03-23,0.21635089781207237,0.22573303390674102,0.15515821392912718,-0.060468188290400134,0.0
2022-03-24,0.21635089781207237,0.22573303390674102,0.15515821392912718,-0.060468188290400134,0.0
2022-03-25,0.21635089781207237,0.22573303390674102,0.15515821392912718,-0.060468188290400134,0.0
2022-03-26,0.21635089781207237,0.22573303390674102,0.15515821392912718,-0.060468188290400134,0.0
2022-03-27,0.21635089781207237,0.22573303390674102,0.15515821392912718,-0.060468188290400134,0.0
2022-03-28,0.21635089781207237,0.22573303390674102,0.15515821392912718,-0.060468188290400134,0.0
2022-03-29,0.21635089781207237,0.22573303390674102,0.15515821392912718,-0.060468188290400134,0.0
2022-03-30,0.21635089781207237,0.22573303390674102,0.15515821392912718,-0.060468188290400134,0.0
2022-03-31,0.21635089781207237,0.22573303390674102,0.15515821392912718,-0.060468188290400134,0.0
2022-04-01,0.21635089781207237,0.22573303390674102,0.15515821392912718,-0.060468188290400134,0.0
2022-04-02,0.21635089781207237,0.22573303390674102,0.15515821392912718,-0.060468188290400134,0.0
2022-04-03,0.21635089781207237,0.22573303390674102,0.15515821392912718,-0.060468188290400134,0.0
2022-04-04,0.21635089781207237,0.22573303390674102,0.15515821392912718,-0.060468188290400134,0.0
2022-04-05,0.21635089781207237,0.22573303390674102,0.15515821392912718,-0.060468188290400134,0.0
2022-04-06,0.21635089781207237,0.22573303390674102,0.15515821392912718,-0.060468188290400134,0.0
2022-04-07,0.25432155121106775,0.2065913221783328,0.13298051433728345,0.3589264883701307,0.0
2022-04-08,0.25432155121106775,0.2065913221783328,0.13298051433728345,0.3589264883701307,0.0
2022-04-09,0.25432155121106775,0.2065913221783328,0.13298051433728345,0.3589264883701307,0.0
2022-04-10,0.25432155121106775,0.2065913221783328,0.13298051433728345,0.3589264883701307,0.0
2022-04-11,0.25432155121106775,0.2065913221783328,0.13298051433728345,0.3589264883701307,0.0
2022-04-12,0.25432155121106775,0.2065913221783328,0.13298051433728345,0.3589264883701307,0.0
2022-04-13,0.25432155121106775,0.2065913221783328,0.13298051433728345,0.3589264883701307,0.0
2022-04-14,0.25432155121106775,0.2065913221783328,0.13298051433728345,0.3589264883701307,0.0
2022-04-15,0.25432155121106775,0.2065913221783328,0.13298051433728345,0.3589264883701307,0.0
2022-04-16,0.25432155121106775,0.2065913221783328,0.13298051433728345,0.3589264883701307,0.0
2022-04-17,0.25432155121106775,0.2065913221783328,0.13298051433728345,0.3589264883701307,0.0
2022-04-18,0.25432155121106775,0.2065913221783328,0.13298051433728345,0.3589264883701307,0.0
2022-04-19,0.25432155121106775,0.2065913221783328,0.13298051433728345,0.3589264883701307,0.0
2022-04-20,0.25432155121106775,0.2065913221783328,0.13298051433728345,0.3589264883701307,0.0
2022-04-21,0.25432155121106775,0.2065913221783328,0.13298051433728345,0.3589264883701307,0.0
2022-04-22,0.25432155121106775,0.2065913221783328,0.13298051433728345,0.3589264883701307,0.0
2022-04-23,0.32328645899006997,0.19541514118549919,0.11431040296272416,1.118632377197277,-1.0
2022-04-24,0.32328645899006997,0.19541514118549919,0.11431040296272416,1.118632377197277,-1.0
2022-04-25,0.32328645899006997,0.19541514118549919,0.11431040296272416,1.118632377197277,-1.0
2022-04-26,0.32328645899006997,0.19541514118549919,0.11431040296272416,1.118632377197277,-1.0
2022-04-27,0.32328645899006997,0.19541514118549919,0.11431040296272416,1.118632377197277,-1.0
2022-04-28,0.32328645899006997,0.19541514118549919,0.11431040296272416,1.118632377197277,-1.0
2022-04-29,0.32328645899006997,0.19541514118549919,0.11431040296272416,1.118632377197277,-1.0
2022-04-30,0.32328645899006997,0.19541514118549919,0.11431040296272416,1.118632377197277,-1.0
2022-05-01,0.32328645899006997,0.19541514118549919,0.11431040296272416,1.118632377197277,-1.0
2022-05-02,0.32328645899006997,0.19541514118549919,0.11431040296272416,1.118632377197277,-1.0
2022-05-03,0.32328645899006997,0.19541514118549919,0.11431040296272416,1.118632377197277,-1.0
2022-05-04,0.32328645899006997,0.19541514118549919,0.11431040296272416,1.118632377197277,-1.0
2022-05-05,0.32328645899006997,0.19541514118549919,0.11431040296272416,1.118632377197277,-1.0
2022-05-06,0.32328645899006997,0.19541514118549919,0.11431040296272416,1.118632377197277,-1.0
2022-05-07,0.32328645899006997,0.19541514118549919,0.11431040296272416,1.118632377197277,-1.0
2022-05-08,0.32328645899006997,0.19541514118549919,0.11431040296272416,1.118632377197277,-1.0
2022-05-09,0.4082448330967197,0.1957891186750433,0.1150588690367907,1.846495765169937,-1.0
2022-05-10,0.4082448330967197,0.1957891186750433,0.1150588690367907,1.846495765169937,-1.0
2022-05-11,0.4082448330967197,0.1957891186750433,0.1150588690367907,1.846495765169937,-1.0
2022-05-12,0.4082448330967197,0.1957891186750433,0.1150588690367907,1.846495765169937,-1.0
2022-05-13,0.4082448330967197,0.1957891186750433,0.1150588690367907,1.846495765169937,-1.0
2022-05-14,0.4082448330967197,0.1957891186750433,0.1150588690367907,1.846495765169937,-1.0
2022-05-15,0.4082448330967197,0.1957891186750433,0.1150588690367907,1.846495765169937,-1.0
2022-05-16,0.4082448330967197,0.1957891186750433,0.1150588690367907,1.846495765169937,-1.0
2022-05-17,0.4082448330967197,0.1957891186750433,0.1150588690367907,1.846495765169937,-1.0
2022-05-18,0.4082448330967197,0.1957891186750433,0.1150588690367907,1.846495765169937,-1.0
2022-05-19,0.4082448330967197,0.1957891186750433,0.1150588690367907,1.846495765169937,-1.0
2022-05-20,0.4082448330967197,0.1957891186750433,0.1150588690367907,1.846495765169937,-1.0
2022-05-21,0.4082448330967197,0.1957891186750433,0.1150588690367907,1.846495765169937,-1.0
2022-05-22,0.4082448330967197,0.1957891186750433,0.1150588690367907,1.846495765169937,-1.0
2022-05-23,0.4082448330967197,0.1957891186750433,0.1150588690367907,1.846495765169937,-1.0
2022-05-24,0.4082448330967197,0.1957891186750433,0.1150588690367907,1.846495765169937,-1.0
2022-05-25,0.49478871300914956,0.21120198021561684,0.14115360369745297,2.009064773162783,-1.0
2022-05-26,0.49478871300914956,0.21120198021561684,0.14115360369745297,2.009064773162783,-1.0
2022-05-27,0.49478871300914956,0.21120198021561684,0.14115360369745297,2.009064773162783,-1.0
2022-05-28,0.49478871300914956,0.21120198021561684,0.14115360369745297,2.009064773162783,-1.0
2022-05-29,0.49478871300914956,0.21120198021561684,0.14115360369745297,2.009064773162783,-1.0
2022-05-30,0.49478871300914956,0.21120198021561684,0.14115360369745297,2.009064773162783,-1.0
2022-05-31,0.49478871300914956,0.21120198021561684,0.14115360369745297,2.009064773162783,-1.0
2022-06-01,0.49478871300914956,0.21120198021561684,0.14115360369745297,2.009064773162783,-1.0
2022-06-02,0.49478871300914956,0.21120198021561684,0.14115360369745297,2.009064773162783,-1.0
2022-06-03,0.49478871300914956,0.21120198021561684,0.14115360369745297,2.009064773162783,-1.0
2022-06-04,0.49478871300914956,0.21120198021561684,0.14115360369745297,2.009064773162783,-1.0
2022-06-05,0.49478871300914956,0.21120198021561684,0.14115360369745297,2.009064773162783,-1.0
2022-06-06,0.49478871300914956,0.21120198021561684,0.14115360369745297,2.009064773162783,-1.0
2022-06-07,0.49478871300914956,0.21120198021561684,0.14115360369745297,2.009064773162783,-1.0
2022-06-08,0.49478871300914956,0.21120198021561684,0.14115360369745297,2.009064773162783,-1.0
2022-06-09,0.49478871300914956,0.21120198021561684,0.14115360369745297,2.009064773162783,-1.0
2022-06-10,0.5893437991287225,0.2425065185894051,0.1784766592812034,1.943320106596399,-1.0
2022-06-11,0.5893437991287225,0.2425065185894051,0.1784766592812034,1.943320106596399,-1.0
2022-06-12,0.5893437991287225,0.2425065185894051,0.1784766592812034,1.943320106596399,-1.0
2022-06-13,0.5893437991287225,0.2425065185894051,0.1784766592812034,1.943320106596399,-1.0
2022-06-14,0.5893437991287225,0.2425065185894051,0.1784766592812034,1.943320106596399,-1.0
2022-06-15,0.5893437991287225,0.2425065185894051,0.1784766592812034,1.943320106596399,-1.0
2022-06-16,0.5893437991287225,0.2425065185894051,0.1784766592812034,1.943320106596399,-1.0
2022-06-17,0.5893437991287225,0.2425065185894051,0.1784766592812034,1.943320106596399,-1.0
2022-06-18,0.5893437991287225,0.2425065185894051,0.1784766592812034,1.943320106596399,-1.0
2022-06-19,0.5893437991287225,0.2425065185894051,0.1784766592812034,1.943320106596399,-1.0
2022-06-20,0.5893437991287225,0.2425065185894051,0.1784766592812034,1.943320106596399,-1.0
2022-06-21,0.5893437991287225,0.2425065185894051,0.1784766592812034,1.943320106596399,-1.0
2022-06-22,0.5893437991287225,0.2425065185894051,0.1784766592812034,1.943320106596399,-1.0
2022-06-23,0.5893437991287225,0.2425065185894051,0.1784766592812034,1.943320106596399,-1.0
2022-06-24,0.5893437991287225,0.2425065185894051,0.1784766592812034,1.943320106596399,-1.0
2022-06-25,0.5893437991287225,0.2425065185894051,0.1784766592812034,1.943320106596399,-1.0
2022-06-26,0.6583143698716295,0.283234373386303,0.21278796692922983,1.7626936423997728,-1.0
2022-06-27,0.6583143698716295,0.283234373386303,0.21278796692922983,1.7626936423997728,-1.0
2022-06-28,0.6583143698716295,0.283234373386303,0.21278796692922983,1.7626936423997728,-1.0
2022-06-29,0.6583143698716295,0.283234373386303,0.21278796692922983,1.7626936423997728,-1.0
2022-06-30,0.6583143698716295,0.283234373386303,0.21278796692922983,1.7626936423997728,-1.0
2022-07-01,0.6583143698716295,0.283234373386303,0.21278796692922983,1.7626936423997728,-1.0
2022-07-02,0.6583143698716295,0.283234373386303,0.21278796692922983,1.7626936423997728,-1.0
2022-07-03,0.6583143698716295,0.283234373386303,0.21278796692922983,1.7626936423997728,-1.0
2022-07-04,0.6583143698716295,0.283234373386303,0.21278796692922983,1.7626936423997728,-1.0
2022-07-05,0.6583143698716295,0.283234373386303,0.21278796692922983,1.7626936423997728,-1.0
2022-07-06,0.6583143698716295,0.283234373386303,0.21278796692922983,1.7626936423997728,-1.0
2022-07-07,0.6583143698716295,0.283234373386303,0.21278796692922983,1.7626936423997728,-1.0
2022-07-08,0.6583143698716295,0.283234373386303,0.21278796692922983,1.7626936423997728,-1.0
2022-07-09,0.6583143698716295,0.283234373386303,0.21278796692922983,1.7626936423997728,-1.0
2022-07-10,0.6583143698716295,0.283234373386303,0.21278796692922983,1.7626936423997728,-1.0
2022-07-11,0.6583143698716295,0.283234373386303,0.21278796692922983,1.7626936423997728,-1.0
2022-07-12,0.7477966773098965,0.33847091811458746,0.24082390148925162,1.6996890950775414,-1.0
2022-07-13,0.7477966773098965,0.33847091811458746,0.24082390148925162,1.6996890950775414,-1.0
2022-07-14,0.7477966773098965,0.33847091811458746,0.24082390148925162,1.6996890950775414,-1.0
2022-07-15,0.7477966773098965,0.33847091811458746,0.24082390148925162,1.6996890950775414,-1.0
2022-07-16,0.7477966773098965,0.33847091811458746,0.24082390148925162,1.6996890950775414,-1.0
2022-07-17,0.7477966773098965,0.33847091811458746,0.24082390148925162,1.6996890950775414,-1.0
2022-07-18,0.7477966773098965,0.33847091811458746,0.24082390148925162,1.6996890950775414,-1.0
2022-07-19,0.7477966773098965,0.33847091811458746,0.24082390148925162,1.6996890950775414,-1.0
2022-07-20,0.7477966773098965,0.33847091811458746,0.24082390148925162,1.6996890950775414,-1.0
2022-07-21,0.7477966773098965,0.33847091811458746,0.24082390148925162,1.6996890950775414,-1.0
2022-07-22,0.7477966773098965,0.33847091811458746,0.24082390148925162,1.6996890950775414,-1.0
2022-07-23,0.7477966773098965,0.33847091811458746,0.24082390148925162,1.6996890950775414,-1.0
2022-07-24,0.7477966773098965,0.33847091811458746,0.24082390148925162,1.6996890950775414,-1.0
2022-07-25,0.7477966773098965,0.33847091811458746,0.24082390148925162,1.6996890950775414,-1.0
2022-07-26,0.7477966773098965,0.33847091811458746,0.24082390148925162,1.6996890950775414,-1.0
2022-07-27,0.7477966773098965,0.33847091811458746,0.24082390148925162,1.6996890950775414,-1.0
2022-07-28,0.762304801598191,0.39791420996272003,0.2507060656376846,1.4534574211781577,-1.0
2022-07-29,0.762304801598191,0.39791420996272003,0.2507060656376846,1.4534574211781577,-1.0
2022-07-30,0.762304801598191,0.39791420996272003,0.2507060656376846,1.4534574211781577,-1.0
2022-07-31,0.762304801598191,0.39791420996272003,0.2507060656376846,1.4534574211781577,-1.0
2022-08-01,0.762304801598191,0.39791420996272003,0.2507060656376846,1.4534574211781577,-1.0
2022-08-02,0.762304801598191,0.39791420996272003,0.2507060656376846,1.4534574211781577,-1.0
2022-08-03,0.762304801598191,0.39791420996272003,0.2507060656376846,1.4534574211781577,-1.0
2022-08-04,0.762304801598191,0.39791420996272003,0.2507060656376846,1.4534574211781577,-1.0
2022-08-05,0.762304801598191,0.39791420996272003,0.2507060656376846,1.4534574211781577,-1.0
2022-08-06,0.762304801598191,0.39791420996272003,0.2507060656376846,1.4534574211781577,-1.0
2022-08-07,0.762304801598191,0.39791420996272003,0.2507060656376846,1.4534574211781577,-1.0
2022-08-08,0.762304801598191,0.39791420996272003,0.2507060656376846,1.4534574211781577,-1.0
2022-08-09,0.762304801598191,0.39791420996272003,0.2507060656376846,1.4534574211781577,-1.0
2022-08-10,0.762304801598191,0.39791420996272003,0.2507060656376846,1.4534574211781577,-1.0
2022-08-11,0.762304801598191,0.39791420996272003,0.2507060656376846,1.4534574211781577,-1.0
2022-08-12,0.762304801598191,0.39791420996272003,0.2507060656376846,1.4534574211781577,-1.0
2022-08-13,0.7501973526666603,0.4565864830719124,0.24316678760094906,1.2074464300469379,-1.0
2022-08-14,0.7501973526666603,0.4565864830719124,0.24316678760094906,1.2074464300469379,-1.0
2022-08-15,0.7501973526666603,0.4565864830719124,0.24316678760094906,1.2074464300469379,-1.0
2022-08-16,0.7501973526666603,0.4565864830719124,0.24316678760094906,1.2074464300469379,-1.0
2022-08-17,0.7501973526666603,0.4565864830719124,0.24316678760094906,1.2074464300469379,-1.0
2022-08-18,0.7501973526666603,0.4565864830719124,0.24316678760094906,1.2074464300469379,-1.0
2022-08-19,0.7501973526666603,0.4565864830719124,0.24316678760094906,1.2074464300469379,-1.0
2022-08-20,0.7501973526666603,0.4565864830719124,0.24316678760094906,1.2074464300469379,-1.0
2022-08-21,0.7501973526666603,0.4565864830719124,0.24316678760094906,1.2074464300469379,-1.0
2022-08-22,0.7501973526666603,0.4565864830719124,0.24316678760094906,1.2074464300469379,-1.0
2022-08-23,0.7501973526666603,0.4565864830719124,0.24316678760094906,1.2074464300469379,-1.0
2022-08-24,0.7501973526666603,0.4565864830719124,0.24316678760094906,1.2074464300469379,-1.0
2022-08-25,0.7501973526666603,0.4565864830719124,0.24316678760094906,1.2074464300469379,-1.0
2022-08-26,0.7501973526666603,0.4565864830719124,0.24316678760094906,1.2074464300469379,-1.0
2022-08-27,0.7501973526666603,0.4565864830719124,0.24316678760094906,1.2074464300469379,-1.0
2022-08-28,0.7501973526666603,0.4565864830719124,0.24316678760094906,1.2074464300469379,-1.0
2022-08-29,0.7181754586232257,0.5083650115080469,0.22507878791051245,0.9321644614444785,0.0
2022-08-30,0.7181754586232257,0.5083650115080469,0.22507878791051245,0.9321644614444785,0.0
2022-08-31,0.7181754586232257,0.5083650115080469,0.22507878791051245,0.9321644614444785,0.0
2022-09-01,0.7181754586232257,0.5083650115080469,0.22507878791051245,0.9321644614444785,0.0
2022-09-02,0.7181754586232257,0.5083650115080469,0.22507878791051245,0.9321644614444785,0.0
2022-09-03,0.7181754586232257,0.5083650115080469,0.22507878791051245,0.9321644614444785,0.0
2022-09-04,0.7181754586232257,0.5083650115080469,0.22507878791051245,0.9321644614444785,0.0
2022-09-05,0.7181754586232257,0.5083650115080469,0.22507878791051245,0.9321644614444785,0.0
2022-09-06,0.7181754586232257,0.5083650115080469,0.22507878791051245,0.9321644614444785,0.0
2022-09-07,0.7181754586232257,0.5083650115080469,0.22507878791051245,0.9321644614444785,0.0
2022-09-08,0.7181754586232257,0.5083650115080469,0.22507878791051245,0.9321644614444785,0.0
2022-09-09,0.7181754586232257,0.5083650115080469,0.22507878791051245,0.9321644614444785,0.0
2022-09-10,0.7181754586232257,0.5083650115080469,0.22507878791051245,0.9321644614444785,0.0
2022-09-11,0.7181754586232257,0.5083650115080469,0.22507878791051245,0.9321644614444785,0.0
2022-09-12,0.7181754586232257,0.5083650115080469,0.22507878791051245,0.9321644614444785,0.0
2022-09-13,0.7181754586232257,0.5083650115080469,0.22507878791051245,0.9321644614444785,0.0
2022-09-14,0.6169887277140192,0.545009470085952,0.20075237871590865,0.3585474707123021,0.0
2022-09-15,0.6169887277140192,0.545009470085952,0.20075237871590865,0.3585474707123021,0.0
2022-09-16,0.6169887277140192,0.545009470085952,0.20075237871590865,0.3585474707123021,0.0
2022-09-17,0.6169887277140192,0.545009470085952,0.20075237871590865,0.3585474707123021,0.0
2022-09-18,0.6169887277140192,0.545009470085952,0.20075237871590865,0.3585474707123021,0.0
2022-09-19,0.6169887277140192,0.545009470085952,0.20075237871590865,0.3585474707123021,0.0
2022-09-20,0.6169887277140192,0.545009470085952,0.20075237871590865,0.3585474707123021,0.0
2022-09-21,0.6169887277140192,0.545009470085952,0.20075237871590865,0.3585474707123021,0.0
2022-09-22,0.6169887277140192,0.545009470085952,0.20075237871590865,0.3585474707123021,0.0
2022-09-23,0.6169887277140192,0.545009470085952,0.20075237871590865,0.3585474707123021,0.0
2022-09-24,0.6169887277140192,0.545009470085952,0.20075237871590865,0.3585474707123021,0.0
2022-09-25,0.6169887277140192,0.545009470085952,0.20075237871590865,0.3585474707123021,0.0
2022-09-26,0.6169887277140192,0.545009470085952,0.20075237871590865,0.3585474707123021,0.0
2022-09-27,0.6169887277140192,0.545009470085952,0.20075237871590865,0.3585474707123021,0.0
2022-09-28,0.6169887277140192,0.545009470085952,0.20075237871590865,0.3585474707123021,0.0
2022-09-29,0.6169887277140192,0.545009470085952,0.20075237871590865,0.3585474707123021,0.0
2022-09-30,0.5086549138548441,0.5693681380895163,0.17307427551824348,-0.35079288388107394,0.0
2022-10-01,0.5086549138548441,0.5693681380895163,0.17307427551824348,-0.35079288388107394,0.0
2022-10-02,0.5086549138548441,0.5693681380895163,0.17307427551824348,-0.35079288388107394,0.0
2022-10-03,0.5086549138548441,0.5693681380895163,0.17307427551824348,-0.35079288388107394,0.0
2022-10-04,0.5086549138548441,0.5693681380895163,0.17307427551824348,-0.35079288388107394,0.0
2022-10-05,0.5086549138548441,0.5693681380895163,0.17307427551824348,-0.35079288388107394,0.0
2022-10-06,0.5086549138548441,0.5693681380895163,0.17307427551824348,-0.35079288388107394,0.0
2022-10-07,0.5086549138548441,0.5693681380895163,0.17307427551824348,-0.35079288388107394,0.0
2022-10-08,0.5086549138548441,0.5693681380895163,0.17307427551824348,-0.35079288388107394,0.0
2022-10-09,0.5086549138548441,0.5693681380895163,0.17307427551824348,-0.35079288388107394,0.0
2022-10-10,0.5086549138548441,0.5693681380895163,0.17307427551824348,-0.35079288388107394,0.0
2022-10-11,0.5086549138548441,0.5693681380895163,0.17307427551824348,-0.35079288388107394,0.0
2022-10-12,0.5086549138548441,0.5693681380895163,0.17307427551824348,-0.35079288388107394,0.0
2022-10-13,0.5086549138548441,0.5693681380895163,0.17307427551824348,-0.35079288388107394,0.0
2022-10-14,0.5086549138548441,0.5693681380895163,0.17307427551824348,-0.35079288388107394,0.0
2022-10-15,0.5086549138548441,0.5693681380895163,0.17307427551824348,-0.35079288388107394,0.0
2022-10-16,0.38497734736329303,0.5802561211022018,0.1545741325588944,-1.2633341071120388,1.0
2022-10-17,0.38497734736329303,0.5802561211022018,0.1545741325588944,-1.2633341071120388,1.0
2022-10-18,0.38497734736329303,0.5802561211022018,0.1545741325588944,-1.2633341071120388,1.0
2022-10-19,0.38497734736329303,0.5802561211022018,0.1545741325588944,-1.2633341071120388,1.0
2022-10-20,0.38497734736329303,0.5802561211022018,0.1545741325588944,-1.2633341071120388,1.0
2022-10-21,0.38497734736329303,0.5802561211022018,0.1545741325588944,-1.2633341071120388,1.0
2022-10-22,0.38497734736329303,0.5802561211022018,0.1545741325588944,-1.2633341071120388,1.0
2022-10-23,0.38497734736329303,0.5802561211022018,0.1545741325588944,-1.2633341071120388,1.0
2022-10-24,0.38497734736329303,0.5802561211022018,0.1545741325588944,-1.2633341071120388,1.0
2022-10-25,0.38497734736329303,0.5802561211022018,0.1545741325588944,-1.2633341071120388,1.0
2022-10-26,0.38497734736329303,0.5802561211022018,0.1545741325588944,-1.2633341071120388,1.0
2022-10-27,0.38497734736329303,0.5802561211022018,0.1545741325588944,-1.2633341071120388,1.0
2022-10-28,0.38497734736329303,0.5802561211022018,0.1545741325588944,-1.2633341071120388,1.0
2022-10-29,0.38497734736329303,0.5802561211022018,0.1545741325588944,-1.2633341071120388,1.0
2022-10-30,0.38497734736329303,0.5802561211022018,0.1545741325588944,-1.2633341071120388,1.0
2022-10-31,0.38497734736329303,0.5802561211022018,0.1545741325588944,-1.2633341071120388,1.0
2022-11-01,0.3620402205905854,0.5834856012355781,0.14902239139458548,-1.4859872974299797,1.0
2022-11-02,0.3620402205905854,0.5834856012355781,0.14902239139458548,-1.4859872974299797,1.0
2022-11-03,0.3620402205905854,0.5834856012355781,0.14902239139458548,-1.4859872974299797,1.0
2022-11-04,0.3620402205905854,0.5834856012355781,0.14902239139458548,-1.4859872974299797,1.0
2022-11-05,0.3620402205905854,0.5834856012355781,0.14902239139458548,-1.4859872974299797,1.0
2022-11-06,0.3620402205905854,0.5834856012355781,0.14902239139458548,-1.4859872974299797,1.0
2022-11-07,0.3620402205905854,0.5834856012355781,0.14902239139458548,-1.4859872974299797,1.0
2022-11-08,0.3620402205905854,0.5834856012355781,0.14902239139458548,-1.4859872974299797,1.0
2022-11-09,0.3620402205905854,0.5834856012355781,0.14902239139458548,-1.4859872974299797,1.0
2022-11-10,0.3620402205905854,0.5834856012355781,0.14902239139458548,-1.4859872974299797,1.0
2022-11-11,0.3620402205905854,0.5834856012355781,0.14902239139458548,-1.4859872974299797,1.0
2022-11-12,0.3620402205905854,0.5834856012355781,0.14902239139458548,-1.4859872974299797,1.0
2022-11-13,0.3620402205905854,0.5834856012355781,0.14902239139458548,-1.4859872974299797,1.0
2022-11-14,0.3620402205905854,0.5834856012355781,0.14902239139458548,-1.4859872974299797,1.0
2022-11-15,0.3620402205905854,0.5834856012355781,0.14902239139458548,-1.4859872974299797,1.0
2022-11-16,0.3620402205905854,0.5834856012355781,0.14902239139458548,-1.4859872974299797,1.0
2022-11-17,0.24548644223326332,0.5699224019969568,0.17204940746295885,-1.885713903627029,1.0
2022-11-18,0.24548644223326332,0.5699224019969568,0.17204940746295885,-1.885713903627029,1.0
2022-11-19,0.24548644223326332,0.5699224019969568,0.17204940746295885,-1.885713903627029,1.0
2022-11-20,0.24548644223326332,0.5699224019969568,0.17204940746295885,-1.885713903627029,1.0
2022-11-21,0.24548644223326332,0.5699224019969568,0.17204940746295885,-1.885713903627029,1.0
2022-11-22,0.24548644223326332,0.5699224019969568,0.17204940746295885,-1.885713903627029,1.0
2022-11-23,0.24548644223326332,0.5699224019969568,0.17204940746295885,-1.885713903627029,1.0
2022-11-24,0.24548644223326332,0.5699224019969568,0.17204940746295885,-1.885713903627029,1.0
2022-11-25,0.24548644223326332,0.5699224019969568,0.17204940746295885,-1.885713903627029,1.0
2022-11-26,0.24548644223326332,0.5699224019969568,0.17204940746295885,-1.885713903627029,1.0
2022-11-27,0.24548644223326332,0.5699224019969568,0.17204940746295885,-1.885713903627029,1.0
2022-11-28,0.24548644223326332,0.5699224019969568,0.17204940746295885,-1.885713903627029,1.0
2022-11-29,0.24548644223326332,0.5699224019969568,0.17204940746295885,-1.885713903627029,1.0
2022-11-30,0.24548644223326332,0.5699224019969568,0.17204940746295885,-1.885713903627029,1.0
2022-12-01,0.24548644223326332,0.5699224019969568,0.17204940746295885,-1.885713903627029,1.0
2022-12-02,0.24548644223326332,0.5699224019969568,0.17204940746295885,-1.885713903627029,1.0
2022-12-03,0.168510860574635,0.5427325809607472,0.20719461704183997,-1.8061363066712466,1.0
2022-12-04,0.168510860574635,0.5427325809607472,0.20719461704183997,-1.8061363066712466,1.0
2022-12-05,0.168510860574635,0.5427325809607472,0.20719461704183997,-1.8061363066712466,1.0
2022-12-06,0.168510860574635,0.5427325809607472,0.20719461704183997,-1.8061363066712466,1.0
2022-12-07,0.168510860574635,0.5427325809607472,0.20719461704183997,-1.8061363066712466,1.0
2022-12-08,0.168510860574635,0.5427325809607472,0.20719461704183997,-1.8061363066712466,1.0
2022-12-09,0.168510860574635,0.5427325809607472,0.20719461704183997,-1.8061363066712466,1.0
2022-12-10,0.168510860574635,0.5427325809607472,0.20719461704183997,-1.8061363066712466,1.0
2022-12-11,0.168510860574635,0.5427325809607472,0.20719461704183997,-1.8061363066712466,1.0
2022-12-12,0.168510860574635,0.5427325809607472,0.20719461704183997,-1.8061363066712466,1.0
2022-12-13,0.168510860574635,0.5427325809607472,0.20719461704183997,-1.8061363066712466,1.0
2022-12-14,0.168510860574635,0.5427325809607472,0.20719461704183997,-1.8061363066712466,1.0
2022-12-15,0.168510860574635,0.5427325809607472,0.20719461704183997,-1.8061363066712466,1.0
2022-12-16,0.168510860574635,0.5427325809607472,0.20719461704183997,-1.8061363066712466,1.0
2022-12-17,0.168510860574635,0.5427325809607472,0.20719461704183997,-1.8061363066712466,1.0
2022-12-18,0.168510860574635,0.5427325809607472,0.20719461704183997,-1.8061363066712466,1.0
2022-12-19,0.05439567256562099,0.49815357041382197,0.2494864862268376,-1.7786851085983402,1.0
2022-12-20,0.05439567256562099,0.49815357041382197,0.2494864862268376,-1.7786851085983402,1.0
2022-12-21,0.05439567256562099,0.49815357041382197,0.2494864862268376,-1.7786851085983402,1.0
2022-12-22,0.05439567256562099,0.49815357041382197,0.2494864862268376,-1.7786851085983402,1.0
2022-12-23,0.05439567256562099,0.49815357041382197,0.2494864862268376,-1.7786851085983402,1.0
2022-12-24,0.05439567256562099,0.49815357041382197,0.2494864862268376,-1.7786851085983402,1.0
2022-12-25,0.05439567256562099,0.49815357041382197,0.2494864862268376,-1.7786851085983402,1.0
2022-12-26,0.05439567256562099,0.49815357041382197,0.2494864862268376,-1.7786851085983402,1.0
2022-12-27,0.05439567256562099,0.49815357041382197,0.2494864862268376,-1.7786851085983402,1.0
2022-12-28,0.05439567256562099,0.49815357041382197,0.2494864862268376,-1.7786851085983402,1.0
2022-12-29,0.05439567256562099,0.49815357041382197,0.2494864862268376,-1.7786851085983402,1.0
2022-12-30,0.05439567256562099,0.49815357041382197,0.2494864862268376,-1.7786851085983402,1.0
2022-12-31,0.05439567256562099,0.49815357041382197,0.2494864862268376,-1.7786851085983402,1.0
2023-01-01,0.10735356254727184,0.4522401698034589,0.2673872328335465,-1.289839472144451,1.0
2023-01-02,0.10735356254727184,0.4522401698034589,0.2673872328335465,-1.289839472144451,1.0
2023-01-03,0.10735356254727184,0.4522401698034589,0.2673872328335465,-1.289839472144451,1.0
2023-01-04,0.10735356254727184,0.4522401698034589,0.2673872328335465,-1.289839472144451,1.0
2023-01-05,0.10735356254727184,0.4522401698034589,0.2673872328335465,-1.289839472144451,1.0
2023-01-06,0.10735356254727184,0.4522401698034589,0.2673872328335465,-1.289839472144451,1.0
2023-01-07,0.10735356254727184,0.4522401698034589,0.2673872328335465,-1.289839472144451,1.0
2023-01-08,0.10735356254727184,0.4522401698034589,0.2673872328335465,-1.289839472144451,1.0
2023-01-09,0.10735356254727184,0.4522401698034589,0.2673872328335465,-1.289839472144451,1.0
2023-01-10,0.10735356254727184,0.4522401698034589,0.2673872328335465,-1.289839472144451,1.0
2023-01-11,0.10735356254727184,0.4522401698034589,0.2673872328335465,-1.289839472144451,1.0
2023-01-12,0.10735356254727184,0.4522401698034589,0.2673872328335465,-1.289839472144451,1.0
2023-01-13,0.10735356254727184,0.4522401698034589,0.2673872328335465,-1.289839472144451,1.0
2023-01-14,0.10735356254727184,0.4522401698034589,0.2673872328335465,-1.289839472144451,1.0
2023-01-15,0.10735356254727184,0.4522401698034589,0.2673872328335465,-1.289839472144451,1.0
2023-01-16,0.10735356254727184,0.4522401698034589,0.2673872328335465,-1.289839472144451,1.0
2023-01-17,0.039935157295626224,0.3932517098022697,0.2742496156218623,-1.2883028175098679,1.0
2023-01-18,0.039935157295626224,0.3932517098022697,0.2742496156218623,-1.2883028175098679,1.0
2023-01-19,0.039935157295626224,0.3932517098022697,0.2742496156218623,-1.2883028175098679,1.0
2023-01-20,0.039935157295626224,0.3932517098022697,0.2742496156218623,-1.2883028175098679,1.0
2023-01-21,0.039935157295626224,0.3932517098022697,0.2742496156218623,-1.2883028175098679,1.0
2023-01-22,0.039935157295626224,0.3932517098022697,0.2742496156218623,-1.2883028175098679,1.0
2023-01-23,0.039935157295626224,0.3932517098022697,0.2742496156218623,-1.2883028175098679,1.0
2023-01-24,0.039935157295626224,0.3932517098022697,0.2742496156218623,-1.2883028175098679,1.0
2023-01-25,0.039935157295626224,0.3932517098022697,0.2742496156218623,-1.2883028175098679,1.0
2023-01-26,0.039935157295626224,0.3932517098022697,0.2742496156218623,-1.2883028175098679,1.0
2023-01-27,0.039935157295626224,0.3932517098022697,0.2742496156218623,-1.2883028175098679,1.0
2023-01-28,0.039935157295626224,0.3932517098022697,0.2742496156218623,-1.2883028175098679,1.0
2023-01-29,0.039935157295626224,0.3932517098022697,0.2742496156218623,-1.2883028175098679,1.0
2023-01-30,0.039935157295626224,0.3932517098022697,0.2742496156218623,-1.2883028175098679,1.0
2023-01-31,0.039935157295626224,0.3932517098022697,0.2742496156218623,-1.2883028175098679,1.0
2023-02-01,0.039935157295626224,0.3932517098022697,0.2742496156218623,-1.2883028175098679,1.0
2023-02-02,0.10158817846876689,0.338191991208151,0.2593400589541862,-0.9123303730766154,0.0
2023-02-03,0.10158817846876689,0.338191991208151,0.2593400589541862,-0.9123303730766154,0.0
2023-02-04,0.10158817846876689,0.338191991208151,0.2593400589541862,-0.9123303730766154,0.0
2023-02-05,0.10158817846876689,0.338191991208151,0.2593400589541862,-0.9123303730766154,0.0
2023-02-06,0.10158817846876689,0.338191991208151,0.2593400589541862,-0.9123303730766154,0.0
2023-02-07,0.10158817846876689,0.338191991208151,0.2593400589541862,-0.9123303730766154,0.0
2023-02-08,0.10158817846876689,0.338191991208151,0.2593400589541862,-0.9123303730766154,0.0
2023-02-09,0.10158817846876689,0.338191991208151,0.2593400589541862,-0.9123303730766154,0.0
2023-02-10,0.10158817846876689,0.338191991208151,0.2593400589541862,-0.9123303730766154,0.0
2023-02-11,0.10158817846876689,0.338191991208151,0.2593400589541862,-0.9123303730766154,0.0
2023-02-12,0.10158817846876689,0.338191991208151,0.2593400589541862,-0.9123303730766154,0.0
2023-02-13,0.10158817846876689,0.338191991208151,0.2593400589541862,-0.9123303730766154,0.0
2023-02-14,0.10158817846876689,0.338191991208151,0.2593400589541862,-0.9123303730766154,0.0
2023-02-15,0.10158817846876689,0.338191991208151,0.2593400589541862,-0.9123303730766154,0.0
2023-02-16,0.10158817846876689,0.338191991208151,0.2593400589541862,-0.9123303730766154,0.0
2023-02-17,0.10158817846876689,0.338191991208151,0.2593400589541862,-0.9123303730766154,0.0
2023-02-18,0.10316178694669619,0.2842723607314873,0.2316801848155248,-0.7817266458458685,0.0
2023-02-19,0.10316178694669619,0.2842723607314873,0.2316801848155248,-0.7817266458458685,0.0
2023-02-20,0.10316178694669619,0.2842723607314873,0.2316801848155248,-0.7817266458458685,0.0
2023-02-21,0.10316178694669619,0.2842723607314873,0.2316801848155248,-0.7817266458458685,0.0
2023-02-22,0.10316178694669619,0.2842723607314873,0.2316801848155248,-0.7817266458458685,0.0
2023-02-23,0.10316178694669619,0.2842723607314873,0.2316801848155248,-0.7817266458458685,0.0
2023-02-24,0.10316178694669619,0.2842723607314873,0.2316801848155248,-0.7817266458458685,0.0
2023-02-25,0.10316178694669619,0.2842723607314873,0.2316801848155248,-0.7817266458458685,0.0
2023-02-26,0.10316178694669619,0.2842723607314873,0.2316801848155248,-0.7817266458458685,0.0
2023-02-27,0.10316178694669619,0.2842723607314873,0.2316801848155248,-0.7817266458458685,0.0
2023-02-28,0.10316178694669619,0.2842723607314873,0.2316801848155248,-0.7817266458458685,0.0
2023-03-01,0.10316178694669619,0.2842723607314873,0.2316801848155248,-0.7817266458458685,0.0
2023-03-02,0.10316178694669619,0.2842723607314873,0.2316801848155248,-0.7817266458458685,0.0
2023-03-03,0.10316178694669619,0.2842723607314873,0.2316801848155248,-0.7817266458458685,0.0
2023-03-04,0.10316178694669619,0.2842723607314873,0.2316801848155248,-0.7817266458458685,0.0
2023-03-05,0.10316178694669619,0.2842723607314873,0.2316801848155248,-0.7817266458458685,0.0
2023-03-06,0.11619658629318144,0.23410745470398364,0.19074307861378778,-0.6181659081299901,0.0
2023-03-07,0.11619658629318144,0.23410745470398364,0.19074307861378778,-0.6181659081299901,0.0
2023-03-08,0.11619658629318144,0.23410745470398364,0.19074307861378778,-0.6181659081299901,0.0
2023-03-09,0.11619658629318144,0.23410745470398364,0.19074307861378778,-0.6181659081299901,0.0
2023-03-10,0.11619658629318144,0.23410745470398364,0.19074307861378778,-0.6181659081299901,0.0
2023-03-11,0.11619658629318144,0.23410745470398364,0.19074307861378778,-0.6181659081299901,0.0
2023-03-12,0.11619658629318144,0.23410745470398364,0.19074307861378778,-0.6181659081299901,0.0
2023-03-13,0.11619658629318144,0.23410745470398364,0.19074307861378778,-0.6181659081299901,0.0
2023-03-14,0.11619658629318144,0.23410745470398364,0.19074307861378778,-0.6181659081299901,0.0
2023-03-15,0.11619658629318144,0.23410745470398364,0.19074307861378778,-0.6181659081299901,0.0
2023-03-16,0.11619658629318144,0.23410745470398364,0.19074307861378778,-0.6181659081299901,0.0
2023-03-17,0.11619658629318144,0.23410745470398364,0.19074307861378778,-0.6181659081299901,0.0
2023-03-18,0.11619658629318144,0.23410745470398364,0.19074307861378778,-0.6181659081299901,0.0
2023-03-19,0.11619658629318144,0.23410745470398364,0.19074307861378778,-0.6181659081299901,0.0
2023-03-20,0.11619658629318144,0.23410745470398364,0.19074307861378778,-0.6181659081299901,0.0
2023-03-21,0.11619658629318144,0.23410745470398364,0.19074307861378778,-0.6181659081299901,0.0
2023-03-22,0.13516023494947424,0.1939550803069382,0.14895333847411815,-0.3947198898645702,0.0
2023-03-23,0.13516023494947424,0.1939550803069382,0.14895333847411815,-0.3947198898645702,0.0
2023-03-24,0.13516023494947424,0.1939550803069382,0.14895333847411815,-0.3947198898645702,0.0
2023-03-25,0.13516023494947424,0.1939550803069382,0.14895333847411815,-0.3947198898645702,0.0
2023-03-26,0.13516023494947424,0.1939550803069382,0.14895333847411815,-0.3947198898645702,0.0
2023-03-27,0.13516023494947424,0.1939550803069382,0.14895333847411815,-0.3947198898645702,0.0
2023-03-28,0.13516023494947424,0.1939550803069382,0.14895333847411815,-0.3947198898645702,0.0
2023-03-29,0.13516023494947424,0.1939550803069382,0.14895333847411815,-0.3947198898645702,0.0
2023-03-30,0.13516023494947424,0.1939550803069382,0.14895333847411815,-0.3947198898645702,0.0
2023-03-31,0.13516023494947424,0.1939550803069382,0.14895333847411815,-0.3947198898645702,0.0
2023-04-01,0.13516023494947424,0.1939550803069382,0.14895333847411815,-0.3947198898645702,0.0
2023-04-02,0.13516023494947424,0.1939550803069382,0.14895333847411815,-0.3947198898645702,0.0
2023-04-03,0.13516023494947424,0.1939550803069382,0.14895333847411815,-0.3947198898645702,0.0
2023-04-04,0.13516023494947424,0.1939550803069382,0.14895333847411815,-0.3947198898645702,0.0
2023-04-05,0.13516023494947424,0.1939550803069382,0.14895333847411815,-0.3947198898645702,0.0
2023-04-06,0.13516023494947424,0.1939550803069382,0.14895333847411815,-0.3947198898645702,0.0
2023-04-07,0.2298321103852897,0.17071984668447535,0.11274699372840188,0.524291262640766,0.0
2023-04-08,0.2298321103852897,0.17071984668447535,0.11274699372840188,0.524291262640766,0.0
2023-04-09,0.2298321103852897,0.17071984668447535,0.11274699372840188,0.524291262640766,0.0
2023-04-10,0.2298321103852897,0.17071984668447535,0.11274699372840188,0.524291262640766,0.0
2023-04-11,0.2298321103852897,0.17071984668447535,0.11274699372840188,0.524291262640766,0.0
2023-04-12,0.2298321103852897,0.17071984668447535,0.11274699372840188,0.524291262640766,0.0
2023-04-13,0.2298321103852897,0.17071984668447535,0.11274699372840188,0.524291262640766,0.0
2023-04-14,0.2298321103852897,0.17071984668447535,0.11274699372840188,0.524291262640766,0.0
2023-04-15,0.2298321103852897,0.17071984668447535,0.11274699372840188,0.524291262640766,0.0
2023-04-16,0.2298321103852897,0.17071984668447535,0.11274699372840188,0.524291262640766,0.0
2023-04-17,0.2298321103852897,0.17071984668447535,0.11274699372840188,0.524291262640766,0.0
2023-04-18,0.2298321103852897,0.17071984668447535,0.11274699372840188,0.524291262640766,0.0
2023-04-19,0.2298321103852897,0.17071984668447535,0.11274699372840188,0.524291262640766,0.0
2023-04-20,0.2298321103852897,0.17071984668447535,0.11274699372840188,0.524291262640766,0.0
2023-04-21,0.2298321103852897,0.17071984668447535,0.11274699372840188,0.524291262640766,0.0
2023-04-22,0.2298321103852897,0.17071984668447535,0.11274699372840188,0.524291262640766,0.0
2023-04-23,0.33093959083875096,0.1662167003074302,0.10416397930663593,1.5813805465938728,-1.0
2023-04-24,0.33093959083875096,0.1662167003074302,0.10416397930663593,1.5813805465938728,-1.0
2023-04-25,0.33093959083875096,0.1662167003074302,0.10416397930663593,1.5813805465938728,-1.0
2023-04-26,0.33093959083875096,0.1662167003074302,0.10416397930663593,1.5813805465938728,-1.0
2023-04-27,0.33093959083875096,0.1662167003074302,0.10416397930663593,1.5813805465938728,-1.0
2023-04-28,0.33093959083875096,0.1662167003074302,0.10416397930663593,1.5813805465938728,-1.0
2023-04-29,0.33093959083875096,0.1662167003074302,0.10416397930663593,1.5813805465938728,-1.0
2023-04-30,0.33093959083875096,0.1662167003074302,0.10416397930663593,1.5813805465938728,-1.0
2023-05-01,0.33093959083875096,0.1662167003074302,0.10416397930663593,1.5813805465938728,-1.0
2023-05-02,0.33093959083875096,0.1662167003074302,0.10416397930663593,1.5813805465938728,-1.0
2023-05-03,0.33093959083875096,0.1662167003074302,0.10416397930663593,1.5813805465938728,-1.0
2023-05-04,0.33093959083875096,0.1662167003074302,0.10416397930663593,1.5813805465938728,-1.0
2023-05-05,0.33093959083875096,0.1662167003074302,0.10416397930663593,1.5813805465938728,-1.0
2023-05-06,0.33093959083875096,0.1662167003074302,0.10416397930663593,1.5813805465938728,-1.0
2023-05-07,0.33093959083875096,0.1662167003074302,0.10416397930663593,1.5813805465938728,-1.0
2023-05-08,0.33093959083875096,0.1662167003074302,0.10416397930663593,1.5813805465938728,-1.0
2023-05-09,0.4303140433421893,0.1719061855367305,0.11691628435872976,2.2101956046823714,-1.0
2023-05-10,0.4303140433421893,0.1719061855367305,0.11691628435872976,2.2101956046823714,-1.0
2023-05-11,0.4303140433421893,0.1719061855367305,0.11691628435872976,2.2101956046823714,-1.0
2023-05-12,0.4303140433421893,0.1719061855367305,0.11691628435872976,2.2101956046823714,-1.0
2023-05-13,0.4303140433421893,0.1719061855367305,0.11691628435872976,2.2101956046823714,-1.0
2023-05-14,0.4303140433421893,0.1719061855367305,0.11691628435872976,2.2101956046823714,-1.0
2023-05-15,0.4303140433421893,0.1719061855367305,0.11691628435872976,2.2101956046823714,-1.0
2023-05-16,0.4303140433421893,0.1719061855367305,0.11691628435872976,2.2101956046823714,-1.0
2023-05-17,0.4303140433421893,0.1719061855367305,0.11691628435872976,2.2101956046823714,-1.0
2023-05-18,0.4303140433421893,0.1719061855367305,0.11691628435872976,2.2101956046823714,-1.0
2023-05-19,0.4303140433421893,0.1719061855367305,0.11691628435872976,2.2101956046823714,-1.0
2023-05-20,0.4303140433421893,0.1719061855367305,0.11691628435872976,2.2101956046823714,-1.0
2023-05-21,0.4303140433421893,0.1719061855367305,0.11691628435872976,2.2101956046823714,-1.0
2023-05-22,0.4303140433421893,0.1719061855367305,0.11691628435872976,2.2101956046823714,-1.0
2023-05-23,0.4303140433421893,0.1719061855367305,0.11691628435872976,2.2101956046823714,-1.0
2023-05-24,0.4303140433421893,0.1719061855367305,0.11691628435872976,2.2101956046823714,-1.0
2023-05-25,0.5127176176305844,0.19417545015317392,0.15230081756552927,2.091532879266087,-1.0
2023-05-26,0.5127176176305844,0.19417545015317392,0.15230081756552927,2.091532879266087,-1.0
2023-05-27,0.5127176176305844,0.19417545015317392,0.15230081756552927,2.091532879266087,-1.0
2023-05-28,0.5127176176305844,0.19417545015317392,0.15230081756552927,2.091532879266087,-1.0
2023-05-29,0.5127176176305844,0.19417545015317392,0.15230081756552927,2.091532879266087,-1.0
2023-05-30,0.5127176176305844,0.19417545015317392,0.15230081756552927,2.091532879266087,-1.0
2023-05-31,0.5127176176305844,0.19417545015317392,0.15230081756552927,2.091532879266087,-1.0
2023-06-01,0.5127176176305844,0.19417545015317392,0.15230081756552927,2.091532879266087,-1.0
2023-06-02,0.5127176176305844,0.19417545015317392,0.15230081756552927,2.091532879266087,-1.0
2023-06-03,0.5127176176305844,0.19417545015317392,0.15230081756552927,2.091532879266087,-1.0
2023-06-04,0.5127176176305844,0.19417545015317392,0.15230081756552927,2.091532879266087,-1.0
2023-06-05,0.5127176176305844,0.19417545015317392,0.15230081756552927,2.091532879266087,-1.0
2023-06-06,0.5127176176305844,0.19417545015317392,0.15230081756552927,2.091532879266087,-1.0
2023-06-07,0.5127176176305844,0.19417545015317392,0.15230081756552927,2.091532879266087,-1.0
2023-06-08,0.5127176176305844,0.19417545015317392,0.15230081756552927,2.091532879266087,-1.0
2023-06-09,0.5127176176305844,0.19417545015317392,0.15230081756552927,2.091532879266087,-1.0
2023-06-10,0.6081200982831372,0.2308095532955491,0.19299970318937734,1.9549799235564584,-1.0
2023-06-11,0.6081200982831372,0.2308095532955491,0.19299970318937734,1.9549799235564584,-1.0
2023-06-12,0.6081200982831372,0.2308095532955491,0.19299970318937734,1.9549799235564584,-1.0
2023-06-13,0.6081200982831372,0.2308095532955491,0.19299970318937734,1.9549799235564584,-1.0
2023-06-14,0.6081200982831372,0.2308095532955491,0.19299970318937734,1.9549799235564584,-1.0
2023-06-15,0.6081200982831372,0.2308095532955491,0.19299970318937734,1.9549799235564584,-1.0
2023-06-16,0.6081200982831372,0.2308095532955491,0.19299970318937734,1.9549799235564584,-1.0
2023-06-17,0.6081200982831372,0.2308095532955491,0.19299970318937734,1.9549799235564584,-1.0
2023-06-18,0.6081200982831372,0.2308095532955491,0.19299970318937734,1.9549799235564584,-1.0
2023-06-19,0.6081200982831372,0.2308095532955491,0.19299970318937734,1.9549799235564584,-1.0
2023-06-20,0.6081200982831372,0.2308095532955491,0.19299970318937734,1.9549799235564584,-1.0
2023-06-21,0.6081200982831372,0.2308095532955491,0.19299970318937734,1.9549799235564584,-1.0
2023-06-22,0.6081200982831372,0.2308095532955491,0.19299970318937734,1.9549799235564584,-1.0
2023-06-23,0.6081200982831372,0.2308095532955491,0.19299970318937734,1.9549799235564584,-1.0
2023-06-24,0.6081200982831372,0.2308095532955491,0.19299970318937734,1.9549799235564584,-1.0
2023-06-25,0.6081200982831372,0.2308095532955491,0.19299970318937734,1.9549799235564584,-1.0
2023-06-26,0.7198435299431479,0.286263541410343,0.22979603113326552,1.8868036423194754,-1.0
2023-06-27,0.7198435299431479,0.286263541410343,0.22979603113326552,1.8868036423194754,-1.0
2023-06-28,0.7198435299431479,0.286263541410343,0.22979603113326552,1.8868036423194754,-1.0
2023-06-29,0.7198435299431479,0.286263541410343,0.22979603113326552,1.8868036423194754,-1.0
2023-06-30,0.7198435299431479,0.286263541410343,0.22979603113326552,1.8868036423194754,-1.0
2023-07-01,0.7198435299431479,0.286263541410343,0.22979603113326552,1.8868036423194754,-1.0
2023-07-02,0.7198435299431479,0.286263541410343,0.22979603113326552,1.8868036423194754,-1.0
2023-07-03,0.7198435299431479,0.286263541410343,0.22979603113326552,1.8868036423194754,-1.0
2023-07-04,0.7198435299431479,0.286263541410343,0.22979603113326552,1.8868036423194754,-1.0
2023-07-05,0.7198435299431479,0.286263541410343,0.22979603113326552,1.8868036423194754,-1.0
2023-07-06,0.7198435299431479,0.286263541410343,0.22979603113326552,1.8868036423194754,-1.0
2023-07-07,0.7198435299431479,0.286263541410343,0.22979603113326552,1.8868036423194754,-1.0
2023-07-08,0.7198435299431479,0.286263541410343,0.22979603113326552,1.8868036423194754,-1.0
2023-07-09,0.7198435299431479,0.286263541410343,0.22979603113326552,1.8868036423194754,-1.0
2023-07-10,0.7198435299431479,0.286263541410343,0.22979603113326552,1.8868036423194754,-1.0
2023-07-11,0.7198435299431479,0.286263541410343,0.22979603113326552,1.8868036423194754,-1.0
2023-07-12,0.738023081089927,0.33881933462223096,0.25580549065181335,1.5605753631420973,-1.0
2023-07-13,0.738023081089927,0.33881933462223096,0.25580549065181335,1.5605753631420973,-1.0
2023-07-14,0.738023081089927,0.33881933462223096,0.25580549065181335,1.5605753631420973,-1.0
2023-07-15,0.738023081089927,0.33881933462223096,0.25580549065181335,1.5605753631420973,-1.0
2023-07-16,0.738023081089927,0.33881933462223096,0.25580549065181335,1.5605753631420973,-1.0
2023-07-17,0.738023081089927,0.33881933462223096,0.25580549065181335,1.5605753631420973,-1.0
2023-07-18,0.738023081089927,0.33881933462223096,0.25580549065181335,1.5605753631420973,-1.0
2023-07-19,0.738023081089927,0.33881933462223096,0.25580549065181335,1.5605753631420973,-1.0
2023-07-20,0.738023081089927,0.33881933462223096,0.25580549065181335,1.5605753631420973,-1.0
2023-07-21,0.738023081089927,0.33881933462223096,0.25580549065181335,1.5605753631420973,-1.0
2023-07-22,0.738023081089927,0.33881933462223096,0.25580549065181335,1.5605753631420973,-1.0
2023-07-23,0.738023081089927,0.33881933462223096,0.25580549065181335,1.5605753631420973,-1.0
2023-07-24,0.738023081089927,0.33881933462223096,0.25580549065181335,1.5605753631420973,-1.0
2023-07-25,0.738023081089927,0.33881933462223096,0.25580549065181335,1.5605753631420973,-1.0
2023-07-26,0.738023081089927,0.33881933462223096,0.25580549065181335,1.5605753631420973,-1.0
2023-07-27,0.738023081089927,0.33881933462223096,0.25580549065181335,1.5605753631420973,-1.0
2023-07-28,0.7367564287072025,0.396887773906529,0.26083080465476693,1.3030234494369646,-1.0
2023-07-29,0.7367564287072025,0.396887773906529,0.26083080465476693,1.3030234494369646,-1.0
2023-07-30,0.7367564287072025,0.396887773906529,0.26083080465476693,1.3030234494369646,-1.0
2023-07-31,0.7367564287072025,0.396887773906529,0.26083080465476693,1.3030234494369646,-1.0
2023-08-01,0.7367564287072025,0.396887773906529,0.26083080465476693,1.3030234494369646,-1.0
2023-08-02,0.7367564287072025,0.396887773906529,0.26083080465476693,1.3030234494369646,-1.0
2023-08-03,0.7367564287072025,0.396887773906529,0.26083080465476693,1.3030234494369646,-1.0
2023-08-04,0.7367564287072025,0.396887773906529,0.26083080465476693,1.3030234494369646,-1.0
2023-08-05,0.7367564287072025,0.396887773906529,0.26083080465476693,1.3030234494369646,-1.0
2023-08-06,0.7367564287072025,0.396887773906529,0.26083080465476693,1.3030234494369646,-1.0
2023-08-07,0.7367564287072025,0.396887773906529,0.26083080465476693,1.3030234494369646,-1.0
2023-08-08,0.7367564287072025,0.396887773906529,0.26083080465476693,1.3030234494369646,-1.0
2023-08-09,0.7367564287072025,0.396887773906529,0.26083080465476693,1.3030234494369646,-1.0
2023-08-10,0.7367564287072025,0.396887773906529,0.26083080465476693,1.3030234494369646,-1.0
2023-08-11,0.7367564287072025,0.396887773906529,0.26083080465476693,1.3030234494369646,-1.0
2023-08-12,0.7367564287072025,0.396887773906529,0.26083080465476693,1.3030234494369646,-1.0
2023-08-13,0.7259684970023518,0.44891946711766106,0.25883734824155863,1.0703595588768593,-1.0
2023-08-14,0.7259684970023518,0.44891946711766106,0.25883734824155863,1.0703595588768593,-1.0
2023-08-15,0.7259684970023518,0.44891946711766106,0.25883734824155863,1.0703595588768593,-1.0
2023-08-16,0.7259684970023518,0.44891946711766106,0.25883734824155863,1.0703595588768593,-1.0
2023-08-17,0.7259684970023518,0.44891946711766106,0.25883734824155863,1.0703595588768593,-1.0
2023-08-18,0.7259684970023518,0.44891946711766106,0.25883734824155863,1.0703595588768593,-1.0
2023-08-19,0.7259684970023518,0.44891946711766106,0.25883734824155863,1.0703595588768593,-1.0
2023-08-20,0.7259684970023518,0.44891946711766106,0.25883734824155863,1.0703595588768593,-1.0
2023-08-21,0.7259684970023518,0.44891946711766106,0.25883734824155863,1.0703595588768593,-1.0
2023-08-22,0.7259684970023518,0.44891946711766106,0.25883734824155863,1.0703595588768593,-1.0
2023-08-23,0.7259684970023518,0.44891946711766106,0.25883734824155863,1.0703595588768593,-1.0
2023-08-24,0.7259684970023518,0.44891946711766106,0.25883734824155863,1.0703595588768593,-1.0
2023-08-25,0.7259684970023518,0.44891946711766106,0.25883734824155863,1.0703595588768593,-1.0
2023-08-26,0.7259684970023518,0.44891946711766106,0.25883734824155863,1.0703595588768593,-1.0
2023-08-27,0.7259684970023518,0.44891946711766106,0.25883734824155863,1.0703595588768593,-1.0
2023-08-28,0.7259684970023518,0.44891946711766106,0.25883734824155863,1.0703595588768593,-1.0
2023-08-29,0.6746095783119903,0.49654011639810225,0.24142370135415706,0.7375806969866171,0.0
2023-08-30,0.6746095783119903,0.49654011639810225,0.24142370135415706,0.7375806969866171,0.0
2023-08-31,0.6746095783119903,0.49654011639810225,0.24142370135415706,0.7375806969866171,0.0
2023-09-01,0.6746095783119903,0.49654011639810225,0.24142370135415706,0.7375806969866171,0.0
2023-09-02,0.6746095783119903,0.49654011639810225,0.24142370135415706,0.7375806969866171,0.0
2023-09-03,0.6746095783119903,0.49654011639810225,0.24142370135415706,0.7375806969866171,0.0
2023-09-04,0.6746095783119903,0.49654011639810225,0.24142370135415706,0.7375806969866171,0.0
2023-09-05,0.6746095783119903,0.49654011639810225,0.24142370135415706,0.7375806969866171,0.0
2023-09-06,0.6746095783119903,0.49654011639810225,0.24142370135415706,0.7375806969866171,0.0
2023-09-07,0.6746095783119903,0.49654011639810225,0.24142370135415706,0.7375806969866171,0.0
2023-09-08,0.6746095783119903,0.49654011639810225,0.24142370135415706,0.7375806969866171,0.0
2023-09-09,0.6746095783119903,0.49654011639810225,0.24142370135415706,0.7375806969866171,0.0
2023-09-10,0.6746095783119903,0.49654011639810225,0.24142370135415706,0.7375806969866171,0.0
2023-09-11,0.6746095783119903,0.49654011639810225,0.24142370135415706,0.7375806969866171,0.0
2023-09-12,0.6746095783119903,0.49654011639810225,0.24142370135415706,0.7375806969866171,0.0
2023-09-13,0.6746095783119903,0.49654011639810225,0.24142370135415706,0.7375806969866171,0.0
2023-09-14,0.5957729749296363,0.5365048154511401,0.21044525796636343,0.2816321928620949,0.0
2023-09-15,0.5957729749296363,0.5365048154511401,0.21044525796636343,0.2816321928620949,0.0
2023-09-16,0.5957729749296363,0.5365048154511401,0.21044525796636343,0.2816321928620949,0.0
2023-09-17,0.5957729749296363,0.5365048154511401,0.21044525796636343,0.2816321928620949,0.0
2023-09-18,0.5957729749296363,0.5365048154511401,0.21044525796636343,0.2816321928620949,0.0
2023-09-19,0.5957729749296363,0.5365048154511401,0.21044525796636343,0.2816321928620949,0.0
2023-09-20,0.5957729749296363,0.5365048154511401,0.21044525796636343,0.2816321928620949,0.0
2023-09-21,0.5957729749296363,0.5365048154511401,0.21044525796636343,0.2816321928620949,0.0
2023-09-22,0.5957729749296363,0.5365048154511401,0.21044525796636343,0.2816321928620949,0.0
2023-09-23,0.5957729749296363,0.5365048154511401,0.21044525796636343,0.2816321928620949,0.0
2023-09-24,0.5957729749296363,0.5365048154511401,0.21044525796636343,0.2816321928620949,0.0
2023-09-25,0.5957729749296363,0.5365048154511401,0.21044525796636343,0.2816321928620949,0.0
2023-09-26,0.5957729749296363,0.5365048154511401,0.21044525796636343,0.2816321928620949,0.0
2023-09-27,0.5957729749296363,0.5365048154511401,0.21044525796636343,0.2816321928620949,0.0
2023-09-28,0.5957729749296363,0.5365048154511401,0.21044525796636343,0.2816321928620949,0.0
2023-09-29,0.5957729749296363,0.5365048154511401,0.21044525796636343,0.2816321928620949,0.0
2023-09-30,0.5015801855135744,0.5670398113314817,0.16952149190725854,-0.38614352128117674,0.0
2023-10-01,0.5015801855135744,0.5670398113314817,0.16952149190725854,-0.38614352128117674,0.0
2023-10-02,0.5015801855135744,0.5670398113314817,0.16952149190725854,-0.38614352128117674,0.0
2023-10-03,0.5015801855135744,0.5670398113314817,0.16952149190725854,-0.38614352128117674,0.0
2023-10-04,0.5015801855135744,0.5670398113314817,0.16952149190725854,-0.38614352128117674,0.0
2023-10-05,0.5015801855135744,0.5670398113314817,0.16952149190725854,-0.38614352128117674,0.0
2023-10-06,0.5015801855135744,0.5670398113314817,0.16952149190725854,-0.38614352128117674,0.0
2023-10-07,0.5015801855135744,0.5670398113314817,0.16952149190725854,-0.38614352128117674,0.0
2023-10-08,0.5015801855135744,0.5670398113314817,0.16952149190725854,-0.38614352128117674,0.0
2023-10-09,0.5015801855135744,0.5670398113314817,0.16952149190725854,-0.38614352128117674,0.0
2023-10-10,0.5015801855135744,0.5670398113314817,0.16952149190725854,-0.38614352128117674,0.0
2023-10-11,0.5015801855135744,0.5670398113314817,0.16952149190725854,-0.38614352128117674,0.0
2023-10-12,0.5015801855135744,0.5670398113314817,0.16952149190725854,-0.38614352128117674,0.0
2023-10-13,0.5015801855135744,0.5670398113314817,0.16952149190725854,-0.38614352128117674,0.0
2023-10-14,0.5015801855135744,0.5670398113314817,0.16952149190725854,-0.38614352128117674,0.0
2023-10-15,0.5015801855135744,0.5670398113314817,0.16952149190725854,-0.38614352128117674,0.0
2023-10-16,0.4158752248895607,0.5825434042068377,0.14218114576300614,-1.1722241962734423,1.0
2023-10-17,0.4158752248895607,0.5825434042068377,0.14218114576300614,-1.1722241962734423,1.0
2023-10-18,0.4158752248895607,0.5825434042068377,0.14218114576300614,-1.1722241962734423,1.0
2023-10-19,0.4158752248895607,0.5825434042068377,0.14218114576300614,-1.1722241962734423,1.0
2023-10-20,0.4158752248895607,0.5825434042068377,0.14218114576300614,-1.1722241962734423,1.0
2023-10-21,0.4158752248895607,0.5825434042068377,0.14218114576300614,-1.1722241962734423,1.0
2023-10-22,0.4158752248895607,0.5825434042068377,0.14218114576300614,-1.1722241962734423,1.0
2023-10-23,0.4158752248895607,0.5825434042068377,0.14218114576300614,-1.1722241962734423,1.0
2023-10-24,0.4158752248895607,0.5825434042068377,0.14218114576300614,-1.1722241962734423,1.0
2023-10-25,0.4158752248895607,0.5825434042068377,0.14218114576300614,-1.1722241962734423,1.0
2023-10-26,0.4158752248895607,0.5825434042068377,0.14218114576300614,-1.1722241962734423,1.0
2023-10-27,0.4158752248895607,0.5825434042068377,0.14218114576300614,-1.1722241962734423,1.0
2023-10-28,0.4158752248895607,0.5825434042068377,0.14218114576300614,-1.1722241962734423,1.0
2023-10-29,0.4158752248895607,0.5825434042068377,0.14218114576300614,-1.1722241962734423,1.0
2023-10-30,0.4158752248895607,0.5825434042068377,0.14218114576300614,-1.1722241962734423,1.0
2023-10-31,0.4158752248895607,0.5825434042068377,0.14218114576300614,-1.1722241962734423,1.0
2023-11-01,0.3758505929936968,0.5862859877197498,0.13538484420512575,-1.5543497203218397,1.0
2023-11-02,0.3758505929936968,0.5862859877197498,0.13538484420512575,-1.5543497203218397,1.0
2023-11-03,0.3758505929936968,0.5862859877197498,0.13538484420512575,-1.5543497203218397,1.0
2023-11-04,0.3758505929936968,0.5862859877197498,0.13538484420512575,-1.5543497203218397,1.0
2023-11-05,0.3758505929936968,0.5862859877197498,0.13538484420512575,-1.5543497203218397,1.0
2023-11-06,0.3758505929936968,0.5862859877197498,0.13538484420512575,-1.5543497203218397,1.0
2023-11-07,0.3758505929936968,0.5862859877197498,0.13538484420512575,-1.5543497203218397,1.0
2023-11-08,0.3758505929936968,0.5862859877197498,0.13538484420512575,-1.5543497203218397,1.0
2023-11-09,0.3758505929936968,0.5862859877197498,0.13538484420512575,-1.5543497203218397,1.0
2023-11-10,0.3758505929936968,0.5862859877197498,0.13538484420512575,-1.5543497203218397,1.0
2023-11-11,0.3758505929936968,0.5862859877197498,0.13538484420512575,-1.5543497203218397,1.0
2023-11-12,0.3758505929936968,0.5862859877197498,0.13538484420512575,-1.5543497203218397,1.0
2023-11-13,0.3758505929936968,0.5862859877197498,0.13538484420512575,-1.5543497203218397,1.0
2023-11-14,0.3758505929936968,0.5862859877197498,0.13538484420512575,-1.5543497203218397,1.0
2023-11-15,0.3758505929936968,0.5862859877197498,0.13538484420512575,-1.5543497203218397,1.0
2023-11-16,0.3758505929936968,0.5862859877197498,0.13538484420512575,-1.5543497203218397,1.0
2023-11-17,0.36379256875754185,0.5807425315043625,0.14347218026557707,-1.5121395823582737,1.0
2023-11-18,0.36379256875754185,0.5807425315043625,0.14347218026557707,-1.5121395823582737,1.0
2023-11-19,0.36379256875754185,0.5807425315043625,0.14347218026557707,-1.5121395823582737,1.0
2023-11-20,0.36379256875754185,0.5807425315043625,0.14347218026557707,-1.5121395823582737,1.0
2023-11-21,0.36379256875754185,0.5807425315043625,0.14347218026557707,-1.5121395823582737,1.0
2023-11-22,0.36379256875754185,0.5807425315043625,0.14347218026557707,-1.5121395823582737,1.0
2023-11-23,0.36379256875754185,0.5807425315043625,0.14347218026557707,-1.5121395823582737,1.0
2023-11-24,0.36379256875754185,0.5807425315043625,0.14347218026557707,-1.5121395823582737,1.0
2023-11-25,0.36379256875754185,0.5807425315043625,0.14347218026557707,-1.5121395823582737,1.0
2023-11-26,0.36379256875754185,0.5807425315043625,0.14347218026557707,-1.5121395823582737,1.0
2023-11-27,0.36379256875754185,0.5807425315043625,0.14347218026557707,-1.5121395823582737,1.0
2023-11-28,0.36379256875754185,0.5807425315043625,0.14347218026557707,-1.5121395823582737,1.0
2023-11-29,0.36379256875754185,0.5807425315043625,0.14347218026557707,-1.5121395823582737,1.0
2023-11-30,0.36379256875754185,0.5807425315043625,0.14347218026557707,-1.5121395823582737,1.0
2023-12-01,0.36379256875754185,0.5807425315043625,0.14347218026557707,-1.5121395823582737,1.0
2023-12-02,0.36379256875754185,0.5807425315043625,0.14347218026557707,-1.5121395823582737,1.0
2023-12-03,0.2970241478820392,0.5627680756919838,0.16470874877918615,-1.6134171972018896,1.0
2023-12-04,0.2970241478820392,0.5627680756919838,0.16470874877918615,-1.6134171972018896,1.0
2023-12-05,0.2970241478820392,0.5627680756919838,0.16470874877918615,-1.6134171972018896,1.0
2023-12-06,0.2970241478820392,0.5627680756919838,0.16470874877918615,-1.6134171972018896,1.0
2023-12-07,0.2970241478820392,0.5627680756919838,0.16470874877918615,-1.6134171972018896,1.0
2023-12-08,0.2970241478820392,0.5627680756919838,0.16470874877918615,-1.6134171972018896,1.0
2023-12-09,0.2970241478820392,0.5627680756919838,0.16470874877918615,-1.6134171972018896,1.0
2023-12-10,0.2970241478820392,0.5627680756919838,0.16470874877918615,-1.6134171972018896,1.0
2023-12-11,0.2970241478820392,0.5627680756919838,0.16470874877918615,-1.6134171972018896,1.0
2023-12-12,0.2970241478820392,0.5627680756919838,0.16470874877918615,-1.6134171972018896,1.0
2023-12-13,0.2970241478820392,0.5627680756919838,0.16470874877918615,-1.6134171972018896,1.0
2023-12-14,0.2970241478820392,0.5627680756919838,0.16470874877918615,-1.6134171972018896,1.0
2023-12-15,0.2970241478820392,0.5627680756919838,0.16470874877918615,-1.6134171972018896,1.0
2023-12-16,0.2970241478820392,0.5627680756919838,0.16470874877918615,-1.6134171972018896,1.0
2023-12-17,0.2970241478820392,0.5627680756919838,0.16470874877918615,-1.6134171972018896,1.0
2023-12-18,0.2970241478820392,0.5627680756919838,0.16470874877918615,-1.6134171972018896,1.0
2023-12-19,0.23893322220897073,0.5320025026858033,0.18826302967268665,-1.556701180185837,1.0
2023-12-20,0.23893322220897073,0.5320025026858033,0.18826302967268665,-1.556701180185837,1.0
2023-12-21,0.23893322220897073,0.5320025026858033,0.18826302967268665,-1.556701180185837,1.0
2023-12-22,0.23893322220897073,0.5320025026858033,0.18826302967268665,-1.556701180185837,1.0
2023-12-23,0.23893322220897073,0.5320025026858033,0.18826302967268665,-1.556701180185837,1.0
2023-12-24,0.23893322220897073,0.5320025026858033,0.18826302967268665,-1.556701180185837,1.0
2023-12-25,0.23893322220897073,0.5320025026858033,0.18826302967268665,-1.556701180185837,1.0
2023-12-26,0.23893322220897073,0.5320025026858033,0.18826302967268665,-1.556701180185837,1.0
2023-12-27,0.23893322220897073,0.5320025026858033,0.18826302967268665,-1.556701180185837,1.0
2023-12-28,0.23893322220897073,0.5320025026858033,0.18826302967268665,-1.556701180185837,1.0
2023-12-29,0.23893322220897073,0.5320025026858033,0.18826302967268665,-1.556701180185837,1.0
2023-12-30,0.23893322220897073,0.5320025026858033,0.18826302967268665,-1.556701180185837,1.0
2023-12-31,0.23893322220897073,0.5320025026858033,0.18826302967268665,-1.556701180185837,1.0
2024-01-01,0.08720124553602382,0.47928231231854296,0.21723124187864773,-1.8049018336024985,1.0
2024-01-02,0.08720124553602382,0.47928231231854296,0.21723124187864773,-1.8049018336024985,1.0
2024-01-03,0.08720124553602382,0.47928231231854296,0.21723124187864773,-1.8049018336024985,1.0
2024-01-04,0.08720124553602382,0.47928231231854296,0.21723124187864773,-1.8049018336024985,1.0
2024-01-05,0.08720124553602382,0.47928231231854296,0.21723124187864773,-1.8049018336024985,1.0
2024-01-06,0.08720124553602382,0.47928231231854296,0.21723124187864773,-1.8049018336024985,1.0
2024-01-07,0.08720124553602382,0.47928231231854296,0.21723124187864773,-1.8049018336024985,1.0
2024-01-08,0.08720124553602382,0.47928231231854296,0.21723124187864773,-1.8049018336024985,1.0
2024-01-09,0.08720124553602382,0.47928231231854296,0.21723124187864773,-1.8049018336024985,1.0
2024-01-10,0.08720124553602382,0.47928231231854296,0.21723124187864773,-1.8049018336024985,1.0
2024-01-11,0.08720124553602382,0.47928231231854296,0.21723124187864773,-1.8049018336024985,1.0
2024-01-12,0.08720124553602382,0.47928231231854296,0.21723124187864773,-1.8049018336024985,1.0
2024-01-13,0.08720124553602382,0.47928231231854296,0.21723124187864773,-1.8049018336024985,1.0
2024-01-14,0.08720124553602382,0.47928231231854296,0.21723124187864773,-1.8049018336024985,1.0
2024-01-15,0.08720124553602382,0.47928231231854296,0.21723124187864773,-1.8049018336024985,1.0
2024-01-16,0.08720124553602382,0.47928231231854296,0.21723124187864773,-1.8049018336024985,1.0
2024-01-17,0.12446742886218472,0.4281526746328978,0.2229267052049523,-1.3622649897037402,1.0
2024-01-18,0.12446742886218472,0.4281526746328978,0.2229267052049523,-1.3622649897037402,1.0
2024-01-19,0.12446742886218472,0.4281526746328978,0.2229267052049523,-1.3622649897037402,1.0
2024-01-20,0.12446742886218472,0.4281526746328978,0.2229267052049523,-1.3622649897037402,1.0
2024-01-21,0.12446742886218472,0.4281526746328978,0.2229267052049523,-1.3622649897037402,1.0
2024-01-22,0.12446742886218472,0.4281526746328978,0.2229267052049523,-1.3622649897037402,1.0
2024-01-23,0.12446742886218472,0.4281526746328978,0.2229267052049523,-1.3622649897037402,1.0
2024-01-24,0.12446742886218472,0.4281526746328978,0.2229267052049523,-1.3622649897037402,1.0
2024-01-25,0.12446742886218472,0.4281526746328978,0.2229267052049523,-1.3622649897037402,1.0
2024-01-26,0.12446742886218472,0.4281526746328978,0.2229267052049523,-1.3622649897037402,1.0
2024-01-27,0.12446742886218472,0.4281526746328978,0.2229267052049523,-1.3622649897037402,1.0
2024-01-28,0.12446742886218472,0.4281526746328978,0.2229267052049523,-1.3622649897037402,1.0
2024-01-29,0.12446742886218472,0.4281526746328978,0.2229267052049523,-1.3622649897037402,1.0
2024-01-30,0.12446742886218472,0.4281526746328978,0.2229267052049523,-1.3622649897037402,1.0
2024-01-31,0.12446742886218472,0.4281526746328978,0.2229267052049523,-1.3622649897037402,1.0
2024-02-01,0.12446742886218472,0.4281526746328978,0.2229267052049523,-1.3622649897037402,1.0
2024-02-02,0.23378043653270117,0.38623800861835594,0.20629231114629798,-0.7390366186626084,0.0
2024-02-03,0.23378043653270117,0.38623800861835594,0.20629231114629798,-0.7390366186626084,0.0
2024-02-04,0.23378043653270117,0.38623800861835594,0.20629231114629798,-0.7390366186626084,0.0
2024-02-05,0.23378043653270117,0.38623800861835594,0.20629231114629798,-0.7390366186626084,0.0
2024-02-06,0.23378043653270117,0.38623800861835594,0.20629231114629798,-0.7390366186626084,0.0
2024-02-07,0.23378043653270117,0.38623800861835594,0.20629231114629798,-0.7390366186626084,0.0
2024-02-08,0.23378043653270117,0.38623800861835594,0.20629231114629798,-0.7390366186626084,0.0
2024-02-09,0.23378043653270117,0.38623800861835594,0.20629231114629798,-0.7390366186626084,0.0
2024-02-10,0.23378043653270117,0.38623800861835594,0.20629231114629798,-0.7390366186626084,0.0
2024-02-11,0.23378043653270117,0.38623800861835594,0.20629231114629798,-0.7390366186626084,0.0
2024-02-12,0.23378043653270117,0.38623800861835594,0.20629231114629798,-0.7390366186626084,0.0
2024-02-13,0.23378043653270117,0.38623800861835594,0.20629231114629798,-0.7390366186626084,0.0
2024-02-14,0.23378043653270117,0.38623800861835594,0.20629231114629798,-0.7390366186626084,0.0
2024-02-15,0.23378043653270117,0.38623800861835594,0.20629231114629798,-0.7390366186626084,0.0
2024-02-16,0.23378043653270117,0.38623800861835594,0.20629231114629798,-0.7390366186626084,0.0
2024-02-17,0.23378043653270117,0.38623800861835594,0.20629231114629798,-0.7390366186626084,0.0
2024-02-18,0.25218842595835594,0.34675633603135636,0.17887744668281033,-0.5286743064970647,0.0
2024-02-19,0.25218842595835594,0.34675633603135636,0.17887744668281033,-0.5286743064970647,0.0
2024-02-20,0.25218842595835594,0.34675633603135636,0.17887744668281033,-0.5286743064970647,0.0
2024-02-21,0.25218842595835594,0.34675633603135636,0.17887744668281033,-0.5286743064970647,0.0
2024-02-22,0.25218842595835594,0.34675633603135636,0.17887744668281033,-0.5286743064970647,0.0
2024-02-23,0.25218842595835594,0.34675633603135636,0.17887744668281033,-0.5286743064970647,0.0
2024-02-24,0.25218842595835594,0.34675633603135636,0.17887744668281033,-0.5286743064970647,0.0
2024-02-25,0.25218842595835594,0.34675633603135636,0.17887744668281033,-0.5286743064970647,0.0
2024-02-26,0.25218842595835594,0.34675633603135636,0.17887744668281033,-0.5286743064970647,0.0
2024-02-27,0.25218842595835594,0.34675633603135636,0.17887744668281033,-0.5286743064970647,0.0
2024-02-28,0.25218842595835594,0.34675633603135636,0.17887744668281033,-0.5286743064970647,0.0
2024-02-29,0.25218842595835594,0.34675633603135636,0.17887744668281033,-0.5286743064970647,0.0
2024-03-01,0.25218842595835594,0.34675633603135636,0.17887744668281033,-0.5286743064970647,0.0
2024-03-02,0.25218842595835594,0.34675633603135636,0.17887744668281033,-0.5286743064970647,0.0
2024-03-03,0.25218842595835594,0.34675633603135636,0.17887744668281033,-0.5286743064970647,0.0
2024-03-04,0.25218842595835594,0.34675633603135636,0.17887744668281033,-0.5286743064970647,0.0
2024-03-05,0.2816977004646556,0.3140136795440784,0.14642666460820714,-0.22069736523665584,0.0
2024-03-06,0.2816977004646556,0.3140136795440784,0.14642666460820714,-0.22069736523665584,0.0
2024-03-07,0.2816977004646556,0.3140136795440784,0.14642666460820714,-0.22069736523665584,0.0
2024-03-08,0.2816977004646556,0.3140136795440784,0.14642666460820714,-0.22069736523665584,0.0
2024-03-09,0.2816977004646556,0.3140136795440784,0.14642666460820714,-0.22069736523665584,0.0
2024-03-10,0.2816977004646556,0.3140136795440784,0.14642666460820714,-0.22069736523665584,0.0
2024-03-11,0.2816977004646556,0.3140136795440784,0.14642666460820714,-0.22069736523665584,0.0
2024-03-12,0.2816977004646556,0.3140136795440784,0.14642666460820714,-0.22069736523665584,0.0
2024-03-13,0.2816977004646556,0.3140136795440784,0.14642666460820714,-0.22069736523665584,0.0
2024-03-14,0.2816977004646556,0.3140136795440784,0.14642666460820714,-0.22069736523665584,0.0
2024-03-15,0.2816977004646556,0.3140136795440784,0.14642666460820714,-0.22069736523665584,0.0
2024-03-16,0.2816977004646556,0.3140136795440784,0.14642666460820714,-0.22069736523665584,0.0
2024-03-17,0.2816977004646556,0.3140136795440784,0.14642666460820714,-0.22069736523665584,0.0
2024-03-18,0.2816977004646556,0.3140136795440784,0.14642666460820714,-0.22069736523665584,0.0
2024-03-19,0.2816977004646556,0.3140136795440784,0.14642666460820714,-0.22069736523665584,0.0
2024-03-20,0.2816977004646556,0.3140136795440784,0.14642666460820714,-0.22069736523665584,0.0
2024-03-21,0.28113525196166284,0.2877938692967473,0.11649869225266063,-0.0571561552008097,0.0
2024-03-22,0.28113525196166284,0.2877938692967473,0.11649869225266063,-0.0571561552008097,0.0
2024-03-23,0.28113525196166284,0.2877938692967473,0.11649869225266063,-0.0571561552008097,0.0
2024-03-24,0.28113525196166284,0.2877938692967473,0.11649869225266063,-0.0571561552008097,0.0
2024-03-25,0.28113525196166284,0.2877938692967473,0.11649869225266063,-0.0571561552008097,0.0
2024-03-26,0.28113525196166284,0.2877938692967473,0.11649869225266063,-0.0571561552008097,0.0
2024-03-27,0.28113525196166284,0.2877938692967473,0.11649869225266063,-0.0571561552008097,0.0
2024-03-28,0.28113525196166284,0.2877938692967473,0.11649869225266063,-0.0571561552008097,0.0
2024-03-29,0.28113525196166284,0.2877938692967473,0.11649869225266063,-0.0571561552008097,0.0
2024-03-30,0.28113525196166284,0.2877938692967473,0.11649869225266063,-0.0571561552008097,0.0
2024-03-31,0.28113525196166284,0.2877938692967473,0.11649869225266063,-0.0571561552008097,0.0
2024-04-01,0.28113525196166284,0.2877938692967473,0.11649869225266063,-0.0571561552008097,0.0
2024-04-02,0.28113525196166284,0.2877938692967473,0.11649869225266063,-0.0571561552008097,0.0
2024-04-03,0.28113525196166284,0.2877938692967473,0.11649869225266063,-0.0571561552008097,0.0
2024-04-04,0.28113525196166284,0.2877938692967473,0.11649869225266063,-0.0571561552008097,0.0
2024-04-05,0.28113525196166284,0.2877938692967473,0.11649869225266063,-0.0571561552008097,0.0
2024-04-06,0.335210354225443,0.273929716689403,0.09701384885842405,0.6316689653811085,0.0
2024-04-07,0.335210354225443,0.273929716689403,0.09701384885842405,0.6316689653811085,0.0
2024-04-08,0.335210354225443,0.273929716689403,0.09701384885842405,0.6316689653811085,0.0
2024-04-09,0.335210354225443,0.273929716689403,0.09701384885842405,0.6316689653811085,0.0
2024-04-10,0.335210354225443,0.273929716689403,0.09701384885842405,0.6316689653811085,0.0
2024-04-11,0.335210354225443,0.273929716689403,0.09701384885842405,0.6316689653811085,0.0
2024-04-12,0.335210354225443,0.273929716689403,0.09701384885842405,0.6316689653811085,0.0
2024-04-13,0.335210354225443,0.273929716689403,0.09701384885842405,0.6316689653811085,0.0
2024-04-14,0.335210354225443,0.273929716689403,0.09701384885842405,0.6316689653811085,0.0
2024-04-15,0.335210354225443,0.273929716689403,0.09701384885842405,0.6316689653811085,0.0
2024-04-16,0.335210354225443,0.273929716689403,0.09701384885842405,0.6316689653811085,0.0
2024-04-17,0.335210354225443,0.273929716689403,0.09701384885842405,0.6316689653811085,0.0
2024-04-18,0.335210354225443,0.273929716689403,0.09701384885842405,0.6316689653811085,0.0
2024-04-19,0.335210354225443,0.273929716689403,0.09701384885842405,0.6316689653811085,0.0
2024-04-20,0.335210354225443,0.273929716689403,0.09701384885842405,0.6316689653811085,0.0
2024-04-21,0.335210354225443,0.273929716689403,0.09701384885842405,0.6316689653811085,0.0
2024-04-22,0.3760145651072106,0.27060799504087385,0.09227869769706953,1.1422633034155196,-1.0
2024-04-23,0.3760145651072106,0.27060799504087385,0.09227869769706953,1.1422633034155196,-1.0
2024-04-24,0.3760145651072106,0.27060799504087385,0.09227869769706953,1.1422633034155196,-1.0
2024-04-25,0.3760145651072106,0.27060799504087385,0.09227869769706953,1.1422633034155196,-1.0
2024-04-26,0.3760145651072106,0.27060799504087385,0.09227869769706953,1.1422633034155196,-1.0
2024-04-27,0.3760145651072106,0.27060799504087385,0.09227869769706953,1.1422633034155196,-1.0
2024-04-28,0.3760145651072106,0.27060799504087385,0.09227869769706953,1.1422633034155196,-1.0
2024-04-29,0.3760145651072106,0.27060799504087385,0.09227869769706953,1.1422633034155196,-1.0
2024-04-30,0.3760145651072106,0.27060799504087385,0.09227869769706953,1.1422633034155196,-1.0
2024-05-01,0.3760145651072106,0.27060799504087385,0.09227869769706953,1.1422633034155196,-1.0
2024-05-02,0.3760145651072106,0.27060799504087385,0.09227869769706953,1.1422633034155196,-1.0
2024-05-03,0.3760145651072106,0.27060799504087385,0.09227869769706953,1.1422633034155196,-1.0
2024-05-04,0.3760145651072106,0.27060799504087385,0.09227869769706953,1.1422633034155196,-1.0
2024-05-05,0.3760145651072106,0.27060799504087385,0.09227869769706953,1.1422633034155196,-1.0
2024-05-06,0.3760145651072106,0.27060799504087385,0.09227869769706953,1.1422633034155196,-1.0
2024-05-07,0.3760145651072106,0.27060799504087385,0.09227869769706953,1.1422633034155196,-1.0
2024-05-08,0.4669582202129211,0.2782002973091426,0.10464425814582892,1.803805829850038,-1.0
2024-05-09,0.4669582202129211,0.2782002973091426,0.10464425814582892,1.803805829850038,-1.0
2024-05-10,0.4669582202129211,0.2782002973091426,0.10464425814582892,1.803805829850038,-1.0
2024-05-11,0.4669582202129211,0.2782002973091426,0.10464425814582892,1.803805829850038,-1.0
2024-05-12,0.4669582202129211,0.2782002973091426,0.10464425814582892,1.803805829850038,-1.0
2024-05-13,0.4669582202129211,0.2782002973091426,0.10464425814582892,1.803805829850038,-1.0
2024-05-14,0.4669582202129211,0.2782002973091426,0.10464425814582892,1.803805829850038,-1.0
2024-05-15,0.4669582202129211,0.2782002973091426,0.10464425814582892,1.803805829850038,-1.0
2024-05-16,0.4669582202129211,0.2782002973091426,0.10464425814582892,1.803805829850038,-1.0
2024-05-17,0.4669582202129211,0.2782002973091426,0.10464425814582892,1.803805829850038,-1.0
2024-05-18,0.4669582202129211,0.2782002973091426,0.10464425814582892,1.803805829850038,-1.0
2024-05-19,0.4669582202129211,0.2782002973091426,0.10464425814582892,1.803805829850038,-1.0
2024-05-20,0.4669582202129211,0.2782002973091426,0.10464425814582892,1.803805829850038,-1.0
2024-05-21,0.4669582202129211,0.2782002973091426,0.10464425814582892,1.803805829850038,-1.0
2024-05-22,0.4669582202129211,0.2782002973091426,0.10464425814582892,1.803805829850038,-1.0
2024-05-23,0.4669582202129211,0.2782002973091426,0.10464425814582892,1.803805829850038,-1.0
2024-05-24,0.5418117840447125,0.29303523191640674,0.12791286237883664,1.9448908225625494,-1.0
2024-05-25,0.5418117840447125,0.29303523191640674,0.12791286237883664,1.9448908225625494,-1.0
2024-05-26,0.5418117840447125,0.29303523191640674,0.12791286237883664,1.9448908225625494,-1.0
2024-05-27,0.5418117840447125,0.29303523191640674,0.12791286237883664,1.9448908225625494,-1.0
2024-05-28,0.5418117840447125,0.29303523191640674,0.12791286237883664,1.9448908225625494,-1.0
2024-05-29,0.5418117840447125,0.29303523191640674,0.12791286237883664,1.9448908225625494,-1.0
2024-05-30,0.5418117840447125,0.29303523191640674,0.12791286237883664,1.9448908225625494,-1.0
2024-05-31,0.5418117840447125,0.29303523191640674,0.12791286237883664,1.9448908225625494,-1.0
2024-06-01,0.5418117840447125,0.29303523191640674,0.12791286237883664,1.9448908225625494,-1.0
2024-06-02,0.5418117840447125,0.29303523191640674,0.12791286237883664,1.9448908225625494,-1.0
2024-06-03,0.5418117840447125,0.29303523191640674,0.12791286237883664,1.9448908225625494,-1.0
2024-06-04,0.5418117840447125,0.29303523191640674,0.12791286237883664,1.9448908225625494,-1.0
2024-06-05,0.5418117840447125,0.29303523191640674,0.12791286237883664,1.9448908225625494,-1.0
2024-06-06,0.5418117840447125,0.29303523191640674,0.12791286237883664,1.9448908225625494,-1.0
2024-06-07,0.5418117840447125,0.29303523191640674,0.12791286237883664,1.9448908225625494,-1.0
2024-06-08,0.5418117840447125,0.29303523191640674,0.12791286237883664,1.9448908225625494,-1.0
2024-06-09,0.5834994874605418,0.316908176881282,0.15299829656333241,1.742446266183797,-1.0
2024-06-10,0.5834994874605418,0.316908176881282,0.15299829656333241,1.742446266183797,-1.0
2024-06-11,0.5834994874605418,0.316908176881282,0.15299829656333241,1.742446266183797,-1.0
2024-06-12,0.5834994874605418,0.316908176881282,0.15299829656333241,1.742446266183797,-1.0
2024-06-13,0.5834994874605418,0.316908176881282,0.15299829656333241,1.742446266183797,-1.0
2024-06-14,0.5834994874605418,0.316908176881282,0.15299829656333241,1.742446266183797,-1.0
2024-06-15,0.5834994874605418,0.316908176881282,0.15299829656333241,1.742446266183797,-1.0
2024-06-16,0.5834994874605418,0.316908176881282,0.15299829656333241,1.742446266183797,-1.0
2024-06-17,0.5834994874605418,0.316908176881282,0.15299829656333241,1.742446266183797,-1.0
2024-06-18,0.5834994874605418,0.316908176881282,0.15299829656333241,1.742446266183797,-1.0
2024-06-19,0.5834994874605418,0.316908176881282,0.15299829656333241,1.742446266183797,-1.0
2024-06-20,0.5834994874605418,0.316908176881282,0.15299829656333241,1.742446266183797,-1.0
2024-06-21,0.5834994874605418,0.316908176881282,0.15299829656333241,1.742446266183797,-1.0
2024-06-22,0.5834994874605418,0.316908176881282,0.15299829656333241,1.742446266183797,-1.0
2024-06-23,0.5834994874605418,0.316908176881282,0.15299829656333241,1.742446266183797,-1.0
2024-06-24,0.5834994874605418,0.316908176881282,0.15299829656333241,1.742446266183797,-1.0
2024-06-25,0.6951363241860863,0.3549251020460416,0.18515994681104925,1.8373910124699977,-1.0
2024-06-26,0.6951363241860863,0.3549251020460416,0.18515994681104925,1.8373910124699977,-1.0
2024-06-27,0.6951363241860863,0.3549251020460416,0.18515994681104925,1.8373910124699977,-1.0
2024-06-28,0.6951363241860863,0.3549251020460416,0.18515994681104925,1.8373910124699977,-1.0
2024-06-29,0.6951363241860863,0.3549251020460416,0.18515994681104925,1.8373910124699977,-1.0
2024-06-30,0.6951363241860863,0.3549251020460416,0.18515994681104925,1.8373910124699977,-1.0
2024-07-01,0.6951363241860863,0.3549251020460416,0.18515994681104925,1.8373910124699977,-1.0
2024-07-02,0.6951363241860863,0.3549251020460416,0.18515994681104925,1.8373910124699977,-1.0
2024-07-03,0.6951363241860863,0.3549251020460416,0.18515994681104925,1.8373910124699977,-1.0
2024-07-04,0.6951363241860863,0.3549251020460416,0.18515994681104925,1.8373910124699977,-1.0
2024-07-05,0.6951363241860863,0.3549251020460416,0.18515994681104925,1.8373910124699977,-1.0
2024-07-06,0.6951363241860863,0.3549251020460416,0.18515994681104925,1.8373910124699977,-1.0
2024-07-07,0.6951363241860863,0.3549251020460416,0.18515994681104925,1.8373910124699977,-1.0
2024-07-08,0.6951363241860863,0.3549251020460416,0.18515994681104925,1.8373910124699977,-1.0
2024-07-09,0.6951363241860863,0.3549251020460416,0.18515994681104925,1.8373910124699977,-1.0
2024-07-10,0.6951363241860863,0.3549251020460416,0.18515994681104925,1.8373910124699977,-1.0
2024-07-11,0.7408983003041425,0.40939985661005157,0.19512595576495476,1.6988946570153283,-1.0
2024-07-12,0.7408983003041425,0.40939985661005157,0.19512595576495476,1.6988946570153283,-1.0
2024-07-13,0.7408983003041425,0.40939985661005157,0.19512595576495476,1.6988946570153283,-1.0
2024-07-14,0.7408983003041425,0.40939985661005157,0.19512595576495476,1.6988946570153283,-1.0
2024-07-15,0.7408983003041425,0.40939985661005157,0.19512595576495476,1.6988946570153283,-1.0
2024-07-16,0.7408983003041425,0.40939985661005157,0.19512595576495476,1.6988946570153283,-1.0
2024-07-17,0.7408983003041425,0.40939985661005157,0.19512595576495476,1.6988946570153283,-1.0
2024-07-18,0.7408983003041425,0.40939985661005157,0.19512595576495476,1.6988946570153283,-1.0
2024-07-19,0.7408983003041425,0.40939985661005157,0.19512595576495476,1.6988946570153283,-1.0
2024-07-20,0.7408983003041425,0.40939985661005157,0.19512595576495476,1.6988946570153283,-1.0
2024-07-21,0.7408983003041425,0.40939985661005157,0.19512595576495476,1.6988946570153283,-1.0
2024-07-22,0.7408983003041425,0.40939985661005157,0.19512595576495476,1.6988946570153283,-1.0
2024-07-23,0.7408983003041425,0.40939985661005157,0.19512595576495476,1.6988946570153283,-1.0
2024-07-24,0.7408983003041425,0.40939985661005157,0.19512595576495476,1.6988946570153283,-1.0
2024-07-25,0.7408983003041425,0.40939985661005157,0.19512595576495476,1.6988946570153283,-1.0
2024-07-26,0.7408983003041425,0.40939985661005157,0.19512595576495476,1.6988946570153283,-1.0
2024-07-27,0.737556239958478,0.4604905908680759,0.19399917777960612,1.4281795019005907,-1.0
2024-07-28,0.737556239958478,0.4604905908680759,0.19399917777960612,1.4281795019005907,-1.0
2024-07-29,0.737556239958478,0.4604905908680759,0.19399917777960612,1.4281795019005907,-1.0
2024-07-30,0.737556239958478,0.4604905908680759,0.19399917777960612,1.4281795019005907,-1.0
2024-07-31,0.737556239958478,0.4604905908680759,0.19399917777960612,1.4281795019005907,-1.0
2024-08-01,0.737556239958478,0.4604905908680759,0.19399917777960612,1.4281795019005907,-1.0
2024-08-02,0.737556239958478,0.4604905908680759,0.19399917777960612,1.4281795019005907,-1.0
2024-08-03,0.737556239958478,0.4604905908680759,0.19399917777960612,1.4281795019005907,-1.0
2024-08-04,0.737556239958478,0.4604905908680759,0.19399917777960612,1.4281795019005907,-1.0
2024-08-05,0.737556239958478,0.4604905908680759,0.19399917777960612,1.4281795019005907,-1.0
2024-08-06,0.737556239958478,0.4604905908680759,0.19399917777960612,1.4281795019005907,-1.0
2024-08-07,0.737556239958478,0.4604905908680759,0.19399917777960612,1.4281795019005907,-1.0
2024-08-08,0.737556239958478,0.4604905908680759,0.19399917777960612,1.4281795019005907,-1.0
2024-08-09,0.737556239958478,0.4604905908680759,0.19399917777960612,1.4281795019005907,-1.0
2024-08-10,0.737556239958478,0.4604905908680759,0.19399917777960612,1.4281795019005907,-1.0
2024-08-11,0.737556239958478,0.4604905908680759,0.19399917777960612,1.4281795019005907,-1.0
2024-08-12,0.7338898530810773,0.5021663755804406,0.1945857373297865,1.1908554073925195,-1.0
2024-08-13,0.7338898530810773,0.5021663755804406,0.1945857373297865,1.1908554073925195,-1.0
2024-08-14,0.7338898530810773,0.5021663755804406,0.1945857373297865,1.1908554073925195,-1.0
2024-08-15,0.7338898530810773,0.5021663755804406,0.1945857373297865,1.1908554073925195,-1.0
2024-08-16,0.7338898530810773,0.5021663755804406,0.1945857373297865,1.1908554073925195,-1.0
2024-08-17,0.7338898530810773,0.5021663755804406,0.1945857373297865,1.1908554073925195,-1.0
2024-08-18,0.7338898530810773,0.5021663755804406,0.1945857373297865,1.1908554073925195,-1.0
2024-08-19,0.7338898530810773,0.5021663755804406,0.1945857373297865,1.1908554073925195,-1.0
2024-08-20,0.7338898530810773,0.5021663755804406,0.1945857373297865,1.1908554073925195,-1.0
2024-08-21,0.7338898530810773,0.5021663755804406,0.1945857373297865,1.1908554073925195,-1.0
2024-08-22,0.7338898530810773,0.5021663755804406,0.1945857373297865,1.1908554073925195,-1.0
2024-08-23,0.7338898530810773,0.5021663755804406,0.1945857373297865,1.1908554073925195,-1.0
2024-08-24,0.7338898530810773,0.5021663755804406,0.1945857373297865,1.1908554073925195,-1.0
2024-08-25,0.7338898530810773,0.5021663755804406,0.1945857373297865,1.1908554073925195,-1.0
2024-08-26,0.7338898530810773,0.5021663755804406,0.1945857373297865,1.1908554073925195,-1.0
2024-08-27,0.7338898530810773,0.5021663755804406,0.1945857373297865,1.1908554073925195,-1.0
2024-08-28,0.7018658181485475,0.53963949159629,0.18513871454851635,0.8762420488219684,0.0
2024-08-29,0.7018658181485475,0.53963949159629,0.18513871454851635,0.8762420488219684,0.0
2024-08-30,0.7018658181485475,0.53963949159629,0.18513871454851635,0.8762420488219684,0.0
2024-08-31,0.7018658181485475,0.53963949159629,0.18513871454851635,0.8762420488219684,0.0
2024-09-01,0.7018658181485475,0.53963949159629,0.18513871454851635,0.8762420488219684,0.0
2024-09-02,0.7018658181485475,0.53963949159629,0.18513871454851635,0.8762420488219684,0.0
2024-09-03,0.7018658181485475,0.53963949159629,0.18513871454851635,0.8762420488219684,0.0
2024-09-04,0.7018658181485475,0.53963949159629,0.18513871454851635,0.8762420488219684,0.0
2024-09-05,0.7018658181485475,0.53963949159629,0.18513871454851635,0.8762420488219684,0.0
2024-09-06,0.7018658181485475,0.53963949159629,0.18513871454851635,0.8762420488219684,0.0
2024-09-07,0.7018658181485475,0.53963949159629,0.18513871454851635,0.8762420488219684,0.0
2024-09-08,0.7018658181485475,0.53963949159629,0.18513871454851635,0.8762420488219684,0.0
2024-09-09,0.7018658181485475,0.53963949159629,0.18513871454851635,0.8762420488219684,0.0
2024-09-10,0.7018658181485475,0.53963949159629,0.18513871454851635,0.8762420488219684,0.0
2024-09-11,0.7018658181485475,0.53963949159629,0.18513871454851635,0.8762420488219684,0.0
2024-09-12,0.7018658181485475,0.53963949159629,0.18513871454851635,0.8762420488219684,0.0
2024-09-13,0.6096565685646478,0.5669693972712893,0.16690909839463033,0.2557510147974763,0.0
2024-09-14,0.6096565685646478,0.5669693972712893,0.16690909839463033,0.2557510147974763,0.0
2024-09-15,0.6096565685646478,0.5669693972712893,0.16690909839463033,0.2557510147974763,0.0
2024-09-16,0.6096565685646478,0.5669693972712893,0.16690909839463033,0.2557510147974763,0.0
2024-09-17,0.6096565685646478,0.5669693972712893,0.16690909839463033,0.2557510147974763,0.0
2024-09-18,0.6096565685646478,0.5669693972712893,0.16690909839463033,0.2557510147974763,0.0
2024-09-19,0.6096565685646478,0.5669693972712893,0.16690909839463033,0.2557510147974763,0.0
2024-09-20,0.6096565685646478,0.5669693972712893,0.16690909839463033,0.2557510147974763,0.0
2024-09-21,0.6096565685646478,0.5669693972712893,0.16690909839463033,0.2557510147974763,0.0
2024-09-22,0.6096565685646478,0.5669693972712893,0.16690909839463033,0.2557510147974763,0.0
2024-09-23,0.6096565685646478,0.5669693972712893,0.16690909839463033,0.2557510147974763,0.0
2024-09-24,0.6096565685646478,0.5669693972712893,0.16690909839463033,0.2557510147974763,0.0
2024-09-25,0.6096565685646478,0.5669693972712893,0.16690909839463033,0.2557510147974763,0.0
2024-09-26,0.6096565685646478,0.5669693972712893,0.16690909839463033,0.2557510147974763,0.0
2024-09-27,0.6096565685646478,0.5669693972712893,0.16690909839463033,0.2557510147974763,0.0
2024-09-28,0.6096565685646478,0.5669693972712893,0.16690909839463033,0.2557510147974763,0.0
2024-09-29,0.5199987064017595,0.5868746851412973,0.14212528396057475,-0.4705424459034961,0.0
2024-09-30,0.5199987064017595,0.5868746851412973,0.14212528396057475,-0.4705424459034961,0.0
2024-10-01,0.5199987064017595,0.5868746851412973,0.14212528396057475,-0.4705424459034961,0.0
2024-10-02,0.5199987064017595,0.5868746851412973,0.14212528396057475,-0.4705424459034961,0.0
2024-10-03,0.5199987064017595,0.5868746851412973,0.14212528396057475,-0.4705424459034961,0.0
2024-10-04,0.5199987064017595,0.5868746851412973,0.14212528396057475,-0.4705424459034961,0.0
2024-10-05,0.5199987064017595,0.5868746851412973,0.14212528396057475,-0.4705424459034961,0.0
2024-10-06,0.5199987064017595,0.5868746851412973,0.14212528396057475,-0.4705424459034961,0.0
2024-10-07,0.5199987064017595,0.5868746851412973,0.14212528396057475,-0.4705424459034961,0.0
2024-10-08,0.5199987064017595,0.5868746851412973,0.14212528396057475,-0.4705424459034961,0.0
2024-10-09,0.5199987064017595,0.5868746851412973,0.14212528396057475,-0.4705424459034961,0.0
2024-10-10,0.5199987064017595,0.5868746851412973,0.14212528396057475,-0.4705424459034961,0.0
2024-10-11,0.5199987064017595,0.5868746851412973,0.14212528396057475,-0.4705424459034961,0.0
2024-10-12,0.5199987064017595,0.5868746851412973,0.14212528396057475,-0.4705424459034961,0.0
2024-10-13,0.5199987064017595,0.5868746851412973,0.14212528396057475,-0.4705424459034961,0.0
2024-10-14,0.5199987064017595,0.5868746851412973,0.14212528396057475,-0.4705424459034961,0.0
2024-10-15,0.4266886139604556,0.5944978734525485,0.129271682090049,-1.298113065282148,1.0
2024-10-16,0.4266886139604556,0.5944978734525485,0.129271682090049,-1.298113065282148,1.0
2024-10-17,0.4266886139604556,0.5944978734525485,0.129271682090049,-1.298113065282148,1.0
2024-10-18,0.4266886139604556,0.5944978734525485,0.129271682090049,-1.298113065282148,1.0
2024-10-19,0.4266886139604556,0.5944978734525485,0.129271682090049,-1.298113065282148,1.0
2024-10-20,0.4266886139604556,0.5944978734525485,0.129271682090049,-1.298113065282148,1.0
2024-10-21,0.4266886139604556,0.5944978734525485,0.129271682090049,-1.298113065282148,1.0
2024-10-22,0.4266886139604556,0.5944978734525485,0.129271682090049,-1.298113065282148,1.0
2024-10-23,0.4266886139604556,0.5944978734525485,0.129271682090049,-1.298113065282148,1.0
2024-10-24,0.4266886139604556,0.5944978734525485,0.129271682090049,-1.298113065282148,1.0
2024-10-25,0.4266886139604556,0.5944978734525485,0.129271682090049,-1.298113065282148,1.0
2024-10-26,0.4266886139604556,0.5944978734525485,0.129271682090049,-1.298113065282148,1.0
2024-10-27,0.4266886139604556,0.5944978734525485,0.129271682090049,-1.298113065282148,1.0
2024-10-28,0.4266886139604556,0.5944978734525485,0.129271682090049,-1.298113065282148,1.0
2024-10-29,0.4266886139604556,0.5944978734525485,0.129271682090049,-1.298113065282148,1.0
2024-10-30,0.4266886139604556,0.5944978734525485,0.129271682090049,-1.298113065282148,1.0
2024-10-31,0.3783457495701177,0.5946921388244574,0.128914763051632,-1.6782126742744756,1.0
2024-11-01,0.3783457495701177,0.5946921388244574,0.128914763051632,-1.6782126742744756,1.0
2024-11-02,0.3783457495701177,0.5946921388244574,0.128914763051632,-1.6782126742744756,1.0
2024-11-03,0.3783457495701177,0.5946921388244574,0.128914763051632,-1.6782126742744756,1.0
2024-11-04,0.3783457495701177,0.5946921388244574,0.128914763051632,-1.6782126742744756,1.0
2024-11-05,0.3783457495701177,0.5946921388244574,0.128914763051632,-1.6782126742744756,1.0
2024-11-06,0.3783457495701177,0.5946921388244574,0.128914763051632,-1.6782126742744756,1.0
2024-11-07,0.3783457495701177,0.5946921388244574,0.128914763051632,-1.6782126742744756,1.0
2024-11-08,0.3783457495701177,0.5946921388244574,0.128914763051632,-1.6782126742744756,1.0
2024-11-09,0.3783457495701177,0.5946921388244574,0.128914763051632,-1.6782126742744756,1.0
2024-11-10,0.3783457495701177,0.5946921388244574,0.128914763051632,-1.6782126742744756,1.0
2024-11-11,0.3783457495701177,0.5946921388244574,0.128914763051632,-1.6782126742744756,1.0
2024-11-12,0.3783457495701177,0.5946921388244574,0.128914763051632,-1.6782126742744756,1.0
2024-11-13,0.3783457495701177,0.5946921388244574,0.128914763051632,-1.6782126742744756,1.0
2024-11-14,0.3783457495701177,0.5946921388244574,0.128914763051632,-1.6782126742744756,1.0
2024-11-15,0.3783457495701177,0.5946921388244574,0.128914763051632,-1.6782126742744756,1.0
2024-11-16,0.27172378457239715,0.5784226025210802,0.155979429764238,-1.966277338058336,1.0
2024-11-17,0.27172378457239715,0.5784226025210802,0.155979429764238,-1.966277338058336,1.0
2024-11-18,0.27172378457239715,0.5784226025210802,0.155979429764238,-1.966277338058336,1.0
2024-11-19,0.27172378457239715,0.5784226025210802,0.155979429764238,-1.966277338058336,1.0
2024-11-20,0.27172378457239715,0.5784226025210802,0.155979429764238,-1.966277338058336,1.0
2024-11-21,0.27172378457239715,0.5784226025210802,0.155979429764238,-1.966277338058336,1.0
2024-11-22,0.27172378457239715,0.5784226025210802,0.155979429764238,-1.966277338058336,1.0
2024-11-23,0.27172378457239715,0.5784226025210802,0.155979429764238,-1.966277338058336,1.0
2024-11-24,0.27172378457239715,0.5784226025210802,0.155979429764238,-1.966277338058336,1.0
2024-11-25,0.27172378457239715,0.5784226025210802,0.155979429764238,-1.966277338058336,1.0
2024-11-26,0.27172378457239715,0.5784226025210802,0.155979429764238,-1.966277338058336,1.0
2024-11-27,0.27172378457239715,0.5784226025210802,0.155979429764238,-1.966277338058336,1.0
2024-11-28,0.27172378457239715,0.5784226025210802,0.155979429764238,-1.966277338058336,1.0
2024-11-29,0.27172378457239715,0.5784226025210802,0.155979429764238,-1.966277338058336,1.0
2024-11-30,0.27172378457239715,0.5784226025210802,0.155979429764238,-1.966277338058336,1.0
2024-12-01,0.27172378457239715,0.5784226025210802,0.155979429764238,-1.966277338058336,1.0
2024-12-02,0.19248630345934434,0.549312145805633,0.19189553460793624,-1.859479654257319,1.0
2024-12-03,0.19248630345934434,0.549312145805633,0.19189553460793624,-1.859479654257319,1.0
2024-12-04,0.19248630345934434,0.549312145805633,0.19189553460793624,-1.859479654257319,1.0
2024-12-05,0.19248630345934434,0.549312145805633,0.19189553460793624,-1.859479654257319,1.0
2024-12-06,0.19248630345934434,0.549312145805633,0.19189553460793624,-1.859479654257319,1.0
2024-12-07,0.19248630345934434,0.549312145805633,0.19189553460793624,-1.859479654257319,1.0
2024-12-08,0.19248630345934434,0.549312145805633,0.19189553460793624,-1.859479654257319,1.0
2024-12-09,0.19248630345934434,0.549312145805633,0.19189553460793624,-1.859479654257319,1.0
2024-12-10,0.19248630345934434,0.549312145805633,0.19189553460793624,-1.859479654257319,1.0
2024-12-11,0.19248630345934434,0.549312145805633,0.19189553460793624,-1.859479654257319,1.0
2024-12-12,0.19248630345934434,0.549312145805633,0.19189553460793624,-1.859479654257319,1.0
2024-12-13,0.19248630345934434,0.549312145805633,0.19189553460793624,-1.859479654257319,1.0
2024-12-14,0.19248630345934434,0.549312145805633,0.19189553460793624,-1.859479654257319,1.0
2024-12-15,0.19248630345934434,0.549312145805633,0.19189553460793624,-1.859479654257319,1.0
2024-12-16,0.19248630345934434,0.549312145805633,0.19189553460793624,-1.859479654257319,1.0
2024-12-17,0.19248630345934434,0.549312145805633,0.19189553460793624,-1.859479654257319,1.0
2024-12-18,0.1302206590007539,0.5115389101006507,0.2261154070144727,-1.6863877439164956,1.0
2024-12-19,0.1302206590007539,0.5115389101006507,0.2261154070144727,-1.6863877439164956,1.0
2024-12-20,0.1302206590007539,0.5115389101006507,0.2261154070144727,-1.6863877439164956,1.0
2024-12-21,0.1302206590007539,0.5115389101006507,0.2261154070144727,-1.6863877439164956,1.0
2024-12-22,0.1302206590007539,0.5115389101006507,0.2261154070144727,-1.6863877439164956,1.0
2024-12-23,0.1302206590007539,0.5115389101006507,0.2261154070144727,-1.6863877439164956,1.0
2024-12-24,0.1302206590007539,0.5115389101006507,0.2261154070144727,-1.6863877439164956,1.0
2024-12-25,0.1302206590007539,0.5115389101006507,0.2261154070144727,-1.6863877439164956,1.0
2024-12-26,0.1302206590007539,0.5115389101006507,0.2261154070144727,-1.6863877439164956,1.0
2024-12-27,0.1302206590007539,0.5115389101006507,0.2261154070144727,-1.6863877439164956,1.0
2024-12-28,0.1302206590007539,0.5115389101006507,0.2261154070144727,-1.6863877439164956,1.0
2024-12-29,0.1302206590007539,0.5115389101006507,0.2261154070144727,-1.6863877439164956,1.0
2024-12-30,0.1302206590007539,0.5115389101006507,0.2261154070144727,-1.6863877439164956,1.0
2024-12-31,0.1302206590007539,0.5115389101006507,0.2261154070144727,-1.6863877439164956,1.0
2025-01-01,0.14472201151194547,0.46567105071113885,0.24083382624732466,-1.3326576428246184,1.0
2025-01-02,0.14472201151194547,0.46567105071113885,0.24083382624732466,-1.3326576428246184,1.0
2025-01-03,0.14472201151194547,0.46567105071113885,0.24083382624732466,-1.3326576428246184,1.0
2025-01-04,0.14472201151194547,0.46567105071113885,0.24083382624732466,-1.3326576428246184,1.0
2025-01-05,0.14472201151194547,0.46567105071113885,0.24083382624732466,-1.3326576428246184,1.0
2025-01-06,0.14472201151194547,0.46567105071113885,0.24083382624732466,-1.3326576428246184,1.0
2025-01-07,0.14472201151194547,0.46567105071113885,0.24083382624732466,-1.3326576428246184,1.0
2025-01-08,0.14472201151194547,0.46567105071113885,0.24083382624732466,-1.3326576428246184,1.0
2025-01-09,0.14472201151194547,0.46567105071113885,0.24083382624732466,-1.3326576428246184,1.0
2025-01-10,0.14472201151194547,0.46567105071113885,0.24083382624732466,-1.3326576428246184,1.0
2025-01-11,0.14472201151194547,0.46567105071113885,0.24083382624732466,-1.3326576428246184,1.0
2025-01-12,0.14472201151194547,0.46567105071113885,0.24083382624732466,-1.3326576428246184,1.0
2025-01-13,0.14472201151194547,0.46567105071113885,0.24083382624732466,-1.3326576428246184,1.0
2025-01-14,0.14472201151194547,0.46567105071113885,0.24083382624732466,-1.3326576428246184,1.0
2025-01-15,0.14472201151194547,0.46567105071113885,0.24083382624732466,-1.3326576428246184,1.0
2025-01-16,0.14472201151194547,0.46567105071113885,0.24083382624732466,-1.3326576428246184,1.0
2025-01-17,0.1407011643800942,0.41565462271746817,0.2408028091399725,-1.1418199784270395,1.0
2025-01-18,0.1407011643800942,0.41565462271746817,0.2408028091399725,-1.1418199784270395,1.0
2025-01-19,0.1407011643800942,0.41565462271746817,0.2408028091399725,-1.1418199784270395,1.0
2025-01-20,0.1407011643800942,0.41565462271746817,0.2408028091399725,-1.1418199784270395,1.0
2025-01-21,0.1407011643800942,0.41565462271746817,0.2408028091399725,-1.1418199784270395,1.0
2025-01-22,0.1407011643800942,0.41565462271746817,0.2408028091399725,-1.1418199784270395,1.0
2025-01-23,0.1407011643800942,0.41565462271746817,0.2408028091399725,-1.1418199784270395,1.0
2025-01-24,0.1407011643800942,0.41565462271746817,0.2408028091399725,-1.1418199784270395,1.0
2025-01-25,0.1407011643800942,0.41565462271746817,0.2408028091399725,-1.1418199784270395,1.0
2025-01-26,0.1407011643800942,0.41565462271746817,0.2408028091399725,-1.1418199784270395,1.0
2025-01-27,0.1407011643800942,0.41565462271746817,0.2408028091399725,-1.1418199784270395,1.0
2025-01-28,0.1407011643800942,0.41565462271746817,0.2408028091399725,-1.1418199784270395,1.0
2025-01-29,0.1407011643800942,0.41565462271746817,0.2408028091399725,-1.1418199784270395,1.0
2025-01-30,0.1407011643800942,0.41565462271746817,0.2408028091399725,-1.1418199784270395,1.0
2025-01-31,0.1407011643800942,0.41565462271746817,0.2408028091399725,-1.1418199784270395,1.0
2025-02-01,0.1407011643800942,0.41565462271746817,0.2408028091399725,-1.1418199784270395,1.0
2025-02-02,0.1065935702543064,0.3630744002421206,0.23288074341861942,-1.1013397940196885,1.0
2025-02-03,0.1065935702543064,0.3630744002421206,0.23288074341861942,-1.1013397940196885,1.0
2025-02-04,0.1065935702543064,0.3630744002421206,0.23288074341861942,-1.1013397940196885,1.0
2025-02-05,0.1065935702543064,0.3630744002421206,0.23288074341861942,-1.1013397940196885,1.0
2025-02-06,0.1065935702543064,0.3630744002421206,0.23288074341861942,-1.1013397940196885,1.0
2025-02-07,0.1065935702543064,0.3630744002421206,0.23288074341861942,-1.1013397940196885,1.0
2025-02-08,0.1065935702543064,0.3630744002421206,0.23288074341861942,-1.1013397940196885,1.0
2025-02-09,0.1065935702543064,0.3630744002421206,0.23288074341861942,-1.1013397940196885,1.0
2025-02-10,0.1065935702543064,0.3630744002421206,0.23288074341861942,-1.1013397940196885,1.0
2025-02-11,0.1065935702543064,0.3630744002421206,0.23288074341861942,-1.1013397940196885,1.0
2025-02-12,0.1065935702543064,0.3630744002421206,0.23288074341861942,-1.1013397940196885,1.0
2025-02-13,0.1065935702543064,0.3630744002421206,0.23288074341861942,-1.1013397940196885,1.0
2025-02-14,0.1065935702543064,0.3630744002421206,0.23288074341861942,-1.1013397940196885,1.0
2025-02-15,0.1065935702543064,0.3630744002421206,0.23288074341861942,-1.1013397940196885,1.0
2025-02-16,0.1065935702543064,0.3630744002421206,0.23288074341861942,-1.1013397940196885,1.0
2025-02-17,0.1065935702543064,0.3630744002421206,0.23288074341861942,-1.1013397940196885,1.0
2025-02-18,0.15335417992945785,0.3146964274794856,0.20779386178869705,-0.7764533858757323,0.0
2025-02-19,0.15335417992945785,0.3146964274794856,0.20779386178869705,-0.7764533858757323,0.0
2025-02-20,0.15335417992945785,0.3146964274794856,0.20779386178869705,-0.7764533858757323,0.0
2025-02-21,0.15335417992945785,0.3146964274794856,0.20779386178869705,-0.7764533858757323,0.0
2025-02-22,0.15335417992945785,0.3146964274794856,0.20779386178869705,-0.7764533858757323,0.0
2025-02-23,0.15335417992945785,0.3146964274794856,0.20779386178869705,-0.7764533858757323,0.0
2025-02-24,0.15335417992945785,0.3146964274794856,0.20779386178869705,-0.7764533858757323,0.0
2025-02-25,0.15335417992945785,0.3146964274794856,0.20779386178869705,-0.7764533858757323,0.0
2025-02-26,0.15335417992945785,0.3146964274794856,0.20779386178869705,-0.7764533858757323,0.0
2025-02-27,0.15335417992945785,0.3146964274794856,0.20779386178869705,-0.7764533858757323,0.0
2025-02-28,0.15335417992945785,0.3146964274794856,0.20779386178869705,-0.7764533858757323,0.0
2025-03-01,0.15335417992945785,0.3146964274794856,0.20779386178869705,-0.7764533858757323,0.0
2025-03-02,0.15335417992945785,0.3146964274794856,0.20779386178869705,-0.7764533858757323,0.0
2025-03-03,0.15335417992945785,0.3146964274794856,0.20779386178869705,-0.7764533858757323,0.0
2025-03-04,0.15335417992945785,0.3146964274794856,0.20779386178869705,-0.7764533858757323,0.0
2025-03-05,0.15335417992945785,0.3146964274794856,0.20779386178869705,-0.7764533858757323,0.0
2025-03-06,0.22196195247384926,0.2747044386732608,0.16907997427980456,-0.31193810162361285,0.0
2025-03-07,0.22196195247384926,0.2747044386732608,0.16907997427980456,-0.31193810162361285,0.0
2025-03-08,0.22196195247384926,0.2747044386732608,0.16907997427980456,-0.31193810162361285,0.0
2025-03-09,0.22196195247384926,0.2747044386732608,0.16907997427980456,-0.31193810162361285,0.0
2025-03-10,0.22196195247384926,0.2747044386732608,0.16907997427980456,-0.31193810162361285,0.0
2025-03-11,0.22196195247384926,0.2747044386732608,0.16907997427980456,-0.31193810162361285,0.0
2025-03-12,0.22196195247384926,0.2747044386732608,0.16907997427980456,-0.31193810162361285,0.0
2025-03-13,0.22196195247384926,0.2747044386732608,0.16907997427980456,-0.31193810162361285,0.0
2025-03-14,0.22196195247384926,0.2747044386732608,0.16907997427980456,-0.31193810162361285,0.0
2025-03-15,0.22196195247384926,0.2747044386732608,0.16907997427980456,-0.31193810162361285,0.0
2025-03-16,0.22196195247384926,0.2747044386732608,0.16907997427980456,-0.31193810162361285,0.0
2025-03-17,0.22196195247384926,0.2747044386732608,0.16907997427980456,-0.31193810162361285,0.0
2025-03-18,0.22196195247384926,0.2747044386732608,0.16907997427980456,-0.31193810162361285,0.0
2025-03-19,0.22196195247384926,0.2747044386732608,0.16907997427980456,-0.31193810162361285,0.0
2025-03-20,0.22196195247384926,0.2747044386732608,0.16907997427980456,-0.31193810162361285,0.0
2025-03-21,0.22196195247384926,0.2747044386732608,0.16907997427980456,-0.31193810162361285,0.0
2025-03-22,0.2481208284274394,0.24457646032849337,0.13214655527869082,0.026821494449636874,0.0
2025-03-23,0.2481208284274394,0.24457646032849337,0.13214655527869082,0.026821494449636874,0.0
2025-03-24,0.2481208284274394,0.24457646032849337,0.13214655527869082,0.026821494449636874,0.0
2025-03-25,0.2481208284274394,0.24457646032849337,0.13214655527869082,0.026821494449636874,0.0
2025-03-26,0.2481208284274394,0.24457646032849337,0.13214655527869082,0.026821494449636874,0.0
2025-03-27,0.2481208284274394,0.24457646032849337,0.13214655527869082,0.026821494449636874,0.0
2025-03-28,0.2481208284274394,0.24457646032849337,0.13214655527869082,0.026821494449636874,0.0
2025-03-29,0.2481208284274394,0.24457646032849337,0.13214655527869082,0.026821494449636874,0.0
2025-03-30,0.2481208284274394,0.24457646032849337,0.13214655527869082,0.026821494449636874,0.0
2025-03-31,0.2481208284274394,0.24457646032849337,0.13214655527869082,0.026821494449636874,0.0
2025-04-01,0.2481208284274394,0.24457646032849337,0.13214655527869082,0.026821494449636874,0.0
2025-04-02,0.2481208284274394,0.24457646032849337,0.13214655527869082,0.026821494449636874,0.0
2025-04-03,0.2481208284274394,0.24457646032849337,0.13214655527869082,0.026821494449636874,0.0
2025-04-04,0.2481208284274394,0.24457646032849337,0.13214655527869082,0.026821494449636874,0.0
2025-04-05,0.2481208284274394,0.24457646032849337,0.13214655527869082,0.026821494449636874,0.0
2025-04-06,0.2481208284274394,0.24457646032849337,0.13214655527869082,0.026821494449636874,0.0
2025-04-07,0.28769165199003555,0.2252175391275164,0.10162056205291153,0.6147782653474233,0.0
2025-04-08,0.28769165199003555,0.2252175391275164,0.10162056205291153,0.6147782653474233,0.0
2025-04-09,0.28769165199003555,0.2252175391275164,0.10162056205291153,0.6147782653474233,0.0
2025-04-10,0.28769165199003555,0.2252175391275164,0.10162056205291153,0.6147782653474233,0.0
2025-04-11,0.28769165199003555,0.2252175391275164,0.10162056205291153,0.6147782653474233,0.0
2025-04-12,0.28769165199003555,0.2252175391275164,0.10162056205291153,0.6147782653474233,0.0
2025-04-13,0.28769165199003555,0.2252175391275164,0.10162056205291153,0.6147782653474233,0.0
2025-04-14,0.28769165199003555,0.2252175391275164,0.10162056205291153,0.6147782653474233,0.0
2025-04-15,0.28769165199003555,0.2252175391275164,0.10162056205291153,0.6147782653474233,0.0
2025-04-16,0.28769165199003555,0.2252175391275164,0.10162056205291153,0.6147782653474233,0.0
2025-04-17,0.28769165199003555,0.2252175391275164,0.10162056205291153,0.6147782653474233,0.0
2025-04-18,0.28769165199003555,0.2252175391275164,0.10162056205291153,0.6147782653474233,0.0
2025-04-19,0.28769165199003555,0.2252175391275164,0.10162056205291153,0.6147782653474233,0.0
2025-04-20,0.28769165199003555,0.2252175391275164,0.10162056205291153,0.6147782653474233,0.0
2025-04-21,0.28769165199003555,0.2252175391275164,0.10162056205291153,0.6147782653474233,0.0
2025-04-22,0.28769165199003555,0.2252175391275164,0.10162056205291153,0.6147782653474233,0.0
2025-04-23,0.35419637980726926,0.2191765196147509,0.09005106899529843,1.4993698764371999,-1.0
2025-04-24,0.35419637980726926,0.2191765196147509,0.09005106899529843,1.4993698764371999,-1.0
2025-04-25,0.35419637980726926,0.2191765196147509,0.09005106899529843,1.4993698764371999,-1.0
2025-04-26,0.35419637980726926,0.2191765196147509,0.09005106899529843,1.4993698764371999,-1.0
2025-04-27,0.35419637980726926,0.2191765196147509,0.09005106899529843,1.4993698764371999,-1.0
2025-04-28,0.35419637980726926,0.2191765196147509,0.09005106899529843,1.4993698764371999,-1.0
2025-04-29,0.35419637980726926,0.2191765196147509,0.09005106899529843,1.4993698764371999,-1.0
2025-04-30,0.35419637980726926,0.2191765196147509,0.09005106899529843,1.4993698764371999,-1.0
2025-05-01,0.35419637980726926,0.2191765196147509,0.09005106899529843,1.4993698764371999,-1.0
2025-05-02,0.35419637980726926,0.2191765196147509,0.09005106899529843,1.4993698764371999,-1.0
2025-05-03,0.35419637980726926,0.2191765196147509,0.09005106899529843,1.4993698764371999,-1.0
2025-05-04,0.35419637980726926,0.2191765196147509,0.09005106899529843,1.4993698764371999,-1.0
2025-05-05,0.35419637980726926,0.2191765196147509,0.09005106899529843,1.4993698764371999,-1.0
2025-05-06,0.35419637980726926,0.2191765196147509,0.09005106899529843,1.4993698764371999,-1.0
2025-05-07,0.35419637980726926,0.2191765196147509,0.09005106899529843,1.4993698764371999,-1.0
2025-05-08,0.35419637980726926,0.2191765196147509,0.09005106899529843,1.4993698764371999,-1.0
2025-05-09,0.4230876909911446,0.2229050147331698,0.09783067339982138,2.046215867694726,-1.0
2025-05-10,0.4230876909911446,0.2229050147331698,0.09783067339982138,2.046215867694726,-1.0
2025-05-11,0.4230876909911446,0.2229050147331698,0.09783067339982138,2.046215867694726,-1.0
2025-05-12,0.4230876909911446,0.2229050147331698,0.09783067339982138,2.046215867694726,-1.0
2025-05-13,0.4230876909911446,0.2229050147331698,0.09783067339982138,2.046215867694726,-1.0
2025-05-14,0.4230876909911446,0.2229050147331698,0.09783067339982138,2.046215867694726,-1.0
2025-05-15,0.4230876909911446,0.2229050147331698,0.09783067339982138,2.046215867694726,-1.0
2025-05-16,0.4230876909911446,0.2229050147331698,0.09783067339982138,2.046215867694726,-1.0
2025-05-17,0.4230876909911446,0.2229050147331698,0.09783067339982138,2.046215867694726,-1.0
2025-05-18,0.4230876909911446,0.2229050147331698,0.09783067339982138,2.046215867694726,-1.0
2025-05-19,0.4230876909911446,0.2229050147331698,0.09783067339982138,2.046215867694726,-1.0
2025-05-20,0.4230876909911446,0.2229050147331698,0.09783067339982138,2.046215867694726,-1.0
2025-05-21,0.4230876909911446,0.2229050147331698,0.09783067339982138,2.046215867694726,-1.0
2025-05-22,0.4230876909911446,0.2229050147331698,0.09783067339982138,2.046215867694726,-1.0
2025-05-23,0.4230876909911446,0.2229050147331698,0.09783067339982138,2.046215867694726,-1.0
2025-05-24,0.4230876909911446,0.2229050147331698,0.09783067339982138,2.046215867694726,-1.0
2025-05-25,0.5063760924991825,0.24245937372706858,0.12744458739166525,2.070835052108096,-1.0
2025-05-26,0.5063760924991825,0.24245937372706858,0.12744458739166525,2.070835052108096,-1.0
2025-05-27,0.5063760924991825,0.24245937372706858,0.12744458739166525,2.070835052108096,-1.0
2025-05-28,0.5063760924991825,0.24245937372706858,0.12744458739166525,2.070835052108096,-1.0
2025-05-29,0.5063760924991825,0.24245937372706858,0.12744458739166525,2.070835052108096,-1.0
2025-05-30,0.5063760924991825,0.24245937372706858,0.12744458739166525,2.070835052108096,-1.0
2025-05-31,0.5063760924991825,0.24245937372706858,0.12744458739166525,2.070835052108096,-1.0
2025-06-01,0.5063760924991825,0.24245937372706858,0.12744458739166525,2.070835052108096,-1.0
2025-06-02,0.5063760924991825,0.24245937372706858,0.12744458739166525,2.070835052108096,-1.0
2025-06-03,0.5063760924991825,0.24245937372706858,0.12744458739166525,2.070835052108096,-1.0
2025-06-04,0.5063760924991825,0.24245937372706858,0.12744458739166525,2.070835052108096,-1.0
2025-06-05,0.5063760924991825,0.24245937372706858,0.12744458739166525,2.070835052108096,-1.0
2025-06-06,0.5063760924991825,0.24245937372706858,0.12744458739166525,2.070835052108096,-1.0
2025-06-07,0.5063760924991825,0.24245937372706858,0.12744458739166525,2.070835052108096,-1.0
2025-06-08,0.5063760924991825,0.24245937372706858,0.12744458739166525,2.070835052108096,-1.0
2025-06-09,0.5063760924991825,0.24245937372706858,0.12744458739166525,2.070835052108096,-1.0
2025-06-10,0.6216557032334288,0.27822349037490895,0.16640777830751102,2.0637990384312377,-1.0
2025-06-11,0.6216557032334288,0.27822349037490895,0.16640777830751102,2.0637990384312377,-1.0
2025-06-12,0.6216557032334288,0.27822349037490895,0.16640777830751102,2.0637990384312377,-1.0
2025-06-13,0.6216557032334288,0.27822349037490895,0.16640777830751102,2.0637990384312377,-1.0
2025-06-14,0.6216557032334288,0.27822349037490895,0.16640777830751102,2.0637990384312377,-1.0
2025-06-15,0.6216557032334288,0.27822349037490895,0.16640777830751102,2.0637990384312377,-1.0
2025-06-16,0.6216557032334288,0.27822349037490895,0.16640777830751102,2.0637990384312377,-1.0
2025-06-17,0.6216557032334288,0.27822349037490895,0.16640777830751102,2.0637990384312377,-1.0
2025-06-18,0.6216557032334288,0.27822349037490895,0.16640777830751102,2.0637990384312377,-1.0
2025-06-19,0.6216557032334288,0.27822349037490895,0.16640777830751102,2.0637990384312377,-1.0
2025-06-20,0.6216557032334288,0.27822349037490895,0.16640777830751102,2.0637990384312377,-1.0
2025-06-21,0.6216557032334288,0.27822349037490895,0.16640777830751102,2.0637990384312377,-1.0
2025-06-22,0.6216557032334288,0.27822349037490895,0.16640777830751102,2.0637990384312377,-1.0
2025-06-23,0.6216557032334288,0.27822349037490895,0.16640777830751102,2.0637990384312377,-1.0
2025-06-24,0.6216557032334288,0.27822349037490895,0.16640777830751102,2.0637990384312377,-1.0
2025-06-25,0.6216557032334288,0.27822349037490895,0.16640777830751102,2.0637990384312377,-1.0
2025-06-26,0.7082211613539727,0.32639019890434384,0.19994540453006335,1.9096761105715616,-1.0
2025-06-27,0.7082211613539727,0.32639019890434384,0.19994540453006335,1.9096761105715616,-1.0
2025-06-28,0.7082211613539727,0.32639019890434384,0.19994540453006335,1.9096761105715616,-1.0
2025-06-29,0.7082211613539727,0.32639019890434384,0.19994540453006335,1.9096761105715616,-1.0
2025-06-30,0.7082211613539727,0.32639019890434384,0.19994540453006335,1.9096761105715616,-1.0
2025-07-01,0.7082211613539727,0.32639019890434384,0.19994540453006335,1.9096761105715616,-1.0
2025-07-02,0.7082211613539727,0.32639019890434384,0.19994540453006335,1.9096761105715616,-1.0
2025-07-03,0.7082211613539727,0.32639019890434384,0.19994540453006335,1.9096761105715616,-1.0
2025-07-04,0.7082211613539727,0.32639019890434384,0.19994540453006335,1.9096761105715616,-1.0
2025-07-05,0.7082211613539727,0.32639019890434384,0.19994540453006335,1.9096761105715616,-1.0
2025-07-06,0.7082211613539727,0.32639019890434384,0.19994540453006335,1.9096761105715616,-1.0
2025-07-07,0.7082211613539727,0.32639019890434384,0.19994540453006335,1.9096761105715616,-1.0
2025-07-08,0.7082211613539727,0.32639019890434384,0.19994540453006335,1.9096761105715616,-1.0
2025-07-09,0.7082211613539727,0.32639019890434384,0.19994540453006335,1.9096761105715616,-1.0
2025-07-10,0.7082211613539727,0.32639019890434384,0.19994540453006335,1.9096761105715616,-1.0
2025-07-11,0.7082211613539727,0.32639019890434384,0.19994540453006335,1.9096761105715616,-1.0
2025-07-12,0.747491634136492,0.37662100078972266,0.2243790015428755,1.6528758520030293,-1.0
2025-07-13,0.747491634136492,0.37662100078972266,0.2243790015428755,1.6528758520030293,-1.0
2025-07-14,0.747491634136492,0.37662100078972266,0.2243790015428755,1.6528758520030293,-1.0
2025-07-15,0.747491634136492,0.37662100078972266,0.2243790015428755,1.6528758520030293,-1.0
2025-07-16,0.747491634136492,0.37662100078972266,0.2243790015428755,1.6528758520030293,-1.0
2025-07-17,0.747491634136492,0.37662100078972266,0.2243790015428755,1.6528758520030293,-1.0
2025-07-18,0.747491634136492,0.37662100078972266,0.2243790015428755,1.6528758520030293,-1.0
2025-07-19,0.747491634136492,0.37662100078972266,0.2243790015428755,1.6528758520030293,-1.0
2025-07-20,0.747491634136492,0.37662100078972266,0.2243790015428755,1.6528758520030293,-1.0
2025-07-21,0.747491634136492,0.37662100078972266,0.2243790015428755,1.6528758520030293,-1.0
2025-07-22,0.747491634136492,0.37662100078972266,0.2243790015428755,1.6528758520030293,-1.0
2025-07-23,0.747491634136492,0.37662100078972266,0.2243790015428755,1.6528758520030293,-1.0
2025-07-24,0.747491634136492,0.37662100078972266,0.2243790015428755,1.6528758520030293,-1.0
2025-07-25,0.747491634136492,0.37662100078972266,0.2243790015428755,1.6528758520030293,-1.0
2025-07-26,0.747491634136492,0.37662100078972266,0.2243790015428755,1.6528758520030293,-1.0
2025-07-27,0.747491634136492,0.37662100078972266,0.2243790015428755,1.6528758520030293,-1.0
2025-07-28,0.7691465991182294,0.4289914536845673,0.2372784140973,1.433569702190338,-1.0
2025-07-29,0.7691465991182294,0.4289914536845673,0.2372784140973,1.433569702190338,-1.0
2025-07-30,0.7691465991182294,0.4289914536845673,0.2372784140973,1.433569702190338,-1.0
2025-07-31,0.7691465991182294,0.4289914536845673,0.2372784140973,1.433569702190338,-1.0
2025-08-01,0.7691465991182294,0.4289914536845673,0.2372784140973,1.433569702190338,-1.0
2025-08-02,0.7691465991182294,0.4289914536845673,0.2372784140973,1.433569702190338,-1.0
2025-08-03,0.7691465991182294,0.4289914536845673,0.2372784140973,1.433569702190338,-1.0
2025-08-04,0.7691465991182294,0.4289914536845673,0.2372784140973,1.433569702190338,-1.0
2025-08-05,0.7691465991182294,0.4289914536845673,0.2372784140973,1.433569702190338,-1.0
2025-08-06,0.7691465991182294,0.4289914536845673,0.2372784140973,1.433569702190338,-1.0
2025-08-07,0.7691465991182294,0.4289914536845673,0.2372784140973,1.433569702190338,-1.0
2025-08-08,0.7691465991182294,0.4289914536845673,0.2372784140973,1.433569702190338,-1.0
2025-08-09,0.7691465991182294,0.4289914536845673,0.2372784140973,1.433569702190338,-1.0
2025-08-10,0.7691465991182294,0.4289914536845673,0.2372784140973,1.433569702190338,-1.0
2025-08-11,0.7691465991182294,0.4289914536845673,0.2372784140973,1.433569702190338,-1.0
2025-08-12,0.7691465991182294,0.4289914536845673,0.2372784140973,1.433569702190338,-1.0
2025-08-13,0.7548612903526537,0.48301376369276294,0.23091543891613456,1.1772600737996657,-1.0
2025-08-14,0.7548612903526537,0.48301376369276294,0.23091543891613456,1.1772600737996657,-1.0
2025-08-15,0.7548612903526537,0.48301376369276294,0.23091543891613456,1.1772600737996657,-1.0
2025-08-16,0.7548612903526537,0.48301376369276294,0.23091543891613456,1.1772600737996657,-1.0
2025-08-17,0.7548612903526537,0.48301376369276294,0.23091543891613456,1.1772600737996657,-1.0
2025-08-18,0.7548612903526537,0.48301376369276294,0.23091543891613456,1.1772600737996657,-1.0
2025-08-19,0.7548612903526537,0.48301376369276294,0.23091543891613456,1.1772600737996657,-1.0
2025-08-20,0.7548612903526537,0.48301376369276294,0.23091543891613456,1.1772600737996657,-1.0
2025-08-21,0.7548612903526537,0.48301376369276294,0.23091543891613456,1.1772600737996657,-1.0
2025-08-22,0.7548612903526537,0.48301376369276294,0.23091543891613456,1.1772600737996657,-1.0
2025-08-23,0.7548612903526537,0.48301376369276294,0.23091543891613456,1.1772600737996657,-1.0
2025-08-24,0.7548612903526537,0.48301376369276294,0.23091543891613456,1.1772600737996657,-1.0
2025-08-25,0.7548612903526537,0.48301376369276294,0.23091543891613456,1.1772600737996657,-1.0
2025-08-26,0.7548612903526537,0.48301376369276294,0.23091543891613456,1.1772600737996657,-1.0
2025-08-27,0.7548612903526537,0.48301376369276294,0.23091543891613456,1.1772600737996657,-1.0
2025-08-28,0.7548612903526537,0.48301376369276294,0.23091543891613456,1.1772600737996657,-1.0
2025-08-29,0.7157675223343524,0.5298815422265041,0.2144085196421838,0.866971053286803,0.0
2025-08-30,0.7157675223343524,0.5298815422265041,0.2144085196421838,0.866971053286803,0.0
2025-08-31,0.7157675223343524,0.5298815422265041,0.2144085196421838,0.866971053286803,0.0
2025-09-01,0.7157675223343524,0.5298815422265041,0.2144085196421838,0.866971053286803,0.0
2025-09-02,0.7157675223343524,0.5298815422265041,0.2144085196421838,0.866971053286803,0.0
2025-09-03,0.7157675223343524,0.5298815422265041,0.2144085196421838,0.866971053286803,0.0
2025-09-04,0.7157675223343524,0.5298815422265041,0.2144085196421838,0.866971053286803,0.0
2025-09-05,0.7157675223343524,0.5298815422265041,0.2144085196421838,0.866971053286803,0.0
2025-09-06,0.7157675223343524,0.5298815422265041,0.2144085196421838,0.866971053286803,0.0
2025-09-07,0.7157675223343524,0.5298815422265041,0.2144085196421838,0.866971053286803,0.0
2025-09-08,0.7157675223343524,0.5298815422265041,0.2144085196421838,0.866971053286803,0.0
2025-09-09,0.7157675223343524,0.5298815422265041,0.2144085196421838,0.866971053286803,0.0
2025-09-10,0.7157675223343524,0.5298815422265041,0.2144085196421838,0.866971053286803,0.0
2025-09-11,0.7157675223343524,0.5298815422265041,0.2144085196421838,0.866971053286803,0.0
2025-09-12,0.7157675223343524,0.5298815422265041,0.2144085196421838,0.866971053286803,0.0
2025-09-13,0.7157675223343524,0.5298815422265041,0.2144085196421838,0.866971053286803,0.0
2025-09-14,0.6124913334753758,0.5624256573099647,0.1918762899239158,0.26092685128143467,0.0
2025-09-15,0.6124913334753758,0.5624256573099647,0.1918762899239158,0.26092685128143467,0.0
2025-09-16,0.6124913334753758,0.5624256573099647,0.1918762899239158,0.26092685128143467,0.0
2025-09-17,0.6124913334753758,0.5624256573099647,0.1918762899239158,0.26092685128143467,0.0
2025-09-18,0.6124913334753758,0.5624256573099647,0.1918762899239158,0.26092685128143467,0.0
2025-09-19,0.6124913334753758,0.5624256573099647,0.1918762899239158,0.26092685128143467,0.0
2025-09-20,0.6124913334753758,0.5624256573099647,0.1918762899239158,0.26092685128143467,0.0
2025-09-21,0.6124913334753758,0.5624256573099647,0.1918762899239158,0.26092685128143467,0.0
2025-09-22,0.6124913334753758,0.5624256573099647,0.1918762899239158,0.26092685128143467,0.0
2025-09-23,0.6124913334753758,0.5624256573099647,0.1918762899239158,0.26092685128143467,0.0
2025-09-24,0.6124913334753758,0.5624256573099647,0.1918762899239158,0.26092685128143467,0.0
2025-09-25,0.6124913334753758,0.5624256573099647,0.1918762899239158,0.26092685128143467,0.0
2025-09-26,0.6124913334753758,0.5624256573099647,0.1918762899239158,0.26092685128143467,0.0
2025-09-27,0.6124913334753758,0.5624256573099647,0.1918762899239158,0.26092685128143467,0.0
2025-09-28,0.6124913334753758,0.5624256573099647,0.1918762899239158,0.26092685128143467,0.0
2025-09-29,0.6124913334753758,0.5624256573099647,0.1918762899239158,0.26092685128143467,0.0
2025-09-30,0.5081465721161418,0.5840944692840232,0.16610671861701445,-0.45722351148836676,0.0
2025-10-01,0.5081465721161418,0.5840944692840232,0.16610671861701445,-0.45722351148836676,0.0
2025-10-02,0.5081465721161418,0.5840944692840232,0.16610671861701445,-0.45722351148836676,0.0
2025-10-03,0.5081465721161418,0.5840944692840232,0.16610671861701445,-0.45722351148836676,0.0
2025-10-04,0.5081465721161418,0.5840944692840232,0.16610671861701445,-0.45722351148836676,0.0
2025-10-05,0.5081465721161418,0.5840944692840232,0.16610671861701445,-0.45722351148836676,0.0
2025-10-06,0.5081465721161418,0.5840944692840232,0.16610671861701445,-0.45722351148836676,0.0
2025-10-07,0.5081465721161418,0.5840944692840232,0.16610671861701445,-0.45722351148836676,0.0
2025-10-08,0.5081465721161418,0.5840944692840232,0.16610671861701445,-0.45722351148836676,0.0
2025-10-09,0.5081465721161418,0.5840944692840232,0.16610671861701445,-0.45722351148836676,0.0
2025-10-10,0.5081465721161418,0.5840944692840232,0.16610671861701445,-0.45722351148836676,0.0
2025-10-11,0.5081465721161418,0.5840944692840232,0.16610671861701445,-0.45722351148836676,0.0
2025-10-12,0.5081465721161418,0.5840944692840232,0.16610671861701445,-0.45722351148836676,0.0
2025-10-13,0.5081465721161418,0.5840944692840232,0.16610671861701445,-0.45722351148836676,0.0
2025-10-14,0.5081465721161418,0.5840944692840232,0.16610671861701445,-0.45722351148836676,0.0
2025-10-15,0.5081465721161418,0.5840944692840232,0.16610671861701445,-0.45722351148836676,0.0
2025-10-16,0.44599166233816057,0.5972861368130337,0.1454258248126996,-1.0403549346873706,1.0
2025-10-17,0.44599166233816057,0.5972861368130337,0.1454258248126996,-1.0403549346873706,1.0
2025-10-18,0.44599166233816057,0.5972861368130337,0.1454258248126996,-1.0403549346873706,1.0
2025-10-19,0.44599166233816057,0.5972861368130337,0.1454258248126996,-1.0403549346873706,1.0
2025-10-20,0.44599166233816057,0.5972861368130337,0.1454258248126996,-1.0403549346873706,1.0
2025-10-21,0.44599166233816057,0.5972861368130337,0.1454258248126996,-1.0403549346873706,1.0
2025-10-22,0.44599166233816057,0.5972861368130337,0.1454258248126996,-1.0403549346873706,1.0
2025-10-23,0.44599166233816057,0.5972861368130337,0.1454258248126996,-1.0403549346873706,1.0
2025-10-24,0.44599166233816057,0.5972861368130337,0.1454258248126996,-1.0403549346873706,1.0
2025-10-25,0.44599166233816057,0.5972861368130337,0.1454258248126996,-1.0403549346873706,1.0
2025-10-26,0.44599166233816057,0.5972861368130337,0.1454258248126996,-1.0403549346873706,1.0
2025-10-27,0.44599166233816057,0.5972861368130337,0.1454258248126996,-1.0403549346873706,1.0
2025-10-28,0.44599166233816057,0.5972861368130337,0.1454258248126996,-1.0403549346873706,1.0
2025-10-29,0.44599166233816057,0.5972861368130337,0.1454258248126996,-1.0403549346873706,1.0
2025-10-30,0.44599166233816057,0.5972861368130337,0.1454258248126996,-1.0403549346873706,1.0
2025-10-31,0.44599166233816057,0.5972861368130337,0.1454258248126996,-1.0403549346873706,1.0
2025-11-01,0.40920652443172384,0.6018703155317381,0.1377298112726098,-1.3988532280689265,1.0
2025-11-02,0.40920652443172384,0.6018703155317381,0.1377298112726098,-1.3988532280689265,1.0
2025-11-03,0.40920652443172384,0.6018703155317381,0.1377298112726098,-1.3988532280689265,1.0
2025-11-04,0.40920652443172384,0.6018703155317381,0.1377298112726098,-1.3988532280689265,1.0
2025-11-05,0.40920652443172384,0.6018703155317381,0.1377298112726098,-1.3988532280689265,1.0
2025-11-06,0.40920652443172384,0.6018703155317381,0.1377298112726098,-1.3988532280689265,1.0
2025-11-07,0.40920652443172384,0.6018703155317381,0.1377298112726098,-1.3988532280689265,1.0
2025-11-08,0.40920652443172384,0.6018703155317381,0.1377298112726098,-1.3988532280689265,1.0
2025-11-09,0.40920652443172384,0.6018703155317381,0.1377298112726098,-1.3988532280689265,1.0
2025-11-10,0.40920652443172384,0.6018703155317381,0.1377298112726098,-1.3988532280689265,1.0
2025-11-11,0.40920652443172384,0.6018703155317381,0.1377298112726098,-1.3988532280689265,1.0
2025-11-12,0.40920652443172384,0.6018703155317381,0.1377298112726098,-1.3988532280689265,1.0
2025-11-13,0.40920652443172384,0.6018703155317381,0.1377298112726098,-1.3988532280689265,1.0
2025-11-14,0.40920652443172384,0.6018703155317381,0.1377298112726098,-1.3988532280689265,1.0
2025-11-15,0.40920652443172384,0.6018703155317381,0.1377298112726098,-1.3988532280689265,1.0
2025-11-16,0.40920652443172384,0.6018703155317381,0.1377298112726098,-1.3988532280689265,1.0
2025-11-17,0.3543244639077781,0.5961400466081243,0.1469651164795861,-1.6453944207497366,1.0
2025-11-18,0.3543244639077781,0.5961400466081243,0.1469651164795861,-1.6453944207497366,1.0
2025-11-19,0.3543244639077781,0.5961400466081243,0.1469651164795861,-1.6453944207497366,1.0
2025-11-20,0.3543244639077781,0.5961400466081243,0.1469651164795861,-1.6453944207497366,1.0
2025-11-21,0.3543244639077781,0.5961400466081243,0.1469651164795861,-1.6453944207497366,1.0
2025-11-22,0.3543244639077781,0.5961400466081243,0.1469651164795861,-1.6453944207497366,1.0
2025-11-23,0.3543244639077781,0.5961400466081243,0.1469651164795861,-1.6453944207497366,1.0
2025-11-24,0.3543244639077781,0.5961400466081243,0.1469651164795861,-1.6453944207497366,1.0
2025-11-25,0.3543244639077781,0.5961400466081243,0.1469651164795861,-1.6453944207497366,1.0
2025-11-26,0.3543244639077781,0.5961400466081243,0.1469651164795861,-1.6453944207497366,1.0
2025-11-27,0.3543244639077781,0.5961400466081243,0.1469651164795861,-1.6453944207497366,1.0
2025-11-28,0.3543244639077781,0.5961400466081243,0.1469651164795861,-1.6453944207497366,1.0
2025-11-29,0.3543244639077781,0.5961400466081243,0.1469651164795861,-1.6453944207497366,1.0
2025-11-30,0.3543244639077781,0.5961400466081243,0.1469651164795861,-1.6453944207497366,1.0
2025-12-01,0.3543244639077781,0.5961400466081243,0.1469651164795861,-1.6453944207497366,1.0
2025-12-02,0.3543244639077781,0.5961400466081243,0.1469651164795861,-1.6453944207497366,1.0
2025-12-03,0.056238048630661466,0.5586285429524142,0.2140810053068437,-2.3467308255661123,1.0
2025-12-04,0.056238048630661466,0.5586285429524142,0.2140810053068437,-2.3467308255661123,1.0
2025-12-05,0.056238048630661466,0.5586285429524142,0.2140810053068437,-2.3467308255661123,1.0
2025-12-06,0.056238048630661466,0.5586285429524142,0.2140810053068437,-2.3467308255661123,1.0
2025-12-07,0.056238048630661466,0.5586285429524142,0.2140810053068437,-2.3467308255661123,1.0
2025-12-08,0.056238048630661466,0.5586285429524142,0.2140810053068437,-2.3467308255661123,1.0
2025-12-09,0.056238048630661466,0.5586285429524142,0.2140810053068437,-2.3467308255661123,1.0
2025-12-10,0.056238048630661466,0.5586285429524142,0.2140810053068437,-2.3467308255661123,1.0
2025-12-11,0.056238048630661466,0.5586285429524142,0.2140810053068437,-2.3467308255661123,1.0
2025-12-12,0.056238048630661466,0.5586285429524142,0.2140810053068437,-2.3467308255661123,1.0
2025-12-13,0.056238048630661466,0.5586285429524142,0.2140810053068437,-2.3467308255661123,1.0
2025-12-14,0.056238048630661466,0.5586285429524142,0.2140810053068437,-2.3467308255661123,1.0
2025-12-15,0.056238048630661466,0.5586285429524142,0.2140810053068437,-2.3467308255661123,1.0
2025-12-16,0.056238048630661466,0.5586285429524142,0.2140810053068437,-2.3467308255661123,1.0
2025-12-17,0.056238048630661466,0.5586285429524142,0.2140810053068437,-2.3467308255661123,1.0
2025-12-18,0.056238048630661466,0.5586285429524142,0.2140810053068437,-2.3467308255661123,1.0
2025-12-19,0.11776216198135735,0.5166374145147415,0.24741741132471887,-1.612155144610607,1.0
2025-12-20,0.11776216198135735,0.5166374145147415,0.24741741132471887,-1.612155144610607,1.0
2025-12-21,0.11776216198135735,0.5166374145147415,0.24741741132471887,-1.612155144610607,1.0
2025-12-22,0.11776216198135735,0.5166374145147415,0.24741741132471887,-1.612155144610607,1.0
2025-12-23,0.11776216198135735,0.5166374145147415,0.24741741132471887,-1.612155144610607,1.0
2025-12-24,0.11776216198135735,0.5166374145147415,0.24741741132471887,-1.612155144610607,1.0
2025-12-25,0.11776216198135735,0.5166374145147415,0.24741741132471887,-1.612155144610607,1.0
2025-12-26,0.11776216198135735,0.5166374145147415,0.24741741132471887,-1.612155144610607,1.0
2025-12-27,0.11776216198135735,0.5166374145147415,0.24741741132471887,-1.612155144610607,1.0
2025-12-28,0.11776216198135735,0.5166374145147415,0.24741741132471887,-1.612155144610607,1.0
2025-12-29,0.11776216198135735,0.5166374145147415,0.24741741132471887,-1.612155144610607,1.0
2025-12-30,0.11776216198135735,0.5166374145147415,0.24741741132471887,-1.612155144610607,1.0
2025-12-31,0.11776216198135735,0.5166374145147415,0.24741741132471887,-1.612155144610607,1.0
2026-01-01,0.12322340627067409,0.46788760159113335,0.2633561101698161,-1.3087381762215977,1.0
2026-01-02,0.12322340627067409,0.46788760159113335,0.2633561101698161,-1.3087381762215977,1.0
2026-01-03,0.12322340627067409,0.46788760159113335,0.2633561101698161,-1.3087381762215977,1.0
2026-01-04,0.12322340627067409,0.46788760159113335,0.2633561101698161,-1.3087381762215977,1.0
2026-01-05,0.12322340627067409,0.46788760159113335,0.2633561101698161,-1.3087381762215977,1.0
2026-01-06,0.12322340627067409,0.46788760159113335,0.2633561101698161,-1.3087381762215977,1.0
2026-01-07,0.12322340627067409,0.46788760159113335,0.2633561101698161,-1.3087381762215977,1.0
2026-01-08,0.12322340627067409,0.46788760159113335,0.2633561101698161,-1.3087381762215977,1.0
2026-01-09,0.12322340627067409,0.46788760159113335,0.2633561101698161,-1.3087381762215977,1.0
2026-01-10,0.12322340627067409,0.46788760159113335,0.2633561101698161,-1.3087381762215977,1.0
2026-01-11,0.12322340627067409,0.46788760159113335,0.2633561101698161,-1.3087381762215977,1.0
2026-01-12,0.12322340627067409,0.46788760159113335,0.2633561101698161,-1.3087381762215977,1.0
2026-01-13,0.12322340627067409,0.46788760159113335,0.2633561101698161,-1.3087381762215977,1.0
2026-01-14,0.12322340627067409,0.46788760159113335,0.2633561101698161,-1.3087381762215977,1.0
2026-01-15,0.12322340627067409,0.46788760159113335,0.2633561101698161,-1.3087381762215977,1.0
2026-01-16,0.12322340627067409,0.46788760159113335,0.2633561101698161,-1.3087381762215977,1.0
2026-01-17,0.0797774137302868,0.4122447498906163,0.26937949371285014,-1.2341969003577125,1.0
2026-01-18,0.0797774137302868,0.4122447498906163,0.26937949371285014,-1.2341969003577125,1.0
2026-01-19,0.0797774137302868,0.4122447498906163,0.26937949371285014,-1.2341969003577125,1.0
2026-01-20,0.0797774137302868,0.4122447498906163,0.26937949371285014,-1.2341969003577125,1.0
2026-01-21,0.0797774137302868,0.4122447498906163,0.26937949371285014,-1.2341969003577125,1.0
2026-01-22,0.0797774137302868,0.4122447498906163,0.26937949371285014,-1.2341969003577125,1.0
2026-01-23,0.0797774137302868,0.4122447498906163,0.26937949371285014,-1.2341969003577125,1.0
2026-01-24,0.0797774137302868,0.4122447498906163,0.26937949371285014,-1.2341969003577125,1.0
2026-01-25,0.0797774137302868,0.4122447498906163,0.26937949371285014,-1.2341969003577125,1.0
2026-01-26,0.0797774137302868,0.4122447498906163,0.26937949371285014,-1.2341969003577125,1.0
2026-01-27,0.0797774137302868,0.4122447498906163,0.26937949371285014,-1.2341969003577125,1.0
2026-01-28,0.0797774137302868,0.4122447498906163,0.26937949371285014,-1.2341969003577125,1.0
2026-01-29,0.0797774137302868,0.4122447498906163,0.26937949371285014,-1.2341969003577125,1.0
2026-01-30,0.0797774137302868,0.4122447498906163,0.26937949371285014,-1.2341969003577125,1.0
2026-01-31,0.0797774137302868,0.4122447498906163,0.26937949371285014,-1.2341969003577125,1.0
2026-02-01,0.0797774137302868,0.4122447498906163,0.26937949371285014,-1.2341969003577125,1.0
2026-02-02,0.12856732604072138,0.3588631438008239,0.25532817178151873,-0.9019600780957454,0.0
2026-02-03,0.12856732604072138,0.3588631438008239,0.25532817178151873,-0.9019600780957454,0.0
2026-02-04,0.12856732604072138,0.3588631438008239,0.25532817178151873,-0.9019600780957454,0.0
2026-02-05,0.12856732604072138,0.3588631438008239,0.25532817178151873,-0.9019600780957454,0.0
2026-02-06,0.12856732604072138,0.3588631438008239,0.25532817178151873,-0.9019600780957454,0.0
2026-02-07,0.12856732604072138,0.3588631438008239,0.25532817178151873,-0.9019600780957454,0.0
2026-02-08,0.12856732604072138,0.3588631438008239,0.25532817178151873,-0.9019600780957454,0.0
2026-02-09,0.12856732604072138,0.3588631438008239,0.25532817178151873,-0.9019600780957454,0.0
2026-02-10,0.12856732604072138,0.3588631438008239,0.25532817178151873,-0.9019600780957454,0.0
2026-02-11,0.12856732604072138,0.3588631438008239,0.25532817178151873,-0.9019600780957454,0.0
2026-02-12,0.12856732604072138,0.3588631438008239,0.25532817178151873,-0.9019600780957454,0.0
2026-02-13,0.12856732604072138,0.3588631438008239,0.25532817178151873,-0.9019600780957454,0.0
2026-02-14,0.12856732604072138,0.3588631438008239,0.25532817178151873,-0.9019600780957454,0.0
2026-02-15,0.12856732604072138,0.3588631438008239,0.25532817178151873,-0.9019600780957454,0.0
2026-02-16,0.12856732604072138,0.3588631438008239,0.25532817178151873,-0.9019600780957454,0.0
2026-02-17,0.12856732604072138,0.3588631438008239,0.25532817178151873,-0.9019600780957454,0.0
2026-02-18,0.15106894938724716,0.30854711538704005,0.2282543818027443,-0.6899239557025649,0.0
2026-02-19,0.15106894938724716,0.30854711538704005,0.2282543818027443,-0.6899239557025649,0.0
2026-02-20,0.15106894938724716,0.30854711538704005,0.2282543818027443,-0.6899239557025649,0.0
2026-02-21,0.15106894938724716,0.30854711538704005,0.2282543818027443,-0.6899239557025649,0.0
2026-02-22,0.15106894938724716,0.30854711538704005,0.2282543818027443,-0.6899239557025649,0.0
2026-02-23,0.15106894938724716,0.30854711538704005,0.2282543818027443,-0.6899239557025649,0.0
2026-02-24,0.15106894938724716,0.30854711538704005,0.2282543818027443,-0.6899239557025649,0.0
2026-02-25,0.15106894938724716,0.30854711538704005,0.2282543818027443,-0.6899239557025649,0.0
2026-02-26,0.15106894938724716,0.30854711538704005,0.2282543818027443,-0.6899239557025649,0.0
2026-02-27,0.15106894938724716,0.30854711538704005,0.2282543818027443,-0.6899239557025649,0.0
2026-02-28,0.15106894938724716,0.30854711538704005,0.2282543818027443,-0.6899239557025649,0.0
2026-03-01,0.15106894938724716,0.30854711538704005,0.2282543818027443,-0.6899239557025649,0.0
2026-03-02,0.15106894938724716,0.30854711538704005,0.2282543818027443,-0.6899239557025649,0.0
2026-03-03,0.15106894938724716,0.30854711538704005,0.2282543818027443,-0.6899239557025649,0.0
2026-03-04,0.15106894938724716,0.30854711538704005,0.2282543818027443,-0.6899239557025649,0.0
2026-03-05,0.15106894938724716,0.30854711538704005,0.2282543818027443,-0.6899239557025649,0.0
2026-03-06,0.20793341769941145,0.26622760666746165,0.18971367359608193,-0.3072745778575979,0.0
2026-03-07,0.20793341769941145,0.26622760666746165,0.18971367359608193,-0.3072745778575979,0.0
2026-03-08,0.20793341769941145,0.26622760666746165,0.18971367359608193,-0.3072745778575979,0.0
2026-03-09,0.20793341769941145,0.26622760666746165,0.18971367359608193,-0.3072745778575979,0.0
2026-03-10,0.20793341769941145,0.26622760666746165,0.18971367359608193,-0.3072745778575979,0.0
2026-03-11,0.20793341769941145,0.26622760666746165,0.18971367359608193,-0.3072745778575979,0.0
2026-03-12,0.20793341769941145,0.26622760666746165,0.18971367359608193,-0.3072745778575979,0.0
2026-03-13,0.20793341769941145,0.26622760666746165,0.18971367359608193,-0.3072745778575979,0.0
2026-03-14,0.20793341769941145,0.26622760666746165,0.18971367359608193,-0.3072745778575979,0.0
2026-03-15,0.20793341769941145,0.26622760666746165,0.18971367359608193,-0.3072745778575979,0.0
2026-03-16,0.20793341769941145,0.26622760666746165,0.18971367359608193,-0.3072745778575979,0.0
2026-03-17,0.20793341769941145,0.26622760666746165,0.18971367359608193,-0.3072745778575979,0.0
2026-03-18,0.20793341769941145,0.26622760666746165,0.18971367359608193,-0.3072745778575979,0.0
2026-03-19,0.20793341769941145,0.26622760666746165,0.18971367359608193,-0.3072745778575979,0.0
2026-03-20,0.20793341769941145,0.26622760666746165,0.18971367359608193,-0.3072745778575979,0.0
2026-03-21,0.20793341769941145,0.26622760666746165,0.18971367359608193,-0.3072745778575979,0.0
2026-03-22,0.24620293333314186,0.23570357332227546,0.15527859922260312,0.0676162720647345,0.0
2026-03-23,0.24620293333314186,0.23570357332227546,0.15527859922260312,0.0676162720647345,0.0
2026-03-24,0.24620293333314186,0.23570357332227546,0.15527859922260312,0.0676162720647345,0.0
2026-03-25,0.24620293333314186,0.23570357332227546,0.15527859922260312,0.0676162720647345,0.0
2026-03-26,0.24620293333314186,0.23570357332227546,0.15527859922260312,0.0676162720647345,0.0
2026-03-27,0.24620293333314186,0.23570357332227546,0.15527859922260312,0.0676162720647345,0.0
2026-03-28,0.24620293333314186,0.23570357332227546,0.15527859922260312,0.0676162720647345,0.0
2026-03-29,0.24620293333314186,0.23570357332227546,0.15527859922260312,0.0676162720647345,0.0
2026-03-30,0.24620293333314186,0.23570357332227546,0.15527859922260312,0.0676162720647345,0.0
2026-03-31,0.24620293333314186,0.23570357332227546,0.15527859922260312,0.0676162720647345,0.0
2026-04-01,0.24620293333314186,0.23570357332227546,0.15527859922260312,0.0676162720647345,0.0
2026-04-02,0.24620293333314186,0.23570357332227546,0.15527859922260312,0.0676162720647345,0.0
2026-04-03,0.24620293333314186,0.23570357332227546,0.15527859922260312,0.0676162720647345,0.0
2026-04-04,0.24620293333314186,0.23570357332227546,0.15527859922260312,0.0676162720647345,0.0
2026-04-05,0.24620293333314186,0.23570357332227546,0.15527859922260312,0.0676162720647345,0.0
2026-04-06,0.24620293333314186,0.23570357332227546,0.15527859922260312,0.0676162720647345,0.0
2026-04-07,0.322527698425468,0.2202353338480527,0.1333716342544836,0.7669724162053337,0.0
