Date,Open,High,Low,Close,Volume,month,is_roll_switch,daily_change,typical_change,roll_gap,cum_adjustment,Adj_Close_Futures,futures_ret
2000-07-17,248.0,248.0,243.75,244.0,7233,7,True,,,0.0,-152.5,91.5,
2000-07-18,244.25,247.5,241.0,241.25,6523,7,False,-2.75,,0.0,-152.5,88.75,-0.030054644808743203
2000-07-19,241.25,246.0,239.0,245.0,7136,7,False,3.75,-0.375,0.0,-152.5,92.5,0.04225352112676051
2000-07-20,244.0,247.5,244.0,247.0,3792,7,False,2.0,2.0,0.0,-152.5,94.5,0.021621621621621623
2000-07-21,247.0,248.5,246.5,247.25,4380,7,False,0.25,0.125,0.0,-152.5,94.75,0.002645502645502562
2000-07-24,247.25,249.5,242.5,245.5,4393,7,False,-1.75,0.125,0.0,-152.5,93.0,-0.01846965699208447
2000-07-25,244.75,247.0,243.0,245.5,5973,7,False,0.0,-1.5,0.0,-152.5,93.0,0.0
2000-07-26,245.5,247.5,243.0,244.25,3755,7,False,-1.25,0.75,0.0,-152.5,91.75,-0.013440860215053752
2000-07-27,244.25,247.75,244.25,245.75,5397,7,False,1.5,0.75,0.0,-152.5,93.25,0.016348773841961872
2000-07-28,246.0,252.0,246.0,248.5,5698,7,False,2.75,-0.5,0.0,-152.5,96.0,0.029490616621983934
2000-07-31,247.75,248.25,245.25,246.0,6131,7,False,-2.5,0.875,0.0,-152.5,93.5,-0.02604166666666663
2000-08-01,246.25,249.75,242.5,245.0,6981,8,False,-1.0,-0.5,0.0,-152.5,92.5,-0.010695187165775444
2000-08-02,245.0,247.25,244.5,246.5,5729,8,False,1.5,-2.625,0.0,-152.5,94.0,0.016216216216216273
2000-08-03,246.25,247.5,241.75,242.25,7054,8,False,-4.25,-2.125,0.0,-152.5,89.75,-0.04521276595744683
2000-08-04,241.5,241.5,236.5,236.5,6080,8,False,-5.75,-3.625,0.0,-152.5,84.0,-0.06406685236768805
2000-08-07,237.0,239.75,233.0,233.5,6493,8,False,-3.0,-1.375,0.0,-152.5,81.0,-0.0357142857142857
2000-08-08,234.5,237.0,234.0,236.5,8204,8,False,3.0,-2.0,0.0,-152.5,84.0,0.03703703703703698
2000-08-09,236.0,237.5,233.5,235.5,7031,8,False,-1.0,1.625,0.0,-152.5,83.0,-0.011904761904761862
2000-08-10,235.5,238.0,235.0,235.75,10411,8,False,0.25,0.0,0.0,-152.5,83.25,0.003012048192771122
2000-08-11,236.0,238.0,232.5,236.75,7029,8,False,1.0,1.0,0.0,-152.5,84.25,0.012012012012011963
2000-08-14,237.0,239.0,236.0,238.5,2579,8,False,1.75,1.5,0.0,-152.5,86.0,0.020771513353115667
2000-08-15,239.0,241.5,238.25,240.5,3775,8,False,2.0,2.375,0.0,-152.5,88.0,0.023255813953488413
2000-08-16,241.0,244.5,241.0,243.5,6007,8,False,3.0,-1.0,0.0,-152.5,91.0,0.03409090909090917
2000-08-17,244.75,245.5,238.5,239.5,4709,8,False,-4.0,1.0,0.0,-152.5,87.0,-0.04395604395604391
2000-08-18,239.5,241.25,237.5,238.5,5945,8,False,-1.0,-3.125,0.0,-152.5,86.0,-0.011494252873563204
2000-08-21,238.75,238.75,234.0,236.25,5510,8,False,-2.25,-1.25,0.0,-152.5,83.75,-0.026162790697674465
2000-08-22,236.5,238.0,234.5,234.75,5745,8,False,-1.5,-1.625,0.0,-152.5,82.25,-0.017910447761193993
2000-08-23,234.75,235.25,232.0,233.75,3472,8,False,-1.0,2.625,0.0,-152.5,81.25,-0.012158054711246202
2000-08-24,234.0,240.5,233.75,240.5,8565,8,False,6.75,0.0,0.0,-152.5,88.0,0.08307692307692305
2000-08-25,240.0,244.25,240.0,241.5,8198,8,False,1.0,3.875,0.0,-152.5,89.0,0.011363636363636465
2000-08-28,245.0,247.0,241.5,242.5,7918,8,False,1.0,4.375,0.0,-152.5,90.0,0.011235955056179803
2000-08-29,243.5,251.0,243.5,250.25,10671,8,False,7.75,-1.5,0.0,-152.5,97.75,0.08611111111111103
2000-08-30,249.0,250.75,245.75,246.25,9,8,False,-4.0,6.25,0.0,-152.5,93.75,-0.04092071611253201
2000-08-31,248.0,251.0,248.0,251.0,11,8,False,4.75,-2.0,0.0,-152.5,98.5,0.05066666666666664
2000-09-01,250.75,251.75,250.75,251.0,11,9,True,0.0,2.0,-2.0,-150.5,100.5,0.020304568527918843
2000-09-05,250.75,251.0,250.75,250.25,11,9,False,-0.75,1.375,0.0,-150.5,99.75,-0.007462686567164201
2000-09-06,250.75,251.0,250.75,253.0,11,9,False,2.75,-2.125,0.0,-150.5,102.5,0.027568922305764465
2000-09-08,250.75,251.0,250.75,249.5,11,9,False,-3.5,1.875,0.0,-150.5,99.0,-0.034146341463414664
2000-09-11,250.75,251.0,250.75,250.5,11,9,False,1.0,-2.375,0.0,-150.5,100.0,0.010101010101010166
2000-09-12,250.75,251.0,250.75,249.25,4,9,False,-1.25,-1.625,0.0,-150.5,98.75,-0.012499999999999956
2000-09-13,250.75,251.0,250.75,245.0,4,9,False,-4.25,-2.125,0.0,-150.5,94.5,-0.04303797468354431
2000-09-14,250.75,251.0,250.75,242.0,100,9,False,-3.0,4.125,0.0,-150.5,91.5,-0.031746031746031744
2000-09-15,254.0,254.5,253.5,254.5,199,9,False,12.5,-2.625,0.0,-150.5,104.0,0.13661202185792343
2000-09-18,253.5,253.5,252.0,252.25,112,9,False,-2.25,8.375,0.0,-150.5,101.75,-0.02163461538461542
2000-09-19,256.0,256.5,255.25,256.5,173,9,False,4.25,-5.375,0.0,-150.5,106.0,0.041769041769041726
2000-09-20,248.75,249.25,248.0,248.0,384,9,False,-8.5,1.625,0.0,-150.5,97.5,-0.08018867924528306
2000-09-21,248.75,250.0,247.0,247.0,101,9,False,-1.0,-4.0,0.0,-150.5,96.5,-0.01025641025641022
2000-09-22,247.25,248.25,246.75,247.5,278,9,False,0.5,3.25,0.0,-150.5,97.0,0.005181347150259086
2000-09-25,251.5,255.0,251.5,255.0,55,9,False,7.5,-0.125,0.0,-150.5,104.5,0.07731958762886593
2000-09-26,253.75,254.5,253.25,254.25,122,9,False,-0.75,3.125,0.0,-150.5,103.75,-0.0071770334928229484
2000-09-27,254.75,255.0,253.0,253.0,269,9,False,-1.25,3.0,0.0,-150.5,102.5,-0.012048192771084376
2000-09-28,258.75,259.75,258.5,259.75,229,9,False,6.75,-1.5,0.0,-150.5,109.25,0.06585365853658542
2000-09-29,259.25,259.5,258.0,258.0,843,9,False,-1.75,9.625,0.0,-150.5,107.5,-0.016018306636155555
2000-10-02,265.5,272.0,265.5,270.5,142,10,False,12.5,-1.625,0.0,-150.5,120.0,0.11627906976744184
2000-10-03,267.25,269.0,266.0,269.0,176,10,False,-1.5,5.125,0.0,-150.5,118.5,-0.012499999999999956
2000-10-04,268.0,268.5,266.75,266.75,306,10,False,-2.25,-1.5,0.0,-150.5,116.25,-0.01898734177215189
2000-10-05,266.5,267.5,265.25,265.25,48,10,False,-1.5,-0.5,0.0,-150.5,114.75,-0.012903225806451646
2000-10-06,267.0,267.5,266.0,266.5,436,10,False,1.25,-0.25,0.0,-150.5,116.0,0.01089324618736387
2000-10-09,269.25,269.25,267.5,267.5,61,10,False,1.0,0.375,0.0,-150.5,117.0,0.008620689655172376
2000-10-10,267.5,268.0,266.5,267.0,252,10,False,-0.5,3.75,0.0,-150.5,116.5,-0.004273504273504258
2000-10-11,275.25,275.5,273.5,273.5,292,10,False,6.5,1.625,0.0,-150.5,123.0,0.05579399141630903
2000-10-12,276.75,277.25,275.0,277.25,218,10,False,3.75,1.0,0.0,-150.5,126.75,0.030487804878048808
2000-10-13,272.5,273.25,272.0,272.75,301,10,False,-4.5,-1.5,0.0,-150.5,122.25,-0.035502958579881616
2000-10-16,267.0,270.0,265.5,266.0,210,10,False,-6.75,0.5,0.0,-150.5,115.5,-0.05521472392638038
2000-10-17,271.0,274.0,271.0,271.5,55,10,False,5.5,-5.75,0.0,-150.5,121.0,0.04761904761904767
2000-10-18,268.0,270.0,266.75,266.75,176,10,False,-4.75,1.75,0.0,-150.5,116.25,-0.039256198347107474
2000-10-19,264.0,264.75,263.5,264.75,195,10,False,-2.0,-5.0,0.0,-150.5,114.25,-0.017204301075268824
2000-10-20,259.75,261.0,258.5,259.5,114,10,False,-5.25,-0.75,0.0,-150.5,109.0,-0.045951859956236296
2000-10-23,260.0,260.0,259.0,260.0,51,10,False,0.5,-3.375,0.0,-150.5,109.5,0.004587155963302836
2000-10-24,257.75,258.5,257.25,258.5,72,10,False,-1.5,-0.75,0.0,-150.5,108.0,-0.013698630136986356
2000-10-25,257.5,257.75,256.5,256.5,52,10,False,-2.0,-1.25,0.0,-150.5,106.0,-0.01851851851851849
2000-10-26,255.0,256.0,254.75,255.5,44,10,False,-1.0,-0.625,0.0,-150.5,105.0,-0.009433962264150941
2000-10-27,256.5,257.5,256.25,256.25,137,10,False,0.75,1.625,0.0,-150.5,105.75,0.0071428571428571175
2000-10-30,259.0,260.5,258.25,260.5,110,10,False,4.25,-3.125,0.0,-150.5,110.0,0.04018912529550822
2000-10-31,256.0,256.0,253.5,253.5,154,10,False,-7.0,3.75,0.0,-150.5,103.0,-0.0636363636363636
2000-11-02,255.0,258.0,255.0,256.75,91,11,False,3.25,-1.125,0.0,-150.5,106.25,0.031553398058252524
2000-11-03,260.0,262.0,260.0,261.5,113,11,False,4.75,3.625,0.0,-150.5,111.0,0.04470588235294115
2000-11-06,264.0,265.5,263.75,265.5,127,11,False,4.0,0.375,0.0,-150.5,115.0,0.03603603603603611
2000-11-07,263.0,263.0,261.5,261.5,71,11,False,-4.0,2.875,0.0,-150.5,111.0,-0.034782608695652195
2000-11-08,263.25,263.5,262.25,263.25,153,11,False,1.75,-0.5,0.0,-150.5,112.75,0.015765765765765716
2000-11-09,265.75,266.25,265.75,266.25,210,11,False,3.0,-4.125,0.0,-150.5,115.75,0.026607538802660757
2000-11-10,258.25,258.25,256.0,256.25,98,11,False,-10.0,1.875,0.0,-150.5,105.75,-0.08639308855291572
2000-11-13,258.0,258.0,255.5,257.0,69,11,False,0.75,-4.5,0.0,-150.5,106.5,0.007092198581560183
2000-11-14,258.0,258.0,256.75,258.0,90,11,False,1.0,-0.875,0.0,-150.5,107.5,0.009389671361502261
2000-11-15,256.0,258.0,255.5,255.5,158,11,False,-2.5,-0.75,0.0,-150.5,105.0,-0.023255813953488413
2000-11-16,254.5,255.25,253.0,253.0,52,11,False,-2.5,0.375,0.0,-150.5,102.5,-0.023809523809523836
2000-11-17,255.0,256.25,255.0,256.25,94,11,False,3.25,-0.5,0.0,-150.5,105.75,0.03170731707317076
2000-11-20,256.5,258.0,256.5,257.75,134,11,False,1.5,0.625,0.0,-150.5,107.25,0.014184397163120588
2000-11-21,255.0,256.5,254.5,255.75,140,11,False,-2.0,1.625,0.0,-150.5,105.25,-0.018648018648018683
2000-11-22,255.25,258.0,253.75,257.5,166,11,False,1.75,0.375,0.0,-150.5,107.0,0.016627078384798155
2000-11-24,259.0,263.0,258.0,260.25,57,11,False,2.75,1.25,0.0,-150.5,109.75,0.025700934579439227
2000-11-27,261.0,261.75,260.75,261.0,102,11,False,0.75,-0.875,0.0,-150.5,110.5,0.006833712984054774
2000-11-28,257.25,257.25,255.5,256.5,75,11,False,-4.5,0.25,0.0,-150.5,106.0,-0.040723981900452455
2000-11-29,254.5,256.25,254.5,256.25,314,11,False,-0.25,-4.125,0.0,-150.5,105.75,-0.002358490566037763
2000-11-30,251.5,253.5,251.5,252.5,70,11,False,-3.75,1.75,0.0,-150.5,102.0,-0.03546099290780147
2000-12-01,256.0,257.5,256.0,256.25,2,12,True,3.75,0.25,3.5,-154.0,102.25,0.002450980392156854
2000-12-04,260.5,260.75,260.5,260.5,2,12,False,4.25,2.625,0.0,-154.0,106.5,0.041564792176039145
2000-12-05,260.5,260.5,260.5,262.0,40,12,False,1.5,4.875,0.0,-154.0,108.0,0.014084507042253502
2000-12-15,268.0,269.0,267.5,267.5,259,12,False,5.5,0.375,0.0,-154.0,113.5,0.05092592592592582
2000-12-18,265.5,268.0,265.0,266.75,40,12,False,-0.75,4.125,0.0,-154.0,112.75,-0.0066079295154185536
2000-12-19,269.0,269.5,267.0,269.5,82,12,False,2.75,1.625,0.0,-154.0,115.5,0.024390243902439046
2000-12-20,274.0,274.25,272.75,273.5,45,12,False,4.0,0.5,0.0,-154.0,119.5,0.03463203463203457
2000-12-21,271.0,271.75,270.5,271.75,258,12,False,-1.75,4.0,0.0,-154.0,117.75,-0.014644351464435101
2000-12-22,273.0,275.75,273.0,275.75,57,12,False,4.0,-1.75,0.0,-154.0,121.75,0.03397027600849256
2000-12-27,274.0,274.5,273.0,274.0,56,12,False,-1.75,1.0,0.0,-154.0,120.0,-0.014373716632443578
2000-12-28,272.5,273.5,272.0,272.0,37,12,False,-2.0,-0.5,0.0,-154.0,118.0,-0.01666666666666672
2000-12-29,271.5,273.0,271.5,272.75,295,12,False,0.75,1.25,0.0,-154.0,118.75,0.006355932203389925
2001-01-02,278.5,278.5,277.0,277.25,90,1,False,4.5,-0.375,0.0,-154.0,123.25,0.0378947368421052
2001-01-03,276.25,276.75,275.5,275.75,352,1,False,-1.5,5.875,0.0,-154.0,121.75,-0.012170385395537497
2001-01-04,283.0,283.25,282.5,283.0,218,1,False,7.25,-0.125,0.0,-154.0,129.0,0.05954825462012314
2001-01-05,284.5,284.5,284.0,284.25,138,1,False,1.25,2.125,0.0,-154.0,130.25,0.009689922480620172
2001-01-08,283.5,283.5,281.25,281.25,276,1,False,-3.0,0.5,0.0,-154.0,127.25,-0.02303262955854124
2001-01-09,282.5,283.0,281.0,281.0,152,1,False,-0.25,0.75,0.0,-154.0,127.0,-0.0019646365422396617
2001-01-10,284.5,286.0,284.5,285.5,237,1,False,4.5,1.25,0.0,-154.0,131.5,0.03543307086614167
2001-01-11,288.5,289.0,288.0,288.25,243,1,False,2.75,2.125,0.0,-154.0,134.25,0.02091254752851701
2001-01-12,289.0,289.5,288.0,288.0,181,1,False,-0.25,0.875,0.0,-154.0,134.0,-0.0018621973929237035
2001-01-16,287.75,288.0,287.0,287.0,269,1,False,-1.0,-2.125,0.0,-154.0,133.0,-0.007462686567164201
2001-01-17,284.5,284.5,283.0,283.0,127,1,False,-4.0,0.125,0.0,-154.0,129.0,-0.03007518796992481
2001-01-18,283.5,284.25,283.0,284.25,79,1,False,1.25,-1.375,0.0,-154.0,130.25,0.009689922480620172
2001-01-19,284.5,286.0,284.25,285.5,127,1,False,1.25,0.875,0.0,-154.0,131.5,0.009596928982725572
2001-01-22,286.0,286.25,285.0,286.0,79,1,False,0.5,0.25,0.0,-154.0,132.0,0.0038022813688212143
2001-01-23,285.5,286.0,284.5,285.25,36,1,False,-0.75,0.875,0.0,-154.0,131.25,-0.005681818181818232
2001-01-24,286.0,286.5,285.75,286.5,40,1,False,1.25,-1.125,0.0,-154.0,132.5,0.00952380952380949
2001-01-25,285.5,285.5,285.0,285.0,184,1,False,-1.5,-2.5,0.0,-154.0,131.0,-0.01132075471698113
2001-01-26,279.0,280.5,278.75,278.75,40,1,False,-6.25,-2.75,0.0,-154.0,124.75,-0.04770992366412219
2001-01-29,276.0,276.25,274.75,274.75,144,1,False,-4.0,-5.0,0.0,-154.0,120.75,-0.03206412825651306
2001-01-30,269.25,271.0,269.0,271.0,129,1,False,-3.75,-2.0,0.0,-154.0,117.0,-0.03105590062111796
2001-01-31,270.5,271.0,268.0,271.0,49,1,False,0.0,-0.875,0.0,-154.0,117.0,0.0
2001-02-01,273.5,273.5,272.5,273.0,106,2,False,2.0,-1.875,0.0,-154.0,119.0,0.017094017094017033
2001-02-02,271.0,271.0,269.25,269.25,114,2,False,-3.75,2.125,0.0,-154.0,115.25,-0.031512605042016806
2001-02-05,272.5,276.0,271.5,271.5,462,2,False,2.25,-3.875,0.0,-154.0,117.5,0.01952277657266821
2001-02-06,267.5,268.5,265.75,267.5,23,2,False,-4.0,0.875,0.0,-154.0,113.5,-0.03404255319148941
2001-02-07,267.0,267.0,266.25,267.0,49,2,False,-0.5,-1.75,0.0,-154.0,113.0,-0.004405286343612369
2001-02-08,267.0,267.75,267.0,267.5,23,2,False,0.5,-0.375,0.0,-154.0,113.5,0.004424778761061843
2001-02-09,267.0,267.5,267.0,267.25,52,2,False,-0.25,-0.375,0.0,-154.0,113.25,-0.0022026431718061845
2001-02-12,266.0,267.25,265.75,266.0,141,2,False,-1.25,-0.625,0.0,-154.0,112.0,-0.01103752759381893
2001-02-14,263.5,265.0,263.0,265.0,162,2,False,-1.0,1.125,0.0,-154.0,111.0,-0.008928571428571397
2001-02-15,268.0,268.5,267.75,268.5,174,2,False,3.5,-0.25,0.0,-154.0,114.5,0.03153153153153143
2001-02-16,267.0,269.0,267.0,269.0,162,2,False,0.5,0.75,0.0,-154.0,115.0,0.004366812227074135
2001-02-20,265.25,268.0,265.25,267.0,28,2,False,-2.0,0.25,0.0,-154.0,113.0,-0.017391304347826098
2001-02-21,267.0,267.0,266.25,267.0,83,2,False,0.0,-3.0,0.0,-154.0,113.0,0.0
2001-02-22,262.5,263.0,262.25,263.0,62,2,False,-4.0,-1.625,0.0,-154.0,109.0,-0.03539823008849563
2001-02-26,260.0,260.0,259.5,259.75,18,2,False,-3.25,-1.875,0.0,-154.0,105.75,-0.029816513761467878
2001-02-27,260.25,260.25,259.0,260.0,26,2,False,0.25,-2.875,0.0,-154.0,106.0,0.0023640661938533203
2001-02-28,258.5,269.0,257.5,257.5,8,2,False,-2.5,5.25,0.0,-154.0,103.5,-0.02358490566037741
2001-03-01,267.5,267.75,265.75,267.75,8,3,True,10.25,-1.75,12.0,-166.0,101.75,-0.016908212560386437
2001-03-02,267.5,267.75,265.75,266.75,1,3,False,-1.0,8.75,0.0,-166.0,100.75,-0.009828009828009798
2001-03-06,274.0,274.25,274.0,274.0,1,3,False,7.25,-1.375,0.0,-166.0,108.0,0.07196029776674928
2001-03-07,274.0,274.0,274.0,272.25,2,3,False,-1.75,1.5,0.0,-166.0,106.25,-0.01620370370370372
2001-03-09,268.0,268.0,268.0,268.0,2,3,False,-4.25,3.625,0.0,-166.0,102.0,-0.040000000000000036
2001-03-12,268.0,270.25,268.0,277.0,133,3,False,9.0,1.375,0.0,-166.0,111.0,0.08823529411764697
2001-03-15,284.75,285.0,283.5,284.0,266,3,False,7.0,-1.0,0.0,-166.0,118.0,0.06306306306306309
2001-03-16,273.75,274.5,273.0,273.0,97,3,False,-11.0,2.625,0.0,-166.0,107.0,-0.09322033898305082
2001-03-19,270.0,271.25,270.0,271.25,68,3,False,-1.75,-6.75,0.0,-166.0,105.25,-0.016355140186915862
2001-03-20,269.5,269.5,267.5,268.75,108,3,False,-2.5,-0.375,0.0,-166.0,102.75,-0.02375296912114011
2001-03-21,271.25,271.25,269.75,269.75,58,3,False,1.0,-2.375,0.0,-166.0,103.75,0.009732360097323589
2001-03-22,267.0,268.0,266.0,267.5,196,3,False,-2.25,-2.5,0.0,-166.0,101.5,-0.02168674698795181
2001-03-23,260.25,261.75,260.25,261.5,70,3,False,-6.0,0.375,0.0,-166.0,95.5,-0.059113300492610876
2001-03-26,263.25,265.0,263.25,264.5,178,3,False,3.0,-0.625,0.0,-166.0,98.5,0.03141361256544495
2001-03-27,268.0,269.5,267.25,269.25,50,3,False,4.75,1.375,0.0,-166.0,103.25,0.048223350253807196
2001-03-28,266.75,269.0,266.5,269.0,101,3,False,-0.25,0.375,0.0,-166.0,103.0,-0.002421307506053294
2001-03-29,266.0,266.0,263.75,265.0,22,3,False,-4.0,-2.375,0.0,-166.0,99.0,-0.03883495145631066
2001-04-02,260.0,260.5,259.0,260.5,29,4,False,-4.5,-0.625,0.0,-166.0,94.5,-0.045454545454545414
2001-04-04,262.25,263.25,262.25,263.25,60,4,False,2.75,-0.125,0.0,-166.0,97.25,0.02910052910052907
2001-04-05,266.5,268.0,266.25,267.5,16,4,False,4.25,1.0,0.0,-166.0,101.5,0.04370179948586128
2001-04-06,266.0,266.75,265.5,266.75,25,4,False,-0.75,0.75,0.0,-166.0,100.75,-0.007389162561576401
2001-04-09,262.5,264.5,262.5,264.0,64,4,False,-2.75,-1.5,0.0,-166.0,98.0,-0.027295285359801524
2001-04-10,261.5,263.0,261.5,261.75,160,4,False,-2.25,-3.75,0.0,-166.0,95.75,-0.022959183673469385
2001-04-11,257.75,257.75,256.5,257.0,89,4,False,-4.75,1.875,0.0,-166.0,91.0,-0.04960835509138384
2001-04-12,261.25,263.0,261.25,263.0,87,4,False,6.0,1.375,0.0,-166.0,97.0,0.06593406593406592
2001-04-16,267.25,270.5,267.25,270.5,55,4,False,7.5,2.5,0.0,-166.0,104.5,0.07731958762886593
2001-04-17,269.5,270.5,268.0,269.5,45,4,False,-1.0,1.875,0.0,-166.0,103.5,-0.009569377990430672
2001-04-18,265.75,267.5,265.5,265.75,43,4,False,-3.75,1.375,0.0,-166.0,99.75,-0.036231884057971064
2001-04-19,269.0,269.5,268.0,269.5,10,4,False,3.75,-2.75,0.0,-166.0,103.5,0.03759398496240607
2001-04-20,267.0,267.75,267.0,267.75,66,4,False,-1.75,2.0,0.0,-166.0,101.75,-0.016908212560386437
2001-04-23,267.25,268.25,267.25,268.0,6,4,False,0.25,-2.5,0.0,-166.0,102.0,0.002457002457002533
2001-04-24,263.75,265.25,263.75,264.75,25,4,False,-3.25,0.25,0.0,-166.0,98.75,-0.031862745098039214
2001-04-25,264.5,265.0,264.5,265.0,6,4,False,0.25,1.0,0.0,-166.0,99.0,0.0025316455696202667
2001-04-26,268.25,270.25,268.25,270.25,42,4,False,5.25,-0.625,0.0,-166.0,104.25,0.05303030303030298
2001-04-27,270.25,270.5,268.75,268.75,45,4,False,-1.5,1.125,0.0,-166.0,102.75,-0.014388489208633115
2001-04-30,265.25,268.75,265.25,265.75,15,4,False,-3.0,4.125,0.0,-166.0,99.75,-0.029197080291970767
2001-05-01,273.5,275.5,273.5,275.5,15,5,True,9.75,-3.75,13.5,-179.5,96.0,-0.03759398496240607
2001-05-02,273.5,275.5,273.5,271.0,15,5,False,-4.5,3.5,0.0,-179.5,91.5,-0.046875
2001-05-03,268.25,268.25,268.25,268.25,15,5,False,-2.75,-4.875,0.0,-179.5,88.75,-0.030054644808743203
2001-05-04,263.0,263.0,263.0,263.0,15,5,False,-5.25,-1.375,0.0,-179.5,83.5,-0.05915492957746482
2001-05-07,263.0,263.0,263.0,263.0,15,5,False,0.0,-5.25,0.0,-179.5,83.5,0.0
2001-05-09,257.75,257.75,257.75,257.75,3,5,False,-5.25,-0.625,0.0,-179.5,78.25,-0.06287425149700598
2001-05-10,256.5,256.5,256.5,256.5,3,5,False,-1.25,-0.875,0.0,-179.5,77.0,-0.015974440894568676
2001-05-11,256.5,256.5,256.5,260.0,3,5,False,3.5,-0.625,0.0,-179.5,80.5,0.045454545454545414
2001-05-14,256.5,256.5,256.5,260.0,401,5,False,0.0,11.5,0.0,-179.5,80.5,0.0
2001-05-15,279.25,281.75,279.0,279.5,203,5,False,19.5,-1.25,0.0,-179.5,100.0,0.2422360248447204
2001-05-16,277.0,277.5,276.5,277.0,121,5,False,-2.5,8.75,0.0,-179.5,97.5,-0.025000000000000022
2001-05-17,275.75,275.75,274.75,275.0,102,5,False,-2.0,-1.0,0.0,-179.5,95.5,-0.02051282051282055
2001-05-18,276.0,277.0,275.0,275.5,169,5,False,0.5,-3.875,0.0,-179.5,96.0,0.005235602094240788
2001-05-21,270.75,270.75,269.0,269.75,293,5,False,-5.75,-3.125,0.0,-179.5,90.25,-0.05989583333333337
2001-05-22,264.5,265.0,263.0,263.0,87,5,False,-6.75,-3.375,0.0,-179.5,83.5,-0.07479224376731297
2001-05-23,260.0,262.0,260.0,262.0,72,5,False,-1.0,-3.5,0.0,-179.5,82.5,-0.0119760479041916
2001-05-24,260.5,261.75,260.5,261.75,34,5,False,-0.25,-0.125,0.0,-179.5,82.25,-0.00303030303030305
2001-05-25,261.75,262.5,261.75,262.5,272,5,False,0.75,-1.125,0.0,-179.5,83.0,0.00911854103343468
2001-05-29,260.5,262.25,260.25,260.5,149,5,False,-2.0,3.875,0.0,-179.5,81.0,-0.02409638554216864
2001-05-30,265.75,267.5,265.75,267.5,277,5,False,7.0,-2.375,0.0,-179.5,88.0,0.08641975308641969
2001-05-31,264.25,264.75,264.0,264.75,149,5,False,-2.75,5.625,0.0,-179.5,85.25,-0.03125
2001-06-01,266.75,269.0,266.75,269.0,227,6,False,4.25,-1.125,0.0,-179.5,89.5,0.04985337243401755
2001-06-04,269.5,269.75,265.0,269.5,195,6,False,0.5,-0.875,0.0,-179.5,90.0,0.005586592178770999
2001-06-05,263.0,263.5,263.0,263.5,93,6,False,-6.0,-1.75,0.0,-179.5,84.0,-0.06666666666666665
2001-06-06,260.0,260.5,259.5,259.5,153,6,False,-4.0,-1.375,0.0,-179.5,80.0,-0.04761904761904767
2001-06-07,262.0,263.5,262.0,262.75,63,6,False,3.25,-0.875,0.0,-179.5,83.25,0.04062499999999991
2001-06-08,264.25,265.0,263.25,265.0,119,6,False,2.25,-0.625,0.0,-179.5,85.5,0.027027027027026973
2001-06-12,261.5,261.75,260.5,260.5,94,6,False,-4.5,3.125,0.0,-179.5,81.0,-0.052631578947368474
2001-06-13,262.75,264.5,262.75,264.5,323,6,False,4.0,-4.875,0.0,-179.5,85.0,0.04938271604938271
2001-06-14,261.75,262.0,259.25,259.25,94,6,False,-5.25,1.5,0.0,-179.5,79.75,-0.061764705882352944
2001-06-15,258.0,258.75,258.0,258.25,328,6,False,-1.0,-3.5,0.0,-179.5,78.75,-0.01253918495297801
2001-06-18,256.0,256.5,255.0,256.5,279,6,False,-1.75,3.25,0.0,-179.5,77.0,-0.022222222222222254
2001-06-19,263.0,264.0,263.0,264.0,328,6,False,7.5,-1.875,0.0,-179.5,84.5,0.09740259740259738
2001-06-20,261.0,262.0,261.0,262.0,69,6,False,-2.0,0.25,0.0,-179.5,82.5,-0.023668639053254448
2001-06-21,254.5,256.0,254.5,255.0,71,6,False,-7.0,-1.125,0.0,-179.5,75.5,-0.08484848484848484
2001-06-22,255.0,256.0,254.75,254.75,62,6,False,-0.25,-5.375,0.0,-179.5,75.25,-0.0033112582781457123
2001-06-25,251.0,252.0,251.0,251.0,119,6,False,-3.75,-1.625,0.0,-179.5,71.5,-0.04983388704318936
2001-06-26,245.25,248.0,245.0,248.0,77,6,False,-3.0,-1.375,0.0,-179.5,68.5,-0.04195804195804198
2001-06-27,247.75,249.0,247.75,249.0,170,6,False,1.0,-1.5,0.0,-179.5,69.5,0.014598540145985384
2001-06-28,247.5,249.0,247.5,249.0,116,6,False,0.0,-1.625,0.0,-179.5,69.5,0.0
2001-06-29,243.0,244.75,243.0,244.75,7,6,False,-4.25,0.75,0.0,-179.5,65.25,-0.0611510791366906
2001-07-02,256.0,256.0,246.25,246.25,30,7,True,1.5,-0.25,1.75,-181.25,65.0,-0.003831417624521105
2001-07-03,250.25,250.75,250.0,250.0,30,7,False,3.75,2.5,0.0,-181.25,68.75,0.05769230769230771
2001-07-05,250.25,250.25,250.0,253.5,30,7,False,3.5,3.625,0.0,-181.25,72.25,0.050909090909091015
2001-07-06,257.0,257.0,257.0,257.0,3,7,False,3.5,2.125,0.0,-181.25,75.75,0.04844290657439454
2001-07-09,257.75,257.75,257.75,257.75,3,7,False,0.75,2.0,0.0,-181.25,76.5,0.00990099009900991
2001-07-10,257.75,257.75,257.75,258.25,3,7,False,0.5,2.25,0.0,-181.25,77.0,0.006535947712418277
2001-07-11,262.0,262.0,262.0,262.0,18,7,False,3.75,1.75,0.0,-181.25,80.75,0.04870129870129869
2001-07-12,267.0,267.0,265.0,265.0,581,7,False,3.0,13.25,0.0,-181.25,83.75,0.037151702786377694
2001-07-13,289.75,291.75,287.0,287.75,234,7,False,22.75,-0.875,0.0,-181.25,106.5,0.27164179104477615
2001-07-16,284.5,284.5,282.0,283.0,581,7,False,-4.75,14.875,0.0,-181.25,101.75,-0.04460093896713613
2001-07-17,282.25,292.75,282.25,290.0,234,7,False,7.0,-4.5,0.0,-181.25,108.75,0.0687960687960687
2001-07-18,289.0,290.0,283.0,285.75,427,7,False,-4.25,6.125,0.0,-181.25,104.5,-0.039080459770114984
2001-07-19,289.0,293.25,288.25,291.0,238,7,False,5.25,-3.125,0.0,-181.25,109.75,0.05023923444976086
2001-07-20,290.0,291.0,288.25,289.0,427,7,False,-2.0,-1.375,0.0,-181.25,107.75,-0.018223234624145768
2001-07-23,279.25,283.0,279.0,281.0,246,7,False,-8.0,2.5,0.0,-181.25,99.75,-0.07424593967517401
2001-07-24,285.0,288.5,285.0,288.0,95,7,False,7.0,-5.625,0.0,-181.25,106.75,0.07017543859649122
2001-07-25,281.5,284.75,281.5,284.75,149,7,False,-3.25,2.875,0.0,-181.25,103.5,-0.030444964871194413
2001-07-26,284.0,284.5,282.5,283.5,95,7,False,-1.25,-2.625,0.0,-181.25,102.25,-0.012077294685990392
2001-07-27,279.5,281.5,279.5,281.5,137,7,False,-2.0,-1.625,0.0,-181.25,100.25,-0.019559902200488977
2001-07-30,279.75,281.0,279.0,279.5,117,7,False,-2.0,-3.25,0.0,-181.25,98.25,-0.01995012468827928
2001-07-31,275.0,276.0,274.5,275.0,71,7,False,-4.5,1.125,0.0,-181.25,93.75,-0.04580152671755722
2001-08-01,277.5,279.5,277.0,279.25,117,8,False,4.25,-3.625,0.0,-181.25,98.0,0.045333333333333226
2001-08-02,274.0,277.0,274.0,276.5,71,8,False,-2.75,-1.0,0.0,-181.25,95.25,-0.028061224489795866
2001-08-03,269.5,271.5,269.5,270.25,15,8,False,-6.25,-4.0,0.0,-181.25,89.0,-0.06561679790026242
2001-08-06,264.75,266.5,264.5,265.0,59,8,False,-5.25,-1.875,0.0,-181.25,83.75,-0.0589887640449438
2001-08-07,266.25,268.25,266.25,267.5,24,8,False,2.5,-1.625,0.0,-181.25,86.25,0.029850746268656803
2001-08-08,268.0,269.5,268.0,269.5,69,8,False,2.0,1.5,0.0,-181.25,88.25,0.023188405797101463
2001-08-09,268.75,270.0,268.75,270.0,24,8,False,0.5,1.75,0.0,-181.25,88.75,0.0056657223796034994
2001-08-10,271.0,272.25,271.0,271.5,59,8,False,1.5,0.0,0.0,-181.25,90.25,0.016901408450704203
2001-08-13,270.0,271.0,269.5,271.0,56,8,False,-0.5,0.25,0.0,-181.25,89.75,-0.005540166204986097
2001-08-14,272.0,272.25,270.0,270.0,87,8,False,-1.0,-0.75,0.0,-181.25,88.75,-0.011142061281337101
2001-08-15,268.75,269.25,268.0,269.0,56,8,False,-1.0,-1.5,0.0,-181.25,87.75,-0.011267605633802802
2001-08-16,266.75,267.0,266.25,267.0,33,8,False,-2.0,0.0,0.0,-181.25,85.75,-0.022792022792022748
2001-08-17,267.25,269.0,267.25,268.0,13,8,False,1.0,-3.0,0.0,-181.25,86.75,0.011661807580174877
2001-08-20,265.0,265.0,263.5,264.0,27,8,False,-4.0,2.0,0.0,-181.25,82.75,-0.04610951008645536
2001-08-21,266.0,267.5,266.0,267.0,59,8,False,3.0,-1.25,0.0,-181.25,85.75,0.03625377643504524
2001-08-22,268.0,268.5,267.5,268.5,110,8,False,1.5,2.875,0.0,-181.25,87.25,0.017492711370262315
2001-08-23,271.25,271.75,271.25,271.25,160,8,False,2.75,3.125,0.0,-181.25,90.0,0.03151862464183375
2001-08-24,275.25,276.75,275.25,276.0,110,8,False,4.75,-0.25,0.0,-181.25,94.75,0.05277777777777781
2001-08-27,271.25,273.0,271.0,272.75,87,8,False,-3.25,3.625,0.0,-181.25,91.5,-0.03430079155672827
2001-08-28,273.5,275.25,273.5,275.25,6,8,False,2.5,-4.25,0.0,-181.25,94.0,0.02732240437158473
2001-08-29,270.0,270.0,269.0,270.0,87,8,False,-5.25,3.375,0.0,-181.25,88.75,-0.05585106382978722
2001-08-30,274.5,274.5,274.25,274.25,1,8,False,4.25,-1.25,0.0,-181.25,93.0,0.04788732394366191
2001-09-04,277.0,277.0,277.0,277.0,1,9,True,2.75,1.875,0.875,-182.125,94.875,0.02016129032258074
2001-09-05,277.0,277.0,277.0,276.5,1,9,False,-0.5,0.5,0.0,-182.125,94.375,-0.005270092226614009
2001-09-06,274.75,274.75,274.75,274.75,1,9,False,-1.75,-2.125,0.0,-182.125,92.625,-0.018543046357615944
2001-09-10,271.0,271.0,271.0,271.0,1,9,False,-3.75,-0.875,0.0,-182.125,88.875,-0.04048582995951422
2001-09-11,271.0,271.0,271.0,271.0,1,9,False,0.0,-1.875,0.0,-182.125,88.875,0.0
2001-09-12,271.0,271.0,271.0,271.0,6,9,False,0.0,1.75,0.0,-182.125,88.875,0.0
2001-09-13,274.5,274.5,274.5,274.5,170,9,False,3.5,-1.125,0.0,-182.125,92.375,0.039381153305203975
2001-09-17,271.0,272.25,269.0,272.25,129,9,False,-2.25,3.875,0.0,-182.125,90.125,-0.024357239512855178
2001-09-18,275.25,277.0,275.0,276.5,141,9,False,4.25,-5.375,0.0,-182.125,94.375,0.04715672676837723
2001-09-19,268.0,268.75,267.0,268.0,129,9,False,-8.5,-1.125,0.0,-182.125,85.875,-0.09006622516556295
2001-09-20,263.25,263.75,261.5,261.5,66,9,False,-6.5,-1.75,0.0,-182.125,79.375,-0.07569141193595341
2001-09-21,265.75,267.0,265.25,266.5,122,9,False,5.0,-3.125,0.0,-182.125,84.375,0.06299212598425208
2001-09-24,267.0,267.0,265.75,266.75,66,9,False,0.25,2.75,0.0,-182.125,84.625,0.002962962962963056
2001-09-25,267.0,267.5,266.0,267.25,32,9,False,0.5,1.875,0.0,-182.125,85.125,0.005908419497784312
2001-09-26,270.75,272.0,270.75,270.75,75,9,False,3.5,2.875,0.0,-182.125,88.625,0.04111600587371522
2001-09-27,276.0,277.0,275.25,276.0,88,9,False,5.25,1.25,0.0,-182.125,93.875,0.05923836389280668
2001-09-28,274.25,275.0,273.75,275.0,75,9,False,-1.0,0.375,0.0,-182.125,92.875,-0.010652463382157085
2001-10-01,270.75,270.75,269.75,270.5,88,10,False,-4.5,-2.75,0.0,-182.125,88.375,-0.048452220726783346
2001-10-02,266.0,267.5,265.5,266.0,88,10,False,-4.5,-3.375,0.0,-182.125,83.875,-0.0509193776520509
2001-10-03,264.0,264.0,262.75,263.75,104,10,False,-2.25,1.125,0.0,-182.125,81.625,-0.026825633383010472
2001-10-04,269.75,271.5,269.5,270.5,83,10,False,6.75,-0.125,0.0,-182.125,88.375,0.08269525267993871
2001-10-05,273.0,273.5,272.5,272.5,120,10,False,2.0,4.625,0.0,-182.125,90.375,0.022630834512022524
2001-10-08,273.5,275.75,273.5,275.0,83,10,False,2.5,-0.125,0.0,-182.125,92.875,0.027662517289073207
2001-10-09,272.0,272.75,271.25,272.75,38,10,False,-2.25,2.25,0.0,-182.125,90.625,-0.024226110363391617
2001-10-10,275.0,275.5,274.0,274.75,64,10,False,2.0,1.125,0.0,-182.125,92.625,0.022068965517241468
2001-10-11,279.0,279.5,279.0,279.25,151,10,False,4.5,0.5,0.0,-182.125,97.125,0.04858299595141702
2001-10-12,279.25,279.75,278.0,278.25,117,10,False,-1.0,0.375,0.0,-182.125,96.125,-0.01029601029601035
2001-10-15,275.5,276.25,274.5,274.5,36,10,False,-3.75,-1.0,0.0,-182.125,92.375,-0.03901170351105332
2001-10-16,274.0,274.0,273.25,273.5,112,10,False,-1.0,0.0,0.0,-182.125,91.375,-0.010825439783491153
2001-10-17,278.5,278.5,277.25,277.25,161,10,False,3.75,3.875,0.0,-182.125,95.125,0.041039671682626455
2001-10-18,285.0,286.0,285.0,286.0,203,10,False,8.75,1.625,0.0,-182.125,103.875,0.09198423127463862
2001-10-19,283.0,289.0,282.25,285.5,136,10,False,-0.5,5.375,0.0,-182.125,103.375,-0.004813477737665495
2001-10-22,287.25,287.5,286.0,287.5,65,10,False,2.0,-3.25,0.0,-182.125,105.375,0.0193470374848852
2001-10-23,281.5,282.5,281.5,281.5,135,10,False,-6.0,3.375,0.0,-182.125,99.375,-0.05693950177935947
2001-10-24,286.0,286.75,286.0,286.25,65,10,False,4.75,-4.375,0.0,-182.125,104.125,0.04779874213836477
2001-10-25,285.25,285.25,283.0,283.5,302,10,False,-2.75,6.0,0.0,-182.125,101.375,-0.026410564225690325
2001-10-26,290.0,291.0,289.25,290.75,24,10,False,7.25,0.0,0.0,-182.125,108.625,0.07151664611590625
2001-10-29,295.0,295.0,293.5,293.5,302,10,False,2.75,5.25,0.0,-182.125,111.375,0.025316455696202445
2001-10-30,291.0,297.0,290.5,296.75,103,10,False,3.25,0.625,0.0,-182.125,114.625,0.029180695847362603
2001-10-31,295.5,296.0,295.0,295.25,284,10,False,-1.5,0.125,0.0,-182.125,113.125,-0.013086150490730697
2001-11-01,291.5,292.75,290.75,292.25,34,11,False,-3.0,-2.375,0.0,-182.125,110.125,-0.026519337016574607
2001-11-02,288.25,289.0,288.25,289.0,166,11,False,-3.25,-4.5,0.0,-182.125,106.875,-0.02951191827468791
2001-11-05,285.25,285.25,283.0,283.0,154,11,False,-6.0,-1.125,0.0,-182.125,100.875,-0.056140350877192935
2001-11-06,284.5,286.0,284.0,284.0,70,11,False,1.0,-1.5,0.0,-182.125,101.875,0.00991325898389106
2001-11-07,286.0,287.0,286.0,287.0,82,11,False,3.0,0.875,0.0,-182.125,104.875,0.02944785276073625
2001-11-08,287.0,288.0,287.0,287.75,108,11,False,0.75,-0.625,0.0,-182.125,105.625,0.007151370679380209
2001-11-09,283.5,283.75,283.0,283.5,100,11,False,-4.25,1.375,0.0,-182.125,101.375,-0.04023668639053257
2001-11-12,286.0,287.5,285.5,285.5,108,11,False,2.0,-4.375,0.0,-182.125,103.375,0.019728729963008673
2001-11-13,283.0,283.0,281.0,281.0,128,11,False,-4.5,-0.75,0.0,-182.125,98.875,-0.04353083434099159
2001-11-14,278.0,278.5,277.25,277.5,108,11,False,-3.5,0.0,0.0,-182.125,95.375,-0.03539823008849563
2001-11-15,280.75,282.0,280.75,282.0,69,11,False,4.5,-2.75,0.0,-182.125,99.875,0.047182175622542566
2001-11-16,280.0,280.0,279.25,280.0,117,11,False,-2.0,6.875,0.0,-182.125,97.875,-0.020025031289111372
2001-11-19,288.25,290.75,288.25,289.25,114,11,False,9.25,-1.0,0.0,-182.125,107.125,0.09450830140485311
2001-11-20,290.25,290.25,289.25,289.25,251,11,False,0.0,3.5,0.0,-182.125,107.125,0.0
2001-11-21,286.5,287.25,286.5,287.0,52,11,False,-2.25,1.25,0.0,-182.125,104.875,-0.02100350058343059
2001-11-23,287.0,289.5,286.75,289.5,61,11,False,2.5,-1.125,0.0,-182.125,107.375,0.023837902264600697
2001-11-26,289.0,289.75,288.5,289.5,157,11,False,0.0,-4.5,0.0,-182.125,107.375,0.0
2001-11-27,277.5,278.75,277.5,278.0,61,11,False,-11.5,0.75,0.0,-182.125,95.875,-0.10710128055878931
2001-11-28,279.5,279.5,279.25,279.5,61,11,False,1.5,-8.25,0.0,-182.125,97.375,0.015645371577575062
2001-11-29,274.0,275.0,274.0,274.5,190,11,False,-5.0,2.5,0.0,-182.125,92.375,-0.051347881899871606
2001-11-30,273.0,278.0,273.0,278.0,17,11,False,3.5,0.0,0.0,-182.125,95.875,0.03788903924221931
2001-12-03,283.75,283.75,282.5,283.0,22,12,True,5.0,0.75,4.25,-186.375,96.625,0.007822685788787531
2001-12-04,280.25,282.0,278.25,281.0,23,12,False,-2.0,0.75,0.0,-186.375,94.625,-0.02069857697283317
2001-12-05,275.5,277.5,275.5,277.5,23,12,False,-3.5,-3.25,0.0,-186.375,91.125,-0.036988110964332854
2001-12-07,273.0,273.0,273.0,273.0,3,12,False,-4.5,0.125,0.0,-186.375,86.625,-0.04938271604938271
2001-12-10,281.25,281.25,276.75,276.75,2,12,False,3.75,-2.625,0.0,-186.375,90.375,0.04329004329004338
2001-12-11,276.0,276.0,273.5,276.0,2,12,False,-0.75,2.375,0.0,-186.375,89.625,-0.008298755186721962
2001-12-13,277.0,277.0,277.0,277.0,2,12,False,1.0,-1.375,0.0,-186.375,90.625,0.01115760111576014
2001-12-14,275.0,275.0,275.0,275.0,34,12,False,-2.0,6.375,0.0,-186.375,88.625,-0.022068965517241357
2001-12-17,287.0,287.0,285.5,286.75,60,12,False,11.75,-0.625,0.0,-186.375,100.375,0.13258110014104374
2001-12-18,285.75,287.5,285.75,287.5,95,12,False,0.75,4.75,0.0,-186.375,101.125,0.007471980074719831
2001-12-19,286.0,286.5,284.25,285.25,61,12,False,-2.25,4.375,0.0,-186.375,98.875,-0.02224969097651419
2001-12-20,293.25,293.5,292.5,293.25,230,12,False,8.0,-3.875,0.0,-186.375,106.875,0.08091024020227566
2001-12-21,287.5,287.75,287.0,287.75,230,12,False,-5.5,4.5,0.0,-186.375,101.375,-0.05146198830409354
2001-12-24,288.75,288.75,288.75,288.75,170,12,False,1.0,-2.875,0.0,-186.375,102.375,0.009864364981504226
2001-12-27,285.0,291.0,285.0,288.5,95,12,False,-0.25,2.5,0.0,-186.375,102.125,-0.0024420024420024333
2001-12-28,291.0,292.5,290.5,292.5,170,12,False,4.0,-0.875,0.0,-186.375,106.125,0.03916768665850667
2001-12-31,289.75,291.0,289.75,291.0,58,12,False,-1.5,2.5,0.0,-186.375,104.625,-0.014134275618374548
2002-01-02,290.5,292.5,290.0,292.0,14,1,False,1.0,-0.625,0.0,-186.375,105.625,0.009557945041815952
2002-01-03,292.75,292.75,291.75,292.25,253,1,False,0.25,4.875,0.0,-186.375,105.875,0.002366863905325367
2002-01-04,300.0,301.25,300.0,301.0,250,1,False,8.75,3.625,0.0,-186.375,114.625,0.0826446280991735
2002-01-07,307.0,308.0,305.25,308.0,117,1,False,7.0,2.625,0.0,-186.375,121.625,0.06106870229007644
2002-01-08,305.0,305.5,304.5,304.5,250,1,False,-3.5,4.25,0.0,-186.375,118.125,-0.02877697841726623
2002-01-09,304.75,306.0,304.75,306.0,1153,1,False,1.5,-3.75,0.0,-186.375,119.625,0.012698412698412653
2002-01-10,303.75,304.0,301.0,302.0,70,1,False,-4.0,1.5,0.0,-186.375,115.625,-0.03343782654127481
2002-01-11,304.0,305.0,303.5,303.5,194,1,False,1.5,0.375,0.0,-186.375,117.125,0.012972972972973063
2002-01-14,308.75,311.0,308.25,308.25,70,1,False,4.75,-0.5,0.0,-186.375,121.875,0.04055496264674496
2002-01-15,306.5,307.0,305.5,305.75,200,1,False,-2.5,-0.75,0.0,-186.375,119.375,-0.02051282051282055
2002-01-16,301.0,302.0,299.5,299.5,179,1,False,-6.25,0.75,0.0,-186.375,113.125,-0.05235602094240843
2002-01-17,304.0,305.5,303.5,303.5,77,1,False,4.0,-4.375,0.0,-186.375,117.125,0.0353591160220994
2002-01-18,301.0,302.0,300.25,301.0,185,1,False,-2.5,-0.125,0.0,-186.375,114.625,-0.021344717182497308
2002-01-22,299.5,299.5,296.75,296.75,265,1,False,-4.25,-2.0,0.0,-186.375,110.375,-0.037077426390403456
2002-01-23,295.0,296.5,294.5,295.25,185,1,False,-1.5,-1.375,0.0,-186.375,108.875,-0.013590033975084959
2002-01-24,296.5,297.75,295.25,296.75,50,1,False,1.5,0.625,0.0,-186.375,110.375,0.013777267508610747
2002-01-25,299.0,299.5,298.25,299.5,106,1,False,2.75,0.25,0.0,-186.375,113.125,0.02491506228765572
2002-01-28,298.0,298.5,296.75,298.5,811,1,False,-1.0,-1.875,0.0,-186.375,112.125,-0.008839779005524906
2002-01-29,291.25,293.75,290.0,292.0,115,1,False,-6.5,-2.0,0.0,-186.375,105.625,-0.05797101449275366
2002-01-30,290.0,290.5,289.0,289.0,183,1,False,-3.0,-4.5,0.0,-186.375,102.625,-0.028402366863905293
2002-01-31,284.0,288.25,284.0,286.5,39,1,False,-2.5,-1.5,0.0,-186.375,100.125,-0.02436053593179055
2002-02-01,286.75,287.5,286.5,286.5,68,2,False,0.0,-0.25,0.0,-186.375,100.125,0.0
2002-02-04,288.0,289.5,288.0,288.5,184,2,False,2.0,-3.75,0.0,-186.375,102.125,0.019975031210986316
2002-02-05,280.75,281.5,280.5,281.0,60,2,False,-7.5,2.75,0.0,-186.375,94.625,-0.0734394124847001
2002-02-06,284.0,284.5,284.0,284.5,163,2,False,3.5,-4.5,0.0,-186.375,98.125,0.036988110964332854
2002-02-07,280.25,283.0,280.25,283.0,258,2,False,-1.5,2.0,0.0,-186.375,96.625,-0.015286624203821653
2002-02-08,282.0,287.0,281.75,283.5,64,2,False,0.5,-1.5,0.0,-186.375,97.125,0.005174644243208348
2002-02-11,282.0,282.5,282.0,282.0,14,2,False,-1.5,0.0,0.0,-186.375,95.625,-0.015444015444015413
2002-02-12,281.0,281.75,281.0,281.5,28,2,False,-0.5,-1.375,0.0,-186.375,95.125,-0.005228758169934622
2002-02-13,281.25,281.25,280.25,280.25,14,2,False,-1.25,0.875,0.0,-186.375,93.875,-0.013140604467805517
2002-02-14,282.5,283.5,282.25,282.5,9,2,False,2.25,-1.75,0.0,-186.375,96.125,0.023968042609853635
2002-02-15,280.75,280.75,280.25,280.25,72,2,False,-2.25,-0.75,0.0,-186.375,93.875,-0.023407022106632036
2002-02-19,276.5,277.0,276.25,276.5,9,2,False,-3.75,-0.375,0.0,-186.375,90.125,-0.039946737683089206
2002-02-20,277.75,278.0,277.5,278.0,67,2,False,1.5,-0.375,0.0,-186.375,91.625,0.01664355062413314
2002-02-21,280.0,281.0,280.0,281.0,28,2,False,3.0,-0.625,0.0,-186.375,94.625,0.032742155525238736
2002-02-22,278.5,278.5,278.0,278.25,108,2,False,-2.75,2.625,0.0,-186.375,91.875,-0.029062087186261576
2002-02-25,280.75,281.0,280.25,280.5,47,2,False,2.25,-2.125,0.0,-186.375,94.125,0.02448979591836742
2002-02-26,278.25,279.0,277.5,279.0,87,2,False,-1.5,-0.5,0.0,-186.375,92.625,-0.015936254980079667
2002-02-27,276.0,276.0,275.75,275.75,56,2,False,-3.25,-2.875,0.0,-186.375,89.375,-0.03508771929824561
2002-02-28,272.0,273.0,271.25,271.5,30,2,False,-4.25,-3.625,0.0,-186.375,85.125,-0.047552447552447585
2002-03-01,267.25,267.5,267.25,267.5,30,3,True,-4.0,-0.875,-3.125,-183.25,84.25,-0.01027900146842875
2002-03-04,270.0,270.0,270.0,270.0,2,3,False,2.5,-1.75,0.0,-183.25,86.75,0.029673590504450953
2002-03-05,270.5,271.0,270.5,270.5,2,3,False,0.5,3.125,0.0,-183.25,87.25,0.0057636887608070175
2002-03-06,270.5,270.5,270.5,274.25,2,3,False,3.75,0.375,0.0,-183.25,91.0,0.042979942693409656
2002-03-07,274.5,274.5,274.5,274.5,3,3,False,0.25,0.625,0.0,-183.25,91.25,0.0027472527472527375
2002-03-08,272.0,272.0,272.0,272.0,3,3,False,-2.5,-0.375,0.0,-183.25,88.75,-0.0273972602739726
2002-03-11,272.0,272.0,272.0,271.0,2,3,False,-1.0,-3.25,0.0,-183.25,87.75,-0.011267605633802802
2002-03-12,267.0,267.0,267.0,267.0,2,3,False,-4.0,1.0,0.0,-183.25,83.75,-0.04558404558404561
2002-03-13,270.0,270.0,270.0,270.0,2,3,False,3.0,-1.0,0.0,-183.25,86.75,0.035820895522387985
2002-03-14,272.0,272.0,272.0,272.0,34,3,False,2.0,5.0,0.0,-183.25,88.75,0.023054755043227626
2002-03-15,280.0,280.5,279.0,279.0,194,3,False,7.0,2.875,0.0,-183.25,95.75,0.07887323943661961
2002-03-18,283.75,284.25,282.5,282.75,128,3,False,3.75,1.375,0.0,-183.25,99.5,0.039164490861618884
2002-03-19,278.0,278.5,278.0,278.5,105,3,False,-4.25,1.25,0.0,-183.25,95.25,-0.042713567839196
2002-03-20,282.0,283.0,277.25,277.25,38,3,False,-1.25,-2.5,0.0,-183.25,94.0,-0.013123359580052507
2002-03-21,277.25,278.0,276.5,276.5,193,3,False,-0.75,1.875,0.0,-183.25,93.25,-0.007978723404255317
2002-03-22,283.25,283.75,281.5,281.5,84,3,False,5.0,-0.375,0.0,-183.25,98.25,0.0536193029490617
2002-03-25,281.0,281.5,281.0,281.5,188,3,False,0.0,4.5,0.0,-183.25,98.25,0.0
2002-03-26,284.0,285.75,284.0,285.5,60,3,False,4.0,1.25,0.0,-183.25,102.25,0.040712468193384144
2002-03-27,287.25,288.0,286.5,288.0,218,3,False,2.5,5.25,0.0,-183.25,104.75,0.02444987775061125
2002-03-28,294.0,295.0,293.25,294.5,242,3,False,6.5,-3.375,0.0,-183.25,111.25,0.06205250596658707
2002-04-01,285.5,286.5,284.75,285.25,249,4,False,-9.25,3.625,0.0,-183.25,102.0,-0.08314606741573038
2002-04-02,286.5,288.0,286.0,286.0,89,4,False,0.75,-5.375,0.0,-183.25,102.75,0.007352941176470562
2002-04-03,283.25,284.5,283.25,284.5,40,4,False,-1.5,0.375,0.0,-183.25,101.25,-0.014598540145985384
2002-04-04,284.0,284.5,283.5,284.5,102,4,False,0.0,-3.625,0.0,-183.25,101.25,0.0
2002-04-05,280.25,280.5,278.5,278.75,113,4,False,-5.75,-1.375,0.0,-183.25,95.5,-0.05679012345679013
2002-04-08,277.5,277.5,275.5,276.0,24,4,False,-2.75,-4.0,0.0,-183.25,92.75,-0.028795811518324554
2002-04-09,273.5,274.0,273.0,273.75,80,4,False,-2.25,-3.125,0.0,-183.25,90.5,-0.02425876010781669
2002-04-10,270.25,270.25,270.0,270.25,110,4,False,-3.5,-0.625,0.0,-183.25,87.0,-0.03867403314917128
2002-04-11,272.5,273.5,272.5,271.25,36,4,False,1.0,-1.125,0.0,-183.25,88.0,0.011494252873563315
2002-04-12,272.0,272.0,270.25,272.5,46,4,False,1.25,0.125,0.0,-183.25,89.25,0.014204545454545414
2002-04-15,274.0,274.5,273.5,271.75,26,4,False,-0.75,2.25,0.0,-183.25,88.5,-0.008403361344537785
2002-04-16,272.75,272.75,272.0,275.0,46,4,False,3.25,0.0,0.0,-183.25,91.75,0.03672316384180796
2002-04-17,275.0,275.5,275.0,275.75,12,4,False,0.75,-2.125,0.0,-183.25,92.5,0.008174386920980936
2002-04-18,274.5,276.25,274.5,268.25,40,4,False,-7.5,-0.25,0.0,-183.25,85.0,-0.08108108108108103
2002-04-19,269.0,269.5,268.25,267.0,23,4,False,-1.25,-4.875,0.0,-183.25,83.75,-0.014705882352941124
2002-04-22,268.0,268.0,267.25,264.75,15,4,False,-2.25,-0.75,0.0,-183.25,81.5,-0.0268656716417911
2002-04-23,265.0,265.75,265.0,264.5,44,4,False,-0.25,-1.625,0.0,-183.25,81.25,-0.0030674846625766694
2002-04-24,264.0,264.75,264.0,263.5,80,4,False,-1.0,-1.375,0.0,-183.25,80.25,-0.012307692307692353
2002-04-25,263.5,263.75,262.5,261.0,23,4,False,-2.5,-2.125,0.0,-183.25,77.75,-0.031152647975077885
2002-04-26,260.75,262.0,260.75,257.75,24,4,False,-3.25,-2.125,0.0,-183.25,74.5,-0.04180064308681675
2002-04-29,258.0,258.75,258.0,256.0,82,4,False,-1.75,1.25,0.0,-183.25,72.75,-0.023489932885906062
2002-04-30,256.5,258.25,256.5,261.75,1,4,False,5.75,1.375,0.0,-183.25,78.5,0.07903780068728516
2002-05-01,262.5,262.5,262.5,266.25,1,5,True,4.5,-1.0,5.5,-188.75,77.5,-0.01273885350318471
2002-05-02,266.25,266.25,266.25,258.5,12,5,False,-7.75,3.125,0.0,-188.75,69.75,-0.09999999999999998
2002-05-03,258.0,258.0,258.0,260.25,12,5,False,1.75,-2.5,0.0,-188.75,71.5,0.02508960573476693
2002-05-06,263.0,263.0,263.0,263.0,12,5,False,2.75,2.875,0.0,-188.75,74.25,0.03846153846153855
2002-05-07,267.0,267.0,267.0,267.0,12,5,False,4.0,-0.125,0.0,-188.75,78.25,0.05387205387205385
2002-05-08,264.0,264.0,264.0,264.0,12,5,False,-3.0,3.375,0.0,-188.75,75.25,-0.03833865814696491
2002-05-09,266.75,266.75,266.75,266.75,12,5,False,2.75,-2.375,0.0,-188.75,78.0,0.03654485049833878
2002-05-10,265.0,265.0,265.0,265.0,12,5,False,-1.75,5.625,0.0,-188.75,76.25,-0.022435897435897467
2002-05-13,273.5,273.5,273.5,273.5,12,5,False,8.5,-1.125,0.0,-188.75,84.75,0.11147540983606552
2002-05-14,273.0,273.0,273.0,273.0,58,5,False,-0.5,9.5,0.0,-188.75,84.25,-0.005899705014749235
2002-05-15,278.75,279.5,278.0,283.5,153,5,False,10.5,-3.75,0.0,-188.75,94.75,0.12462908011869445
2002-05-16,283.5,284.0,283.0,276.5,133,5,False,-7.0,3.875,0.0,-188.75,87.75,-0.07387862796833777
2002-05-17,276.75,277.5,276.5,273.75,88,5,False,-2.75,-2.0,0.0,-188.75,85.0,-0.031339031339031376
2002-05-20,273.25,273.75,272.5,276.75,106,5,False,3.0,-3.25,0.0,-188.75,88.0,0.03529411764705892
2002-05-21,277.25,278.0,277.0,273.0,63,5,False,-3.75,-0.5,0.0,-188.75,84.25,-0.042613636363636354
2002-05-22,272.75,273.75,272.25,269.0,57,5,False,-4.0,-0.625,0.0,-188.75,80.25,-0.047477744807121636
2002-05-23,269.0,269.25,268.0,271.5,41,5,False,2.5,-2.25,0.0,-188.75,82.75,0.031152647975077885
2002-05-24,272.5,272.5,271.0,271.0,41,5,False,-0.5,1.75,0.0,-188.75,82.25,-0.0060422960725075026
2002-05-28,268.5,269.25,268.0,272.0,112,5,False,1.0,1.875,0.0,-188.75,83.25,0.012158054711246091
2002-05-29,272.25,272.75,271.75,276.25,113,5,False,4.25,0.625,0.0,-188.75,87.5,0.05105105105105112
2002-05-30,276.25,276.5,275.0,276.5,111,5,False,0.25,5.0,0.0,-188.75,87.75,0.0028571428571428914
2002-05-31,277.5,277.5,276.5,282.25,210,5,False,5.75,2.375,0.0,-188.75,93.5,0.06552706552706544
2002-06-03,282.0,282.0,279.75,286.75,119,6,False,4.5,0.5,0.0,-188.75,98.0,0.048128342245989275
2002-06-04,286.75,287.0,286.25,282.0,66,6,False,-4.75,2.875,0.0,-188.75,93.25,-0.04846938775510201
2002-06-05,282.0,282.75,281.0,283.25,110,6,False,1.25,-3.75,0.0,-188.75,94.5,0.013404825737265424
2002-06-06,283.0,285.0,283.0,280.5,79,6,False,-2.75,-2.125,0.0,-188.75,91.75,-0.02910052910052907
2002-06-07,279.5,281.0,279.0,275.0,259,6,False,-5.5,0.25,0.0,-188.75,86.25,-0.05994550408719346
2002-06-10,274.0,274.0,272.5,278.25,187,6,False,3.25,-2.125,0.0,-188.75,89.5,0.037681159420289934
2002-06-11,278.25,279.0,276.5,279.5,95,6,False,1.25,3.625,0.0,-188.75,90.75,0.013966480446927276
2002-06-12,279.0,280.5,279.0,283.5,83,6,False,4.0,6.625,0.0,-188.75,94.75,0.0440771349862259
2002-06-13,283.75,285.0,283.5,295.5,258,6,False,12.0,1.375,0.0,-188.75,106.75,0.1266490765171504
2002-06-14,295.5,296.75,294.5,294.25,82,6,False,-1.25,3.5,0.0,-188.75,105.5,-0.011709601873536313
2002-06-17,293.5,293.75,292.25,289.25,68,6,False,-5.0,-0.625,0.0,-188.75,100.5,-0.04739336492891
2002-06-18,289.5,290.75,289.25,289.25,36,6,False,0.0,-1.375,0.0,-188.75,100.5,0.0
2002-06-19,289.0,290.25,289.0,291.5,161,6,False,2.25,-0.125,0.0,-188.75,102.75,0.02238805970149249
2002-06-20,291.5,294.0,291.5,291.25,35,6,False,-0.25,-0.875,0.0,-188.75,102.5,-0.0024330900243308973
2002-06-21,291.0,292.5,290.75,287.25,242,6,False,-4.0,2.125,0.0,-188.75,98.5,-0.039024390243902474
2002-06-24,287.75,291.0,287.75,291.75,88,6,False,4.5,-2.375,0.0,-188.75,103.0,0.045685279187817285
2002-06-25,290.75,292.5,290.75,291.0,21,6,False,-0.75,3.25,0.0,-188.75,102.25,-0.007281553398058249
2002-06-26,290.5,291.0,290.0,293.0,116,6,False,2.0,6.375,0.0,-188.75,104.25,0.019559902200489088
2002-06-27,293.5,295.0,292.0,306.5,76,6,False,13.5,1.25,0.0,-188.75,117.75,0.12949640287769792
2002-06-28,304.0,304.75,303.25,307.0,13,6,False,0.5,11.0,0.0,-188.75,118.25,0.00424628450106157
2002-07-01,304.0,312.0,304.0,315.5,3,7,True,8.5,0.5,8.0,-196.75,118.75,0.0042283298097252064
2002-07-02,316.25,316.25,316.25,316.0,3,7,False,0.5,4.25,0.0,-196.75,119.25,0.004210526315789442
2002-07-03,316.0,316.0,316.0,316.0,3,7,False,0.0,1.5,0.0,-196.75,119.25,0.0
2002-07-05,318.5,318.5,318.5,318.5,1,7,False,2.5,-2.0,0.0,-196.75,121.75,0.020964360587002018
2002-07-08,316.0,316.0,316.0,314.5,9,7,False,-4.0,0.5,0.0,-196.75,117.75,-0.03285420944558526
2002-07-09,316.5,318.0,316.5,313.0,9,7,False,-1.5,1.25,0.0,-196.75,116.25,-0.01273885350318471
2002-07-10,319.5,319.5,319.5,319.5,9,7,False,6.5,2.5,0.0,-196.75,122.75,0.05591397849462365
2002-07-11,326.0,326.0,326.0,326.0,3,7,False,6.5,-2.125,0.0,-196.75,129.25,0.05295315682281054
2002-07-12,321.5,321.5,321.5,315.25,362,7,False,-10.75,7.5,0.0,-196.75,118.5,-0.0831721470019342
2002-07-15,318.5,322.25,318.5,323.75,597,7,False,8.5,-0.25,0.0,-196.75,127.0,0.07172995780590719
2002-07-16,327.0,330.25,327.0,334.0,251,7,False,10.25,4.75,0.0,-196.75,137.25,0.08070866141732291
2002-07-17,334.0,334.0,331.25,335.0,116,7,False,1.0,4.25,0.0,-196.75,138.25,0.007285974499089187
2002-07-18,334.25,334.25,331.25,333.25,311,7,False,-1.75,-0.75,0.0,-196.75,136.5,-0.012658227848101222
2002-07-19,332.0,332.0,330.5,330.75,274,7,False,-2.5,3.625,0.0,-196.75,134.0,-0.01831501831501836
2002-07-22,333.5,337.5,333.5,339.75,182,7,False,9.0,-4.75,0.0,-196.75,143.0,0.0671641791044777
2002-07-23,340.0,342.0,337.5,332.75,12,7,False,-7.0,6.125,0.0,-196.75,136.0,-0.04895104895104896
2002-07-24,332.5,335.5,332.5,336.0,118,7,False,3.25,-4.0,0.0,-196.75,139.25,0.023897058823529438
2002-07-25,336.0,337.25,335.0,335.0,118,7,False,-1.0,1.625,0.0,-196.75,138.25,-0.007181328545781018
2002-07-26,334.5,336.0,334.5,335.0,522,7,False,0.0,-4.75,0.0,-196.75,138.25,0.0
2002-07-29,332.0,332.75,324.75,326.5,58,7,False,-8.5,-0.25,0.0,-196.75,129.75,-0.061482820976491825
2002-07-30,328.25,328.25,327.0,326.0,192,7,False,-0.5,-0.25,0.0,-196.75,129.25,-0.003853564547206201
2002-07-31,328.0,331.25,328.0,334.0,537,7,False,8.0,0.125,0.0,-196.75,137.25,0.061895551257253434
2002-08-01,335.0,347.25,335.0,334.75,58,8,False,0.75,5.125,0.0,-196.75,138.0,0.005464480874316946
2002-08-02,334.75,336.0,334.75,337.0,356,8,False,2.25,0.875,0.0,-196.75,140.25,0.016304347826086918
2002-08-05,334.5,334.5,331.0,338.0,80,8,False,1.0,3.0,0.0,-196.75,141.25,0.007130124777183555
2002-08-06,339.5,342.0,339.25,341.75,136,8,False,3.75,2.75,0.0,-196.75,145.0,0.026548672566371723
2002-08-07,341.75,341.75,340.5,346.25,28,8,False,4.5,-2.0,0.0,-196.75,149.5,0.03103448275862064
2002-08-08,345.75,347.0,345.5,338.5,12,8,False,-7.75,5.25,0.0,-196.75,141.75,-0.05183946488294311
2002-08-09,340.0,340.0,339.0,344.5,60,8,False,6.0,-0.25,0.0,-196.75,147.75,0.042328042328042326
2002-08-12,349.75,350.0,347.25,351.75,69,8,False,7.25,5.5,0.0,-196.75,155.0,0.04906937394247035
2002-08-13,350.0,354.0,350.0,356.75,41,8,False,5.0,3.75,0.0,-196.75,160.0,0.032258064516129004
2002-08-14,356.0,358.0,355.5,357.0,254,8,False,0.25,-0.75,0.0,-196.75,160.25,0.0015624999999999112
2002-08-15,356.5,359.0,356.5,350.5,180,8,False,-6.5,-1.25,0.0,-196.75,153.75,-0.040561622464898583
2002-08-16,350.0,352.0,349.5,347.75,126,8,False,-2.75,-2.5,0.0,-196.75,151.0,-0.01788617886178867
2002-08-19,347.0,350.0,345.0,349.25,14,8,False,1.5,-6.625,0.0,-196.75,152.5,0.009933774834437026
2002-08-20,349.0,349.5,347.5,338.75,105,8,False,-10.5,0.5,0.0,-196.75,142.0,-0.06885245901639347
2002-08-21,339.0,340.5,338.5,338.25,40,8,False,-0.5,-4.25,0.0,-196.75,141.5,-0.0035211267605633756
2002-08-22,338.25,338.75,336.0,340.25,60,8,False,2.0,3.5,0.0,-196.75,143.5,0.014134275618374659
2002-08-23,340.0,340.5,338.75,347.75,51,8,False,7.5,3.875,0.0,-196.75,151.0,0.05226480836236935
2002-08-26,349.0,351.0,349.0,353.5,9,8,False,5.75,3.25,0.0,-196.75,156.75,0.038079470198675525
2002-08-27,353.0,353.0,351.25,352.5,23,8,False,-1.0,4.25,0.0,-196.75,155.75,-0.006379585326953707
2002-08-28,352.0,355.0,352.0,355.25,23,8,False,2.75,-0.5,0.0,-196.75,158.5,0.017656500802568198
2002-08-29,355.0,357.75,355.0,355.25,16,8,False,0.0,4.875,0.0,-196.75,158.5,0.0
2002-08-30,355.25,355.25,354.75,362.25,12,8,False,7.0,2.375,0.0,-196.75,165.5,0.04416403785488954
2002-09-03,368.0,370.0,367.25,367.0,12,9,True,4.75,9.5,-4.75,-192.0,175.0,0.05740181268882183
2002-09-04,379.0,379.0,379.0,379.0,12,9,False,12.0,6.125,0.0,-192.0,187.0,0.0685714285714285
2002-09-05,386.5,386.5,386.5,386.5,12,9,False,7.5,14.5,0.0,-192.0,194.5,0.04010695187165769
2002-09-06,403.5,403.5,403.5,403.5,12,9,False,17.0,9.5,0.0,-192.0,211.5,0.08740359897172234
2002-09-09,415.0,415.0,415.0,415.0,12,9,False,11.5,8.0,0.0,-192.0,223.0,0.05437352245862881
2002-09-10,414.0,414.0,414.0,414.0,35,9,False,-1.0,6.75,0.0,-192.0,222.0,-0.004484304932735439
2002-09-11,414.0,414.0,409.75,416.0,35,9,False,2.0,-4.0,0.0,-192.0,224.0,0.009009009009008917
2002-09-12,409.0,409.0,409.0,409.0,35,9,False,-7.0,-6.0,0.0,-192.0,217.0,-0.03125
2002-09-13,395.0,395.0,395.0,395.0,381,9,False,-14.0,-0.625,0.0,-192.0,203.0,-0.06451612903225812
2002-09-16,391.0,396.0,391.0,400.75,403,9,False,5.75,-4.75,0.0,-192.0,208.75,0.028325123152709297
2002-09-17,401.5,402.0,400.5,405.25,184,9,False,4.5,6.75,0.0,-192.0,213.25,0.021556886227544814
2002-09-18,405.0,408.5,405.0,413.0,199,9,False,7.75,-6.5,0.0,-192.0,221.0,0.036342321219226204
2002-09-19,413.0,415.5,413.0,395.5,199,9,False,-17.5,6.125,0.0,-192.0,203.5,-0.079185520361991
2002-09-20,395.0,396.0,391.0,400.0,191,9,False,4.5,-14.0,0.0,-192.0,208.0,0.02211302211302213
2002-09-23,401.0,402.75,399.0,389.5,336,9,False,-10.5,9.25,0.0,-192.0,197.5,-0.050480769230769273
2002-09-24,390.0,390.0,386.5,403.5,464,9,False,14.0,-11.5,0.0,-192.0,211.5,0.07088607594936702
2002-09-25,407.0,408.0,405.75,391.0,334,9,False,-12.5,12.625,0.0,-192.0,199.0,-0.05910165484633567
2002-09-26,391.25,393.0,391.0,402.25,378,9,False,11.25,-6.125,0.0,-192.0,210.25,0.05653266331658302
2002-09-27,403.5,405.5,402.5,402.5,151,9,False,0.25,2.625,0.0,-192.0,210.5,0.0011890606420927874
2002-09-30,405.0,405.0,402.5,396.5,226,9,False,-6.0,0.125,0.0,-192.0,204.5,-0.028503562945368155
2002-10-01,397.25,399.0,395.0,396.5,117,10,False,0.0,-9.5,0.0,-192.0,204.5,0.0
2002-10-02,397.0,400.0,397.0,383.5,310,10,False,-13.0,-4.375,0.0,-192.0,191.5,-0.0635696821515892
2002-10-03,384.5,385.5,383.0,374.75,146,10,False,-8.75,-5.75,0.0,-192.0,182.75,-0.04569190600522188
2002-10-04,375.0,377.0,375.0,376.25,92,10,False,1.5,-1.625,0.0,-192.0,184.25,0.008207934336525335
2002-10-07,378.0,378.5,377.25,381.75,76,10,False,5.5,0.75,0.0,-192.0,189.75,0.029850746268656803
2002-10-08,382.5,382.75,381.5,381.75,160,10,False,0.0,-2.0,0.0,-192.0,189.75,0.0
2002-10-09,382.75,383.0,381.5,372.25,168,10,False,-9.5,-3.25,0.0,-192.0,180.25,-0.050065876152832645
2002-10-10,371.25,374.0,371.25,365.75,210,10,False,-6.5,-4.875,0.0,-192.0,173.75,-0.03606102635228847
2002-10-11,366.0,368.0,366.0,365.5,119,10,False,-0.25,-4.375,0.0,-192.0,173.5,-0.0014388489208633226
2002-10-14,367.0,371.5,364.0,363.25,80,10,False,-2.25,14.875,0.0,-192.0,171.25,-0.012968299711815567
2002-10-15,364.0,364.75,363.0,393.25,3169,10,False,30.0,6.375,0.0,-192.0,201.25,0.17518248175182483
2002-10-16,399.75,407.25,399.0,408.25,570,10,False,15.0,13.875,0.0,-192.0,216.25,0.07453416149068315
2002-10-17,409.25,409.75,405.0,406.0,117,10,False,-2.25,11.0,0.0,-192.0,214.0,-0.010404624277456698
2002-10-18,406.25,409.25,406.25,413.0,271,10,False,7.0,-3.25,0.0,-192.0,221.0,0.032710280373831724
2002-10-21,413.5,416.75,413.25,408.75,400,10,False,-4.25,1.0,0.0,-192.0,216.75,-0.019230769230769273
2002-10-22,406.5,409.0,406.0,403.75,73,10,False,-5.0,-5.75,0.0,-192.0,211.75,-0.023068050749711633
2002-10-23,403.75,404.5,403.75,396.5,289,10,False,-7.25,5.125,0.0,-192.0,204.5,-0.03423848878394331
2002-10-24,398.0,398.0,396.0,411.75,304,10,False,15.25,-4.25,0.0,-192.0,219.75,0.07457212713936423
2002-10-25,411.5,413.0,410.25,410.5,210,10,False,-1.25,10.125,0.0,-192.0,218.5,-0.005688282138794132
2002-10-28,409.5,413.0,409.5,415.5,1239,10,False,5.0,-0.5,0.0,-192.0,223.5,0.022883295194507935
2002-10-29,416.5,419.0,415.5,415.75,680,10,False,0.25,-2.0,0.0,-192.0,223.75,0.0011185682326622093
2002-10-30,417.5,418.75,415.25,406.75,148,10,False,-9.0,-2.125,0.0,-192.0,214.75,-0.040223463687150796
2002-10-31,407.0,408.0,405.5,402.25,142,10,False,-4.5,1.125,0.0,-192.0,210.25,-0.020954598370197863
2002-11-01,403.0,404.0,403.0,413.5,66,11,False,11.25,-4.875,0.0,-192.0,221.5,0.053507728894173656
2002-11-04,412.25,416.0,412.0,408.25,109,11,False,-5.25,1.875,0.0,-192.0,216.25,-0.023702031602708784
2002-11-05,409.0,410.25,408.0,400.75,203,11,False,-7.5,-5.75,0.0,-192.0,208.75,-0.034682080924855474
2002-11-06,400.5,400.75,398.0,394.5,256,11,False,-6.25,-2.5,0.0,-192.0,202.5,-0.029940119760479056
2002-11-07,395.0,395.75,394.0,397.0,96,11,False,2.5,-10.375,0.0,-192.0,205.0,0.012345679012345734
2002-11-08,396.5,398.0,395.5,382.5,426,11,False,-14.5,1.75,0.0,-192.0,190.5,-0.07073170731707312
2002-11-11,382.5,382.5,377.0,383.5,505,11,False,1.0,-11.75,0.0,-192.0,191.5,0.005249343832020914
2002-11-12,387.5,389.5,385.5,374.5,323,11,False,-9.0,3.75,0.0,-192.0,182.5,-0.04699738903394257
2002-11-13,376.0,376.0,371.0,381.0,85,11,False,6.5,0.625,0.0,-192.0,189.0,0.03561643835616435
2002-11-14,380.0,382.75,380.0,391.25,210,11,False,10.25,2.5,0.0,-192.0,199.25,0.05423280423280419
2002-11-15,391.5,393.25,391.0,389.75,131,11,False,-1.5,1.375,0.0,-192.0,197.75,-0.007528230865746499
2002-11-18,389.75,390.75,388.0,382.25,124,11,False,-7.5,0.625,0.0,-192.0,190.25,-0.03792667509481673
2002-11-19,381.25,382.75,380.75,385.0,127,11,False,2.75,-9.0,0.0,-192.0,193.0,0.014454664914586024
2002-11-20,387.0,387.0,383.25,374.5,43,11,False,-10.5,1.25,0.0,-192.0,182.5,-0.05440414507772018
2002-11-21,373.75,375.0,373.5,374.25,117,11,False,-0.25,-5.5,0.0,-192.0,182.25,-0.00136986301369868
2002-11-22,372.5,376.0,372.5,373.75,95,11,False,-0.5,4.125,0.0,-192.0,181.75,-0.002743484224965731
2002-11-25,372.5,374.75,372.5,382.25,88,11,False,8.5,-4.125,0.0,-192.0,190.25,0.04676753782668497
2002-11-26,381.5,381.5,379.0,374.5,58,11,False,-7.75,7.25,0.0,-192.0,182.5,-0.04073587385019706
2002-11-27,375.0,375.5,374.0,380.5,144,11,False,6.0,-7.625,0.0,-192.0,188.5,0.03287671232876721
2002-11-29,379.0,379.0,374.5,373.0,75,11,False,-7.5,2.5,0.0,-192.0,181.0,-0.03978779840848812
2002-12-02,376.0,381.0,375.0,372.0,15,12,True,-1.0,-11.5,10.5,-202.5,169.5,-0.06353591160220995
2002-12-03,372.75,373.0,371.75,356.5,1,12,False,-15.5,-0.375,0.0,-202.5,154.0,-0.09144542772861353
2002-12-04,357.5,357.5,356.25,356.75,4,12,False,0.25,-12.625,0.0,-202.5,154.25,0.0016233766233766378
2002-12-05,354.0,358.5,354.0,347.0,4,12,False,-9.75,1.25,0.0,-202.5,144.5,-0.06320907617504057
2002-12-06,349.25,349.25,349.25,349.25,4,12,False,2.25,-5.5,0.0,-202.5,146.75,0.015570934256055269
2002-12-09,348.0,348.0,348.0,348.0,4,12,False,-1.25,-3.125,0.0,-202.5,145.5,-0.008517887563884163
2002-12-10,339.5,339.5,339.5,339.5,51,12,False,-8.5,3.375,0.0,-202.5,137.0,-0.05841924398625431
2002-12-11,340.0,340.0,340.0,347.5,51,12,False,8.0,-5.25,0.0,-202.5,145.0,0.058394160583941535
2002-12-12,345.5,345.5,345.5,345.5,51,12,False,-2.0,3.5,0.0,-202.5,143.0,-0.01379310344827589
2002-12-13,344.5,344.5,344.5,344.5,88,12,False,-1.0,4.25,0.0,-202.5,142.0,-0.006993006993006978
2002-12-16,352.25,352.5,351.0,355.0,87,12,False,10.5,2.75,0.0,-202.5,152.5,0.073943661971831
2002-12-17,355.0,356.5,354.5,361.5,142,12,False,6.5,2.5,0.0,-202.5,159.0,0.042622950819672045
2002-12-18,361.0,364.0,361.0,356.0,101,12,False,-5.5,0.375,0.0,-202.5,153.5,-0.03459119496855345
2002-12-19,355.75,357.0,354.5,350.25,174,12,False,-5.75,-6.5,0.0,-202.5,147.75,-0.037459283387622166
2002-12-20,350.25,350.25,347.0,342.75,86,12,False,-7.5,-1.375,0.0,-202.5,140.25,-0.050761421319796995
2002-12-23,342.75,344.5,342.5,345.75,86,12,False,3.0,-3.75,0.0,-202.5,143.25,0.021390374331550888
2002-12-24,345.75,345.75,345.75,345.75,86,12,False,0.0,-2.25,0.0,-202.5,143.25,0.0
2002-12-26,338.25,338.25,338.25,338.25,40,12,False,-7.5,-2.625,0.0,-202.5,135.75,-0.05235602094240843
2002-12-27,338.0,340.0,337.75,333.0,104,12,False,-5.25,-5.75,0.0,-202.5,130.5,-0.03867403314917128
2002-12-30,334.0,334.75,333.75,329.0,108,12,False,-4.0,-4.625,0.0,-202.5,126.5,-0.03065134099616862
2002-12-31,329.0,330.0,328.75,325.0,117,12,False,-4.0,-0.125,0.0,-202.5,122.5,-0.031620553359683834
2003-01-02,325.75,326.0,325.0,328.75,229,1,False,3.75,-1.125,0.0,-202.5,126.25,0.030612244897959107
2003-01-03,329.0,330.75,328.75,330.5,95,1,False,1.75,2.375,0.0,-202.5,128.0,0.013861386138613874
2003-01-06,329.75,330.0,328.75,331.5,78,1,False,1.0,-1.0,0.0,-202.5,129.0,0.0078125
2003-01-07,331.25,333.0,331.0,327.75,951,1,False,-3.75,5.125,0.0,-202.5,125.25,-0.029069767441860517
2003-01-08,331.0,335.0,331.0,337.0,117,1,False,9.25,-5.875,0.0,-202.5,134.5,0.07385229540918159
2003-01-09,336.5,338.75,335.5,329.0,275,1,False,-8.0,-0.25,0.0,-202.5,126.5,-0.059479553903345694
2003-01-10,329.75,330.5,327.0,319.25,161,1,False,-9.75,-8.0,0.0,-202.5,116.75,-0.07707509881422925
2003-01-13,320.0,321.0,316.0,311.25,308,1,False,-8.0,-3.375,0.0,-202.5,108.75,-0.06852248394004279
2003-01-14,311.25,313.0,309.0,314.25,181,1,False,3.0,-4.75,0.0,-202.5,111.75,0.02758620689655178
2003-01-15,314.75,314.75,312.75,312.75,149,1,False,-1.5,0.625,0.0,-202.5,110.25,-0.01342281879194629
2003-01-16,312.0,314.0,311.5,311.0,38,1,False,-1.75,2.125,0.0,-202.5,108.5,-0.015873015873015928
2003-01-17,310.75,311.0,310.75,316.75,67,1,False,5.75,0.375,0.0,-202.5,114.25,0.05299539170506917
2003-01-21,317.25,318.0,315.5,319.25,30,1,False,2.5,0.5,0.0,-202.5,116.75,0.02188183807439814
2003-01-22,319.0,320.0,319.0,314.5,230,1,False,-4.75,-0.125,0.0,-202.5,112.0,-0.0406852248394004
2003-01-23,314.0,315.0,313.0,311.75,32,1,False,-2.75,1.0,0.0,-202.5,109.25,-0.024553571428571397
2003-01-24,311.75,312.25,311.0,318.5,255,1,False,6.75,-5.375,0.0,-202.5,116.0,0.06178489702517154
2003-01-27,319.0,322.75,319.0,310.5,65,1,False,-8.0,6.625,0.0,-202.5,108.0,-0.06896551724137934
2003-01-28,310.5,312.0,310.25,317.0,32,1,False,6.5,-6.0,0.0,-202.5,114.5,0.06018518518518512
2003-01-29,317.5,318.5,317.5,313.0,80,1,False,-4.0,4.25,0.0,-202.5,110.5,-0.03493449781659386
2003-01-30,314.0,315.0,313.0,315.0,38,1,False,2.0,0.75,0.0,-202.5,112.5,0.018099547511312153
2003-01-31,315.0,315.5,315.0,320.5,215,1,False,5.5,2.5,0.0,-202.5,118.0,0.04888888888888898
2003-02-03,320.5,322.0,319.5,323.5,46,2,False,3.0,3.0,0.0,-202.5,121.0,0.025423728813559254
2003-02-04,324.0,324.5,323.0,324.0,85,2,False,0.5,1.5,0.0,-202.5,121.5,0.004132231404958775
2003-02-05,323.5,324.0,320.75,324.0,95,2,False,0.0,1.75,0.0,-202.5,121.5,0.0
2003-02-06,324.0,324.5,322.5,327.0,199,2,False,3.0,2.0,0.0,-202.5,124.5,0.024691358024691468
2003-02-07,328.0,331.0,327.75,331.0,202,2,False,4.0,3.375,0.0,-202.5,128.5,0.032128514056224855
2003-02-10,332.25,334.0,330.25,334.75,125,2,False,3.75,-0.375,0.0,-202.5,132.25,0.029182879377431803
2003-02-11,333.5,335.0,333.5,330.0,95,2,False,-4.75,-0.375,0.0,-202.5,127.5,-0.03591682419659736
2003-02-12,329.0,330.5,328.5,325.5,148,2,False,-4.5,-1.875,0.0,-202.5,123.0,-0.03529411764705881
2003-02-13,325.75,326.0,324.0,326.5,148,2,False,1.0,1.625,0.0,-202.5,124.0,0.008130081300812941
2003-02-14,326.5,328.75,326.5,334.25,89,2,False,7.75,1.125,0.0,-202.5,131.75,0.0625
2003-02-18,334.75,335.0,332.75,335.5,33,2,False,1.25,0.0,0.0,-202.5,133.0,0.009487666034155628
2003-02-19,335.0,336.0,334.0,327.75,137,2,False,-7.75,2.75,0.0,-202.5,125.25,-0.05827067669172936
2003-02-20,326.0,326.5,325.5,332.0,78,2,False,4.25,-5.625,0.0,-202.5,129.5,0.03393213572854292
2003-02-21,332.0,334.0,332.0,328.5,248,2,False,-3.5,-1.375,0.0,-202.5,126.0,-0.027027027027026973
2003-02-24,327.0,327.5,325.5,321.5,36,2,False,-7.0,-2.25,0.0,-202.5,119.0,-0.05555555555555558
2003-02-25,322.0,323.0,321.75,320.5,26,2,False,-1.0,-3.875,0.0,-202.5,118.0,-0.008403361344537785
2003-02-26,320.5,321.25,320.0,319.75,122,2,False,-0.75,-5.875,0.0,-202.5,117.25,-0.006355932203389814
2003-02-27,319.75,319.75,319.0,309.0,284,2,False,-10.75,1.375,0.0,-202.5,106.5,-0.09168443496801704
2003-02-28,308.5,312.0,307.5,312.5,27,2,False,3.5,-2.5,0.0,-202.5,110.0,0.032863849765258246
2003-03-03,313.75,316.5,313.75,318.25,12,3,True,5.75,5.875,-0.125,-202.375,115.875,0.05340909090909096
2003-03-04,319.5,321.0,319.5,326.5,21,3,False,8.25,0.375,0.0,-202.375,124.125,0.07119741100323629
2003-03-05,339.5,339.5,335.75,321.5,1,3,False,-5.0,-0.125,0.0,-202.375,119.125,-0.040281973816717054
2003-03-07,313.0,313.0,313.0,313.0,5,3,False,-8.5,-3.125,0.0,-202.375,110.625,-0.0713536201469045
2003-03-10,314.0,314.0,314.0,311.75,5,3,False,-1.25,-4.25,0.0,-202.375,109.375,-0.011299435028248594
2003-03-11,314.0,314.0,314.0,311.75,5,3,False,0.0,-3.25,0.0,-202.375,109.375,0.0
2003-03-12,306.5,306.5,306.5,306.5,5,3,False,-5.25,2.0,0.0,-202.375,104.125,-0.04800000000000004
2003-03-13,310.5,310.5,310.5,310.5,5,3,False,4.0,-2.375,0.0,-202.375,108.125,0.038415366146458574
2003-03-14,311.0,311.0,311.0,311.0,104,3,False,0.5,-7.125,0.0,-202.375,108.625,0.0046242774566473965
2003-03-17,298.5,300.0,297.5,292.75,105,3,False,-18.25,1.875,0.0,-202.375,90.375,-0.16800920598388958
2003-03-18,292.5,292.75,291.5,296.0,57,3,False,3.25,-9.75,0.0,-202.375,93.625,0.03596127247579539
2003-03-19,296.0,296.0,294.5,294.75,612,3,False,-1.25,1.625,0.0,-202.375,92.375,-0.013351134846461998
2003-03-20,296.0,299.0,296.0,294.75,165,3,False,0.0,-5.0,0.0,-202.375,92.375,0.0
2003-03-21,296.0,297.5,293.75,286.0,158,3,False,-8.75,-2.5,0.0,-202.375,83.625,-0.09472259810554806
2003-03-24,285.5,287.75,285.25,281.0,80,3,False,-5.0,-4.375,0.0,-202.375,78.625,-0.05979073243647237
2003-03-25,282.0,282.25,281.5,281.0,41,3,False,0.0,-0.875,0.0,-202.375,78.625,0.0
2003-03-26,283.0,283.0,282.25,284.25,32,3,False,3.25,-0.375,0.0,-202.375,81.875,0.04133545310015907
2003-03-27,284.0,285.75,284.0,283.5,26,3,False,-0.75,-0.5,0.0,-202.375,81.125,-0.009160305343511421
2003-03-28,283.5,284.5,282.5,279.25,125,3,False,-4.25,3.375,0.0,-202.375,76.875,-0.05238828967642528
2003-03-31,279.25,279.5,278.0,286.75,17,3,False,7.5,-4.0,0.0,-202.375,84.375,0.09756097560975618
2003-04-01,286.75,288.0,285.0,283.0,69,4,False,-3.75,6.0,0.0,-202.375,80.625,-0.0444444444444444
2003-04-02,284.0,286.5,284.0,287.5,36,4,False,4.5,-4.875,0.0,-202.375,85.125,0.05581395348837215
2003-04-03,287.0,287.75,287.0,281.5,60,4,False,-6.0,4.0,0.0,-202.375,79.125,-0.07048458149779735
2003-04-04,282.5,283.5,282.5,285.0,125,4,False,3.5,-0.375,0.0,-202.375,82.625,0.04423380726698256
2003-04-07,286.5,288.0,286.0,290.25,69,4,False,5.25,-1.625,0.0,-202.375,87.875,0.0635400907715582
2003-04-08,290.0,290.0,288.5,283.5,33,4,False,-6.75,4.375,0.0,-202.375,81.125,-0.07681365576102417
2003-04-09,284.25,284.75,284.0,287.0,193,4,False,3.5,-4.125,0.0,-202.375,84.625,0.04314329738058542
2003-04-10,286.5,288.75,285.0,285.5,23,4,False,-1.5,1.125,0.0,-202.375,83.125,-0.017725258493353047
2003-04-11,286.25,287.0,284.25,284.25,82,4,False,-1.25,-2.5,0.0,-202.375,81.875,-0.015037593984962405
2003-04-14,284.0,284.5,283.5,280.75,47,4,False,-3.5,2.0,0.0,-202.375,78.375,-0.042748091603053484
2003-04-15,281.0,283.0,281.0,286.0,41,4,False,5.25,-3.875,0.0,-202.375,83.625,0.06698564593301426
2003-04-16,286.0,286.0,284.0,281.75,23,4,False,-4.25,4.75,0.0,-202.375,79.375,-0.05082212257100149
2003-04-17,281.75,283.0,280.25,286.0,18,4,False,4.25,0.0,0.0,-202.375,83.625,0.053543307086614256
2003-04-21,285.5,286.0,285.0,290.25,58,4,False,4.25,1.125,0.0,-202.375,87.875,0.05082212257100149
2003-04-22,290.0,290.75,289.75,288.25,72,4,False,-2.0,5.125,0.0,-202.375,85.875,-0.022759601706970112
2003-04-23,288.0,288.25,287.0,294.25,94,4,False,6.0,-1.75,0.0,-202.375,91.875,0.06986899563318771
2003-04-24,295.0,298.0,295.0,292.75,8,4,False,-1.5,2.875,0.0,-202.375,90.375,-0.01632653061224487
2003-04-25,292.5,292.5,292.25,292.5,9,4,False,-0.25,-4.375,0.0,-202.375,90.125,-0.0027662517289073207
2003-04-28,292.5,292.5,290.5,285.25,40,4,False,-7.25,-2.75,0.0,-202.375,82.875,-0.08044382801664351
2003-04-29,286.0,286.0,284.0,280.0,39,4,False,-5.25,-3.875,0.0,-202.375,77.625,-0.06334841628959276
2003-04-30,282.0,282.0,279.0,279.5,70,4,False,-0.5,-4.625,0.0,-202.375,77.125,-0.006441223832528209
2003-05-01,278.0,278.0,276.75,275.5,70,5,True,-4.0,0.75,-4.75,-197.625,77.875,0.009724473257698651
2003-05-02,277.5,277.5,277.5,277.5,2,5,False,2.0,0.375,0.0,-197.625,79.875,0.025682182985553803
2003-05-05,279.25,279.25,279.25,282.25,2,5,False,4.75,3.375,0.0,-197.625,84.625,0.05946791862284817
2003-05-06,287.0,287.0,287.0,287.0,2,5,False,4.75,6.875,0.0,-197.625,89.375,0.056129985228951185
2003-05-07,296.0,296.0,296.0,296.0,2,5,False,9.0,1.125,0.0,-197.625,98.375,0.10069930069930066
2003-05-08,297.0,297.0,297.0,293.5,2,5,False,-2.5,16.25,0.0,-197.625,95.875,-0.02541296060991105
2003-05-09,317.0,317.0,317.0,317.0,2,5,False,23.5,3.25,0.0,-197.625,119.375,0.2451108213820079
2003-05-12,326.0,326.0,326.0,326.0,3,5,False,9.0,11.75,0.0,-197.625,128.375,0.07539267015706796
2003-05-13,325.0,329.0,324.0,326.0,3,5,False,0.0,4.5,0.0,-197.625,128.375,0.0
2003-05-14,325.0,329.0,324.0,326.0,288,5,False,0.0,6.375,0.0,-197.625,128.375,0.0
2003-05-15,328.5,329.0,327.5,338.75,302,5,False,12.75,-0.125,0.0,-197.625,141.125,0.09931840311587137
2003-05-16,338.0,340.25,338.0,338.5,392,5,False,-0.25,1.375,0.0,-197.625,140.875,-0.001771479185119551
2003-05-19,337.0,337.0,334.25,328.5,242,5,False,-10.0,3.125,0.0,-197.625,130.875,-0.07098491570541265
2003-05-20,327.0,328.0,326.5,335.0,154,5,False,6.5,-6.375,0.0,-197.625,137.375,0.049665711556829084
2003-05-21,333.25,337.0,333.25,332.25,96,5,False,-2.75,-0.125,0.0,-197.625,134.625,-0.020018198362147355
2003-05-22,332.0,332.5,331.0,325.5,317,5,False,-6.75,-2.75,0.0,-197.625,127.875,-0.05013927576601673
2003-05-23,325.5,325.5,323.0,322.75,281,5,False,-2.75,-1.0,0.0,-197.625,125.125,-0.021505376344086002
2003-05-27,321.0,322.0,320.5,327.5,131,5,False,4.75,-5.625,0.0,-197.625,129.875,0.03796203796203801
2003-05-28,327.0,329.5,325.25,319.0,170,5,False,-8.5,4.875,0.0,-197.625,121.375,-0.0654475457170356
2003-05-29,318.5,319.0,318.0,324.0,142,5,False,5.0,-4.125,0.0,-197.625,126.375,0.0411946446961895
2003-05-30,324.0,325.25,324.0,324.25,517,5,False,0.25,-0.25,0.0,-197.625,126.625,0.001978239366963397
2003-06-02,325.0,326.25,323.0,318.75,354,6,False,-5.5,0.5,0.0,-197.625,121.125,-0.04343534057255671
2003-06-03,318.75,320.0,318.25,319.5,171,6,False,0.75,-5.75,0.0,-197.625,121.875,0.006191950464396356
2003-06-04,319.5,321.0,319.0,313.5,281,6,False,-6.0,3.875,0.0,-197.625,115.875,-0.04923076923076919
2003-06-05,314.0,314.25,312.5,320.5,147,6,False,7.0,-3.0,0.0,-197.625,122.875,0.06040992448759441
2003-06-06,320.0,321.25,320.0,320.5,147,6,False,0.0,6.875,0.0,-197.625,122.875,0.0
2003-06-09,320.5,320.5,319.5,327.25,201,6,False,6.75,3.25,0.0,-197.625,129.625,0.05493387589013232
2003-06-10,327.0,328.0,326.5,333.75,336,6,False,6.5,1.75,0.0,-197.625,136.125,0.05014464802314378
2003-06-11,332.75,334.0,332.25,330.5,207,6,False,-3.25,6.5,0.0,-197.625,132.875,-0.023875114784205675
2003-06-12,330.25,331.0,329.25,337.0,130,6,False,6.5,-11.25,0.0,-197.625,139.375,0.04891815616180617
2003-06-13,336.0,337.5,336.0,317.75,493,6,False,-19.25,2.375,0.0,-197.625,120.125,-0.1381165919282511
2003-06-16,318.0,320.5,317.5,316.0,125,6,False,-1.75,-9.25,0.0,-197.625,118.375,-0.014568158168574374
2003-06-17,316.0,317.0,314.75,316.75,90,6,False,0.75,-1.0,0.0,-197.625,119.125,0.006335797254487963
2003-06-18,317.25,318.75,317.25,316.5,99,6,False,-0.25,0.0,0.0,-197.625,118.875,-0.0020986358866736943
2003-06-19,316.5,317.5,315.0,315.75,313,6,False,-0.75,-2.125,0.0,-197.625,118.125,-0.006309148264984188
2003-06-20,314.0,314.0,312.25,311.75,313,6,False,-4.0,-2.75,0.0,-197.625,114.125,-0.033862433862433816
2003-06-23,310.5,311.75,310.5,307.0,264,6,False,-4.75,-4.375,0.0,-197.625,109.375,-0.041621029572836754
2003-06-24,306.0,306.0,304.5,302.25,49,6,False,-4.75,-3.0,0.0,-197.625,104.625,-0.04342857142857148
2003-06-25,300.5,303.25,300.5,301.0,76,6,False,-1.25,-3.625,0.0,-197.625,103.375,-0.01194743130227005
2003-06-26,301.0,301.0,299.75,298.5,26,6,False,-2.5,-2.25,0.0,-197.625,100.875,-0.024183796856106388
2003-06-27,299.75,300.0,299.0,295.25,26,6,False,-3.25,2.0,0.0,-197.625,97.625,-0.03221809169764556
2003-06-30,296.0,299.0,296.0,301.75,1,6,False,6.5,0.625,0.0,-197.625,104.125,0.06658130601792567
2003-07-01,303.25,303.25,303.25,306.25,10,7,True,4.5,3.375,1.125,-198.75,107.5,0.032412965186074505
2003-07-02,304.0,304.0,303.25,306.5,10,7,False,0.25,0.625,0.0,-198.75,107.75,0.0023255813953488857
2003-07-03,303.25,303.25,303.25,303.25,20,7,False,-3.25,-2.375,0.0,-198.75,104.5,-0.030162412993039456
2003-07-07,301.75,303.0,301.75,298.25,4,7,False,-5.0,-0.75,0.0,-198.75,99.5,-0.04784688995215314
2003-07-08,299.0,299.0,297.5,300.0,50,7,False,1.75,2.5,0.0,-198.75,101.25,0.017587939698492372
2003-07-09,310.0,310.0,310.0,310.0,50,7,False,10.0,0.75,0.0,-198.75,111.25,0.09876543209876543
2003-07-10,309.75,309.75,309.75,309.75,50,7,False,-0.25,7.375,0.0,-198.75,111.0,-0.0022471910112359383
2003-07-11,314.5,314.5,314.5,314.5,50,7,False,4.75,0.375,0.0,-198.75,115.75,0.04279279279279269
2003-07-14,315.5,315.5,315.5,315.5,100,7,False,1.0,2.25,0.0,-198.75,116.75,0.008639308855291628
2003-07-15,318.75,319.0,317.0,315.25,121,7,False,-0.25,3.25,0.0,-198.75,116.5,-0.0021413276231263545
2003-07-16,315.25,315.5,314.0,320.75,267,7,False,5.5,3.25,0.0,-198.75,122.0,0.047210300429184615
2003-07-17,320.75,323.0,320.75,327.5,200,7,False,6.75,6.75,0.0,-198.75,128.75,0.055327868852458995
2003-07-18,326.0,328.75,325.0,335.5,228,7,False,8.0,2.875,0.0,-198.75,136.75,0.062135922330097015
2003-07-21,335.0,335.5,334.75,334.5,100,7,False,-1.0,3.375,0.0,-198.75,135.75,-0.007312614259597838
2003-07-22,334.5,334.5,333.5,333.25,56,7,False,-1.25,6.0,0.0,-198.75,134.5,-0.009208103130755041
2003-07-23,333.0,334.0,332.75,346.25,274,7,False,13.0,-2.0,0.0,-198.75,147.5,0.09665427509293689
2003-07-24,345.5,346.5,344.75,343.5,174,7,False,-2.75,6.0,0.0,-198.75,144.75,-0.01864406779661021
2003-07-25,343.0,343.0,341.0,342.5,181,7,False,-1.0,2.125,0.0,-198.75,143.75,-0.006908462867012077
2003-07-28,341.5,345.5,341.5,349.5,235,7,False,7.0,-1.625,0.0,-198.75,150.75,0.04869565217391303
2003-07-29,350.0,352.25,350.0,347.25,154,7,False,-2.25,-0.5,0.0,-198.75,148.5,-0.014925373134328401
2003-07-30,347.25,347.25,343.5,339.25,227,7,False,-8.0,3.5,0.0,-198.75,140.5,-0.05387205387205385
2003-07-31,339.0,340.5,336.25,348.5,227,7,False,9.25,-2.75,0.0,-198.75,149.75,0.06583629893238441
2003-08-01,348.5,350.5,348.5,351.0,96,8,False,2.5,6.125,0.0,-198.75,152.25,0.016694490818029983
2003-08-04,352.0,352.0,349.5,354.0,66,8,False,3.0,-0.875,0.0,-198.75,155.25,0.019704433497536922
2003-08-05,354.25,357.0,354.25,349.75,185,8,False,-4.25,5.875,0.0,-198.75,151.0,-0.027375201288244777
2003-08-06,352.0,353.0,351.0,358.5,74,8,False,8.75,-2.75,0.0,-198.75,159.75,0.057947019867549576
2003-08-07,358.5,359.75,358.5,357.25,133,8,False,-1.25,4.5,0.0,-198.75,158.5,-0.007824726134585291
2003-08-08,356.25,357.75,356.25,357.5,54,8,False,0.25,-0.125,0.0,-198.75,158.75,0.001577287066246047
2003-08-11,357.0,357.5,355.25,358.5,54,8,False,1.0,1.75,0.0,-198.75,159.75,0.006299212598425141
2003-08-12,359.0,361.5,359.0,361.75,101,8,False,3.25,2.125,0.0,-198.75,163.0,0.020344287949921824
2003-08-13,360.25,361.5,360.25,365.0,474,8,False,3.25,3.25,0.0,-198.75,166.25,0.019938650306748462
2003-08-14,367.0,371.0,367.0,368.25,56,8,False,3.25,6.75,0.0,-198.75,169.5,0.019548872180451093
2003-08-15,369.75,370.0,368.75,378.5,476,8,False,10.25,4.125,0.0,-198.75,179.75,0.06047197640117985
2003-08-18,381.5,385.75,381.5,383.5,476,8,False,5.0,-2.0,0.0,-198.75,184.75,0.02781641168289295
2003-08-19,382.0,382.0,379.25,369.25,112,8,False,-14.25,0.875,0.0,-198.75,170.5,-0.07713125845737479
2003-08-20,369.0,370.25,368.0,366.0,55,8,False,-3.25,-8.625,0.0,-198.75,167.25,-0.019061583577712593
2003-08-21,366.75,368.0,365.0,363.0,47,8,False,-3.0,-1.75,0.0,-198.75,164.25,-0.017937219730941756
2003-08-22,363.0,364.0,362.75,362.75,59,8,False,-0.25,-3.75,0.0,-198.75,164.0,-0.0015220700152207556
2003-08-25,362.5,363.0,361.0,358.25,84,8,False,-4.5,1.25,0.0,-198.75,159.5,-0.027439024390243927
2003-08-26,362.25,366.5,362.25,361.0,9,8,False,2.75,-2.375,0.0,-198.75,162.25,0.01724137931034475
2003-08-27,361.0,362.0,360.0,360.75,9,8,False,-0.25,0.375,0.0,-198.75,162.0,-0.0015408320493066618
2003-08-28,360.75,362.0,360.75,358.75,14,8,False,-2.0,4.25,0.0,-198.75,160.0,-0.012345679012345734
2003-08-29,359.5,359.5,358.75,367.5,4,8,False,8.75,-3.125,0.0,-198.75,168.75,0.0546875
2003-09-02,365.25,365.5,365.25,363.25,2,9,True,-4.25,2.0,-6.25,-192.5,170.75,0.01185185185185178
2003-09-03,358.5,358.5,358.5,358.5,2,9,False,-4.75,-4.375,0.0,-192.5,166.0,-0.027818448023426035
2003-09-04,354.0,354.0,354.0,354.0,2,9,False,-4.5,-6.875,0.0,-192.5,161.5,-0.027108433734939763
2003-09-05,345.0,345.0,345.0,345.0,2,9,False,-9.0,-0.5,0.0,-192.5,152.5,-0.05572755417956654
2003-09-08,348.5,348.5,348.5,348.5,2,9,False,3.5,-5.25,0.0,-192.5,156.0,0.022950819672131084
2003-09-09,347.0,347.0,347.0,347.0,2,9,False,-1.5,0.75,0.0,-192.5,154.5,-0.009615384615384581
2003-09-10,345.0,345.0,345.0,345.0,2,9,False,-2.0,-3.25,0.0,-192.5,152.5,-0.012944983818770184
2003-09-11,340.0,340.0,340.0,340.0,2,9,False,-5.0,-1.75,0.0,-192.5,147.5,-0.032786885245901676
2003-09-12,338.5,338.5,338.5,338.5,143,9,False,-1.5,6.375,0.0,-192.5,146.0,-0.01016949152542368
2003-09-15,353.25,353.25,352.0,356.25,213,9,False,17.75,-2.125,0.0,-192.5,163.75,0.12157534246575352
2003-09-16,356.25,358.5,356.25,353.5,96,9,False,-2.75,6.875,0.0,-192.5,161.0,-0.016793893129770976
2003-09-17,353.25,353.25,352.0,349.5,400,9,False,-4.0,-5.75,0.0,-192.5,157.0,-0.024844720496894457
2003-09-18,348.0,348.5,346.5,340.75,378,9,False,-8.75,1.25,0.0,-192.5,148.25,-0.055732484076433164
2003-09-19,341.0,343.5,341.0,347.25,378,9,False,6.5,-5.25,0.0,-192.5,154.75,0.04384485666104543
2003-09-22,346.5,350.0,346.5,345.5,176,9,False,-1.75,2.875,0.0,-192.5,153.0,-0.011308562197092087
2003-09-23,345.75,346.75,345.5,344.75,170,9,False,-0.75,3.25,0.0,-192.5,152.25,-0.004901960784313708
2003-09-24,345.25,346.5,345.0,353.0,379,9,False,8.25,3.375,0.0,-192.5,160.5,0.054187192118226646
2003-09-25,353.0,356.0,352.5,360.5,349,9,False,7.5,3.625,0.0,-192.5,168.0,0.04672897196261672
2003-09-26,360.5,362.0,360.0,359.5,299,9,False,-1.0,1.625,0.0,-192.5,167.0,-0.005952380952380931
2003-09-29,358.75,359.0,357.25,355.25,139,9,False,-4.25,2.0,0.0,-192.5,162.75,-0.025449101796407136
2003-09-30,355.0,356.0,354.75,360.25,79,9,False,5.0,-0.125,0.0,-192.5,167.75,0.030721966205837115
2003-10-01,360.25,360.5,359.5,364.25,407,10,False,4.0,-0.125,0.0,-192.5,171.75,0.023845007451564815
2003-10-02,364.25,367.25,364.25,359.0,231,10,False,-5.25,-1.375,0.0,-192.5,166.5,-0.03056768558951961
2003-10-03,359.25,359.5,357.5,352.25,661,10,False,-6.75,-8.25,0.0,-192.5,159.75,-0.04054054054054057
2003-10-06,349.0,349.5,347.75,341.0,497,10,False,-11.25,-7.625,0.0,-192.5,148.5,-0.07042253521126762
2003-10-07,342.5,342.5,339.25,332.5,316,10,False,-8.5,-8.0,0.0,-192.5,140.0,-0.0572390572390572
2003-10-08,333.0,334.0,332.0,327.75,407,10,False,-4.75,-4.5,0.0,-192.5,135.25,-0.03392857142857142
2003-10-09,328.0,328.75,327.5,327.25,179,10,False,-0.5,-2.625,0.0,-192.5,134.75,-0.003696857670979714
2003-10-10,327.5,328.25,327.0,326.75,207,10,False,-0.5,3.375,0.0,-192.5,134.25,-0.0037105751391465214
2003-10-13,328.0,328.5,325.75,334.0,486,10,False,7.25,-4.5,0.0,-192.5,141.5,0.05400372439478596
2003-10-14,334.0,336.5,334.0,325.5,180,10,False,-8.5,8.125,0.0,-192.5,133.0,-0.060070671378091856
2003-10-15,326.0,326.25,323.5,334.5,288,10,False,9.0,-3.375,0.0,-192.5,142.0,0.06766917293233088
2003-10-16,335.0,335.75,334.0,336.25,278,10,False,1.75,0.5,0.0,-192.5,143.75,0.012323943661971759
2003-10-17,337.25,337.25,335.5,328.25,154,10,False,-8.0,3.625,0.0,-192.5,135.75,-0.055652173913043446
2003-10-20,328.25,330.5,328.25,333.75,51,10,False,5.5,-0.625,0.0,-192.5,141.25,0.04051565377532218
2003-10-21,333.75,333.75,332.75,340.5,215,10,False,6.75,9.75,0.0,-192.5,148.0,0.04778761061946901
2003-10-22,341.0,342.5,341.0,354.5,1550,10,False,14.0,10.875,0.0,-192.5,162.0,0.09459459459459452
2003-10-23,354.5,363.5,354.5,369.5,477,10,False,15.0,6.875,0.0,-192.5,177.0,0.09259259259259256
2003-10-24,369.0,370.5,367.5,369.25,867,10,False,-0.25,6.5,0.0,-192.5,176.75,-0.0014124293785310327
2003-10-27,369.5,382.0,369.5,367.25,636,10,False,-2.0,4.875,0.0,-192.5,174.75,-0.011315417256011262
2003-10-28,366.5,369.0,365.25,377.25,1144,10,False,10.0,-1.75,0.0,-192.5,184.75,0.05722460658082973
2003-10-29,379.0,383.25,379.0,375.75,307,10,False,-1.5,1.625,0.0,-192.5,183.25,-0.008119079837618393
2003-10-30,375.5,376.5,372.5,369.0,393,10,False,-6.75,-0.5,0.0,-192.5,176.5,-0.03683492496589358
2003-10-31,368.75,369.0,365.0,369.5,189,10,False,0.5,-5.625,0.0,-192.5,177.0,0.0028328611898016387
2003-11-03,370.5,374.0,367.0,365.0,380,11,False,-4.5,-0.5,0.0,-192.5,172.5,-0.025423728813559365
2003-11-04,367.0,369.5,367.0,363.5,480,11,False,-1.5,5.0,0.0,-192.5,171.0,-0.008695652173912993
2003-11-05,364.75,365.5,361.5,378.0,605,11,False,14.5,-2.0,0.0,-192.5,185.5,0.08479532163742687
2003-11-06,380.0,382.5,379.5,375.5,323,11,False,-2.5,8.5,0.0,-192.5,183.0,-0.013477088948787075
2003-11-07,375.25,376.5,373.0,378.0,241,11,False,2.5,1.25,0.0,-192.5,185.5,0.013661202185792254
2003-11-10,378.0,382.75,378.0,383.0,329,11,False,5.0,4.25,0.0,-192.5,190.5,0.02695417789757415
2003-11-11,385.0,388.0,385.0,389.0,595,11,False,6.0,9.75,0.0,-192.5,196.5,0.03149606299212593
2003-11-12,389.0,389.0,386.0,403.5,379,11,False,14.5,4.125,0.0,-192.5,211.0,0.07379134860050884
2003-11-13,405.0,406.0,402.5,405.75,190,11,False,2.25,7.125,0.0,-192.5,213.25,0.010663507109004655
2003-11-14,406.5,407.25,404.25,405.5,194,11,False,-0.25,-1.75,0.0,-192.5,213.0,-0.0011723329425556983
2003-11-17,405.5,406.75,402.25,399.75,158,11,False,-5.75,-5.875,0.0,-192.5,207.25,-0.02699530516431925
2003-11-18,398.75,399.75,397.5,388.25,259,11,False,-11.5,-15.25,0.0,-192.5,195.75,-0.055488540410132736
2003-11-19,388.25,388.75,385.25,363.5,571,11,False,-24.75,-0.75,0.0,-192.5,171.0,-0.12643678160919536
2003-11-20,364.0,367.75,364.0,373.5,316,11,False,10.0,-7.5,0.0,-192.5,181.0,0.0584795321637428
2003-11-21,373.75,375.5,373.75,383.25,24433,11,False,9.75,8.5,0.0,-192.5,190.75,0.05386740331491713
2003-11-24,398.0,402.0,387.0,390.25,23876,11,False,7.0,9.125,0.0,-192.5,197.75,0.03669724770642202
2003-11-25,386.5,400.0,384.5,398.75,16282,11,False,8.5,3.375,0.0,-192.5,206.25,0.04298356510745882
2003-11-26,400.0,402.0,394.5,398.5,14006,11,False,-0.25,8.375,0.0,-192.5,206.0,-0.00121212121212122
2003-11-28,400.0,408.0,399.0,406.75,15102,11,False,8.25,0.875,0.0,-192.5,214.25,0.040048543689320315
2003-12-01,409.5,411.0,405.5,408.75,17639,12,True,2.0,3.0,-1.0,-191.5,217.25,0.014002333722286986
2003-12-02,406.5,408.0,399.0,406.5,23097,12,False,-2.25,5.125,0.0,-191.5,215.0,-0.010356731875719172
2003-12-03,408.5,415.5,408.5,414.75,24893,12,False,8.25,-3.0,0.0,-191.5,223.25,0.03837209302325584
2003-12-04,415.0,421.5,410.5,411.0,22955,12,False,-3.75,0.25,0.0,-191.5,219.5,-0.016797312430011146
2003-12-05,408.0,408.0,399.5,403.25,16494,12,False,-7.75,1.25,0.0,-191.5,211.75,-0.03530751708428248
2003-12-08,404.0,410.0,400.0,409.5,14662,12,False,6.25,-5.375,0.0,-191.5,218.0,0.029515938606847758
2003-12-09,413.0,413.75,402.25,406.5,21266,12,False,-3.0,-0.75,0.0,-191.5,215.0,-0.013761467889908285
2003-12-10,405.0,406.5,394.0,398.75,26295,12,False,-7.75,-6.0,0.0,-191.5,207.25,-0.03604651162790695
2003-12-11,396.0,396.0,385.25,389.75,12224,12,False,-9.0,-2.0,0.0,-191.5,198.25,-0.043425814234016924
2003-12-12,386.0,394.5,384.0,393.5,16846,12,False,3.75,-8.0,0.0,-191.5,202.0,0.018915510718789497
2003-12-15,392.0,393.0,382.0,386.5,12524,12,False,-7.0,3.375,0.0,-191.5,195.0,-0.034653465346534684
2003-12-16,383.5,390.0,381.5,389.5,14147,12,False,3.0,-5.25,0.0,-191.5,198.0,0.01538461538461533
2003-12-17,388.0,390.5,382.5,386.0,14517,12,False,-3.5,5.125,0.0,-191.5,194.5,-0.017676767676767624
2003-12-18,387.5,395.5,384.5,393.25,14288,12,False,7.25,-1.25,0.0,-191.5,201.75,0.037275064267352276
2003-12-19,396.0,398.0,387.0,394.25,10865,12,False,1.0,-0.75,0.0,-191.5,202.75,0.004956629491945419
2003-12-22,392.0,393.0,385.0,385.5,37063,12,False,-8.75,-7.0,0.0,-191.5,194.0,-0.04315659679408135
2003-12-23,382.0,382.0,369.0,370.5,23792,12,False,-15.0,-8.125,0.0,-191.5,179.0,-0.07731958762886593
2003-12-24,359.0,369.0,358.0,363.0,11590,12,False,-7.5,-6.0,0.0,-191.5,171.5,-0.04189944134078216
2003-12-26,362.5,369.5,362.0,366.0,10609,12,False,3.0,-4.75,0.0,-191.5,174.5,0.017492711370262315
2003-12-29,363.5,370.5,363.0,364.0,431,12,False,-2.0,17.625,0.0,-191.5,172.5,-0.011461318051575908
2003-12-30,386.5,388.5,386.5,396.25,431,12,False,32.25,-10.625,0.0,-191.5,204.75,0.18695652173913047
2003-12-31,386.5,386.5,377.0,377.0,159,12,False,-19.25,30.5,0.0,-191.5,185.5,-0.09401709401709402
2004-01-02,377.5,383.0,377.5,405.75,799,1,False,28.75,-13.25,0.0,-191.5,214.25,0.1549865229110512
2004-01-05,402.75,403.5,398.5,398.5,123,1,False,-7.25,12.375,0.0,-191.5,207.0,-0.03383897316219375
2004-01-06,399.5,401.0,397.5,394.5,320,1,False,-4.0,-3.125,0.0,-191.5,203.0,-0.019323671497584516
2004-01-07,393.5,394.5,390.5,395.5,536,1,False,1.0,-2.75,0.0,-191.5,204.0,0.0049261083743843415
2004-01-08,395.5,395.5,391.5,394.0,153,1,False,-1.5,-3.75,0.0,-191.5,202.5,-0.007352941176470562
2004-01-09,394.5,397.25,394.0,385.5,527,1,False,-8.5,6.125,0.0,-191.5,194.0,-0.041975308641975295
2004-01-12,385.0,388.5,384.0,399.25,878,1,False,13.75,-7.875,0.0,-191.5,207.75,0.07087628865979378
2004-01-13,400.75,406.0,398.5,392.0,389,1,False,-7.25,8.5,0.0,-191.5,200.5,-0.03489771359807459
2004-01-14,393.0,394.0,391.0,395.25,258,1,False,3.25,-8.125,0.0,-191.5,203.75,0.016209476309226867
2004-01-15,396.0,398.0,396.0,386.25,395,1,False,-9.0,7.5,0.0,-191.5,194.75,-0.04417177914110426
2004-01-16,385.25,385.25,382.5,398.0,293,1,False,11.75,-5.75,0.0,-191.5,206.5,0.060333761232349126
2004-01-20,398.0,398.75,395.25,395.5,224,1,False,-2.5,4.125,0.0,-191.5,204.0,-0.01210653753026636
2004-01-21,395.5,397.0,394.0,392.0,214,1,False,-3.5,-3.75,0.0,-191.5,200.5,-0.01715686274509809
2004-01-22,392.0,393.0,391.0,387.0,226,1,False,-5.0,-4.5,0.0,-191.5,195.5,-0.02493765586034913
2004-01-23,385.5,387.0,385.5,381.5,475,1,False,-5.5,-2.625,0.0,-191.5,190.0,-0.02813299232736577
2004-01-26,379.5,381.0,378.5,381.25,329,1,False,-0.25,-3.375,0.0,-191.5,189.75,-0.001315789473684159
2004-01-27,381.5,382.0,377.5,380.0,368,1,False,-1.25,-2.75,0.0,-191.5,188.5,-0.006587615283267456
2004-01-28,380.0,380.0,377.5,374.75,303,1,False,-5.25,2.125,0.0,-191.5,183.25,-0.02785145888594165
2004-01-29,374.25,376.0,374.0,380.25,339,1,False,5.5,1.75,0.0,-191.5,188.75,0.0300136425648021
2004-01-30,382.25,384.5,382.25,389.0,143,1,False,8.75,0.75,0.0,-191.5,197.5,0.04635761589403975
2004-02-02,388.0,388.0,385.5,385.0,144,2,False,-4.0,2.125,0.0,-191.5,193.5,-0.020253164556962022
2004-02-03,385.25,386.0,384.25,380.5,135,2,False,-4.5,-4.25,0.0,-191.5,189.0,-0.023255813953488413
2004-02-04,380.5,380.75,379.0,376.0,373,2,False,-4.5,0.25,0.0,-191.5,184.5,-0.023809523809523836
2004-02-05,375.0,378.75,375.0,381.0,390,2,False,5.0,-3.5,0.0,-191.5,189.5,0.027100271002709952
2004-02-06,382.5,385.5,382.0,378.5,401,2,False,-2.5,4.375,0.0,-191.5,187.0,-0.01319261213720313
2004-02-09,378.0,378.0,375.0,382.25,170,2,False,3.75,-0.125,0.0,-191.5,190.75,0.020053475935828846
2004-02-10,383.0,384.5,382.5,384.5,327,2,False,2.25,3.875,0.0,-191.5,193.0,0.011795543905635641
2004-02-11,385.25,387.25,384.0,388.5,83,2,False,4.0,0.25,0.0,-191.5,197.0,0.020725388601036343
2004-02-12,389.75,391.0,389.0,386.75,20,2,False,-1.75,-1.25,0.0,-191.5,195.25,-0.008883248730964466
2004-02-13,386.75,387.5,386.75,380.25,95,2,False,-6.5,-3.375,0.0,-191.5,188.75,-0.033290653008962834
2004-02-17,381.5,383.0,379.5,375.25,293,2,False,-5.0,-8.625,0.0,-191.5,183.75,-0.026490066225165587
2004-02-18,376.5,377.0,374.0,364.5,231,2,False,-10.75,1.625,0.0,-191.5,173.0,-0.058503401360544216
2004-02-19,365.0,365.75,363.75,372.75,80,2,False,8.25,-6.0,0.0,-191.5,181.25,0.047687861271676235
2004-02-20,372.75,375.0,372.75,371.5,186,2,False,-1.25,13.875,0.0,-191.5,180.0,-0.006896551724137945
2004-02-23,373.25,375.5,371.5,391.0,195,2,False,19.5,0.125,0.0,-191.5,199.5,0.10833333333333339
2004-02-24,390.5,391.0,388.5,392.5,84,2,False,1.5,7.125,0.0,-191.5,201.0,0.007518796992481258
2004-02-25,390.5,393.75,390.5,387.25,48,2,False,-5.25,0.875,0.0,-191.5,195.75,-0.026119402985074647
2004-02-26,386.5,387.0,386.0,387.5,88,2,False,0.25,-6.0,0.0,-191.5,196.0,0.0012771392081736277
2004-02-27,386.0,388.25,385.0,380.75,88,2,False,-6.75,-2.75,0.0,-191.5,189.25,-0.034438775510204134
2004-03-01,375.0,375.0,375.0,375.0,88,3,True,-5.75,-3.875,-1.875,-189.625,185.375,-0.020475561426684274
2004-03-02,374.0,374.0,374.0,374.0,6,3,False,-1.0,-5.125,0.0,-189.625,184.375,-0.0053944706675657095
2004-03-03,372.5,372.5,371.25,369.5,6,3,False,-4.5,0.125,0.0,-189.625,179.875,-0.024406779661016897
2004-03-04,370.75,370.75,370.75,370.75,6,3,False,1.25,-4.375,0.0,-189.625,181.125,0.006949270326615631
2004-03-05,366.5,366.5,366.5,366.5,6,3,False,-4.25,-2.5,0.0,-189.625,176.875,-0.02346445824706689
2004-03-08,360.25,360.25,360.25,360.25,6,3,False,-6.25,-0.75,0.0,-189.625,170.625,-0.035335689045936425
2004-03-09,363.0,363.0,363.0,363.0,6,3,False,2.75,-5.125,0.0,-189.625,173.375,0.01611721611721606
2004-03-10,359.0,359.0,359.0,359.0,6,3,False,-4.0,-0.625,0.0,-189.625,169.375,-0.023071377072819033
2004-03-11,355.0,355.0,355.0,355.0,6,3,False,-4.0,-1.0,0.0,-189.625,165.375,-0.023616236162361637
2004-03-12,357.0,357.0,357.0,357.0,257,3,False,2.0,6.0,0.0,-189.625,167.375,0.012093726379440728
2004-03-15,365.0,368.75,365.0,373.0,171,3,False,16.0,0.5,0.0,-189.625,183.375,0.09559372666168775
2004-03-16,373.5,374.5,372.0,372.0,291,3,False,-1.0,17.75,0.0,-189.625,182.375,-0.005453306066803054
2004-03-17,373.0,375.5,373.0,391.5,492,3,False,19.5,2.75,0.0,-189.625,201.875,0.10692254969156956
2004-03-18,389.25,394.25,389.25,398.0,169,3,False,6.5,7.125,0.0,-189.625,208.375,0.03219814241486074
2004-03-19,397.0,398.0,396.0,392.75,322,3,False,-5.25,18.25,0.0,-189.625,203.125,-0.02519496100779839
2004-03-22,394.5,398.0,394.5,422.75,798,3,False,30.0,-7.5,0.0,-189.625,233.125,0.1476923076923078
2004-03-23,421.5,422.0,418.0,413.0,354,3,False,-9.75,14.5,0.0,-189.625,223.375,-0.04182305630026806
2004-03-24,413.5,417.0,412.75,412.0,243,3,False,-1.0,-6.875,0.0,-189.625,222.375,-0.004476776720761078
2004-03-25,412.0,412.5,409.0,408.0,330,3,False,-4.0,-1.875,0.0,-189.625,218.375,-0.017987633501967415
2004-03-26,407.0,407.0,405.5,405.25,355,3,False,-2.75,-1.75,0.0,-189.625,215.625,-0.012593016599885543
2004-03-29,406.0,406.0,402.75,405.75,342,3,False,0.5,3.375,0.0,-189.625,216.125,0.002318840579710102
2004-03-30,406.75,408.75,405.0,415.25,125,3,False,9.5,-3.375,0.0,-189.625,225.625,0.04395604395604402
2004-03-31,414.5,416.0,413.75,408.0,463,3,False,-7.25,6.0,0.0,-189.625,218.375,-0.03213296398891963
2004-04-01,408.25,409.75,405.5,410.5,208,4,False,2.5,-0.75,0.0,-189.625,220.875,0.011448196908986796
2004-04-02,411.0,412.25,409.5,416.25,378,4,False,5.75,0.125,0.0,-189.625,226.625,0.026032823995472576
2004-04-05,415.0,421.0,415.0,414.0,154,4,False,-2.25,4.125,0.0,-189.625,224.375,-0.009928295642581353
2004-04-06,412.0,413.5,411.0,416.5,380,4,False,2.5,-1.875,0.0,-189.625,226.875,0.011142061281337101
2004-04-07,415.0,417.75,415.0,415.0,693,4,False,-1.5,1.0,0.0,-189.625,225.375,-0.006611570247933907
2004-04-08,416.25,418.5,415.0,414.5,282,4,False,-0.5,-4.25,0.0,-189.625,224.875,-0.002218524681087075
2004-04-12,413.5,413.5,406.0,407.5,259,4,False,-7.0,-7.5,0.0,-189.625,217.875,-0.0311284046692607
2004-04-13,406.5,407.5,402.75,393.0,300,4,False,-14.5,0.625,0.0,-189.625,203.375,-0.06655192197360871
2004-04-14,393.0,393.25,390.0,401.25,136,4,False,8.25,-16.375,0.0,-189.625,211.625,0.040565457897971724
2004-04-15,402.0,404.0,401.5,383.0,273,4,False,-18.25,6.875,0.0,-189.625,193.375,-0.08623744831659774
2004-04-16,384.0,385.5,383.0,388.5,297,4,False,5.5,-6.375,0.0,-189.625,198.875,0.02844214608920481
2004-04-19,389.75,392.5,387.5,394.0,24,4,False,5.5,4.25,0.0,-189.625,204.375,0.027655562539283363
2004-04-20,394.5,395.5,391.0,397.0,209,4,False,3.0,-3.25,0.0,-189.625,207.375,0.014678899082568808
2004-04-21,397.75,399.0,393.0,385.0,41,4,False,-12.0,-1.5,0.0,-189.625,195.375,-0.05786618444846292
2004-04-22,386.0,386.0,383.5,379.0,146,4,False,-6.0,-9.0,0.0,-189.625,189.375,-0.030710172744721653
2004-04-23,379.0,379.75,374.25,373.0,14,4,False,-6.0,-2.5,0.0,-189.625,183.375,-0.03168316831683171
2004-04-26,371.0,371.25,369.0,374.0,52,4,False,1.0,-0.875,0.0,-189.625,184.375,0.005453306066802943
2004-04-27,374.5,375.5,374.5,378.25,36,4,False,4.25,-2.375,0.0,-189.625,188.625,0.0230508474576272
2004-04-28,381.0,381.0,380.25,372.5,36,4,False,-5.75,5.875,0.0,-189.625,182.875,-0.03048376408217357
2004-04-29,373.25,373.25,373.25,380.0,30,4,False,7.5,-2.125,0.0,-189.625,190.375,0.04101161995898828
2004-04-30,381.5,383.0,380.5,381.5,8,4,False,1.5,6.625,0.0,-189.625,191.875,0.007879185817465606
2004-05-03,380.5,380.5,379.75,387.25,8,5,True,5.75,8.875,-3.125,-186.5,200.75,0.04625407166123785
2004-05-04,403.5,403.5,403.5,403.5,8,5,False,16.25,0.625,0.0,-186.5,217.0,0.08094645080946461
2004-05-05,399.0,399.0,399.0,399.0,8,5,False,-4.5,5.875,0.0,-186.5,212.5,-0.020737327188940058
2004-05-06,394.5,394.5,394.5,394.5,8,5,False,-4.5,-10.25,0.0,-186.5,208.0,-0.02117647058823524
2004-05-10,378.5,378.5,378.5,378.5,8,5,False,-16.0,-6.5,0.0,-186.5,192.0,-0.07692307692307687
2004-05-11,370.0,370.0,370.0,370.0,8,5,False,-8.5,-12.0,0.0,-186.5,183.5,-0.04427083333333337
2004-05-12,362.0,362.0,362.0,362.0,8,5,False,-8.0,-4.125,0.0,-186.5,175.5,-0.043596730245231585
2004-05-13,362.25,362.25,362.25,362.25,8,5,False,0.25,-8.125,0.0,-186.5,175.75,0.0014245014245013454
2004-05-14,354.0,354.0,354.0,354.0,604,5,False,-8.25,7.0,0.0,-186.5,167.5,-0.04694167852062592
2004-05-17,358.5,360.5,356.0,367.75,422,5,False,13.75,-2.75,0.0,-186.5,181.25,0.08208955223880587
2004-05-18,366.75,368.75,365.5,370.5,349,5,False,2.75,10.125,0.0,-186.5,184.0,0.015172413793103523
2004-05-19,370.5,374.0,370.5,377.0,678,5,False,6.5,-2.0,0.0,-186.5,190.5,0.03532608695652173
2004-05-20,377.5,378.25,374.0,370.25,157,5,False,-6.75,2.25,0.0,-186.5,183.75,-0.03543307086614178
2004-05-21,370.0,370.75,368.5,368.25,380,5,False,-2.0,1.75,0.0,-186.5,181.75,-0.010884353741496544
2004-05-24,370.75,373.0,370.5,378.5,601,5,False,10.25,-1.25,0.0,-186.5,192.0,0.05639614855570829
2004-05-25,378.75,382.25,378.0,378.0,155,5,False,-0.5,6.875,0.0,-186.5,191.5,-0.0026041666666666297
2004-05-26,378.5,379.5,376.0,381.5,165,5,False,3.5,-6.375,0.0,-186.5,195.0,0.018276762402088753
2004-05-27,381.75,382.25,380.5,369.25,362,5,False,-12.25,-1.875,0.0,-186.5,182.75,-0.06282051282051282
2004-05-28,368.0,372.0,366.25,362.0,1741,5,False,-7.25,7.0,0.0,-186.5,175.5,-0.03967168262653897
2004-06-01,365.0,380.0,365.0,388.25,545,6,False,26.25,-10.25,0.0,-186.5,201.75,0.14957264957264949
2004-06-02,387.75,387.75,380.5,375.0,362,6,False,-13.25,9.25,0.0,-186.5,188.5,-0.06567534076827752
2004-06-03,374.5,374.5,370.5,367.25,189,6,False,-7.75,-5.25,0.0,-186.5,180.75,-0.04111405835543769
2004-06-04,367.25,371.0,367.25,370.0,516,6,False,2.75,-7.375,0.0,-186.5,183.5,0.015214384508990264
2004-06-07,368.25,370.0,364.25,363.0,198,6,False,-7.0,1.375,0.0,-186.5,176.5,-0.038147138964577665
2004-06-08,363.0,365.0,361.5,363.0,316,6,False,0.0,-5.0,0.0,-186.5,176.5,0.0
2004-06-09,363.75,366.0,363.0,360.0,420,6,False,-3.0,-4.75,0.0,-186.5,173.5,-0.016997167138810165
2004-06-10,361.0,361.5,360.5,350.5,327,6,False,-9.5,-1.5,0.0,-186.5,164.0,-0.05475504322766567
2004-06-11,350.5,352.5,349.5,350.5,467,6,False,0.0,-1.75,0.0,-186.5,164.0,0.0
2004-06-14,351.0,353.25,349.25,356.5,472,6,False,6.0,-2.75,0.0,-186.5,170.0,0.03658536585365857
2004-06-15,356.75,358.25,354.75,351.0,193,6,False,-5.5,3.5,0.0,-186.5,164.5,-0.032352941176470584
2004-06-16,351.0,353.0,351.0,352.0,258,6,False,1.0,-2.5,0.0,-186.5,165.5,0.006079027355623046
2004-06-17,352.5,354.75,352.5,352.5,107,6,False,0.5,0.625,0.0,-186.5,166.0,0.0030211480362538623
2004-06-18,352.25,353.0,352.0,352.75,54,6,False,0.25,1.0,0.0,-186.5,166.25,0.001506024096385561
2004-06-21,352.0,352.0,350.0,354.25,88,6,False,1.5,-5.125,0.0,-186.5,167.75,0.009022556390977376
2004-06-22,351.25,353.5,351.0,343.75,376,6,False,-10.5,1.5,0.0,-186.5,157.25,-0.0625931445603577
2004-06-23,344.0,346.0,343.25,345.25,73,6,False,1.5,-8.125,0.0,-186.5,158.75,0.009538950715421324
2004-06-24,346.0,347.0,345.0,339.5,132,6,False,-5.75,1.625,0.0,-186.5,153.0,-0.03622047244094484
2004-06-25,339.75,340.0,339.25,341.25,163,6,False,1.75,-4.25,0.0,-186.5,154.75,0.011437908496731986
2004-06-28,343.0,343.0,339.5,338.5,97,6,False,-2.75,0.375,0.0,-186.5,152.0,-0.017770597738287597
2004-06-29,338.75,342.0,338.75,337.5,220,6,False,-1.0,-1.125,0.0,-186.5,151.0,-0.006578947368421018
2004-06-30,337.5,338.0,336.75,338.0,19,6,False,0.5,-4.25,0.0,-186.5,151.5,0.0033112582781456013
2004-07-01,335.25,338.0,335.25,330.5,35,7,True,-7.5,2.5,-10.0,-176.5,154.0,0.01650165016501659
2004-07-02,331.0,332.0,330.0,335.0,7,7,False,4.5,-2.0,0.0,-176.5,158.5,0.02922077922077926
2004-07-06,333.0,336.0,333.0,338.5,28,7,False,3.5,3.5,0.0,-176.5,162.0,0.02208201892744488
2004-07-07,338.5,338.5,338.5,341.0,14,7,False,2.5,-1.75,0.0,-176.5,164.5,0.015432098765432167
2004-07-08,339.75,342.25,339.0,334.0,14,7,False,-7.0,-0.75,0.0,-176.5,157.5,-0.04255319148936165
2004-07-09,330.0,330.0,330.0,330.0,14,7,False,-4.0,1.0,0.0,-176.5,153.5,-0.025396825396825418
2004-07-12,339.0,339.0,339.0,339.0,14,7,False,9.0,-5.0,0.0,-176.5,162.5,0.05863192182410426
2004-07-13,333.0,333.0,333.0,333.0,14,7,False,-6.0,6.5,0.0,-176.5,156.5,-0.03692307692307695
2004-07-14,337.0,337.0,337.0,337.0,153,7,False,4.0,-4.875,0.0,-176.5,160.5,0.025559105431310014
2004-07-15,345.5,346.25,345.0,333.25,172,7,False,-3.75,2.0,0.0,-176.5,156.75,-0.02336448598130836
2004-07-16,332.0,333.0,331.0,333.25,166,7,False,0.0,-0.75,0.0,-176.5,156.75,0.0
2004-07-19,334.25,334.25,332.75,335.5,86,7,False,2.25,-2.125,0.0,-176.5,159.0,0.014354066985645897
2004-07-20,335.5,336.75,335.5,331.25,106,7,False,-4.25,-2.5,0.0,-176.5,154.75,-0.026729559748427723
2004-07-21,332.0,332.0,330.5,324.0,168,7,False,-7.25,-2.75,0.0,-176.5,147.5,-0.04684975767366717
2004-07-22,324.25,324.75,323.75,322.75,178,7,False,-1.25,-0.625,0.0,-176.5,146.25,-0.008474576271186418
2004-07-23,323.25,324.5,323.0,328.75,169,7,False,6.0,-3.125,0.0,-176.5,152.25,0.0410256410256411
2004-07-26,328.75,329.25,324.25,323.75,61,7,False,-5.0,1.75,0.0,-176.5,147.25,-0.03284072249589487
2004-07-27,324.0,324.5,321.5,321.25,171,7,False,-2.5,-5.75,0.0,-176.5,144.75,-0.01697792869269954
2004-07-28,321.0,322.0,319.5,314.75,256,7,False,-6.5,-2.25,0.0,-176.5,138.25,-0.04490500863557856
2004-07-29,314.75,315.0,314.0,312.75,41,7,False,-2.0,-3.5,0.0,-176.5,136.25,-0.01446654611211573
2004-07-30,312.75,312.75,310.75,312.25,170,7,False,-0.5,1.375,0.0,-176.5,135.75,-0.003669724770642202
2004-08-02,310.75,314.5,310.75,317.0,126,8,False,4.75,-0.25,0.0,-176.5,140.5,0.03499079189686927
2004-08-03,317.0,318.5,315.25,317.0,415,8,False,0.0,3.125,0.0,-176.5,140.5,0.0
2004-08-04,317.5,319.5,317.5,318.5,63,8,False,1.5,1.5,0.0,-176.5,142.0,0.01067615658362997
2004-08-05,319.0,320.25,319.0,321.5,29,8,False,3.0,-2.125,0.0,-176.5,145.0,0.021126760563380254
2004-08-06,321.5,322.25,321.5,315.75,359,8,False,-5.75,1.625,0.0,-176.5,139.25,-0.03965517241379313
2004-08-09,317.75,318.75,316.0,316.0,342,8,False,0.25,-4.875,0.0,-176.5,139.5,0.0017953321364452268
2004-08-10,316.5,317.25,315.0,312.0,41,8,False,-4.0,-3.5,0.0,-176.5,135.5,-0.028673835125448077
2004-08-11,312.75,314.0,312.5,304.75,168,8,False,-7.25,-4.625,0.0,-176.5,128.25,-0.053505535055350606
2004-08-12,304.5,304.75,303.5,299.5,145,8,False,-5.25,-3.625,0.0,-176.5,123.0,-0.040935672514619936
2004-08-13,300.25,301.0,299.5,299.5,143,8,False,0.0,-1.0,0.0,-176.5,123.0,0.0
2004-08-16,299.5,299.75,298.0,302.75,65,8,False,3.25,3.0,0.0,-176.5,126.25,0.026422764227642226
2004-08-17,303.25,306.0,303.25,308.75,274,8,False,6.0,-1.875,0.0,-176.5,132.25,0.04752475247524757
2004-08-18,308.0,308.75,306.0,301.75,21,8,False,-7.0,6.875,0.0,-176.5,125.25,-0.052930056710775
2004-08-19,301.25,302.0,301.25,309.5,63,8,False,7.75,-2.25,0.0,-176.5,133.0,0.0618762475049901
2004-08-20,309.25,311.0,309.0,312.0,157,8,False,2.5,8.375,0.0,-176.5,135.5,0.018796992481203034
2004-08-23,312.5,312.5,310.0,321.0,382,8,False,9.0,-3.5,0.0,-176.5,144.5,0.06642066420664205
2004-08-24,320.0,320.5,319.5,311.5,140,8,False,-9.5,1.75,0.0,-176.5,135.0,-0.06574394463667821
2004-08-25,312.25,313.0,311.75,306.0,38,8,False,-5.5,-4.875,0.0,-176.5,129.5,-0.040740740740740744
2004-08-26,306.0,307.5,305.5,305.75,1,8,False,-0.25,-4.875,0.0,-176.5,129.25,-0.0019305019305019266
2004-08-27,306.5,306.5,306.5,301.5,37,8,False,-4.25,0.75,0.0,-176.5,125.0,-0.03288201160541582
2004-08-30,301.5,302.75,301.5,303.25,71,8,False,1.75,1.125,0.0,-176.5,126.75,0.014000000000000012
2004-08-31,302.0,305.0,302.0,309.75,8,8,False,6.5,4.75,0.0,-176.5,133.25,0.05128205128205132
2004-09-01,310.25,310.25,308.75,317.5,52,9,True,7.75,0.125,7.625,-184.125,133.375,0.0009380863039398779
2004-09-02,319.0,319.0,317.25,311.25,52,9,False,-6.25,2.25,0.0,-184.125,127.125,-0.04686035613870665
2004-09-03,308.0,308.0,308.0,308.0,52,9,False,-3.25,-4.25,0.0,-184.125,123.875,-0.025565388397246758
2004-09-07,305.75,305.75,305.75,305.75,1,9,False,-2.25,0.125,0.0,-184.125,121.625,-0.01816347124117057
2004-09-08,306.75,306.75,306.75,309.25,1,9,False,3.5,0.0,0.0,-184.125,125.125,0.02877697841726623
2004-09-09,311.5,311.5,311.5,311.5,1,9,False,2.25,7.5,0.0,-184.125,127.375,0.01798201798201804
2004-09-10,323.0,323.0,323.0,323.0,1,9,False,11.5,3.875,0.0,-184.125,138.875,0.09028459273797851
2004-09-13,328.5,328.5,328.5,328.5,1,9,False,5.5,5.125,0.0,-184.125,144.375,0.03960396039603964
2004-09-14,327.25,327.25,327.25,327.25,259,9,False,-1.25,7.75,0.0,-184.125,143.125,-0.008658008658008698
2004-09-15,330.5,332.5,330.0,337.25,285,9,False,10.0,-0.125,0.0,-184.125,153.125,0.06986899563318771
2004-09-16,337.25,339.25,336.5,338.25,215,9,False,1.0,2.5,0.0,-184.125,154.125,0.0065306122448980375
2004-09-17,337.75,339.0,337.0,333.25,227,9,False,-5.0,-1.75,0.0,-184.125,149.125,-0.032441200324412
2004-09-20,333.25,333.25,331.5,328.75,127,9,False,-4.5,0.5,0.0,-184.125,144.625,-0.030176026823134916
2004-09-21,328.75,329.25,328.25,334.75,171,9,False,6.0,-6.75,0.0,-184.125,150.625,0.04148660328435616
2004-09-22,335.5,336.5,335.0,325.75,121,9,False,-9.0,2.75,0.0,-184.125,141.625,-0.05975103734439835
2004-09-23,325.75,326.75,325.75,325.25,480,9,False,-0.5,-6.25,0.0,-184.125,141.125,-0.003530450132391838
2004-09-24,325.75,327.75,325.75,321.75,134,9,False,-3.5,-0.875,0.0,-184.125,137.625,-0.024800708591674048
2004-09-27,321.75,323.25,321.5,320.5,238,9,False,-1.25,-4.125,0.0,-184.125,136.375,-0.009082652134423275
2004-09-28,320.0,320.75,315.5,315.75,131,9,False,-4.75,1.375,0.0,-184.125,131.625,-0.03483043079743353
2004-09-29,316.5,318.5,316.0,319.75,161,9,False,4.0,-8.875,0.0,-184.125,135.625,0.03038936372269707
2004-09-30,319.25,321.0,319.0,306.75,352,9,False,-13.0,0.5,0.0,-184.125,122.625,-0.09585253456221199
2004-10-01,307.5,308.5,306.75,303.75,278,10,False,-3.0,-7.125,0.0,-184.125,119.625,-0.024464831804281384
2004-10-04,303.5,305.5,302.25,302.5,203,10,False,-1.25,0.375,0.0,-184.125,118.375,-0.010449320794148398
2004-10-05,303.0,304.25,302.25,306.25,172,10,False,3.75,-2.75,0.0,-184.125,122.125,0.03167898627243937
2004-10-06,306.0,306.25,305.0,302.0,192,10,False,-4.25,2.25,0.0,-184.125,117.875,-0.03480040941658136
2004-10-07,303.0,304.0,301.0,302.75,96,10,False,0.75,-1.875,0.0,-184.125,118.625,0.006362672322375307
2004-10-08,302.75,303.75,302.0,303.25,81,10,False,0.5,0.25,0.0,-184.125,119.125,0.004214963119072657
2004-10-11,301.0,303.5,301.0,303.0,204,10,False,-0.25,4.25,0.0,-184.125,118.875,-0.0020986358866736943
2004-10-12,302.5,303.5,301.0,311.0,550,10,False,8.0,0.375,0.0,-184.125,126.875,0.06729758149316512
2004-10-13,311.25,312.5,309.5,312.0,364,10,False,1.0,5.0,0.0,-184.125,127.875,0.007881773399014858
2004-10-14,312.0,313.5,311.0,314.0,151,10,False,2.0,3.125,0.0,-184.125,129.875,0.01564027370478982
2004-10-15,314.0,315.0,313.5,319.25,194,10,False,5.25,-1.25,0.0,-184.125,135.125,0.0404234841193456
2004-10-18,318.75,319.5,317.0,314.75,261,10,False,-4.5,4.875,0.0,-184.125,130.625,-0.033302497687326515
2004-10-19,314.25,315.0,312.75,319.25,114,10,False,4.5,-5.125,0.0,-184.125,135.125,0.034449760765550286
2004-10-20,319.25,320.5,319.0,313.5,166,10,False,-5.75,1.375,0.0,-184.125,129.375,-0.04255319148936165
2004-10-21,312.75,314.0,312.25,311.75,75,10,False,-1.75,-4.5,0.0,-184.125,127.625,-0.01352657004830915
2004-10-22,311.75,312.0,310.25,308.5,61,10,False,-3.25,2.875,0.0,-184.125,124.375,-0.025465230166503483
2004-10-25,309.25,309.75,308.75,316.0,150,10,False,7.5,-1.875,0.0,-184.125,131.875,0.06030150753768848
2004-10-26,315.25,317.0,315.25,315.5,211,10,False,-0.5,5.625,0.0,-184.125,131.375,-0.0037914691943128354
2004-10-27,316.0,316.5,315.0,319.25,574,10,False,3.75,1.25,0.0,-184.125,135.125,0.028544243577545148
2004-10-28,320.5,321.75,318.0,322.25,109,10,False,3.0,-1.0,0.0,-184.125,138.125,0.022201665124884418
2004-10-29,321.75,322.25,321.5,316.5,96,10,False,-5.75,-3.625,0.0,-184.125,132.375,-0.04162895927601806
2004-11-01,316.5,316.5,314.5,306.25,90,11,False,-10.25,-4.875,0.0,-184.125,122.125,-0.07743153918791312
2004-11-02,307.5,307.5,305.5,302.25,273,11,False,-4.0,-6.125,0.0,-184.125,118.125,-0.032753326509723624
2004-11-03,302.25,303.75,301.75,300.25,306,11,False,-2.0,-0.625,0.0,-184.125,116.125,-0.016931216931216908
2004-11-04,301.5,302.0,300.5,303.0,89,11,False,2.75,0.75,0.0,-184.125,118.875,0.023681377825618855
2004-11-05,303.0,304.0,301.75,306.5,126,11,False,3.5,2.5,0.0,-184.125,122.375,0.029442691903259766
2004-11-08,306.5,307.5,304.75,308.75,256,11,False,2.25,-0.375,0.0,-184.125,124.625,0.018386108273748647
2004-11-09,308.75,310.0,308.75,304.5,192,11,False,-4.25,0.625,0.0,-184.125,120.375,-0.034102306920762326
2004-11-10,304.75,305.75,304.75,303.5,168,11,False,-1.0,-2.5,0.0,-184.125,119.375,-0.00830737279335414
2004-11-11,303.25,305.0,303.25,302.75,256,11,False,-0.75,-0.5,0.0,-184.125,118.625,-0.006282722513089034
2004-11-12,303.0,303.0,300.0,302.75,174,11,False,0.0,1.375,0.0,-184.125,118.625,0.0
2004-11-15,303.0,304.25,303.0,306.25,353,11,False,3.5,2.25,0.0,-184.125,122.125,0.02950474183350904
2004-11-16,306.5,308.25,306.5,310.75,578,11,False,4.5,5.625,0.0,-184.125,126.625,0.0368474923234392
2004-11-17,310.75,314.0,310.75,318.5,324,11,False,7.75,1.125,0.0,-184.125,134.375,0.06120434353405724
2004-11-18,318.25,319.0,317.0,316.25,172,11,False,-2.25,0.625,0.0,-184.125,132.125,-0.016744186046511622
2004-11-19,315.5,315.5,314.5,309.75,262,11,False,-6.5,-5.0,0.0,-184.125,125.625,-0.04919583727530752
2004-11-22,310.5,310.75,309.75,302.0,263,11,False,-7.75,-4.0,0.0,-184.125,117.875,-0.06169154228855722
2004-11-23,302.5,303.5,302.0,300.5,162,11,False,-1.5,-4.5,0.0,-184.125,116.375,-0.012725344644750836
2004-11-24,302.25,302.25,300.5,299.25,97,11,False,-1.25,-4.75,0.0,-184.125,115.125,-0.01074113856068748
2004-11-26,300.0,301.75,299.75,291.25,300,11,False,-8.0,-2.75,0.0,-184.125,107.125,-0.06948968512486431
2004-11-29,292.5,292.75,290.75,287.0,75,11,False,-4.25,-2.625,0.0,-184.125,102.875,-0.03967327887981331
2004-11-30,288.0,289.75,287.75,289.75,23,11,False,2.75,-4.0,0.0,-184.125,105.625,0.026731470230862753
2004-12-01,289.5,290.0,289.5,286.0,20,12,True,-3.75,0.125,-3.875,-180.25,105.75,0.0011834319526626835
2004-12-02,287.0,288.0,286.5,283.5,7,12,False,-2.5,1.875,0.0,-180.25,103.25,-0.023640661938534313
2004-12-03,291.0,291.0,291.0,291.0,7,12,False,7.5,-0.25,0.0,-180.25,110.75,0.07263922518159815
2004-12-06,293.0,293.0,293.0,293.0,7,12,False,2.0,0.75,0.0,-180.25,112.75,0.018058690744920947
2004-12-07,287.0,287.0,287.0,287.0,7,12,False,-6.0,1.125,0.0,-180.25,106.75,-0.053215077605321515
2004-12-08,287.25,287.25,287.25,287.25,7,12,False,0.25,-1.625,0.0,-180.25,107.0,0.0023419203747072626
2004-12-09,290.0,290.0,290.0,290.0,7,12,False,2.75,-2.875,0.0,-180.25,109.75,0.025700934579439227
2004-12-10,284.0,284.0,284.0,284.0,7,12,False,-6.0,2.75,0.0,-180.25,103.75,-0.0546697038724373
2004-12-13,286.75,286.75,286.75,286.75,7,12,False,2.75,-3.875,0.0,-180.25,106.5,0.026506024096385472
2004-12-14,285.0,285.0,285.0,285.0,441,12,False,-1.75,10.125,0.0,-180.25,104.75,-0.016431924882629123
2004-12-15,301.25,302.75,301.0,302.5,199,12,False,17.5,-3.375,0.0,-180.25,122.25,0.16706443914081137
2004-12-16,304.0,304.75,302.75,297.5,189,12,False,-5.0,12.125,0.0,-180.25,117.25,-0.04089979550102252
2004-12-17,297.75,298.25,297.0,304.25,869,12,False,6.75,-1.625,0.0,-180.25,124.0,0.05756929637526653
2004-12-20,305.5,308.25,305.5,306.0,310,12,False,1.75,3.125,0.0,-180.25,125.75,0.014112903225806495
2004-12-21,305.25,305.75,304.25,305.5,122,12,False,-0.5,1.625,0.0,-180.25,125.25,-0.003976143141153132
2004-12-22,305.75,306.5,304.75,307.0,144,12,False,1.5,1.0,0.0,-180.25,126.75,0.011976047904191711
2004-12-23,308.0,308.25,307.0,309.5,286,12,False,2.5,-1.5,0.0,-180.25,129.25,0.019723865877712132
2004-12-27,310.0,311.0,309.75,305.0,216,12,False,-4.5,1.25,0.0,-180.25,124.75,-0.03481624758220503
2004-12-28,305.0,305.25,298.0,305.0,77,12,False,0.0,-3.0,0.0,-180.25,124.75,0.0
2004-12-29,304.25,305.75,304.0,303.5,57,12,False,-1.5,2.0,0.0,-180.25,123.25,-0.012024048096192397
2004-12-30,303.75,303.75,302.5,307.5,57,12,False,4.0,-0.75,0.0,-180.25,127.25,0.032454361054766734
2004-12-31,307.5,307.5,307.5,307.5,294,12,False,0.0,-0.625,0.0,-180.25,127.25,0.0
2005-01-03,307.5,307.5,305.5,302.25,144,1,False,-5.25,-3.125,0.0,-180.25,122.0,-0.04125736738703345
2005-01-04,301.75,302.0,300.5,296.0,481,1,False,-6.25,-0.75,0.0,-180.25,115.75,-0.05122950819672134
2005-01-05,295.75,298.0,295.25,299.75,181,1,False,3.75,1.125,0.0,-180.25,119.5,0.03239740820734349
2005-01-06,299.25,300.75,299.25,308.25,961,1,False,8.5,2.625,0.0,-180.25,128.0,0.07112970711297062
2005-01-07,309.25,310.75,309.0,309.75,158,1,False,1.5,3.25,0.0,-180.25,129.5,0.01171875
2005-01-10,309.25,309.5,307.5,307.75,397,1,False,-2.0,0.125,0.0,-180.25,127.5,-0.015444015444015413
2005-01-11,306.5,308.25,306.5,306.5,339,1,False,-1.25,-0.625,0.0,-180.25,126.25,-0.009803921568627416
2005-01-12,306.25,306.5,304.75,307.25,389,1,False,0.75,-0.5,0.0,-180.25,127.0,0.005940594059405946
2005-01-13,307.5,307.5,305.0,307.5,278,1,False,0.25,-4.625,0.0,-180.25,127.25,0.0019685039370078705
2005-01-14,307.25,307.5,306.25,297.5,480,1,False,-10.0,-0.375,0.0,-180.25,117.25,-0.07858546168958747
2005-01-18,297.75,298.0,295.5,296.5,187,1,False,-1.0,-3.75,0.0,-180.25,116.25,-0.008528784648187626
2005-01-19,297.0,298.5,296.25,299.0,149,1,False,2.5,-2.625,0.0,-180.25,118.75,0.021505376344086002
2005-01-20,298.25,299.5,298.0,294.75,247,1,False,-4.25,1.75,0.0,-180.25,114.5,-0.03578947368421048
2005-01-21,295.0,296.25,294.75,295.75,253,1,False,1.0,-2.375,0.0,-180.25,115.5,0.008733624454148492
2005-01-24,296.5,297.75,296.5,295.25,51,1,False,-0.5,1.375,0.0,-180.25,115.0,-0.0043290043290042934
2005-01-25,295.25,296.0,294.5,297.0,81,1,False,1.75,-1.125,0.0,-180.25,116.75,0.01521739130434785
2005-01-26,297.5,298.0,297.5,295.25,614,1,False,-1.75,-2.0,0.0,-180.25,115.0,-0.01498929336188437
2005-01-27,295.0,295.5,293.5,289.5,230,1,False,-5.75,-0.625,0.0,-180.25,109.25,-0.050000000000000044
2005-01-28,289.75,291.0,289.5,290.0,122,1,False,0.5,-2.375,0.0,-180.25,109.75,0.004576659038901587
2005-01-31,289.75,289.75,288.25,291.0,203,1,False,1.0,0.875,0.0,-180.25,110.75,0.009111617312072884
2005-02-01,291.25,292.5,291.25,292.25,286,2,False,1.25,-1.5,0.0,-180.25,112.0,0.011286681715575675
2005-02-02,292.75,293.0,291.75,288.25,89,2,False,-4.0,1.375,0.0,-180.25,108.0,-0.0357142857142857
2005-02-03,288.25,288.75,288.0,289.75,337,2,False,1.5,-3.0,0.0,-180.25,109.5,0.01388888888888884
2005-02-04,290.0,290.5,290.0,287.75,179,2,False,-2.0,3.125,0.0,-180.25,107.5,-0.0182648401826484
2005-02-07,288.5,289.75,288.25,292.5,577,2,False,4.75,-1.375,0.0,-180.25,112.25,0.04418604651162794
2005-02-08,294.0,294.5,293.5,291.75,367,2,False,-0.75,1.5,0.0,-180.25,111.5,-0.006681514476614692
2005-02-09,292.0,292.0,291.25,290.0,248,2,False,-1.75,2.75,0.0,-180.25,109.75,-0.015695067264574036
2005-02-10,290.0,291.0,289.5,296.25,412,2,False,6.25,-1.75,0.0,-180.25,116.0,0.056947608200455635
2005-02-11,295.5,296.75,295.25,294.5,708,2,False,-1.75,6.75,0.0,-180.25,114.25,-0.015086206896551713
2005-02-14,295.0,297.0,295.0,301.75,330,2,False,7.25,-2.125,0.0,-180.25,121.5,0.06345733041575485
2005-02-15,302.0,302.75,300.75,299.25,250,2,False,-2.5,0.25,0.0,-180.25,119.0,-0.020576131687242816
2005-02-16,298.75,298.75,297.5,292.5,225,2,False,-6.75,0.25,0.0,-180.25,112.25,-0.05672268907563027
2005-02-17,292.5,294.5,292.0,295.5,285,2,False,3.0,-3.125,0.0,-180.25,115.25,0.026726057906458767
2005-02-18,295.0,296.25,295.0,296.0,793,2,False,0.5,9.75,0.0,-180.25,115.75,0.00433839479392617
2005-02-22,297.0,300.75,297.0,312.5,275,2,False,16.5,2.0,0.0,-180.25,132.25,0.14254859611231097
2005-02-23,310.5,311.25,309.25,316.0,121,2,False,3.5,6.625,0.0,-180.25,135.75,0.026465028355387554
2005-02-24,316.0,317.5,315.0,312.75,70,2,False,-3.25,7.0,0.0,-180.25,132.5,-0.023941068139963217
2005-02-25,310.75,314.5,310.75,323.25,86,2,False,10.5,5.375,0.0,-180.25,143.0,0.0792452830188679
2005-02-28,323.75,329.0,323.75,337.25,39,2,False,14.0,1.625,0.0,-180.25,157.0,0.09790209790209792
2005-03-01,333.0,333.0,331.0,330.0,22,3,True,-7.25,8.0,-15.25,-165.0,165.0,0.05095541401273884
2005-03-02,331.5,332.0,331.5,332.0,13,3,False,2.0,-4.625,0.0,-165.0,167.0,0.0121212121212122
2005-03-03,331.0,331.0,329.0,330.0,11,3,False,-2.0,0.5,0.0,-165.0,165.0,-0.0119760479041916
2005-03-04,329.75,329.75,325.75,329.0,8,3,False,-1.0,-3.875,0.0,-165.0,164.0,-0.0060606060606061
2005-03-07,330.0,330.0,330.0,323.25,8,3,False,-5.75,2.375,0.0,-165.0,158.25,-0.03506097560975607
2005-03-08,329.0,329.0,329.0,329.0,8,3,False,5.75,-0.625,0.0,-165.0,164.0,0.03633491311216419
2005-03-09,333.5,333.5,333.5,333.5,44,3,False,4.5,6.125,0.0,-165.0,168.5,0.027439024390243816
2005-03-10,332.0,332.0,330.25,340.0,44,3,False,6.5,8.0,0.0,-165.0,175.0,0.03857566765578646
2005-03-11,351.5,351.5,351.5,351.5,44,3,False,11.5,1.5,0.0,-165.0,186.5,0.06571428571428561
2005-03-14,348.0,348.0,348.0,348.0,900,3,False,-3.5,15.75,0.0,-165.0,183.0,-0.018766756032171594
2005-03-15,354.25,358.75,354.0,368.0,797,3,False,20.0,-5.25,0.0,-165.0,203.0,0.1092896174863387
2005-03-16,366.0,370.0,363.5,361.0,768,3,False,-7.0,12.75,0.0,-165.0,196.0,-0.03448275862068961
2005-03-17,359.5,361.0,357.5,366.5,768,3,False,5.5,-8.5,0.0,-165.0,201.5,0.028061224489795977
2005-03-18,365.25,366.5,362.5,356.5,771,3,False,-10.0,-4.25,0.0,-165.0,191.5,-0.04962779156327546
2005-03-21,355.25,356.5,352.5,342.5,441,3,False,-14.0,-4.0,0.0,-165.0,177.5,-0.07310704960835512
2005-03-22,343.0,345.0,342.75,344.5,1189,3,False,2.0,-10.875,0.0,-165.0,179.5,0.011267605633802802
2005-03-23,342.75,343.0,337.75,336.75,717,3,False,-7.75,1.875,0.0,-165.0,171.75,-0.04317548746518107
2005-03-24,336.5,337.5,333.25,338.5,469,3,False,1.75,-5.125,0.0,-165.0,173.5,0.010189228529839944
2005-03-28,337.75,337.75,334.25,336.0,230,3,False,-2.5,0.125,0.0,-165.0,171.0,-0.014409221902017322
2005-03-29,336.25,336.75,335.5,334.5,290,3,False,-1.5,-1.75,0.0,-165.0,169.5,-0.00877192982456143
2005-03-30,335.5,336.5,335.0,333.5,274,3,False,-1.0,-2.0,0.0,-165.0,168.5,-0.005899705014749235
2005-03-31,334.0,335.0,333.0,331.0,1024,3,False,-2.5,-4.75,0.0,-165.0,166.0,-0.014836795252225476
2005-04-01,331.5,332.5,328.25,322.5,615,4,False,-8.5,-4.25,0.0,-165.0,157.5,-0.051204819277108404
2005-04-04,322.5,323.5,321.25,316.5,127,4,False,-6.0,-6.875,0.0,-165.0,151.5,-0.03809523809523807
2005-04-05,316.5,317.0,315.5,311.25,544,4,False,-5.25,-1.5,0.0,-165.0,146.25,-0.034653465346534684
2005-04-06,311.75,313.5,310.25,314.25,253,4,False,3.0,-2.625,0.0,-165.0,149.25,0.02051282051282044
2005-04-07,314.25,316.0,314.0,314.25,739,4,False,0.0,-0.625,0.0,-165.0,149.25,0.0
2005-04-08,315.25,315.25,314.5,310.0,223,4,False,-4.25,1.75,0.0,-165.0,145.0,-0.028475711892797295
2005-04-11,310.5,311.75,310.5,313.5,1523,4,False,3.5,-3.375,0.0,-165.0,148.5,0.024137931034482696
2005-04-12,313.5,316.5,313.5,311.0,890,4,False,-2.5,1.5,0.0,-165.0,146.0,-0.01683501683501687
2005-04-13,311.25,311.25,309.75,310.5,294,4,False,-0.5,-2.0,0.0,-165.0,145.5,-0.003424657534246589
2005-04-14,311.0,311.25,310.0,309.0,81,4,False,-1.5,-2.125,0.0,-165.0,144.0,-0.010309278350515427
2005-04-15,309.0,309.0,307.25,305.25,363,4,False,-3.75,-2.5,0.0,-165.0,140.25,-0.02604166666666663
2005-04-18,304.25,304.25,301.75,301.75,194,4,False,-3.5,1.25,0.0,-165.0,136.75,-0.024955436720142554
2005-04-19,302.25,303.0,301.5,308.0,240,4,False,6.25,-0.375,0.0,-165.0,143.0,0.04570383912248621
2005-04-20,308.0,312.0,307.75,310.75,28,4,False,2.75,3.25,0.0,-165.0,145.75,0.019230769230769162
2005-04-21,312.0,312.25,311.25,311.0,73,4,False,0.25,0.5,0.0,-165.0,146.0,0.0017152658662091813
2005-04-22,310.5,312.5,310.0,309.25,2068,4,False,-1.75,5.875,0.0,-165.0,144.25,-0.011986301369863006
2005-04-25,314.0,314.0,312.0,320.75,193,4,False,11.5,0.125,0.0,-165.0,155.75,0.07972270363951472
2005-04-26,319.75,320.75,319.5,322.75,71,4,False,2.0,4.125,0.0,-165.0,157.75,0.01284109149277679
2005-04-27,323.25,324.5,323.0,319.5,16,4,False,-3.25,-0.125,0.0,-165.0,154.5,-0.020602218700475405
2005-04-28,319.5,320.5,319.5,317.25,25,4,False,-2.25,-1.25,0.0,-165.0,152.25,-0.014563106796116498
2005-04-29,318.0,318.0,315.0,318.0,6,4,False,0.75,-2.875,0.0,-165.0,153.0,0.0049261083743843415
2005-05-02,315.0,315.0,312.0,314.5,6,5,True,-3.5,-2.75,-0.75,-164.25,150.25,-0.017973856209150374
2005-05-03,308.25,308.25,308.25,308.25,6,5,False,-6.25,-1.75,0.0,-164.25,144.0,-0.04159733777038266
2005-05-04,308.25,308.25,308.25,308.25,1,5,False,0.0,-4.75,0.0,-164.25,144.0,0.0
2005-05-05,309.0,309.0,309.0,305.0,1,5,False,-3.25,2.25,0.0,-164.25,140.75,-0.02256944444444442
2005-05-06,309.5,309.5,309.5,309.5,2,5,False,4.5,-3.625,0.0,-164.25,145.25,0.03197158081705154
2005-05-09,309.75,309.75,309.75,305.5,2,5,False,-4.0,5.75,0.0,-164.25,141.25,-0.027538726333907082
2005-05-10,312.5,312.5,312.5,312.5,0,5,False,7.0,-5.25,0.0,-164.25,148.25,0.04955752212389375
2005-05-11,306.0,306.0,306.0,306.0,0,5,False,-6.5,1.25,0.0,-164.25,141.75,-0.04384485666104554
2005-05-12,301.5,301.5,301.5,301.5,0,5,False,-4.5,-5.75,0.0,-164.25,137.25,-0.031746031746031744
2005-05-13,296.5,296.5,296.5,296.5,673,5,False,-5.0,2.625,0.0,-164.25,132.25,-0.03642987249544627
2005-05-16,303.75,305.75,303.5,306.25,516,5,False,9.75,-0.625,0.0,-164.25,142.0,0.07372400756143671
2005-05-17,307.5,308.5,306.0,310.0,193,5,False,3.75,7.375,0.0,-164.25,145.75,0.02640845070422526
2005-05-18,310.0,311.0,309.25,315.0,406,5,False,5.0,-0.875,0.0,-164.25,150.75,0.03430531732418518
2005-05-19,315.0,317.5,315.0,309.5,151,5,False,-5.5,4.25,0.0,-164.25,145.25,-0.036484245439469265
2005-05-20,309.5,311.0,308.75,313.0,1126,5,False,3.5,7.625,0.0,-164.25,148.75,0.024096385542168752
2005-05-23,314.0,318.0,314.0,333.75,1288,5,False,20.75,0.875,0.0,-164.25,169.5,0.13949579831932768
2005-05-24,332.0,334.0,329.5,332.0,781,5,False,-1.75,9.5,0.0,-164.25,167.75,-0.010324483775811188
2005-05-25,331.0,334.0,329.0,330.25,156,5,False,-1.75,2.875,0.0,-164.25,166.0,-0.010432190760059634
2005-05-26,329.5,330.25,328.0,337.75,1250,5,False,7.5,-2.25,0.0,-164.25,173.5,0.04518072289156616
2005-05-27,338.5,342.0,337.0,335.0,1664,5,False,-2.75,2.125,0.0,-164.25,170.75,-0.015850144092218965
2005-05-31,341.0,342.75,338.5,331.75,351,5,False,-3.25,-1.5,0.0,-164.25,167.5,-0.019033674963396807
2005-06-01,330.5,331.75,330.0,331.5,756,6,False,-0.25,-5.625,0.0,-164.25,167.25,-0.0014925373134327957
2005-06-02,330.0,330.5,327.75,323.5,403,6,False,-8.0,-0.25,0.0,-164.25,159.25,-0.04783258594917783
2005-06-03,322.25,323.5,321.0,323.25,1003,6,False,-0.25,-4.375,0.0,-164.25,159.0,-0.0015698587127158659
2005-06-06,325.5,328.75,322.75,322.5,448,6,False,-0.75,-1.75,0.0,-164.25,158.25,-0.004716981132075526
2005-06-07,320.5,322.5,319.0,319.25,480,6,False,-3.25,-3.375,0.0,-164.25,155.0,-0.020537124802527673
2005-06-08,318.5,318.75,317.5,313.25,836,6,False,-6.0,-1.125,0.0,-164.25,149.0,-0.03870967741935483
2005-06-09,312.75,314.5,312.5,314.25,232,6,False,1.0,-3.375,0.0,-164.25,150.0,0.006711409395973256
2005-06-10,314.5,316.0,314.25,313.5,912,6,False,-0.75,0.625,0.0,-164.25,149.25,-0.0050000000000000044
2005-06-13,314.0,316.25,314.0,313.75,969,6,False,0.25,0.75,0.0,-164.25,149.5,0.0016750418760469454
2005-06-14,314.0,314.0,309.5,316.0,497,6,False,2.25,3.625,0.0,-164.25,151.75,0.015050167224080369
2005-06-15,316.0,318.5,315.25,323.0,650,6,False,7.0,1.375,0.0,-164.25,158.75,0.04612850082372333
2005-06-16,323.0,326.25,322.5,323.5,331,6,False,0.5,5.5,0.0,-164.25,159.25,0.0031496062992126816
2005-06-17,323.75,327.0,323.5,327.5,1345,6,False,4.0,6.0,0.0,-164.25,163.25,0.02511773940345363
2005-06-20,331.0,335.5,327.75,339.0,736,6,False,11.5,0.0,0.0,-164.25,174.75,0.07044410413476254
2005-06-21,338.5,340.0,332.25,335.0,596,6,False,-4.0,6.25,0.0,-164.25,170.75,-0.022889842632331958
2005-06-22,335.0,340.5,334.75,336.0,597,6,False,1.0,-4.125,0.0,-164.25,171.75,0.005856515373352744
2005-06-23,335.25,338.5,334.25,331.75,89,6,False,-4.25,4.375,0.0,-164.25,167.5,-0.024745269286754024
2005-06-24,331.0,335.0,331.0,339.5,547,6,False,7.75,-6.375,0.0,-164.25,175.25,0.04626865671641789
2005-06-27,339.5,340.0,334.0,331.0,287,6,False,-8.5,2.25,0.0,-164.25,166.75,-0.04850213980028528
2005-06-28,330.0,331.5,326.5,327.75,155,6,False,-3.25,-3.875,0.0,-164.25,163.5,-0.019490254872563728
2005-06-29,328.0,331.0,328.0,328.5,367,6,False,0.75,-5.125,0.0,-164.25,164.25,0.004587155963302836
2005-06-30,327.0,328.5,325.0,321.5,12,6,False,-7.0,1.75,0.0,-164.25,157.25,-0.0426179604261796
2005-07-01,324.0,324.0,322.0,324.25,7,7,True,2.75,2.875,-0.125,-164.125,160.125,0.01828298887122415
2005-07-05,324.75,324.75,324.75,337.0,6,7,False,12.75,-1.125,0.0,-164.125,172.875,0.07962529274004693
2005-07-06,332.0,332.0,332.0,332.0,242,7,False,-5.0,7.75,0.0,-164.125,167.875,-0.028922631959508283
2005-07-07,334.75,334.75,334.75,334.75,106,7,False,2.75,-5.625,0.0,-164.125,170.625,0.016381236038719216
2005-07-08,333.0,333.0,331.0,328.5,106,7,False,-6.25,0.625,0.0,-164.125,164.375,-0.03663003663003661
2005-07-11,327.0,327.0,327.0,327.0,11,7,False,-1.5,-4.75,0.0,-164.125,162.875,-0.009125475285171047
2005-07-12,327.0,327.75,327.0,323.75,11,7,False,-3.25,3.375,0.0,-164.125,159.625,-0.01995395241749809
2005-07-13,332.0,332.0,332.0,332.0,15,7,False,8.25,1.375,0.0,-164.125,167.875,0.05168363351605332
2005-07-14,332.0,332.0,332.0,338.0,576,7,False,6.0,9.375,0.0,-164.125,173.875,0.035740878629932915
2005-07-15,343.0,348.0,342.5,348.5,2348,7,False,10.5,4.875,0.0,-164.125,184.375,0.06038820992092031
2005-07-18,351.5,352.5,342.25,352.25,884,7,False,3.75,-1.625,0.0,-164.125,188.125,0.02033898305084736
2005-07-19,351.25,352.0,350.5,338.5,740,7,False,-13.75,-0.75,0.0,-164.125,174.375,-0.07308970099667778
2005-07-20,338.0,338.75,333.5,333.25,793,7,False,-5.25,-10.0,0.0,-164.125,169.125,-0.03010752688172047
2005-07-21,334.25,334.75,330.0,327.0,707,7,False,-6.25,-0.875,0.0,-164.125,162.875,-0.03695491500369552
2005-07-22,327.5,331.0,327.5,330.5,679,7,False,3.5,-5.5,0.0,-164.125,166.375,0.021488871834228762
2005-07-25,331.0,331.0,324.75,325.75,320,7,False,-4.75,3.125,0.0,-164.125,161.625,-0.02854996243426
2005-07-26,326.5,329.0,325.25,328.5,370,7,False,2.75,-1.375,0.0,-164.125,164.375,0.017014694508894035
2005-07-27,326.25,329.25,325.25,330.5,723,7,False,2.0,2.625,0.0,-164.125,166.375,0.012167300380228063
2005-07-28,331.0,333.25,331.0,333.0,253,7,False,2.5,-1.625,0.0,-164.125,168.875,0.015026296018031626
2005-07-29,332.5,334.0,332.0,327.75,610,7,False,-5.25,2.625,0.0,-164.125,163.625,-0.031088082901554404
2005-08-01,328.0,329.25,326.0,330.5,542,8,False,2.75,-1.875,0.0,-164.125,166.375,0.01680672268907557
2005-08-02,331.0,334.5,331.0,332.0,868,8,False,1.5,-1.625,0.0,-164.125,167.875,0.009015777610818843
2005-08-03,332.5,332.75,328.25,326.0,586,8,False,-6.0,0.25,0.0,-164.125,161.875,-0.035740878629933026
2005-08-04,326.0,327.0,323.75,325.0,339,8,False,-1.0,-5.5,0.0,-164.125,160.875,-0.00617760617760621
2005-08-05,325.0,326.5,324.25,320.0,878,8,False,-5.0,0.625,0.0,-164.125,155.875,-0.0310800310800311
2005-08-08,321.75,325.5,321.75,322.25,196,8,False,2.25,-3.875,0.0,-164.125,158.125,0.014434643143544479
2005-08-09,322.0,322.0,320.0,319.5,150,8,False,-2.75,3.125,0.0,-164.125,155.375,-0.017391304347826098
2005-08-10,319.5,319.75,319.0,323.5,683,8,False,4.0,0.0,0.0,-164.125,159.375,0.02574416733708773
2005-08-11,323.5,324.25,322.75,326.25,240,8,False,2.75,-0.5,0.0,-164.125,162.125,0.017254901960784386
2005-08-12,327.5,328.25,325.75,321.25,228,8,False,-5.0,-1.375,0.0,-164.125,157.125,-0.030840400925212008
2005-08-15,320.0,320.5,318.5,315.75,69,8,False,-5.5,-5.25,0.0,-164.125,151.625,-0.0350039777247414
2005-08-16,315.25,317.0,315.0,310.25,209,8,False,-5.5,-0.75,0.0,-164.125,146.125,-0.036273701566364336
2005-08-17,310.5,312.5,310.5,314.25,138,8,False,4.0,0.5,0.0,-164.125,150.125,0.0273738237810095
2005-08-18,314.25,317.0,314.25,320.75,332,8,False,6.5,4.25,0.0,-164.125,156.625,0.04329725228975856
2005-08-19,321.0,321.5,319.75,325.25,131,8,False,4.5,2.125,0.0,-164.125,161.125,0.02873104549082206
2005-08-22,324.0,325.5,322.5,323.0,66,8,False,-2.25,-0.625,0.0,-164.125,158.875,-0.013964313421256813
2005-08-23,322.75,323.0,322.25,317.25,66,8,False,-5.75,-2.75,0.0,-164.125,153.125,-0.03619197482297398
2005-08-24,316.5,317.5,316.5,314.0,54,8,False,-3.25,-2.0,0.0,-164.125,149.875,-0.0212244897959184
2005-08-25,314.25,314.25,311.75,315.75,205,8,False,1.75,-3.375,0.0,-164.125,151.625,0.011676396997498006
2005-08-26,315.75,315.75,314.75,312.25,238,8,False,-3.5,0.0,0.0,-164.125,148.125,-0.02308326463314092
2005-08-29,313.25,315.25,313.0,310.5,306,8,False,-1.75,-3.375,0.0,-164.125,146.375,-0.01181434599156117
2005-08-30,310.5,310.5,309.25,307.25,35,8,False,-3.25,-3.75,0.0,-164.125,143.125,-0.02220324508966698
2005-08-31,307.75,308.0,306.75,301.5,7,8,False,-5.75,1.0,0.0,-164.125,137.375,-0.04017467248908302
2005-09-01,303.0,307.25,303.0,306.75,1,9,True,5.25,-3.75,9.0,-173.125,133.625,-0.02729754322111011
2005-09-02,308.0,308.0,308.0,305.0,1,9,False,-1.75,2.875,0.0,-173.125,131.875,-0.013096351730589317
2005-09-06,305.25,305.25,305.25,305.5,1,9,False,0.5,-1.875,0.0,-173.125,132.375,0.0037914691943128354
2005-09-07,303.5,303.5,303.5,303.5,0,9,False,-2.0,3.0,0.0,-173.125,130.375,-0.01510859301227574
2005-09-08,309.0,309.0,309.0,309.0,0,9,False,5.5,1.0,0.0,-173.125,135.875,0.04218600191754551
2005-09-09,313.0,313.0,313.0,313.0,0,9,False,4.0,2.75,0.0,-173.125,139.875,0.029438822447102053
2005-09-12,313.0,313.0,313.0,313.0,0,9,False,0.0,3.75,0.0,-173.125,139.875,0.0
2005-09-13,316.5,316.5,316.5,316.5,0,9,False,3.5,-2.5,0.0,-173.125,143.375,0.02502234137622872
2005-09-14,311.5,311.5,311.5,311.5,283,9,False,-5.0,7.375,0.0,-173.125,138.375,-0.03487358326068002
2005-09-15,327.25,327.5,325.5,322.75,251,9,False,11.25,-1.75,0.0,-173.125,149.625,0.08130081300813008
2005-09-16,322.5,322.75,321.25,324.25,316,9,False,1.5,3.625,0.0,-173.125,151.125,0.010025062656641603
2005-09-19,324.25,325.0,323.5,320.25,219,9,False,-4.0,1.25,0.0,-173.125,147.125,-0.026468155500413593
2005-09-20,320.5,320.5,319.5,321.25,68,9,False,1.0,0.0,0.0,-173.125,148.125,0.00679694137638065
2005-09-21,321.25,322.5,320.75,325.25,453,9,False,4.0,4.0,0.0,-173.125,152.125,0.02700421940928277
2005-09-22,325.75,326.25,323.75,332.25,483,9,False,7.0,2.625,0.0,-173.125,159.125,0.046014790468364763
2005-09-23,332.5,334.0,332.0,333.5,504,9,False,1.25,1.375,0.0,-173.125,160.375,0.00785545954438338
2005-09-26,333.0,334.0,332.0,329.25,72,9,False,-4.25,-0.5,0.0,-173.125,156.125,-0.026500389711613392
2005-09-27,329.0,329.75,328.5,327.0,196,9,False,-2.25,-1.25,0.0,-173.125,153.875,-0.014411529223378738
2005-09-28,325.25,327.5,324.5,328.75,199,9,False,1.75,1.25,0.0,-173.125,155.625,0.011372867587327473
2005-09-29,329.25,331.0,329.0,333.5,289,9,False,4.75,7.25,0.0,-173.125,160.375,0.030522088353413634
2005-09-30,333.75,334.5,332.0,346.25,858,9,False,12.75,3.625,0.0,-173.125,173.125,0.07950116913484018
2005-10-03,346.25,348.25,345.5,348.75,360,10,False,2.5,5.625,0.0,-173.125,175.625,0.014440433212996373
2005-10-04,348.0,348.25,344.25,347.25,350,10,False,-1.5,0.125,0.0,-173.125,174.125,-0.008540925266903865
2005-10-05,347.5,347.75,345.75,345.0,113,10,False,-2.25,-0.625,0.0,-173.125,171.875,-0.012921751615218913
2005-10-06,345.75,346.25,344.75,345.25,119,10,False,0.25,-4.75,0.0,-173.125,172.125,0.001454545454545375
2005-10-07,345.0,345.25,343.5,338.0,274,10,False,-7.25,1.0,0.0,-173.125,164.875,-0.042120551924473504
2005-10-10,338.0,339.5,337.5,339.75,461,10,False,1.75,-2.125,0.0,-173.125,166.625,0.010614101592115288
2005-10-11,339.75,342.75,339.0,342.75,319,10,False,3.0,3.25,0.0,-173.125,169.625,0.018004501125281402
2005-10-12,342.75,343.75,341.5,347.5,215,10,False,4.75,-0.5,0.0,-173.125,174.375,0.028002947678702927
2005-10-13,347.0,347.25,345.75,343.5,103,10,False,-4.0,0.125,0.0,-173.125,170.375,-0.022939068100358395
2005-10-14,343.25,344.25,342.5,339.0,263,10,False,-4.5,-3.375,0.0,-173.125,165.875,-0.026412325752017574
2005-10-17,339.0,339.25,337.5,336.25,289,10,False,-2.75,-6.0,0.0,-173.125,163.125,-0.016578749058025588
2005-10-18,336.5,338.0,335.0,328.75,549,10,False,-7.5,-1.875,0.0,-173.125,155.625,-0.04597701149425293
2005-10-19,327.5,329.5,327.0,327.75,444,10,False,-1.0,-1.5,0.0,-173.125,154.625,-0.006425702811244993
2005-10-20,328.75,329.5,326.0,332.25,471,10,False,4.5,-1.625,0.0,-173.125,159.125,0.029102667744543176
2005-10-21,332.5,332.75,330.0,330.0,686,10,False,-2.25,-1.125,0.0,-173.125,156.875,-0.014139827179890041
2005-10-24,329.25,329.25,327.25,323.25,452,10,False,-6.75,0.0,0.0,-173.125,150.125,-0.04302788844621519
2005-10-25,323.0,324.25,322.25,325.5,496,10,False,2.25,-4.375,0.0,-173.125,152.375,0.014987510407993287
2005-10-26,325.5,326.75,324.75,323.5,280,10,False,-2.0,1.625,0.0,-173.125,150.375,-0.01312551271534046
2005-10-27,323.5,325.5,323.25,324.5,117,10,False,1.0,-4.375,0.0,-173.125,151.375,0.006650041562759723
2005-10-28,324.75,325.5,322.0,317.75,422,10,False,-6.75,0.125,0.0,-173.125,144.625,-0.04459124690338567
2005-10-31,317.5,318.75,317.0,317.0,340,10,False,-0.75,-3.375,0.0,-173.125,143.875,-0.0051858254105444646
2005-11-01,317.5,319.0,315.75,317.0,248,11,False,0.0,-2.375,0.0,-173.125,143.875,0.0
2005-11-02,317.0,317.5,315.25,313.0,123,11,False,-4.0,0.125,0.0,-173.125,139.875,-0.027801911381407418
2005-11-03,313.5,314.0,313.0,313.25,391,11,False,0.25,-3.0,0.0,-173.125,140.125,0.0017873100983021306
2005-11-04,314.0,315.0,314.0,311.25,241,11,False,-2.0,-0.5,0.0,-173.125,138.125,-0.014272970561998166
2005-11-07,311.25,312.25,310.0,310.0,459,11,False,-1.25,0.5,0.0,-173.125,136.875,-0.009049773755656076
2005-11-08,310.5,312.75,310.0,313.0,148,11,False,3.0,0.375,0.0,-173.125,139.875,0.021917808219177992
2005-11-09,313.25,315.0,313.25,315.0,814,11,False,2.0,-1.125,0.0,-173.125,141.875,0.014298480786416379
2005-11-10,315.25,317.5,315.25,309.75,358,11,False,-5.25,1.875,0.0,-173.125,136.625,-0.03700440528634363
2005-11-11,310.25,311.0,310.0,311.5,520,11,False,1.75,-2.5,0.0,-173.125,138.375,0.012808783165599191
2005-11-14,312.0,314.5,312.0,311.75,379,11,False,0.25,-1.5,0.0,-173.125,138.625,0.0018066847335140857
2005-11-15,312.0,316.0,311.75,307.0,366,11,False,-4.75,0.0,0.0,-173.125,133.875,-0.0342651036970244
2005-11-16,308.0,309.0,307.25,306.75,211,11,False,-0.25,-3.375,0.0,-173.125,133.625,-0.0018674136321195078
2005-11-17,307.25,307.75,306.25,304.75,134,11,False,-2.0,-1.5,0.0,-173.125,131.625,-0.014967259120673537
2005-11-18,304.75,306.0,303.75,302.0,478,11,False,-2.75,-2.75,0.0,-173.125,128.875,-0.02089268755935425
2005-11-21,301.5,303.5,300.0,298.5,448,11,False,-3.5,-2.125,0.0,-173.125,125.375,-0.027158098933074637
2005-11-22,298.25,300.25,298.25,297.0,215,11,False,-1.5,-1.75,0.0,-173.125,123.875,-0.011964107676969093
2005-11-23,297.75,299.25,297.25,297.0,215,11,False,0.0,-0.75,0.0,-173.125,123.875,0.0
2005-11-24,297.0,297.0,297.0,297.0,133,11,False,0.0,0.0,0.0,-173.125,123.875,0.0
2005-11-25,297.5,298.5,297.0,297.0,138,11,False,0.0,0.25,0.0,-173.125,123.875,0.0
2005-11-28,297.25,297.25,295.0,297.5,350,11,False,0.5,1.5,0.0,-173.125,124.375,0.004036326942482349
2005-11-29,299.0,299.75,298.5,300.5,149,11,False,3.0,2.0,0.0,-173.125,127.375,0.024120603015075348
2005-11-30,300.5,301.75,299.5,304.0,11,11,False,3.5,2.25,0.0,-173.125,130.875,0.027477919528949846
2005-12-01,303.75,305.5,303.75,305.5,11,12,True,1.5,0.75,0.75,-173.875,131.625,0.005730659025787954
2005-12-02,303.5,303.5,303.5,303.5,58,12,False,-2.0,1.25,0.0,-173.875,129.625,-0.015194681861348536
2005-12-05,304.5,304.5,304.5,304.5,58,12,False,1.0,-3.375,0.0,-173.875,130.625,0.0077145612343298975
2005-12-06,299.75,299.75,299.75,299.75,1,12,False,-4.75,-0.75,0.0,-173.875,125.875,-0.036363636363636376
2005-12-07,299.75,299.75,299.75,297.25,1,12,False,-2.5,-3.25,0.0,-173.875,123.375,-0.019860973187686204
2005-12-08,295.5,295.5,295.5,295.5,1,12,False,-1.75,-2.5,0.0,-173.875,121.625,-0.014184397163120588
2005-12-09,295.0,295.0,295.0,293.0,1,12,False,-2.5,2.375,0.0,-173.875,119.125,-0.020554984583761593
2005-12-12,299.5,299.5,299.5,299.5,0,12,False,6.5,1.0,0.0,-173.875,125.625,0.05456453305351516
2005-12-13,304.0,304.0,304.0,304.0,0,12,False,4.5,6.0,0.0,-173.875,130.125,0.035820895522387985
2005-12-14,309.5,309.5,309.5,309.5,723,12,False,5.5,6.875,0.0,-173.875,135.625,0.04226705091258398
2005-12-15,323.75,325.5,323.5,318.75,626,12,False,9.25,3.25,0.0,-173.875,144.875,0.06820276497695854
2005-12-16,319.0,321.5,317.5,319.75,392,12,False,1.0,6.375,0.0,-173.875,145.875,0.00690250215703192
2005-12-19,320.5,322.5,318.5,323.25,362,12,False,3.5,2.875,0.0,-173.875,149.375,0.023993144815766865
2005-12-20,323.25,325.0,323.25,328.0,538,12,False,4.75,1.5,0.0,-173.875,154.125,0.03179916317991638
2005-12-21,327.25,328.0,325.25,327.5,1219,12,False,-0.5,4.0,0.0,-173.875,153.625,-0.0032441200324412334
2005-12-22,328.0,329.0,327.5,330.75,311,12,False,3.25,1.625,0.0,-173.875,156.875,0.0211554109031733
2005-12-23,330.75,332.0,330.5,334.5,388,12,False,3.75,4.375,0.0,-173.875,160.625,0.0239043824701195
2005-12-27,334.0,336.0,333.0,340.0,424,12,False,5.5,4.625,0.0,-173.875,166.125,0.03424124513618687
2005-12-28,340.25,340.75,339.25,345.5,682,12,False,5.5,-1.375,0.0,-173.875,171.625,0.03310759969902177
2005-12-29,345.0,345.75,344.0,337.25,986,12,False,-8.25,3.75,0.0,-173.875,163.375,-0.04806991988346687
2005-12-30,336.0,337.0,335.25,339.25,994,12,False,2.0,-0.75,0.0,-173.875,165.375,0.01224177505738333
2006-01-03,340.0,343.75,340.0,346.0,574,1,False,6.75,1.125,0.0,-173.875,172.125,0.04081632653061229
2006-01-04,345.0,345.5,343.5,346.25,607,1,False,0.25,0.125,0.0,-173.875,172.375,0.001452432824981864
2006-01-05,346.0,346.75,343.0,339.75,267,1,False,-6.5,-4.375,0.0,-173.875,165.875,-0.037708484408991993
2006-01-06,338.5,339.5,338.25,330.75,1269,1,False,-9.0,-5.375,0.0,-173.875,156.875,-0.054257724189902046
2006-01-09,328.5,329.25,326.0,326.5,543,1,False,-4.25,-3.125,0.0,-173.875,152.625,-0.027091633466135412
2006-01-10,327.0,328.5,327.0,329.25,308,1,False,2.75,-1.5,0.0,-173.875,155.375,0.018018018018018056
2006-01-11,329.5,330.0,327.5,330.5,248,1,False,1.25,2.75,0.0,-173.875,156.625,0.008045052292839916
2006-01-12,330.25,330.75,329.0,333.25,269,1,False,2.75,1.375,0.0,-173.875,159.375,0.01755786113328006
2006-01-13,332.0,333.5,331.5,334.75,591,1,False,1.5,-1.625,0.0,-173.875,160.875,0.009411764705882453
2006-01-17,333.25,336.5,333.75,328.75,357,1,False,-6.0,-2.375,0.0,-173.875,154.875,-0.037296037296037254
2006-01-18,328.5,328.75,326.25,322.5,209,1,False,-6.25,-1.0,0.0,-173.875,148.625,-0.04035512510088779
2006-01-19,323.0,323.25,322.25,326.5,993,1,False,4.0,-3.125,0.0,-173.875,152.625,0.02691337258200166
2006-01-20,326.25,328.5,326.25,326.5,770,1,False,0.0,1.75,0.0,-173.875,152.625,0.0
2006-01-23,327.0,328.25,325.5,326.0,244,1,False,-0.5,3.25,0.0,-173.875,152.125,-0.003276003276003303
2006-01-24,325.75,327.0,325.0,332.5,601,1,False,6.5,4.5,0.0,-173.875,158.625,0.042728019720624566
2006-01-25,332.0,335.75,331.5,342.0,674,1,False,9.5,4.5,0.0,-173.875,168.125,0.05988967691095359
2006-01-26,341.25,342.0,340.0,344.5,476,1,False,2.5,4.25,0.0,-173.875,170.625,0.014869888475836479
2006-01-27,344.25,345.25,343.5,343.5,1221,1,False,-1.0,2.125,0.0,-173.875,169.625,-0.00586080586080584
2006-01-30,345.25,347.5,343.75,345.25,594,1,False,1.75,-1.5,0.0,-173.875,171.375,0.010316875460574693
2006-01-31,345.5,346.75,345.5,343.25,1404,1,False,-2.0,-1.125,0.0,-173.875,169.375,-0.011670313639679075
2006-02-01,343.0,343.5,339.25,339.25,363,2,False,-4.0,3.0,0.0,-173.875,165.375,-0.023616236162361637
2006-02-02,338.25,340.5,338.25,347.25,2333,2,False,8.0,2.625,0.0,-173.875,173.375,0.04837490551776269
2006-02-03,347.5,351.25,347.5,356.5,1647,2,False,9.25,3.25,0.0,-173.875,182.625,0.053352559480894124
2006-02-06,357.0,359.75,355.0,355.0,499,2,False,-1.5,3.0,0.0,-173.875,181.125,-0.008213552361396315
2006-02-07,357.25,357.25,355.0,351.75,1484,2,False,-3.25,1.75,0.0,-173.875,177.875,-0.01794340924775706
2006-02-08,350.25,350.75,348.0,356.75,1709,2,False,5.0,1.625,0.0,-173.875,182.875,0.028109627547435068
2006-02-09,357.5,359.5,357.0,363.25,3503,2,False,6.5,-1.5,0.0,-173.875,189.375,0.035543403964456655
2006-02-10,363.75,364.75,357.5,355.25,1786,2,False,-8.0,-0.375,0.0,-173.875,181.375,-0.042244224422442245
2006-02-13,356.0,359.0,354.0,348.0,426,2,False,-7.25,-4.375,0.0,-173.875,174.125,-0.0399724328049621
2006-02-14,348.25,349.0,346.5,347.25,1198,2,False,-0.75,-1.25,0.0,-173.875,173.375,-0.004307250538406304
2006-02-15,348.0,348.5,344.0,352.0,1340,2,False,4.75,3.125,0.0,-173.875,178.125,0.027397260273972712
2006-02-16,352.0,354.25,351.5,359.0,338,2,False,7.0,6.875,0.0,-173.875,185.125,0.039298245614035165
2006-02-17,358.5,359.5,357.0,368.0,1625,2,False,9.0,5.75,0.0,-173.875,194.125,0.04861580013504385
2006-02-21,367.25,371.0,367.0,372.5,573,2,False,4.5,1.0,0.0,-173.875,198.625,0.023180940115904658
2006-02-22,372.25,372.5,370.0,365.5,884,2,False,-7.0,2.625,0.0,-173.875,191.625,-0.03524229074889873
2006-02-23,365.25,365.25,362.5,366.25,394,2,False,0.75,-2.5,0.0,-173.875,192.375,0.00391389432485334
2006-02-24,366.25,368.5,365.5,368.25,474,2,False,2.0,2.875,0.0,-173.875,194.375,0.010396361273554255
2006-02-27,369.75,369.75,367.0,373.25,632,2,False,5.0,-0.5,0.0,-173.875,199.375,0.025723472668810254
2006-02-28,374.0,374.0,371.25,370.25,36,2,False,-3.0,-1.25,0.0,-173.875,196.375,-0.015047021943573657
2006-03-01,367.5,367.5,366.0,362.75,8,3,True,-7.5,1.625,-9.125,-164.75,198.0,0.008274984086569015
2006-03-02,361.25,361.25,359.75,369.0,24,3,False,6.25,-1.5,0.0,-164.75,204.25,0.031565656565656575
2006-03-03,371.0,371.0,367.0,373.5,4,3,False,4.5,1.375,0.0,-164.75,208.75,0.022031823745410017
2006-03-06,370.0,370.0,365.25,370.0,8,3,False,-3.5,2.5,0.0,-164.75,205.25,-0.016766467065868262
2006-03-07,370.0,370.0,369.75,370.5,13,3,False,0.5,1.0,0.0,-164.75,205.75,0.0024360535931791105
2006-03-08,371.0,371.0,371.0,376.0,4,3,False,5.5,-2.375,0.0,-164.75,211.25,0.026731470230862753
2006-03-09,375.0,375.0,373.0,370.75,14,3,False,-5.25,4.625,0.0,-164.75,206.0,-0.02485207100591713
2006-03-10,372.0,372.0,369.25,374.5,5,3,False,3.75,-9.875,0.0,-164.75,209.75,0.01820388349514568
2006-03-13,370.0,370.0,366.25,360.0,2,3,False,-14.5,-2.125,0.0,-164.75,195.25,-0.06912991656734202
2006-03-14,353.5,353.5,353.25,352.0,1463,3,False,-8.0,-2.25,0.0,-164.75,187.25,-0.04097311139564663
2006-03-15,363.25,364.25,361.25,362.0,449,3,False,10.0,-8.625,0.0,-164.75,197.25,0.05340453938584777
2006-03-16,362.5,363.0,360.0,352.75,1532,3,False,-9.25,7.375,0.0,-164.75,188.0,-0.04689480354879594
2006-03-17,353.0,355.75,351.0,357.5,1171,3,False,4.75,-8.25,0.0,-164.75,192.75,0.025265957446808596
2006-03-20,355.25,355.25,351.5,350.25,421,3,False,-7.25,3.5,0.0,-164.75,185.5,-0.03761348897535666
2006-03-21,351.5,351.5,350.25,352.5,656,3,False,2.25,-5.25,0.0,-164.75,187.75,0.0121293800539084
2006-03-22,352.5,355.25,352.5,349.25,157,3,False,-3.25,-1.5,0.0,-164.75,184.5,-0.017310252996005304
2006-03-23,350.0,350.0,348.75,344.0,376,3,False,-5.25,-2.375,0.0,-164.75,179.25,-0.028455284552845517
2006-03-24,344.0,345.0,343.5,342.5,4122,3,False,-1.5,-4.0,0.0,-164.75,177.75,-0.008368200836820106
2006-03-27,342.25,343.75,340.0,339.75,461,3,False,-2.75,0.0,0.0,-164.75,175.0,-0.015471167369901506
2006-03-28,340.5,340.75,339.25,341.25,539,3,False,1.5,-1.125,0.0,-164.75,176.5,0.008571428571428674
2006-03-29,342.25,343.75,341.75,341.75,531,3,False,0.5,2.125,0.0,-164.75,177.0,0.0028328611898016387
2006-03-30,341.25,341.75,340.25,344.5,1139,3,False,2.75,1.875,0.0,-164.75,179.75,0.015536723163841915
2006-03-31,343.75,346.5,343.0,347.75,1372,3,False,3.25,-1.5,0.0,-164.75,183.0,0.018080667593880495
2006-04-03,344.5,347.5,344.5,342.0,281,4,False,-5.75,2.0,0.0,-164.75,177.25,-0.031420765027322384
2006-04-04,342.0,342.5,341.0,342.75,295,4,False,0.75,-0.75,0.0,-164.75,178.0,0.004231311706629048
2006-04-05,342.5,343.0,341.0,347.0,970,4,False,4.25,3.125,0.0,-164.75,182.25,0.023876404494381998
2006-04-06,347.5,349.75,347.25,352.5,397,4,False,5.5,1.5,0.0,-164.75,187.75,0.030178326474622708
2006-04-07,352.75,353.25,350.5,351.25,959,4,False,-1.25,7.625,0.0,-164.75,186.5,-0.0066577896138482195
2006-04-10,353.25,356.25,352.0,361.0,678,4,False,9.75,2.625,0.0,-164.75,196.25,0.052278820375335044
2006-04-11,360.25,361.25,357.5,367.5,723,4,False,6.5,1.375,0.0,-164.75,202.75,0.03312101910828025
2006-04-12,367.0,367.0,364.0,360.5,2282,4,False,-7.0,1.75,0.0,-164.75,195.75,-0.03452527743526512
2006-04-13,361.0,363.25,360.25,357.5,611,4,False,-3.0,-7.5,0.0,-164.75,192.75,-0.01532567049808431
2006-04-17,354.0,357.0,353.75,349.5,203,4,False,-8.0,1.25,0.0,-164.75,184.75,-0.04150453955901423
2006-04-18,350.25,351.75,350.25,355.0,409,4,False,5.5,-4.125,0.0,-164.75,190.25,0.02976995940460081
2006-04-19,355.0,357.5,355.0,354.75,375,4,False,-0.25,1.875,0.0,-164.75,190.0,-0.0013140604467805073
2006-04-20,354.5,356.25,354.5,353.0,99,4,False,-1.75,-0.25,0.0,-164.75,188.25,-0.009210526315789447
2006-04-21,351.5,353.0,350.0,352.75,2115,4,False,-0.25,-1.875,0.0,-164.75,188.0,-0.0013280212483399723
2006-04-24,354.25,357.25,353.0,350.75,148,4,False,-2.0,-0.5,0.0,-164.75,186.0,-0.010638297872340385
2006-04-25,350.5,350.75,348.0,350.0,285,4,False,-0.75,-1.75,0.0,-164.75,185.25,-0.0040322580645161255
2006-04-26,350.0,351.75,348.5,348.5,748,4,False,-1.5,-3.375,0.0,-164.75,183.75,-0.0080971659919028
2006-04-27,348.0,348.25,347.25,342.5,79,4,False,-6.0,1.125,0.0,-164.75,177.75,-0.03265306122448974
2006-04-28,340.25,342.75,340.0,346.25,5,4,False,3.75,0.5,0.0,-164.75,181.5,0.021097046413502074
2006-05-01,349.0,350.25,349.0,353.25,7,5,True,7.0,2.875,4.125,-168.875,184.375,0.015840220385674897
2006-05-02,356.75,356.75,356.5,355.25,7,5,False,2.0,2.875,0.0,-168.875,186.375,0.010847457627118695
2006-05-03,354.0,354.0,354.0,354.0,0,5,False,-1.25,0.125,0.0,-168.875,185.125,-0.0067069081153587895
2006-05-04,352.25,352.25,352.25,352.25,0,5,False,-1.75,3.875,0.0,-168.875,183.375,-0.009453072248480798
2006-05-05,361.25,361.25,361.25,361.25,0,5,False,9.0,0.25,0.0,-168.875,192.375,0.04907975460122693
2006-05-08,364.0,364.0,358.75,363.5,0,5,False,2.25,10.5,0.0,-168.875,194.625,0.011695906432748648
2006-05-09,375.5,375.5,375.5,375.5,0,5,False,12.0,2.125,0.0,-168.875,206.625,0.061657032755298546
2006-05-10,377.5,377.5,377.5,377.5,3,5,False,2.0,8.5,0.0,-168.875,208.625,0.009679370840895318
2006-05-11,373.0,373.0,373.0,382.5,3,5,False,5.0,6.75,0.0,-168.875,213.625,0.023966446974236
2006-05-12,394.0,394.0,394.0,394.0,2534,5,False,11.5,5.25,0.0,-168.875,225.125,0.0538326506729081
2006-05-15,402.75,406.0,398.25,399.5,1966,5,False,5.5,7.75,0.0,-168.875,230.625,0.024430871737923354
2006-05-16,399.0,400.75,395.25,403.5,1788,5,False,4.0,12.5,0.0,-168.875,234.625,0.017344173441734334
2006-05-17,405.0,423.0,403.5,423.0,3517,5,False,19.5,-0.25,0.0,-168.875,254.125,0.08311134789557806
2006-05-18,423.0,423.25,418.5,418.5,1846,5,False,-4.5,8.625,0.0,-168.875,249.625,-0.017707820954254827
2006-05-19,418.5,418.5,414.0,416.25,3030,5,False,-2.25,2.75,0.0,-168.875,247.375,-0.009013520280420684
2006-05-22,418.75,419.0,409.0,426.25,3354,5,False,10.0,-4.375,0.0,-168.875,257.375,0.04042445679636186
2006-05-23,429.75,430.5,426.75,419.75,1599,5,False,-6.5,1.0,0.0,-168.875,250.875,-0.025254978144730433
2006-05-24,418.0,419.5,417.75,411.75,1461,5,False,-8.0,-4.375,0.0,-168.875,242.875,-0.03188839063278526
2006-05-25,411.0,412.25,404.5,409.5,4726,5,False,-2.25,-1.0,0.0,-168.875,240.625,-0.009264024704065843
2006-05-26,410.25,413.5,410.0,415.5,2370,5,False,6.0,-2.875,0.0,-168.875,246.625,0.024935064935065032
2006-05-30,417.5,421.5,414.0,412.0,1588,5,False,-3.5,-6.25,0.0,-168.875,243.125,-0.014191586416624435
2006-05-31,412.25,413.5,406.0,393.5,3575,5,False,-18.5,-2.5,0.0,-168.875,224.625,-0.07609254498714657
2006-06-01,394.25,396.25,392.25,392.0,1824,6,False,-1.5,-3.375,0.0,-168.875,223.125,-0.006677796327211993
2006-06-02,395.0,396.25,392.5,403.75,1653,6,False,11.75,-3.375,0.0,-168.875,234.875,0.05266106442577034
2006-06-05,400.75,402.75,400.0,398.5,2341,6,False,-5.25,-0.875,0.0,-168.875,229.625,-0.02235231506120272
2006-06-06,399.0,399.75,395.25,385.0,1081,6,False,-13.5,-1.25,0.0,-168.875,216.125,-0.05879150789330434
2006-06-07,386.5,387.25,384.5,387.75,604,6,False,2.75,-8.875,0.0,-168.875,218.875,0.012724117987275907
2006-06-08,387.5,388.75,386.5,383.5,537,6,False,-4.25,-4.125,0.0,-168.875,214.625,-0.01941747572815533
2006-06-09,383.5,384.5,382.75,372.5,1995,6,False,-11.0,-1.5,0.0,-168.875,203.625,-0.05125218404193366
2006-06-12,375.5,378.75,375.0,373.75,1801,6,False,1.25,-7.5,0.0,-168.875,204.875,0.006138735420503361
2006-06-13,374.25,375.5,370.0,369.75,2277,6,False,-4.0,-3.625,0.0,-168.875,200.875,-0.019524100061012795
2006-06-14,370.5,372.0,368.75,361.25,848,6,False,-8.5,-1.875,0.0,-168.875,192.375,-0.042314872433105166
2006-06-15,361.5,365.0,360.5,361.5,1612,6,False,0.25,-5.5,0.0,-168.875,192.625,0.001299545159194393
2006-06-16,361.5,365.5,361.0,359.0,995,6,False,-2.5,-0.125,0.0,-168.875,190.125,-0.0129785853341986
2006-06-19,359.0,360.5,357.0,358.5,518,6,False,-0.5,3.0,0.0,-168.875,189.625,-0.002629848783694988
2006-06-20,359.25,363.0,359.25,367.0,459,6,False,8.5,2.25,0.0,-168.875,198.125,0.04482531311799609
2006-06-21,365.25,370.0,364.75,372.0,186,6,False,5.0,1.0,0.0,-168.875,203.125,0.025236593059936974
2006-06-22,373.0,373.0,371.75,365.5,147,6,False,-6.5,1.375,0.0,-168.875,196.625,-0.03200000000000003
2006-06-23,365.5,366.5,365.0,363.25,334,6,False,-2.25,-0.625,0.0,-168.875,194.375,-0.011443102352193257
2006-06-26,362.0,363.25,360.0,368.5,126,6,False,5.25,3.75,0.0,-168.875,199.625,0.02700964630225089
2006-06-27,368.0,370.0,368.0,378.25,86,6,False,9.75,-0.5,0.0,-168.875,209.375,0.04884157795867261
2006-06-28,375.0,378.0,375.0,372.0,72,6,False,-6.25,5.875,0.0,-168.875,203.125,-0.02985074626865669
2006-06-29,370.75,371.0,367.75,374.0,299,6,False,2.0,-4.375,0.0,-168.875,205.125,0.009846153846153838
2006-06-30,376.0,380.0,375.0,371.5,43,6,False,-2.5,7.375,0.0,-168.875,202.625,-0.01218769043266299
2006-07-03,371.5,378.0,371.25,384.25,10,7,True,12.75,-0.125,12.875,-181.75,202.5,-0.0006169031462059937
2006-07-05,385.25,386.25,382.5,386.5,1,7,False,2.25,8.125,0.0,-181.75,204.75,0.011111111111111072
2006-07-06,390.0,390.0,390.0,390.0,5,7,False,3.5,-3.125,0.0,-181.75,208.25,0.017094017094017033
2006-07-07,390.0,391.0,390.0,381.5,22,7,False,-8.5,2.25,0.0,-181.75,199.75,-0.04081632653061229
2006-07-10,384.5,384.5,381.5,382.5,1,7,False,1.0,3.5,0.0,-181.75,200.75,0.005006257822277815
2006-07-11,388.0,388.0,388.0,398.0,24,7,False,15.5,-3.5,0.0,-181.75,216.25,0.0772104607721047
2006-07-12,400.0,400.0,400.0,390.0,4,7,False,-8.0,0.75,0.0,-181.75,208.25,-0.03699421965317917
2006-07-13,391.0,391.0,390.0,376.0,4,7,False,-14.0,-9.0,0.0,-181.75,194.25,-0.0672268907563025
2006-07-14,366.0,366.0,366.0,366.0,975,7,False,-10.0,6.5,0.0,-181.75,184.25,-0.051480051480051525
2006-07-17,397.0,401.0,395.75,393.0,613,7,False,27.0,-2.5,0.0,-181.75,211.25,0.14654002713704206
2006-07-18,395.0,395.75,393.25,398.0,995,7,False,5.0,11.0,0.0,-181.75,216.25,0.023668639053254337
2006-07-19,397.0,398.0,392.25,393.0,666,7,False,-5.0,9.25,0.0,-181.75,211.25,-0.023121387283236983
2006-07-20,391.5,394.75,390.75,406.5,1108,7,False,13.5,-2.125,0.0,-181.75,224.75,0.06390532544378691
2006-07-21,405.25,408.75,404.0,407.25,1165,7,False,0.75,3.375,0.0,-181.75,225.5,0.0033370411568409697
2006-07-24,405.75,405.75,400.0,400.5,875,7,False,-6.75,-3.25,0.0,-181.75,218.75,-0.029933481152993324
2006-07-25,402.5,404.25,401.25,393.25,622,7,False,-7.25,-9.0,0.0,-181.75,211.5,-0.03314285714285714
2006-07-26,395.0,396.0,393.25,382.0,2403,7,False,-11.25,-0.75,0.0,-181.75,200.25,-0.05319148936170215
2006-07-27,383.5,385.0,382.5,387.75,767,7,False,5.75,-5.25,0.0,-181.75,206.0,0.02871410736579283
2006-07-28,387.75,389.75,387.0,388.5,2333,7,False,0.75,7.375,0.0,-181.75,206.75,0.00364077669902918
2006-07-31,389.5,394.5,388.75,397.5,3686,7,False,9.0,-2.125,0.0,-181.75,215.75,0.043530834340991476
2006-08-01,396.75,397.5,391.75,392.5,4529,8,False,-5.0,9.0,0.0,-181.75,210.75,-0.023174971031286185
2006-08-02,393.0,403.25,393.0,401.5,4650,8,False,9.0,-5.625,0.0,-181.75,219.75,0.04270462633451966
2006-08-03,401.5,405.5,394.5,395.25,1709,8,False,-6.25,4.875,0.0,-181.75,213.5,-0.028441410693970437
2006-08-04,396.25,400.0,395.75,396.0,5167,8,False,0.75,-4.625,0.0,-181.75,214.25,0.003512880562060783
2006-08-07,394.5,396.0,390.5,393.0,9028,8,False,-3.0,-4.125,0.0,-181.75,211.25,-0.014002333722287097
2006-08-08,392.25,393.5,382.75,384.0,7075,8,False,-9.0,0.5,0.0,-181.75,202.25,-0.04260355029585794
2006-08-09,384.0,389.25,382.75,388.0,9296,8,False,4.0,-5.25,0.0,-181.75,206.25,0.01977750309023496
2006-08-10,388.0,390.5,385.25,386.5,6391,8,False,-1.5,-4.375,0.0,-181.75,204.75,-0.0072727272727273196
2006-08-11,386.5,390.25,373.0,373.75,7996,8,False,-12.75,-0.625,0.0,-181.75,192.0,-0.06227106227106227
2006-08-14,373.5,379.0,369.75,374.0,4520,8,False,0.25,-5.0,0.0,-181.75,192.25,0.0013020833333332593
2006-08-15,373.5,378.5,373.0,376.75,2263,8,False,2.75,-2.5,0.0,-181.75,195.0,0.014304291287386306
2006-08-16,376.25,381.5,371.25,371.5,4364,8,False,-5.25,-2.625,0.0,-181.75,189.75,-0.02692307692307694
2006-08-17,371.75,375.0,362.75,363.5,4126,8,False,-8.0,-2.125,0.0,-181.75,181.75,-0.04216073781291174
2006-08-18,363.75,366.5,357.25,364.5,1749,8,False,1.0,-3.375,0.0,-181.75,182.75,0.005502063273727709
2006-08-21,364.0,368.0,363.0,365.75,1945,8,False,1.25,-2.5,0.0,-181.75,184.0,0.0068399452804377425
2006-08-22,365.25,367.0,358.75,359.75,2085,8,False,-6.0,3.75,0.0,-181.75,178.0,-0.03260869565217395
2006-08-23,359.5,369.25,359.5,366.0,3092,8,False,6.25,1.75,0.0,-181.75,184.25,0.0351123595505618
2006-08-24,365.5,375.5,365.5,375.5,4420,8,False,9.5,4.625,0.0,-181.75,193.75,0.05156037991858886
2006-08-25,374.75,387.75,373.5,378.5,2989,8,False,3.0,7.875,0.0,-181.75,196.75,0.015483870967741842
2006-08-28,379.0,388.5,379.0,384.75,3286,8,False,6.25,-0.625,0.0,-181.75,203.0,0.031766200762388896
2006-08-29,384.75,387.0,380.0,380.5,2914,8,False,-4.25,11.625,0.0,-181.75,198.75,-0.020935960591133007
2006-08-30,381.25,397.0,380.5,397.5,1159,8,False,17.0,1.125,0.0,-181.75,215.75,0.08553459119496853
2006-08-31,398.25,404.25,395.5,404.0,691,8,False,6.5,7.125,0.0,-181.75,222.25,0.030127462340671984
2006-09-01,401.5,403.25,397.5,401.25,710,9,True,-2.75,4.625,-7.375,-174.375,226.875,0.0208098987626546
2006-09-05,406.0,408.0,406.0,404.0,253,9,False,2.75,-3.875,0.0,-174.375,229.625,0.0121212121212122
2006-09-06,399.25,399.25,399.25,399.0,304,9,False,-5.0,3.625,0.0,-174.375,224.625,-0.021774632553075657
2006-09-07,403.5,403.5,403.5,403.5,159,9,False,4.5,-4.25,0.0,-174.375,229.125,0.02003338898163598
2006-09-08,401.0,402.0,401.0,400.0,58,9,False,-3.5,1.25,0.0,-174.375,225.625,-0.015275504637206727
2006-09-11,396.5,396.5,396.5,398.0,30,9,False,-2.0,-6.375,0.0,-174.375,223.625,-0.008864265927977844
2006-09-12,395.0,395.0,395.0,388.75,1,9,False,-9.25,-4.625,0.0,-174.375,214.375,-0.0413638904415875
2006-09-13,389.0,389.0,389.0,381.5,1,9,False,-7.25,-6.875,0.0,-174.375,207.125,-0.0338192419825073
2006-09-14,377.0,377.0,377.0,377.0,11666,9,False,-4.5,4.125,0.0,-174.375,202.625,-0.021726010863005407
2006-09-15,391.25,398.0,387.5,392.5,10062,9,False,15.5,-0.75,0.0,-174.375,218.125,0.07649599012954966
2006-09-18,395.25,398.5,392.25,395.5,15011,9,False,3.0,14.5,0.0,-174.375,221.125,0.013753581661891223
2006-09-19,395.75,411.5,395.75,409.0,19346,9,False,13.5,0.875,0.0,-174.375,234.625,0.06105144149236863
2006-09-20,410.0,413.5,406.25,407.75,15165,9,False,-1.25,13.625,0.0,-174.375,233.375,-0.005327650506126824
2006-09-21,408.5,422.25,407.5,421.5,10091,9,False,13.75,-1.875,0.0,-174.375,247.125,0.05891805034815212
2006-09-22,420.75,421.5,417.5,419.0,14654,9,False,-2.5,4.25,0.0,-174.375,244.625,-0.010116337885685334
2006-09-25,418.0,419.75,411.25,413.75,11954,9,False,-5.25,3.375,0.0,-174.375,239.375,-0.02146142054164535
2006-09-26,414.0,426.5,414.0,423.0,15900,9,False,9.25,-2.0,0.0,-174.375,248.625,0.03864229765013061
2006-09-27,423.75,430.75,419.25,424.25,34628,9,False,1.25,15.25,0.0,-174.375,249.875,0.005027652086475598
2006-09-28,424.75,447.5,424.5,445.5,29239,9,False,21.25,-0.625,0.0,-174.375,271.125,0.08504252126063028
2006-09-29,445.5,452.75,442.0,443.0,21181,9,False,-2.5,12.125,0.0,-174.375,268.625,-0.009220839096357736
2006-10-02,445.0,458.5,443.5,446.0,6457,10,False,3.0,-4.5,0.0,-174.375,271.625,0.011167985109353129
2006-10-03,446.25,447.5,435.25,439.5,23505,10,False,-6.5,14.25,0.0,-174.375,265.125,-0.023930050621260968
2006-10-04,441.5,471.0,440.25,465.0,31322,10,False,25.5,-3.75,0.0,-174.375,290.625,0.09618104667609617
2006-10-05,464.0,486.25,463.5,464.0,19246,10,False,-1.0,12.75,0.0,-174.375,289.625,-0.0034408602150537426
2006-10-06,465.5,476.75,458.5,464.0,16053,10,False,0.0,14.5,0.0,-174.375,289.625,0.0
2006-10-09,467.25,497.25,466.25,494.0,34511,10,False,30.0,3.5,0.0,-174.375,319.625,0.1035822183858437
2006-10-10,524.0,524.0,493.25,501.0,16938,10,False,7.0,30.0,0.0,-174.375,326.625,0.02190066484161135
2006-10-11,501.0,531.0,500.5,531.0,31806,10,False,30.0,-4.25,0.0,-174.375,356.625,0.09184845005740527
2006-10-12,543.5,551.0,511.5,515.5,18184,10,False,-15.5,20.0,0.0,-174.375,341.125,-0.04346302138100244
2006-10-13,516.5,538.25,516.5,525.5,13157,10,False,10.0,0.75,0.0,-174.375,351.125,0.029314767314034373
2006-10-16,525.0,538.75,521.5,542.5,17869,10,False,17.0,-0.75,0.0,-174.375,368.125,0.04841580633677456
2006-10-17,541.0,555.0,528.75,531.0,13630,10,False,-11.5,-0.75,0.0,-174.375,356.625,-0.031239388794567113
2006-10-18,531.25,531.25,512.25,512.5,12496,10,False,-18.5,-5.5,0.0,-174.375,338.125,-0.05187521906764814
2006-10-19,512.5,528.25,505.5,513.0,11751,10,False,0.5,-13.25,0.0,-174.375,338.625,0.0014787430683917968
2006-10-20,513.5,523.0,502.5,505.0,14512,10,False,-8.0,6.25,0.0,-174.375,330.625,-0.023624953857511954
2006-10-23,506.5,521.5,499.0,517.0,12152,10,False,12.0,-1.25,0.0,-174.375,342.625,0.03629489603024583
2006-10-24,517.25,527.25,511.5,522.5,16630,10,False,5.5,3.125,0.0,-174.375,348.125,0.016052535570959536
2006-10-25,526.0,540.0,515.25,516.75,13812,10,False,-5.75,-1.875,0.0,-174.375,342.375,-0.016517055655296264
2006-10-26,516.25,517.25,505.25,507.5,16140,10,False,-9.25,-2.375,0.0,-174.375,333.125,-0.027017159547280012
2006-10-27,509.25,522.75,500.25,508.5,15717,10,False,1.0,-8.375,0.0,-174.375,334.125,0.0030018761726078314
2006-10-30,507.0,513.5,497.25,501.0,23110,10,False,-7.5,-8.5,0.0,-174.375,326.625,-0.02244668911335579
2006-10-31,502.25,503.75,482.75,483.0,19981,10,False,-18.0,-1.5,0.0,-174.375,308.625,-0.05510907003444321
2006-11-01,485.75,494.0,476.5,487.5,19232,11,False,4.5,-7.0,0.0,-174.375,313.125,0.014580801944106936
2006-11-02,490.0,509.0,488.0,491.5,11222,11,False,4.0,2.75,0.0,-174.375,317.125,0.012774451097804285
2006-11-03,491.0,493.0,484.75,492.5,11963,11,False,1.0,4.75,0.0,-174.375,318.125,0.0031533307055577886
2006-11-06,495.5,501.75,493.5,498.0,19854,11,False,5.5,0.0,0.0,-174.375,323.625,0.0172888015717092
2006-11-07,498.75,501.0,493.25,497.0,27560,11,False,-1.0,6.25,0.0,-174.375,322.625,-0.0030899961375048246
2006-11-08,497.5,518.25,497.5,504.0,25477,11,False,7.0,-8.5,0.0,-174.375,329.625,0.02169701666020929
2006-11-09,505.0,508.0,487.0,488.0,23496,11,False,-16.0,-0.25,0.0,-174.375,313.625,-0.048540007584376155
2006-11-10,490.0,491.25,478.25,480.5,18181,11,False,-7.5,-9.75,0.0,-174.375,306.125,-0.02391390992427267
2006-11-13,479.0,487.25,476.5,477.0,23034,11,False,-3.5,1.0,0.0,-174.375,302.625,-0.011433238056349548
2006-11-14,477.25,492.75,470.5,486.5,16832,11,False,9.5,-4.25,0.0,-174.375,312.125,0.03139198678232136
2006-11-15,490.0,497.0,481.25,481.5,12059,11,False,-5.0,-1.625,0.0,-174.375,307.125,-0.01601922306768122
2006-11-16,480.25,485.5,466.25,468.75,5221,11,False,-12.75,0.125,0.0,-174.375,294.375,-0.04151404151404148
2006-11-17,471.0,474.75,465.0,474.0,5708,11,False,5.25,-5.875,0.0,-174.375,299.625,0.017834394904458595
2006-11-20,477.0,486.25,471.75,475.0,7688,11,False,1.0,5.0,0.0,-174.375,300.625,0.003337505214851877
2006-11-21,476.0,480.75,472.0,479.75,5764,11,False,4.75,3.75,0.0,-174.375,305.375,0.01580041580041569
2006-11-22,482.0,498.0,478.0,486.25,5764,11,False,6.5,2.375,0.0,-174.375,311.875,0.021285304952926687
2006-11-23,486.25,486.25,486.25,486.25,1300,11,False,0.0,10.125,0.0,-174.375,311.875,0.0
2006-11-24,487.25,501.0,483.0,500.0,3925,11,False,13.75,-4.875,0.0,-174.375,325.625,0.044088176352705455
2006-11-27,501.25,508.0,485.75,490.25,3088,11,False,-9.75,5.375,0.0,-174.375,315.875,-0.02994241842610368
2006-11-28,493.75,493.75,480.5,487.25,4577,11,False,-3.0,-3.25,0.0,-174.375,312.875,-0.009497427779976308
2006-11-29,487.0,492.25,479.0,490.5,2399,11,False,3.25,4.25,0.0,-174.375,316.125,0.010387534958050448
2006-11-30,491.5,505.25,491.0,502.0,2028,11,False,11.5,0.625,0.0,-174.375,327.625,0.036378015025701815
2006-12-01,507.0,507.0,497.5,500.0,1381,12,True,-2.0,5.5,-7.5,-166.875,333.125,0.016787485692483894
2006-12-04,499.0,500.25,491.5,499.5,918,12,False,-0.5,-1.75,0.0,-166.875,332.625,-0.0015009380863039157
2006-12-05,498.0,498.5,493.25,498.0,631,12,False,-1.5,-11.75,0.0,-166.875,331.125,-0.00450958286358516
2006-12-06,495.0,495.0,475.0,475.0,216,12,False,-23.0,0.5,0.0,-166.875,308.125,-0.06946017365043411
2006-12-07,472.0,476.25,469.5,477.5,124,12,False,2.5,-15.75,0.0,-166.875,310.625,0.008113590263691739
2006-12-08,476.0,476.0,468.0,469.0,8,12,False,-8.5,4.25,0.0,-166.875,302.125,-0.027364185110663963
2006-12-11,470.25,471.5,463.5,475.0,40,12,False,6.0,-9.25,0.0,-166.875,308.125,0.019859329747621057
2006-12-12,474.5,477.25,467.75,465.0,7,12,False,-10.0,6.75,0.0,-166.875,298.125,-0.032454361054766734
2006-12-13,465.0,466.5,464.75,472.5,9,12,False,7.5,-2.75,0.0,-166.875,305.625,0.02515723270440251
2006-12-14,472.5,476.25,472.5,477.0,9926,12,False,4.5,12.375,0.0,-166.875,310.125,0.014723926380368013
2006-12-15,491.75,495.0,486.0,494.25,11464,12,False,17.25,-1.125,0.0,-166.875,327.375,0.055622732769044836
2006-12-18,494.5,494.75,481.5,487.5,12128,12,False,-6.75,10.875,0.0,-166.875,320.625,-0.020618556701030966
2006-12-19,487.5,494.5,482.25,492.0,9595,12,False,4.5,-2.5,0.0,-166.875,325.125,0.01403508771929829
2006-12-20,492.75,495.0,486.75,493.75,16960,12,False,1.75,7.0,0.0,-166.875,326.875,0.005382545174932751
2006-12-21,494.0,504.25,493.0,503.25,14086,12,False,9.5,6.25,0.0,-166.875,336.375,0.02906309751434044
2006-12-22,504.25,514.5,502.25,514.0,9649,12,False,10.75,6.125,0.0,-166.875,347.125,0.031958379784466695
2006-12-26,516.0,521.25,513.0,516.75,9590,12,False,2.75,0.5,0.0,-166.875,349.875,0.00792221822110184
2006-12-27,515.75,518.0,506.75,507.0,10026,12,False,-9.75,0.0,0.0,-166.875,340.125,-0.027867095391211127
2006-12-28,507.5,511.25,502.5,504.25,12316,12,False,-2.75,-6.5,0.0,-166.875,337.375,-0.008085262771040047
2006-12-29,504.0,506.75,494.75,501.0,27006,12,False,-3.25,-13.625,0.0,-166.875,334.125,-0.009633197480548361
2007-01-03,493.0,493.75,476.25,476.5,22414,1,False,-24.5,-6.125,0.0,-166.875,309.625,-0.07332585110362888
2007-01-04,478.0,479.75,464.5,467.5,15557,1,False,-9.0,-10.875,0.0,-166.875,300.625,-0.02906742026645137
2007-01-05,469.0,470.75,462.0,470.25,19820,1,False,2.75,-7.625,0.0,-166.875,303.375,0.009147609147609037
2007-01-08,470.0,471.25,455.5,464.0,22266,1,False,-6.25,-4.125,0.0,-166.875,297.125,-0.02060156571899463
2007-01-09,461.0,463.5,453.0,453.0,28888,1,False,-11.0,-4.875,0.0,-166.875,286.125,-0.037021455616323085
2007-01-10,453.0,457.5,447.75,449.5,23174,1,False,-3.5,-2.0,0.0,-166.875,282.625,-0.012232415902140636
2007-01-11,450.5,464.5,450.5,456.5,6913,1,False,7.0,9.75,0.0,-166.875,289.625,0.024767801857585203
2007-01-12,458.75,486.5,457.25,479.5,31960,1,False,23.0,-4.25,0.0,-166.875,312.625,0.07941303409581346
2007-01-16,480.0,484.5,463.5,464.0,22819,1,False,-15.5,18.0,0.0,-166.875,297.125,-0.049580167932826824
2007-01-17,463.75,480.0,462.5,477.0,24322,1,False,13.0,-10.75,0.0,-166.875,310.125,0.04375262936474544
2007-01-18,477.0,484.75,466.75,471.0,16383,1,False,-6.0,4.5,0.0,-166.875,304.125,-0.019347037484885088
2007-01-19,471.0,473.0,464.5,467.0,15765,1,False,-4.0,-4.0,0.0,-166.875,300.125,-0.013152486642005745
2007-01-22,466.0,470.5,464.0,465.0,21969,1,False,-2.0,5.625,0.0,-166.875,298.125,-0.006663890045814247
2007-01-23,466.0,480.75,465.5,480.25,27608,1,False,15.25,-8.125,0.0,-166.875,313.375,0.05115303983228503
2007-01-24,481.5,482.5,463.5,466.0,20165,1,False,-14.25,9.0,0.0,-166.875,299.125,-0.04547267650578379
2007-01-25,468.25,472.5,461.25,468.75,13409,1,False,2.75,-9.75,0.0,-166.875,301.875,0.009193480986209757
2007-01-26,468.75,470.5,462.25,463.5,15215,1,False,-5.25,-2.125,0.0,-166.875,296.625,-0.017391304347826098
2007-01-29,465.0,466.25,455.75,456.5,18326,1,False,-7.0,-1.125,0.0,-166.875,289.625,-0.02359882005899705
2007-01-30,457.5,461.25,453.5,459.5,23804,1,False,3.0,0.5,0.0,-166.875,292.625,0.01035822183858448
2007-01-31,460.5,469.5,459.5,467.5,17325,1,False,8.0,-2.125,0.0,-166.875,300.625,0.02733874412644166
2007-02-01,467.5,471.75,459.5,460.25,11784,2,False,-7.25,4.5,0.0,-166.875,293.375,-0.024116424116424118
2007-02-02,459.5,464.5,455.75,461.25,10452,2,False,1.0,-5.0,0.0,-166.875,294.375,0.003408606731998276
2007-02-05,462.75,466.0,458.5,458.5,22120,2,False,-2.75,-3.25,0.0,-166.875,291.625,-0.009341825902335454
2007-02-06,458.5,460.5,450.5,451.0,27512,2,False,-7.5,-0.875,0.0,-166.875,284.125,-0.025717959708529747
2007-02-07,452.5,455.5,449.25,452.0,28877,2,False,1.0,-1.25,0.0,-166.875,285.125,0.0035195776506820042
2007-02-08,452.75,460.0,451.5,457.0,29226,2,False,5.0,2.125,0.0,-166.875,290.125,0.017536168347216163
2007-02-09,459.0,470.5,457.25,460.25,26323,2,False,3.25,0.25,0.0,-166.875,293.375,0.011202068074106064
2007-02-12,462.5,464.0,454.5,455.75,21288,2,False,-4.5,3.25,0.0,-166.875,288.875,-0.015338730293992353
2007-02-13,456.0,461.25,455.0,459.0,20044,2,False,3.25,-6.25,0.0,-166.875,292.125,0.011250540891388994
2007-02-14,461.0,461.25,448.25,451.0,13023,2,False,-8.0,2.75,0.0,-166.875,284.125,-0.02738553701326485
2007-02-15,452.0,456.0,447.75,453.25,19918,2,False,2.25,3.375,0.0,-166.875,286.375,0.007919049714034232
2007-02-16,453.5,470.0,451.75,468.0,9040,2,False,14.75,-0.625,0.0,-166.875,301.125,0.051505892623308513
2007-02-20,468.25,469.5,462.75,464.5,13933,2,False,-3.5,13.125,0.0,-166.875,297.625,-0.01162308011623081
2007-02-21,465.5,479.25,462.75,476.0,13169,2,False,11.5,5.0,0.0,-166.875,309.125,0.03863922721545565
2007-02-22,477.0,490.5,476.0,489.5,6468,2,False,13.5,3.125,0.0,-166.875,322.625,0.04367165386170635
2007-02-23,490.0,490.0,483.75,484.25,8703,2,False,-5.25,6.125,0.0,-166.875,317.375,-0.016272762495156967
2007-02-26,484.75,494.0,482.0,483.0,6178,2,False,-1.25,-9.0,0.0,-166.875,316.125,-0.003938558487593502
2007-02-27,482.0,482.75,454.75,470.25,3670,2,False,-12.75,1.5,0.0,-166.875,303.375,-0.04033214709371291
2007-02-28,469.75,474.75,465.0,474.5,3947,2,False,4.25,-9.625,0.0,-166.875,307.625,0.014009064688916384
2007-03-01,474.25,474.25,455.5,468.0,1973,3,True,-6.5,-2.125,-4.375,-162.5,305.5,-0.006907761072734608
2007-03-02,462.0,466.75,459.0,459.5,1157,3,False,-8.5,1.0,0.0,-162.5,297.0,-0.02782324058919805
2007-03-05,460.75,464.25,453.5,468.0,925,3,False,8.5,-8.5,0.0,-162.5,305.5,0.028619528619528545
2007-03-06,468.5,468.5,459.75,459.5,727,3,False,-8.5,7.75,0.0,-162.5,297.0,-0.02782324058919805
2007-03-07,461.75,466.5,461.75,466.5,118,3,False,7.0,-5.5,0.0,-162.5,304.0,0.023569023569023573
2007-03-08,465.5,469.25,463.25,464.0,19,3,False,-2.5,4.25,0.0,-162.5,301.5,-0.008223684210526327
2007-03-09,463.75,469.0,463.75,465.5,44,3,False,1.5,-4.0,0.0,-162.5,303.0,0.004975124378109541
2007-03-12,465.5,465.75,464.0,460.0,44,3,False,-5.5,-1.25,0.0,-162.5,297.5,-0.018151815181518205
2007-03-13,461.5,461.5,455.75,456.0,19,3,False,-4.0,-7.75,0.0,-162.5,293.5,-0.013445378151260456
2007-03-14,455.0,455.0,452.75,446.0,27324,3,False,-10.0,2.75,0.0,-162.5,283.5,-0.03407155025553665
2007-03-15,463.75,468.0,455.5,455.5,24654,3,False,9.5,-2.375,0.0,-162.5,293.0,0.0335097001763669
2007-03-16,455.0,466.5,452.0,460.75,22115,3,False,5.25,1.875,0.0,-162.5,298.25,0.017918088737201465
2007-03-19,462.5,465.0,452.0,455.0,23616,3,False,-5.75,6.5,0.0,-162.5,292.5,-0.019279128248113953
2007-03-20,456.0,463.75,453.5,462.75,17697,3,False,7.75,-1.5,0.0,-162.5,300.25,0.0264957264957264
2007-03-21,465.0,469.75,460.0,465.5,17555,3,False,2.75,4.625,0.0,-162.5,303.0,0.00915903413821817
2007-03-22,466.0,469.25,461.0,467.0,13720,3,False,1.5,-1.375,0.0,-162.5,304.5,0.004950495049504955
2007-03-23,468.0,468.75,460.75,461.5,12417,3,False,-5.5,-1.0,0.0,-162.5,299.0,-0.01806239737274218
2007-03-26,462.0,466.0,451.25,458.0,16400,3,False,-3.5,-4.75,0.0,-162.5,295.5,-0.01170568561872909
2007-03-27,458.0,459.75,451.75,454.0,18975,3,False,-4.0,-0.5,0.0,-162.5,291.5,-0.013536379018612488
2007-03-28,455.5,458.75,452.25,456.5,13178,3,False,2.5,0.25,0.0,-162.5,294.0,0.00857632933104635
2007-03-29,457.5,469.0,455.25,461.0,19316,3,False,4.5,-10.25,0.0,-162.5,298.5,0.015306122448979664
2007-03-30,461.25,466.0,432.25,438.0,39006,3,False,-23.0,-2.75,0.0,-162.5,275.5,-0.07705192629815749
2007-04-02,433.75,437.75,412.0,428.0,50289,4,False,-10.0,-16.0,0.0,-162.5,265.5,-0.0362976406533575
2007-04-03,428.0,431.75,419.5,419.0,28313,4,False,-9.0,1.125,0.0,-162.5,256.5,-0.03389830508474578
2007-04-04,420.5,437.25,420.5,431.25,28581,4,False,12.25,2.375,0.0,-162.5,268.75,0.04775828460038989
2007-04-05,433.5,450.0,432.0,445.0,24727,4,False,13.75,7.375,0.0,-162.5,282.5,0.051162790697674376
2007-04-09,455.0,474.5,441.75,447.5,46082,4,False,2.5,12.0,0.0,-162.5,285.0,0.008849557522123908
2007-04-10,448.25,464.0,448.0,457.75,29983,4,False,10.25,0.5,0.0,-162.5,295.25,0.035964912280701755
2007-04-11,459.5,464.25,456.0,456.25,36546,4,False,-1.5,6.0,0.0,-162.5,293.75,-0.005080440304826461
2007-04-12,455.5,463.0,448.75,458.0,32306,4,False,1.75,9.5,0.0,-162.5,295.5,0.005957446808510625
2007-04-13,461.75,485.5,459.75,478.5,41485,4,False,20.5,-0.75,0.0,-162.5,316.0,0.0693739424703892
2007-04-16,475.75,480.0,471.5,475.25,18450,4,False,-3.25,11.375,0.0,-162.5,312.75,-0.010284810126582333
2007-04-17,482.25,489.75,474.5,477.5,15475,4,False,2.25,-3.125,0.0,-162.5,315.0,0.007194244604316502
2007-04-18,475.0,485.0,475.0,474.5,6949,4,False,-3.0,11.875,0.0,-162.5,312.0,-0.00952380952380949
2007-04-19,476.0,495.75,474.75,496.0,11972,4,False,21.5,1.5,0.0,-162.5,333.5,0.06891025641025639
2007-04-20,496.0,514.0,490.25,502.0,14335,4,False,6.0,6.75,0.0,-162.5,339.5,0.01799100449775115
2007-04-23,503.0,504.0,490.25,494.0,9747,4,False,-8.0,-2.25,0.0,-162.5,331.5,-0.02356406480117823
2007-04-24,492.25,492.25,479.5,483.5,4203,4,False,-10.5,7.375,0.0,-162.5,321.0,-0.03167420814479638
2007-04-25,485.5,513.5,485.5,506.25,5436,4,False,22.75,-4.875,0.0,-162.5,343.75,0.0708722741433021
2007-04-26,509.0,519.75,503.5,507.0,6565,4,False,0.75,8.125,0.0,-162.5,344.5,0.0021818181818182847
2007-04-27,504.75,506.25,492.5,500.5,5752,4,False,-6.5,-7.125,0.0,-162.5,338.0,-0.018867924528301883
2007-04-30,486.0,497.75,482.25,485.5,3988,4,False,-15.0,-1.75,0.0,-162.5,323.0,-0.044378698224852076
2007-05-01,480.5,488.0,468.5,488.5,1938,5,True,3.0,-12.0,15.0,-177.5,311.0,-0.037151702786377694
2007-05-02,483.0,484.5,477.25,479.5,1424,5,False,-9.0,2.25,0.0,-177.5,302.0,-0.02893890675241162
2007-05-03,479.0,483.75,479.0,481.0,1191,5,False,1.5,-4.0,0.0,-177.5,303.5,0.004966887417218624
2007-05-04,476.0,481.5,476.0,482.0,611,5,False,1.0,0.75,0.0,-177.5,304.5,0.0032948929159801743
2007-05-07,482.25,484.5,474.0,482.0,461,5,False,0.0,-6.0,0.0,-177.5,304.5,0.0
2007-05-08,478.0,478.0,468.0,469.0,209,5,False,-13.0,1.0,0.0,-177.5,291.5,-0.04269293924466333
2007-05-09,473.25,473.25,472.5,471.0,140,5,False,2.0,-5.5,0.0,-177.5,293.5,0.006861063464836947
2007-05-10,470.25,474.0,470.25,473.0,64,5,False,2.0,6.0,0.0,-177.5,295.5,0.006814310051107331
2007-05-11,469.75,474.75,469.75,483.0,24,5,False,10.0,4.0,0.0,-177.5,305.5,0.03384094754653133
2007-05-14,493.0,493.0,489.0,489.0,22512,5,False,6.0,11.5,0.0,-177.5,311.5,0.019639934533551617
2007-05-15,494.25,507.5,488.25,502.0,26310,5,False,13.0,0.375,0.0,-177.5,324.5,0.04173354735152479
2007-05-16,502.75,504.25,495.0,496.75,18396,5,False,-5.25,0.875,0.0,-177.5,319.25,-0.016178736517719616
2007-05-17,496.75,498.75,483.25,485.5,22656,5,False,-11.25,-9.75,0.0,-177.5,308.0,-0.035238841033672696
2007-05-18,489.0,490.25,470.75,471.25,25313,5,False,-14.25,-1.5,0.0,-177.5,293.75,-0.04626623376623373
2007-05-21,471.25,480.75,468.5,479.5,23270,5,False,8.25,-11.375,0.0,-177.5,302.0,0.028085106382978786
2007-05-22,478.0,478.25,468.25,471.0,21306,5,False,-8.5,6.875,0.0,-177.5,293.5,-0.028145695364238388
2007-05-23,471.25,478.75,471.0,476.5,13233,5,False,5.5,3.0,0.0,-177.5,299.0,0.01873935264054505
2007-05-24,476.75,493.25,475.75,491.0,26366,5,False,14.5,7.75,0.0,-177.5,313.5,0.04849498327759205
2007-05-25,492.0,502.5,489.25,501.0,18984,5,False,10.0,2.25,0.0,-177.5,323.5,0.03189792663476876
2007-05-29,499.25,502.5,488.5,491.0,27560,5,False,-10.0,14.875,0.0,-177.5,313.5,-0.03091190108191655
2007-05-30,492.25,512.75,490.5,510.75,31655,5,False,19.75,-1.875,0.0,-177.5,333.25,0.06299840510366828
2007-05-31,511.0,523.75,507.75,517.0,38197,5,False,6.25,11.75,0.0,-177.5,339.5,0.01875468867216812
2007-06-01,517.5,530.25,515.25,520.75,40226,6,False,3.75,2.875,0.0,-177.5,343.25,0.011045655375552244
2007-06-04,523.25,530.75,519.0,520.25,30437,6,False,-0.5,5.375,0.0,-177.5,342.75,-0.0014566642388929019
2007-06-05,521.5,535.75,520.25,527.25,40572,6,False,7.0,-4.0,0.0,-177.5,349.75,0.020423048869438354
2007-06-06,527.75,531.5,515.75,519.75,29194,6,False,-7.5,5.875,0.0,-177.5,342.25,-0.021443888491779806
2007-06-07,519.0,528.75,514.5,524.5,34157,6,False,4.75,-2.25,0.0,-177.5,347.0,0.013878743608473298
2007-06-08,524.25,530.75,516.25,527.5,32577,6,False,3.0,16.625,0.0,-177.5,350.0,0.008645533141210304
2007-06-11,535.25,557.5,533.5,556.0,47832,6,False,28.5,6.0,0.0,-177.5,378.5,0.0814285714285714
2007-06-12,554.75,576.0,552.75,565.0,54324,6,False,9.0,26.5,0.0,-177.5,387.5,0.023778071334213946
2007-06-13,565.5,595.0,560.5,589.5,52514,6,False,24.5,13.0,0.0,-177.5,412.0,0.06322580645161291
2007-06-14,590.75,619.25,589.25,606.5,68004,6,False,17.0,12.25,0.0,-177.5,429.0,0.04126213592233019
2007-06-15,605.25,612.75,603.0,606.5,34638,6,False,0.0,5.75,0.0,-177.5,429.0,0.0
2007-06-18,608.0,611.5,595.75,601.0,25911,6,False,-5.5,-10.0,0.0,-177.5,423.5,-0.012820512820512775
2007-06-19,605.0,605.0,578.25,581.0,34562,6,False,-20.0,9.25,0.0,-177.5,403.5,-0.0472255017709563
2007-06-20,582.0,611.0,582.0,605.0,28835,6,False,24.0,-9.5,0.0,-177.5,427.5,0.059479553903345694
2007-06-21,606.25,618.0,592.25,606.0,18421,6,False,1.0,5.125,0.0,-177.5,428.5,0.002339181286549641
2007-06-22,603.75,607.75,586.0,592.25,12626,6,False,-13.75,-0.875,0.0,-177.5,414.75,-0.032088681446907796
2007-06-25,592.75,596.0,584.5,589.5,14613,6,False,-2.75,2.625,0.0,-177.5,412.0,-0.006630500301386344
2007-06-26,589.25,618.0,585.0,608.5,11900,6,False,19.0,-2.625,0.0,-177.5,431.0,0.04611650485436902
2007-06-27,609.25,624.0,597.0,606.0,13462,6,False,-2.5,11.0,0.0,-177.5,428.5,-0.0058004640371229765
2007-06-28,607.5,616.0,602.75,609.0,11175,6,False,3.0,-14.75,0.0,-177.5,431.5,0.007001166861143604
2007-06-29,609.0,633.75,580.5,582.0,4302,6,False,-27.0,-4.75,0.0,-177.5,404.5,-0.06257242178447275
2007-07-02,583.25,594.25,564.0,569.5,1669,7,True,-12.5,-12.5,0.0,-177.5,392.0,-0.030902348578491945
2007-07-03,570.0,575.0,562.5,571.5,2038,7,False,2.0,3.5,0.0,-177.5,394.0,0.005102040816326481
2007-07-05,580.0,594.0,579.5,591.0,1218,7,False,19.5,5.75,0.0,-177.5,413.5,0.04949238578680193
2007-07-06,592.0,600.0,589.0,600.5,641,7,False,9.5,3.75,0.0,-177.5,423.0,0.022974607013301007
2007-07-09,601.75,601.75,589.0,588.5,569,7,False,-12.0,6.5,0.0,-177.5,411.0,-0.028368794326241176
2007-07-10,591.25,601.0,591.25,592.0,319,7,False,3.5,3.5,0.0,-177.5,414.5,0.008515815085158085
2007-07-11,595.25,614.0,595.25,611.0,348,7,False,19.0,2.0,0.0,-177.5,433.5,0.045838359469239975
2007-07-12,617.5,617.5,602.75,611.5,295,7,False,0.5,10.75,0.0,-177.5,434.0,0.0011534025374855261
2007-07-13,611.5,616.0,608.5,614.0,20268,7,False,2.5,-5.875,0.0,-177.5,436.5,0.005760368663594528
2007-07-16,611.75,614.5,599.5,601.75,30539,7,False,-12.25,1.0,0.0,-177.5,424.25,-0.028064146620847663
2007-07-17,602.25,619.0,600.5,601.25,44374,7,False,-0.5,5.0,0.0,-177.5,423.75,-0.0011785503830288313
2007-07-18,603.0,627.5,599.25,623.5,34158,7,False,22.25,-2.0,0.0,-177.5,446.0,0.05250737463126853
2007-07-19,624.25,638.5,616.0,620.0,47495,7,False,-3.5,9.25,0.0,-177.5,442.5,-0.007847533632286963
2007-07-20,619.75,630.25,613.25,616.25,24598,7,False,-3.75,0.25,0.0,-177.5,438.75,-0.008474576271186418
2007-07-23,616.25,622.5,611.0,620.25,31867,7,False,4.0,9.0,0.0,-177.5,442.75,0.00911680911680901
2007-07-24,622.75,648.0,622.0,642.0,36063,7,False,21.75,-2.0,0.0,-177.5,464.5,0.04912478825522304
2007-07-25,640.5,643.25,630.25,634.0,24596,7,False,-8.0,19.375,0.0,-177.5,456.5,-0.017222820236813763
2007-07-26,635.0,664.0,634.0,651.0,63702,7,False,17.0,-2.875,0.0,-177.5,473.5,0.03723986856516981
2007-07-27,651.0,656.5,643.5,653.25,28608,7,False,2.25,0.625,0.0,-177.5,475.75,0.0047518479408659164
2007-07-30,654.5,655.25,632.0,637.5,29358,7,False,-15.75,-2.625,0.0,-177.5,460.0,-0.03310562270099837
2007-07-31,639.0,640.5,626.0,630.0,33476,7,False,-7.5,-4.875,0.0,-177.5,452.5,-0.016304347826086918
2007-08-01,630.25,637.25,620.0,636.0,34276,8,False,6.0,-0.875,0.0,-177.5,458.5,0.013259668508287303
2007-08-02,638.0,651.75,638.0,641.75,32048,8,False,5.75,7.125,0.0,-177.5,464.25,0.012540894220283594
2007-08-03,643.5,651.25,643.5,650.0,15480,8,False,8.25,9.875,0.0,-177.5,472.5,0.017770597738287597
2007-08-06,647.0,665.75,641.25,664.0,47983,8,False,14.0,3.375,0.0,-177.5,486.5,0.029629629629629672
2007-08-07,664.5,670.75,658.25,662.5,42035,8,False,-1.5,15.25,0.0,-177.5,485.0,-0.0030832476875641834
2007-08-08,661.5,681.75,661.0,679.0,37564,8,False,16.5,-3.5,0.0,-177.5,501.5,0.03402061855670113
2007-08-09,678.5,696.5,673.75,673.5,49367,8,False,-5.5,5.0,0.0,-177.5,496.0,-0.010967098703888345
2007-08-10,672.0,680.5,661.75,667.0,44877,8,False,-6.5,-3.0,0.0,-177.5,489.5,-0.01310483870967738
2007-08-13,673.0,677.0,660.25,666.5,38738,8,False,-0.5,9.75,0.0,-177.5,489.0,-0.0010214504596527396
2007-08-14,669.25,693.5,667.25,692.5,33095,8,False,26.0,-7.25,0.0,-177.5,515.0,0.053169734151329306
2007-08-15,692.0,702.75,678.0,678.5,26644,8,False,-14.0,10.25,0.0,-177.5,501.0,-0.027184466019417486
2007-08-16,678.5,682.75,654.75,673.0,19925,8,False,-5.5,-7.5,0.0,-177.5,495.5,-0.010978043912175606
2007-08-17,674.25,678.0,660.5,672.0,9510,8,False,-1.0,-1.25,0.0,-177.5,494.5,-0.0020181634712411745
2007-08-20,670.0,676.5,663.5,675.0,11258,8,False,3.0,7.75,0.0,-177.5,497.5,0.006066734074823055
2007-08-21,675.0,693.25,675.0,691.5,10955,8,False,16.5,15.0,0.0,-177.5,514.0,0.03316582914572863
2007-08-22,691.0,720.0,686.25,718.5,18387,8,False,27.0,10.25,0.0,-177.5,541.0,0.05252918287937747
2007-08-23,716.5,735.0,708.5,722.5,10282,8,False,4.0,15.125,0.0,-177.5,545.0,0.007393715341959428
2007-08-24,723.5,732.0,718.5,725.75,9662,8,False,3.25,0.25,0.0,-177.5,548.25,0.00596330275229362
2007-08-27,725.75,729.5,718.75,722.25,13475,8,False,-3.5,0.75,0.0,-177.5,544.75,-0.006383948928408545
2007-08-28,722.0,737.75,718.0,720.5,13433,8,False,-1.75,9.0,0.0,-177.5,543.0,-0.0032124827902707542
2007-08-29,720.75,742.0,714.0,742.0,10792,8,False,21.5,13.125,0.0,-177.5,564.5,0.03959484346224684
2007-08-30,742.0,774.0,741.75,770.0,12286,8,False,28.0,9.25,0.0,-177.5,592.5,0.049601417183348095
2007-08-31,768.5,793.5,761.25,767.0,4441,8,False,-3.0,34.0,0.0,-177.5,589.5,-0.005063291139240533
2007-09-04,784.0,811.25,783.25,807.0,4440,9,True,40.0,16.25,23.75,-201.25,605.75,0.027565733672603843
2007-09-05,808.25,886.0,808.25,842.5,5186,9,False,35.5,6.75,0.0,-201.25,641.25,0.05860503508047876
2007-09-06,843.5,844.0,808.0,816.0,1385,9,False,-26.5,29.75,0.0,-201.25,614.75,-0.04132553606237821
2007-09-07,818.5,838.0,808.75,840.0,1819,9,False,24.0,-8.75,0.0,-201.25,638.75,0.03904026026840168
2007-09-10,837.0,863.75,837.0,849.0,452,9,False,9.0,23.0,0.0,-201.25,647.75,0.014090019569471535
2007-09-11,850.0,867.25,843.0,871.0,270,9,False,22.0,-11.0,0.0,-201.25,669.75,0.033963720571208
2007-09-12,881.5,887.75,838.75,840.0,354,9,False,-31.0,3.75,0.0,-201.25,638.75,-0.046285927584919784
2007-09-13,845.25,845.25,815.5,825.5,190,9,False,-14.5,-9.25,0.0,-201.25,624.25,-0.022700587084148682
2007-09-14,815.0,841.0,815.0,838.0,41618,9,False,12.5,11.25,0.0,-201.25,636.75,0.020024028834601415
2007-09-17,854.5,876.0,853.75,875.0,38929,9,False,37.0,3.25,0.0,-201.25,673.75,0.05810757754220641
2007-09-18,876.5,898.0,865.25,869.0,43201,9,False,-6.0,6.5,0.0,-201.25,667.75,-0.008905380333951718
2007-09-19,870.75,875.75,839.0,845.0,38003,9,False,-24.0,-0.5,0.0,-201.25,643.75,-0.03594159490827409
2007-09-20,845.5,862.5,839.5,850.0,41479,9,False,5.0,0.0,0.0,-201.25,648.75,0.007766990291262044
2007-09-21,850.25,879.75,850.25,874.0,36210,9,False,24.0,4.375,0.0,-201.25,672.75,0.03699421965317917
2007-09-24,876.0,896.25,870.5,877.75,34257,9,False,3.75,16.75,0.0,-201.25,676.5,0.00557413600891854
2007-09-25,879.5,905.0,872.75,887.25,43089,9,False,9.5,16.875,0.0,-201.25,686.0,0.014042867701404393
2007-09-26,887.25,917.25,885.0,917.25,46091,9,False,30.0,12.625,0.0,-201.25,716.0,0.0437317784256559
2007-09-27,929.25,946.75,925.5,933.0,46737,9,False,15.75,18.0,0.0,-201.25,731.75,0.0219972067039107
2007-09-28,933.0,961.5,921.75,939.0,49470,9,False,6.0,14.625,0.0,-201.25,737.75,0.008199521694567835
2007-10-01,953.25,958.5,941.75,952.5,33762,10,False,13.5,-12.0,0.0,-201.25,751.25,0.018298881735005157
2007-10-02,955.0,959.0,922.5,922.5,27342,10,False,-30.0,9.0,0.0,-201.25,721.25,-0.03993344425956735
2007-10-03,913.5,944.0,892.5,927.0,63924,10,False,4.5,-25.5,0.0,-201.25,725.75,0.006239168110918625
2007-10-04,939.0,948.0,904.25,906.0,52448,10,False,-21.0,-5.75,0.0,-201.25,704.75,-0.028935583878746174
2007-10-05,907.25,912.25,888.0,890.0,41717,10,False,-16.0,-25.5,0.0,-201.25,688.75,-0.02270308620078043
2007-10-08,886.5,889.0,860.0,860.0,20495,10,False,-30.0,-15.25,0.0,-201.25,658.75,-0.04355716878402904
2007-10-09,845.75,876.25,835.0,845.5,59866,10,False,-14.5,-11.25,0.0,-201.25,644.25,-0.02201138519924095
2007-10-10,845.0,858.5,841.0,853.0,41844,10,False,7.5,7.75,0.0,-201.25,651.75,0.011641443538998875
2007-10-11,853.0,883.0,852.0,883.0,34455,10,False,30.0,-9.0,0.0,-201.25,681.75,0.04602991944764101
2007-10-12,886.0,890.0,853.0,857.5,45819,10,False,-25.5,3.0,0.0,-201.25,656.25,-0.037403740374037375
2007-10-15,856.0,863.0,827.5,833.5,42938,10,False,-24.0,-15.25,0.0,-201.25,632.25,-0.03657142857142859
2007-10-16,832.0,836.0,815.5,828.5,43414,10,False,-5.0,-16.0,0.0,-201.25,627.25,-0.007908264136022192
2007-10-17,830.75,837.5,818.25,820.5,36083,10,False,-8.0,0.0,0.0,-201.25,619.25,-0.012754085292945416
2007-10-18,824.0,831.75,818.5,825.5,29559,10,False,5.0,11.0,0.0,-201.25,624.25,0.008074283407347504
2007-10-19,827.0,855.5,824.25,855.5,38799,10,False,30.0,10.25,0.0,-201.25,654.25,0.04805766920304366
2007-10-22,855.25,874.25,837.25,871.0,38122,10,False,15.5,0.0,0.0,-201.25,669.75,0.023691249522353797
2007-10-23,873.25,878.0,841.0,841.0,45106,10,False,-30.0,-7.25,0.0,-201.25,639.75,-0.044792833146696576
2007-10-24,838.0,840.5,811.0,811.0,31782,10,False,-30.0,-19.5,0.0,-201.25,609.75,-0.04689331770222738
2007-10-25,804.25,814.75,790.25,802.0,41556,10,False,-9.0,-16.0,0.0,-201.25,600.75,-0.014760147601476037
2007-10-26,799.75,810.0,795.5,800.0,27166,10,False,-2.0,9.75,0.0,-201.25,598.75,-0.0033291718684976823
2007-10-29,800.0,830.0,798.5,828.5,36410,10,False,28.5,-8.25,0.0,-201.25,627.25,0.04759916492693117
2007-10-30,828.5,829.0,808.75,814.0,45067,10,False,-14.5,11.25,0.0,-201.25,612.75,-0.023116779593463477
2007-10-31,812.75,823.25,804.0,808.0,36813,10,False,-6.0,-22.125,0.0,-201.25,606.75,-0.009791921664626724
2007-11-01,811.0,825.0,778.0,778.25,56769,11,False,-29.75,-2.875,0.0,-201.25,577.0,-0.04903172641120723
2007-11-02,778.5,786.5,774.5,778.5,40844,11,False,0.25,-11.625,0.0,-201.25,577.25,0.0004332755632583396
2007-11-05,778.0,792.5,773.0,785.0,34815,11,False,6.5,6.125,0.0,-201.25,583.75,0.011260285838025075
2007-11-06,787.25,804.0,786.25,797.0,32875,11,False,12.0,-1.375,0.0,-201.25,595.75,0.02055674518201278
2007-11-07,799.0,811.0,786.25,787.75,42671,11,False,-9.25,-6.875,0.0,-201.25,586.5,-0.01552664708350815
2007-11-08,787.25,791.5,761.75,762.0,44058,11,False,-25.75,-4.625,0.0,-201.25,560.75,-0.04390451832907072
2007-11-09,762.5,765.5,744.75,762.0,49684,11,False,0.0,-13.375,0.0,-201.25,560.75,0.0
2007-11-12,762.5,770.5,748.5,761.0,44183,11,False,-1.0,-6.5,0.0,-201.25,559.75,-0.001783325902808719
2007-11-13,761.0,765.0,745.75,748.0,43481,11,False,-13.0,1.75,0.0,-201.25,546.75,-0.023224653863331834
2007-11-14,748.0,759.25,740.75,752.5,35156,11,False,4.5,0.0,0.0,-201.25,551.25,0.008230452674897082
2007-11-15,754.0,773.25,753.75,765.5,40901,11,False,13.0,-5.75,0.0,-201.25,564.25,0.02358276643990931
2007-11-16,767.75,770.0,745.75,749.5,35556,11,False,-16.0,9.875,0.0,-201.25,548.25,-0.028356225077536545
2007-11-19,750.75,764.0,750.25,756.25,23744,11,False,6.75,0.625,0.0,-201.25,555.0,0.012311901504787892
2007-11-20,757.5,774.75,749.0,773.5,33111,11,False,17.25,18.375,0.0,-201.25,572.25,0.031081081081081097
2007-11-21,773.75,803.5,772.0,803.5,25119,11,False,30.0,20.125,0.0,-201.25,602.25,0.05242463958060295
2007-11-23,810.75,833.5,805.5,826.5,12015,11,False,23.0,8.75,0.0,-201.25,625.25,0.03819012038190128
2007-11-26,825.5,841.0,811.5,814.0,12924,11,False,-12.5,19.0,0.0,-201.25,612.75,-0.01999200319872052
2007-11-27,830.5,830.75,806.25,829.0,13485,11,False,15.0,8.75,0.0,-201.25,627.75,0.02447980416156681
2007-11-28,831.0,859.0,822.0,859.0,8903,11,False,30.0,12.5,0.0,-201.25,657.75,0.04778972520907998
2007-11-29,869.0,892.0,859.0,869.0,12192,11,False,10.0,14.0,0.0,-201.25,667.75,0.01520334473584195
2007-11-30,864.0,888.75,845.75,867.0,9575,11,False,-2.0,-1.0,0.0,-201.25,665.75,-0.0029951329090228684
2007-12-03,865.75,866.5,845.25,855.0,3976,12,True,-12.0,9.0,-21.0,-180.25,674.75,0.013518588058580638
2007-12-04,857.75,873.75,855.75,875.0,3664,12,False,20.0,-11.625,0.0,-180.25,694.75,0.02964060763245646
2007-12-05,876.0,876.0,850.25,863.75,4234,12,False,-11.25,13.625,0.0,-180.25,683.5,-0.01619287513494061
2007-12-06,855.0,874.5,855.0,871.0,3220,12,False,7.25,10.625,0.0,-180.25,690.75,0.01060716898317482
2007-12-07,872.75,903.75,871.5,903.5,3082,12,False,32.5,6.375,0.0,-180.25,723.25,0.047050307636626876
2007-12-10,916.25,927.0,903.5,909.0,1403,12,False,5.5,8.75,0.0,-180.25,728.75,0.0076045627376426506
2007-12-11,910.75,911.0,890.0,894.0,1018,12,False,-15.0,22.75,0.0,-180.25,713.75,-0.020583190394511175
2007-12-12,885.5,931.0,885.5,934.0,523,12,False,40.0,-7.5,0.0,-180.25,753.75,0.05604203152364273
2007-12-13,934.0,950.5,910.75,934.0,339,12,False,0.0,22.5,0.0,-180.25,753.75,0.0
2007-12-14,937.0,948.5,926.25,939.0,49978,12,False,5.0,13.5,0.0,-180.25,758.75,0.0066334991708125735
2007-12-17,984.0,1009.5,965.75,966.0,66022,12,False,27.0,-4.5,0.0,-180.25,785.75,0.035584843492586504
2007-12-18,969.25,977.0,945.5,952.0,37540,12,False,-14.0,24.25,0.0,-180.25,771.75,-0.017817371937639215
2007-12-19,954.5,979.0,947.0,973.5,27123,12,False,21.5,-16.75,0.0,-180.25,793.25,0.02785876255264008
2007-12-20,977.0,983.0,950.25,954.0,31683,12,False,-19.5,8.25,0.0,-180.25,773.75,-0.024582414119130203
2007-12-21,954.75,959.75,938.25,949.0,21390,12,False,-5.0,-16.625,0.0,-180.25,768.75,-0.00646203554119551
2007-12-24,944.0,947.0,928.5,935.25,17121,12,False,-13.75,0.5,0.0,-180.25,755.0,-0.01788617886178867
2007-12-26,939.0,952.5,934.0,941.25,14609,12,False,6.0,-20.0,0.0,-180.25,761.0,0.007947019867549754
2007-12-27,940.75,946.0,913.0,915.0,20921,12,False,-26.25,-12.0,0.0,-180.25,734.75,-0.03449408672798948
2007-12-28,914.0,920.25,885.0,885.0,30279,12,False,-30.0,-13.125,0.0,-180.25,704.75,-0.04083021435862533
2007-12-31,883.0,899.5,877.25,885.0,18904,12,False,0.0,0.0,0.0,-180.25,704.75,0.0
2008-01-02,892.5,915.0,888.25,915.0,19795,1,False,30.0,15.0,0.0,-180.25,734.75,0.04256828662646339
2008-01-03,920.0,945.0,919.0,945.0,35847,1,False,30.0,8.25,0.0,-180.25,764.75,0.04083021435862544
2008-01-04,947.0,958.0,916.25,931.5,43772,1,False,-13.5,0.75,0.0,-180.25,751.25,-0.017652827721477582
2008-01-07,926.75,934.0,902.0,903.0,37282,1,False,-28.5,-4.5,0.0,-180.25,722.75,-0.03793677204658907
2008-01-08,903.75,929.75,895.5,907.5,49999,1,False,4.5,-23.25,0.0,-180.25,727.25,0.006226219301279867
2008-01-09,912.25,916.5,889.25,889.5,41809,1,False,-18.0,-1.25,0.0,-180.25,709.25,-0.02475077346167065
2008-01-10,887.0,907.0,878.5,882.5,51394,1,False,-7.0,4.375,0.0,-180.25,702.25,-0.009869580542826939
2008-01-11,890.0,912.5,885.0,909.25,51394,1,False,26.75,0.375,0.0,-180.25,729.0,0.03809184763260953
2008-01-14,912.5,939.25,902.75,917.0,51394,1,False,7.75,20.875,0.0,-180.25,736.75,0.01063100137174211
2008-01-15,914.0,943.5,901.0,932.0,51394,1,False,15.0,1.125,0.0,-180.25,751.75,0.02035968781812003
2008-01-16,931.75,942.75,902.0,926.5,51394,1,False,-5.5,14.5,0.0,-180.25,746.25,-0.0073162620552045254
2008-01-17,928.5,956.5,927.25,940.5,51394,1,False,14.0,8.25,0.0,-180.25,760.25,0.018760469011725345
2008-01-18,940.25,967.5,923.5,962.5,49162,1,False,22.0,-7.25,0.0,-180.25,782.25,0.028937849391647452
2008-01-22,949.75,986.5,932.5,934.0,70336,1,False,-28.5,-3.5,0.0,-180.25,753.75,-0.03643336529242569
2008-01-23,935.0,951.75,904.25,905.0,56849,1,False,-29.0,-12.25,0.0,-180.25,724.75,-0.038474295190713104
2008-01-24,914.75,929.0,902.25,909.0,54230,1,False,4.0,-2.5,0.0,-180.25,728.75,0.0055191445325974975
2008-01-25,912.0,938.5,903.25,933.0,47992,1,False,24.0,17.0,0.0,-180.25,752.75,0.03293310463121779
2008-01-28,939.75,963.0,933.0,963.0,44258,1,False,30.0,2.5,0.0,-180.25,782.75,0.03985386914646294
2008-01-29,974.5,993.0,939.25,944.0,70331,1,False,-19.0,4.25,0.0,-180.25,763.75,-0.02427339508144366
2008-01-30,948.25,950.5,921.5,922.5,43121,1,False,-21.5,-6.0,0.0,-180.25,742.25,-0.02815057283142386
2008-01-31,923.0,942.25,909.5,929.5,45353,1,False,7.0,-4.0,0.0,-180.25,749.25,0.009430784776018886
2008-02-01,934.0,957.25,933.5,943.0,65887,2,False,13.5,18.5,0.0,-180.25,762.75,0.018018018018018056
2008-02-04,948.5,973.0,948.0,973.0,37914,2,False,30.0,21.75,0.0,-180.25,792.75,0.039331366764995046
2008-02-05,977.75,1003.0,972.25,1003.0,49367,2,False,30.0,30.0,0.0,-180.25,822.75,0.03784295175023655
2008-02-06,1017.5,1033.0,1016.0,1033.0,48835,2,False,30.0,30.0,0.0,-180.25,852.75,0.03646308113035546
2008-02-07,1060.0,1063.0,1034.0,1063.0,70240,2,False,30.0,30.0,0.0,-180.25,882.75,0.03518029903254183
2008-02-08,1079.0,1093.0,1079.0,1093.0,37942,2,False,30.0,-7.5,0.0,-180.25,912.75,0.03398470688190325
2008-02-11,1153.0,1153.0,1055.0,1048.0,113696,2,False,-45.0,-5.5,0.0,-180.25,867.75,-0.04930156121610518
2008-02-12,1048.0,1064.25,989.0,1007.0,74474,2,False,-41.0,-30.25,0.0,-180.25,826.75,-0.04724863151829439
2008-02-13,1005.25,1014.75,980.0,991.5,63197,2,False,-15.5,-0.25,0.0,-180.25,811.25,-0.018748110069549462
2008-02-14,1009.5,1044.75,1002.75,1032.0,47731,2,False,40.5,-10.0,0.0,-180.25,851.75,0.04992295839753469
2008-02-15,1039.25,1050.5,1011.5,1027.5,33840,2,False,-4.5,24.5,0.0,-180.25,847.25,-0.00528324038743766
2008-02-19,1026.75,1060.25,1018.25,1036.0,41677,2,False,8.5,-10.25,0.0,-180.25,855.75,0.010032457952198204
2008-02-20,1042.0,1042.0,1008.25,1020.0,38718,2,False,-16.0,9.0,0.0,-180.25,839.75,-0.01869704937189598
2008-02-21,1020.75,1032.5,1007.75,1029.5,22590,2,False,9.5,2.0,0.0,-180.25,849.25,0.011312890741292048
2008-02-22,1034.25,1052.0,1015.0,1049.5,20416,2,False,20.0,34.75,0.0,-180.25,869.25,0.023550191345304672
2008-02-25,1051.0,1109.5,1051.0,1109.5,13269,2,False,60.0,55.0,0.0,-180.25,929.25,0.0690250215703192
2008-02-26,1199.5,1199.5,1106.5,1199.5,19792,2,False,90.0,70.25,0.0,-180.25,1019.25,0.09685230024213065
2008-02-27,1248.0,1334.5,1065.25,1280.0,22235,2,False,80.5,-10.5,0.0,-180.25,1099.75,0.07897964189354911
2008-02-28,1229.0,1260.75,1160.0,1169.0,10902,2,False,-111.0,-7.75,0.0,-180.25,988.75,-0.10093203000681972
2008-02-29,1155.0,1167.0,1077.25,1073.0,4942,2,False,-96.0,-45.5,0.0,-180.25,892.75,-0.09709228824273075
2008-03-03,1078.0,1247.0,1078.0,1093.0,3397,3,True,20.0,-55.75,75.75,-256.0,837.0,-0.06244749369924396
2008-03-04,1088.25,1116.25,1044.25,1077.5,1425,3,False,-15.5,19.25,0.0,-256.0,821.5,-0.01851851851851849
2008-03-05,1073.25,1126.75,1073.25,1096.0,1075,3,False,18.5,1.25,0.0,-256.0,840.0,0.02251978088861839
2008-03-06,1119.0,1124.75,1086.5,1114.0,542,3,False,18.0,-1.5,0.0,-256.0,858.0,0.021428571428571352
2008-03-07,1106.25,1110.25,1084.75,1092.5,910,3,False,-21.5,32.75,0.0,-256.0,836.5,-0.02505827505827507
2008-03-10,1079.5,1094.0,1074.0,1140.0,118,3,False,47.5,39.25,0.0,-256.0,884.0,0.056784219964136184
2008-03-11,1146.0,1298.0,1146.0,1240.0,676,3,False,100.0,38.75,0.0,-256.0,984.0,0.1131221719457014
2008-03-12,1200.0,1293.0,1191.0,1270.0,274,3,False,30.0,32.0,0.0,-256.0,1014.0,0.030487804878048808
2008-03-13,1252.75,1290.75,1245.0,1234.0,308,3,False,-36.0,-22.0,0.0,-256.0,978.0,-0.035502958579881616
2008-03-14,1218.0,1239.0,1190.25,1160.0,38180,3,False,-74.0,-32.25,0.0,-256.0,904.0,-0.07566462167689159
2008-03-17,1184.25,1222.0,1131.5,1131.5,31590,3,False,-28.5,-20.75,0.0,-256.0,875.5,-0.031526548672566324
2008-03-18,1130.0,1170.0,1119.75,1164.0,27167,3,False,32.5,-59.25,0.0,-256.0,908.0,0.03712164477441471
2008-03-19,1164.5,1170.0,1074.0,1074.0,31925,3,False,-90.0,-27.0,0.0,-256.0,818.0,-0.09911894273127753
2008-03-20,1077.75,1094.0,976.0,987.5,63257,3,False,-86.5,-28.75,0.0,-256.0,731.5,-0.10574572127139359
2008-03-24,987.5,1062.25,987.5,1020.0,33587,3,False,32.5,-19.5,0.0,-256.0,764.0,0.04442925495557071
2008-03-25,1026.75,1118.75,1015.0,1067.5,39963,3,False,47.5,-1.0,0.0,-256.0,811.5,0.06217277486910988
2008-03-26,1084.0,1091.25,1030.25,1033.0,36431,3,False,-34.5,14.25,0.0,-256.0,777.0,-0.04251386321626616
2008-03-27,1039.0,1052.0,1000.0,1014.0,27510,3,False,-19.0,-29.75,0.0,-256.0,758.0,-0.02445302445302444
2008-03-28,1012.5,1022.0,967.75,989.0,28804,3,False,-25.0,-39.5,0.0,-256.0,733.0,-0.03298153034300788
2008-03-31,998.0,1015.0,929.0,929.0,28532,3,False,-60.0,-29.5,0.0,-256.0,673.0,-0.08185538881309684
2008-04-01,929.0,932.75,891.5,895.0,51718,4,False,-34.0,-9.25,0.0,-256.0,639.0,-0.050520059435364084
2008-04-02,900.25,939.75,898.0,936.5,39522,4,False,41.5,-16.75,0.0,-256.0,680.5,0.06494522691705784
2008-04-03,941.0,954.5,928.25,937.0,25464,4,False,0.5,39.375,0.0,-256.0,681.0,0.0007347538574578039
2008-04-04,940.25,985.5,930.5,974.25,36027,4,False,37.25,-26.25,0.0,-256.0,718.25,0.054698972099853194
2008-04-07,974.25,980.5,922.0,921.25,44211,4,False,-53.0,25.0,0.0,-256.0,665.25,-0.07379046293073444
2008-04-08,923.5,944.25,917.75,934.0,39306,4,False,12.75,-26.5,0.0,-256.0,678.0,0.01916572717023679
2008-04-09,939.0,961.0,898.5,934.0,61248,4,False,0.0,0.875,0.0,-256.0,678.0,0.0
2008-04-10,937.75,952.0,918.75,923.0,37289,4,False,-11.0,-13.25,0.0,-256.0,667.0,-0.016224188790560423
2008-04-11,925.0,935.5,899.25,896.5,53899,4,False,-26.5,-5.75,0.0,-256.0,640.5,-0.039730134932533745
2008-04-14,898.0,915.0,878.0,896.0,30662,4,False,-0.5,-13.375,0.0,-256.0,640.0,-0.0007806401249024209
2008-04-15,897.0,927.75,893.5,895.75,26743,4,False,-0.25,14.125,0.0,-256.0,639.75,-0.0003906249999999778
2008-04-16,898.25,925.5,892.5,924.5,14911,4,False,28.75,-5.875,0.0,-256.0,668.5,0.044939429464634584
2008-04-17,924.0,945.25,900.0,913.0,10833,4,False,-11.5,-7.125,0.0,-256.0,657.0,-0.01720269259536278
2008-04-18,913.25,918.75,863.0,870.0,12723,4,False,-43.0,-17.875,0.0,-256.0,614.0,-0.06544901065449016
2008-04-21,872.5,872.5,827.25,845.75,16407,4,False,-24.25,-18.5,0.0,-256.0,589.75,-0.03949511400651462
2008-04-22,850.0,860.75,831.0,851.75,8594,4,False,6.0,-29.125,0.0,-256.0,595.75,0.010173802458668835
2008-04-23,852.25,853.0,808.5,817.75,10058,4,False,-34.0,-1.25,0.0,-256.0,561.75,-0.057070919009651666
2008-04-24,817.25,822.5,801.5,809.25,8207,4,False,-8.5,-21.375,0.0,-256.0,553.25,-0.015131286159323576
2008-04-25,810.0,822.0,800.0,800.5,10394,4,False,-8.75,8.5,0.0,-256.0,544.5,-0.01581563488477178
2008-04-28,805.5,826.0,800.0,826.0,9179,4,False,25.5,-20.375,0.0,-256.0,570.0,0.04683195592286493
2008-04-29,825.0,830.75,787.25,794.0,10405,4,False,-32.0,9.375,0.0,-256.0,538.0,-0.056140350877192935
2008-04-30,792.75,799.75,784.25,787.25,9537,4,False,-6.75,-21.375,0.0,-256.0,531.25,-0.012546468401486988
2008-05-01,792.25,794.75,764.5,776.5,3027,5,True,-10.75,6.375,-17.125,-238.875,537.625,0.01200000000000001
2008-05-02,781.5,798.25,779.0,796.0,1197,5,False,19.5,-7.125,0.0,-238.875,557.125,0.03627063473610792
2008-05-05,804.25,819.5,786.0,792.5,2723,5,False,-3.5,16.5,0.0,-238.875,553.625,-0.006282252636302443
2008-05-06,789.0,824.25,788.5,806.0,824,5,False,13.5,-7.25,0.0,-238.875,567.125,0.024384736960939346
2008-05-07,805.5,810.25,792.25,795.0,535,5,False,-11.0,13.75,0.0,-238.875,556.125,-0.019396076702666964
2008-05-08,793.0,824.5,793.0,809.0,386,5,False,14.0,-14.25,0.0,-238.875,570.125,0.02517419644864005
2008-05-09,787.75,793.0,780.0,791.5,309,5,False,-17.5,8.0,0.0,-238.875,552.625,-0.030695023021267254
2008-05-12,789.75,795.25,787.75,793.5,108,5,False,2.0,-12.75,0.0,-238.875,554.625,0.003619090703460781
2008-05-13,790.0,795.5,784.0,785.5,224,5,False,-8.0,-11.25,0.0,-238.875,546.625,-0.014424160468785252
2008-05-14,761.0,761.0,761.0,761.0,37353,5,False,-24.5,1.25,0.0,-238.875,522.125,-0.04482048936656757
2008-05-15,764.75,775.5,748.25,771.5,43626,5,False,10.5,-10.25,0.0,-238.875,532.625,0.02011012688532432
2008-05-16,770.5,784.0,765.75,775.5,22353,5,False,4.0,13.0,0.0,-238.875,536.625,0.007509974184463752
2008-05-19,776.5,807.25,771.25,791.0,41163,5,False,15.5,-1.5,0.0,-238.875,552.125,0.028884230142091738
2008-05-20,796.0,809.5,783.0,784.0,33432,5,False,-7.0,4.75,0.0,-238.875,545.125,-0.01267828843106178
2008-05-21,782.0,794.5,775.0,778.0,36152,5,False,-6.0,-20.0,0.0,-238.875,539.125,-0.011006649850951566
2008-05-22,778.0,788.0,743.0,745.0,60066,5,False,-33.0,0.75,0.0,-238.875,506.125,-0.06121029445861348
2008-05-23,746.75,759.5,740.5,752.5,32763,5,False,7.5,-13.25,0.0,-238.875,513.625,0.014818473697209233
2008-05-27,754.25,767.75,752.5,759.0,23734,5,False,6.5,3.75,0.0,-238.875,520.125,0.012655147237770725
2008-05-28,756.75,766.5,743.5,759.0,30302,5,False,0.0,-4.5,0.0,-238.875,520.125,0.0
2008-05-29,759.75,762.5,730.75,743.5,40036,5,False,-15.5,9.0,0.0,-238.875,504.625,-0.029800528719057917
2008-05-30,743.5,765.0,739.75,761.5,42560,5,False,18.0,2.75,0.0,-238.875,522.625,0.03567005201882578
2008-06-02,759.5,798.25,759.5,782.5,60732,6,False,21.0,-7.0,0.0,-238.875,543.625,0.04018177469504902
2008-06-03,780.0,782.5,745.75,750.5,65896,6,False,-32.0,11.75,0.0,-238.875,511.625,-0.05886410669119335
2008-06-04,752.0,764.75,747.0,753.0,54902,6,False,2.5,0.25,0.0,-238.875,514.125,0.004886391399951062
2008-06-05,755.5,786.25,753.5,785.5,45432,6,False,32.5,14.0,0.0,-238.875,546.625,0.06321419888159485
2008-06-06,785.0,829.75,783.25,811.0,68857,6,False,25.5,5.0,0.0,-238.875,572.125,0.04664989709581513
2008-06-09,822.0,838.0,786.5,788.5,67880,6,False,-22.5,23.0,0.0,-238.875,549.625,-0.03932707013327508
2008-06-10,794.0,812.5,786.5,809.0,70599,6,False,20.5,18.75,0.0,-238.875,570.125,0.037298157834887435
2008-06-11,810.25,869.0,804.5,869.0,48017,6,False,60.0,1.25,0.0,-238.875,630.125,0.10524007893005916
2008-06-12,883.0,883.0,837.75,851.0,94244,6,False,-18.0,45.5,0.0,-238.875,612.125,-0.028565760761753656
2008-06-13,851.0,893.0,838.0,882.0,66901,6,False,31.0,-11.75,0.0,-238.875,643.125,0.05064325096998168
2008-06-16,883.0,913.75,874.25,876.5,52267,6,False,-5.5,26.375,0.0,-238.875,637.625,-0.008551992225461658
2008-06-17,873.5,901.5,869.0,898.25,42895,6,False,21.75,0.125,0.0,-238.875,659.375,0.03411095863556168
2008-06-18,898.0,913.5,885.0,904.0,42212,6,False,5.75,-0.625,0.0,-238.875,665.125,0.008720379146919477
2008-06-19,904.0,910.0,875.0,881.0,42824,6,False,-23.0,-4.375,0.0,-238.875,642.125,-0.03457996617177217
2008-06-20,881.0,893.75,863.25,866.5,42944,6,False,-14.5,-11.625,0.0,-238.875,627.625,-0.022581273116605072
2008-06-23,861.5,873.5,842.25,866.25,42540,6,False,-0.25,-5.375,0.0,-238.875,627.375,-0.00039832702648878726
2008-06-24,866.0,883.25,859.75,870.0,37015,6,False,3.75,15.75,0.0,-238.875,631.125,0.00597728631201444
2008-06-25,869.25,911.75,866.5,901.75,47858,6,False,31.75,13.0,0.0,-238.875,662.875,0.05030699148346218
2008-06-26,898.5,952.75,898.5,924.0,40435,6,False,22.25,1.625,0.0,-238.875,685.125,0.03356590609089194
2008-06-27,924.0,940.0,890.0,895.5,37102,6,False,-28.5,-14.875,0.0,-238.875,656.625,-0.041598248494800205
2008-06-30,886.5,903.25,839.0,843.5,12426,6,False,-52.0,-11.125,0.0,-238.875,604.625,-0.07919284218541789
2008-07-01,843.0,860.25,839.0,849.75,9976,7,True,6.25,-18.25,24.5,-263.375,586.375,-0.03018399834608232
2008-07-02,849.75,868.5,840.0,865.25,6028,7,False,15.5,6.875,0.0,-263.375,601.875,0.026433596248134794
2008-07-03,868.5,877.5,855.25,872.75,7222,7,False,7.5,-17.625,0.0,-263.375,609.375,0.012461059190031154
2008-07-07,865.0,865.0,813.25,822.0,2490,7,False,-50.75,4.375,0.0,-263.375,558.625,-0.08328205128205124
2008-07-08,822.5,827.5,801.0,823.25,2788,7,False,1.25,-30.0,0.0,-263.375,559.875,0.0022376370552696923
2008-07-09,829.0,829.0,811.0,814.0,1216,7,False,-9.25,-3.125,0.0,-263.375,550.625,-0.016521544987720516
2008-07-10,818.75,818.75,803.25,806.5,871,7,False,-7.5,1.625,0.0,-263.375,543.125,-0.01362088535754824
2008-07-11,809.5,832.25,801.0,819.0,601,7,False,12.5,-8.25,0.0,-263.375,555.625,0.023014959723820505
2008-07-14,812.25,814.0,804.0,810.0,23010,7,False,-9.0,6.75,0.0,-263.375,546.625,-0.01619797525309341
2008-07-15,818.0,828.5,805.75,811.0,31701,7,False,1.0,7.0,0.0,-263.375,547.625,0.0018294077292475563
2008-07-16,809.5,839.0,796.5,834.0,42152,7,False,23.0,-11.75,0.0,-263.375,570.625,0.04199954348322299
2008-07-17,833.0,842.0,807.0,809.5,44059,7,False,-24.5,8.75,0.0,-263.375,546.125,-0.042935377875136904
2008-07-18,808.25,822.0,798.25,804.0,37060,7,False,-5.5,-18.75,0.0,-263.375,540.625,-0.010070954451819603
2008-07-21,797.75,803.0,786.25,791.0,30732,7,False,-13.0,0.125,0.0,-263.375,527.625,-0.024046242774566462
2008-07-22,792.25,802.5,787.0,796.75,33848,7,False,5.75,-13.25,0.0,-263.375,533.375,0.010897891494906498
2008-07-23,796.75,801.0,775.0,783.25,36081,7,False,-13.5,5.125,0.0,-263.375,519.875,-0.02531052261542066
2008-07-24,781.0,795.0,777.5,787.75,27383,7,False,4.5,4.875,0.0,-263.375,524.375,0.008655926905506206
2008-07-25,790.0,822.75,781.75,811.0,33800,7,False,23.25,-4.375,0.0,-263.375,547.625,0.044338498212157296
2008-07-28,814.25,832.0,795.0,797.75,34235,7,False,-13.25,8.75,0.0,-263.375,534.375,-0.024195389180552418
2008-07-29,798.5,801.25,777.75,792.0,33142,7,False,-5.75,-8.75,0.0,-263.375,528.625,-0.010760233918128637
2008-07-30,794.5,799.0,782.25,787.75,26321,7,False,-4.25,-4.875,0.0,-263.375,524.375,-0.008039725703475997
2008-07-31,788.5,798.5,782.0,783.75,34638,7,False,-4.0,3.0,0.0,-263.375,520.375,-0.007628128724672223
2008-08-01,784.5,810.25,782.0,794.0,50820,8,False,10.25,-19.625,0.0,-263.375,530.625,0.019697333653615257
2008-08-04,794.0,798.25,752.0,758.75,52230,8,False,-35.25,15.75,0.0,-263.375,495.375,-0.06643109540636039
2008-08-05,758.0,806.75,746.0,780.0,72316,8,False,21.25,-24.75,0.0,-263.375,516.625,0.04289679535705271
2008-08-06,780.0,790.0,751.0,765.75,47456,8,False,-14.25,38.875,0.0,-263.375,502.375,-0.027582869586256997
2008-08-07,765.5,825.75,764.75,822.25,69560,8,False,56.5,-35.625,0.0,-263.375,558.875,0.11246578750933067
2008-08-08,823.0,823.5,762.5,765.25,64065,8,False,-57.0,42.5,0.0,-263.375,501.875,-0.10199060612838295
2008-08-11,763.0,813.5,761.75,793.75,66081,8,False,28.5,-30.25,0.0,-263.375,530.375,0.056787048567870535
2008-08-12,795.5,799.5,776.25,790.25,50628,8,False,-3.5,44.25,0.0,-263.375,526.875,-0.006599104407258971
2008-08-13,790.0,850.25,790.0,850.25,57707,8,False,60.0,5.375,0.0,-263.375,586.875,0.11387900355871894
2008-08-14,851.0,888.0,834.75,864.5,74921,8,False,14.25,9.875,0.0,-263.375,601.125,0.024281150159744413
2008-08-15,862.5,863.75,815.5,824.25,42925,8,False,-40.25,24.875,0.0,-263.375,560.875,-0.06695778748180492
2008-08-18,823.0,874.75,823.0,859.75,30324,8,False,35.5,-27.375,0.0,-263.375,596.375,0.06329396032984169
2008-08-19,858.5,873.25,841.0,845.25,24065,8,False,-14.5,32.5,0.0,-263.375,581.875,-0.024313561098302294
2008-08-20,843.0,877.75,842.5,874.75,18444,8,False,29.5,4.0,0.0,-263.375,611.375,0.05069817400644472
2008-08-21,873.75,932.25,870.0,897.25,21925,8,False,22.5,-1.125,0.0,-263.375,633.875,0.0368022899202618
2008-08-22,893.0,894.75,863.0,865.5,13437,8,False,-31.75,-1.375,0.0,-263.375,602.125,-0.050088739893512146
2008-08-25,875.0,885.0,839.25,840.25,16849,8,False,-25.25,-20.75,0.0,-263.375,576.875,-0.04193481419970935
2008-08-26,840.0,844.75,810.5,830.5,22769,8,False,-9.75,-26.5,0.0,-263.375,567.125,-0.016901408450704203
2008-08-27,831.25,839.5,797.25,802.75,22642,8,False,-27.75,-11.75,0.0,-263.375,539.375,-0.048931011681727976
2008-08-28,804.25,807.75,779.25,789.0,25403,8,False,-13.75,-18.75,0.0,-263.375,525.625,-0.02549246813441486
2008-08-29,789.0,791.5,778.0,779.25,19876,8,False,-9.75,-24.375,0.0,-263.375,515.875,-0.018549346016646817
2008-09-02,770.0,770.0,734.25,744.25,8856,9,True,-35.0,-0.875,-34.125,-229.25,515.0,-0.001696147322510333
2008-09-03,744.0,757.25,739.75,752.25,6634,9,False,8.0,-16.0,0.0,-229.25,523.0,0.01553398058252431
2008-09-04,758.75,763.75,751.25,755.25,4725,9,False,3.0,-8.75,0.0,-229.25,526.0,0.005736137667303964
2008-09-05,744.5,744.5,721.75,729.75,2976,9,False,-25.5,-2.0,0.0,-229.25,500.5,-0.048479087452471537
2008-09-08,738.0,740.75,721.0,722.75,2122,9,False,-7.0,-18.375,0.0,-229.25,493.5,-0.013986013986013957
2008-09-09,720.75,721.0,700.0,711.5,1514,9,False,-11.25,-5.875,0.0,-229.25,482.25,-0.022796352583586588
2008-09-10,701.0,711.0,698.0,706.75,439,9,False,-4.75,-5.375,0.0,-229.25,477.5,-0.009849663037843404
2008-09-11,699.5,714.75,699.5,707.25,444,9,False,0.5,-4.125,0.0,-229.25,478.0,0.0010471204188482464
2008-09-12,715.75,724.75,699.0,703.75,52550,9,False,-3.5,11.875,0.0,-229.25,474.5,-0.007322175732217606
2008-09-15,728.0,739.5,702.0,727.0,46012,9,False,23.25,-20.25,0.0,-229.25,497.75,0.04899894625922019
2008-09-16,725.0,732.0,686.25,690.0,58147,9,False,-37.0,29.5,0.0,-229.25,460.75,-0.07433450527373175
2008-09-17,693.25,728.75,687.75,725.75,59169,9,False,35.75,-35.0,0.0,-229.25,496.5,0.07759088442756368
2008-09-18,728.0,736.25,688.75,692.75,51317,9,False,-33.0,30.5,0.0,-229.25,463.5,-0.06646525679758308
2008-09-19,699.0,722.5,690.75,718.0,36389,9,False,25.25,-6.625,0.0,-229.25,488.75,0.05447680690399137
2008-09-22,721.75,757.75,715.0,737.75,44321,9,False,19.75,19.0,0.0,-229.25,508.5,0.04040920716112528
2008-09-23,738.0,753.75,725.75,750.5,35875,9,False,12.75,-0.25,0.0,-229.25,521.25,0.025073746312684442
2008-09-24,750.25,760.0,723.25,730.25,36277,9,False,-20.25,9.375,0.0,-229.25,501.0,-0.03884892086330938
2008-09-25,731.0,741.0,720.0,736.25,29255,9,False,6.0,-20.25,0.0,-229.25,507.0,0.011976047904191711
2008-09-26,731.0,735.5,714.75,716.0,25563,9,False,-20.25,-21.0,0.0,-229.25,486.75,-0.0399408284023669
2008-09-29,711.0,715.75,666.25,668.0,36417,9,False,-48.0,-4.125,0.0,-229.25,438.75,-0.09861325115562403
2008-09-30,668.0,689.5,662.5,680.0,45368,9,False,12.0,-29.125,0.0,-229.25,450.75,0.027350427350427253
2008-10-01,683.25,690.25,666.0,669.75,31595,10,False,-10.25,-10.875,0.0,-229.25,440.5,-0.02273987798114252
2008-10-02,669.75,677.75,631.0,636.0,37368,10,False,-33.75,-3.0,0.0,-229.25,406.75,-0.07661748013620884
2008-10-03,636.75,654.25,631.25,640.25,28238,10,False,4.25,-39.375,0.0,-229.25,411.0,0.010448678549477508
2008-10-06,631.75,633.25,588.5,595.25,46054,10,False,-45.0,6.125,0.0,-229.25,366.0,-0.10948905109489049
2008-10-07,598.5,615.75,594.0,603.25,35000,10,False,8.0,-20.125,0.0,-229.25,374.0,0.021857923497267784
2008-10-08,604.25,619.5,586.25,608.0,29559,10,False,4.75,2.375,0.0,-229.25,378.75,0.012700534759358284
2008-10-09,609.75,621.5,600.0,604.75,29150,10,False,-3.25,-18.25,0.0,-229.25,375.5,-0.008580858085808551
2008-10-10,586.25,591.75,557.75,563.5,40565,10,False,-41.25,10.875,0.0,-229.25,334.25,-0.10985352862849529
2008-10-13,571.0,595.0,565.25,588.5,27602,10,False,25.0,-28.375,0.0,-229.25,359.25,0.07479431563201189
2008-10-14,597.0,609.5,570.0,573.0,28670,10,False,-15.5,3.875,0.0,-229.25,343.75,-0.043145441892832315
2008-10-15,573.25,579.75,554.0,555.75,37003,10,False,-17.25,-8.0,0.0,-229.25,326.5,-0.050181818181818216
2008-10-16,554.75,561.5,543.0,555.25,37720,10,False,-0.5,-3.125,0.0,-229.25,326.0,-0.0015313935681470214
2008-10-17,564.75,571.25,555.25,566.25,27551,10,False,11.0,-1.625,0.0,-229.25,337.0,0.033742331288343586
2008-10-20,565.0,579.0,554.0,563.5,32518,10,False,-2.75,-1.75,0.0,-229.25,334.25,-0.008160237388724068
2008-10-21,564.5,571.5,546.0,549.0,31476,10,False,-14.5,-17.0,0.0,-229.25,319.75,-0.04338070306656694
2008-10-22,552.5,553.5,516.0,517.75,31586,10,False,-31.25,-4.625,0.0,-229.25,288.5,-0.09773260359655978
2008-10-23,520.75,537.75,518.75,523.0,30620,10,False,5.25,-19.0,0.0,-229.25,293.75,0.018197573656845822
2008-10-24,534.0,539.5,496.5,516.25,36308,10,False,-6.75,9.25,0.0,-229.25,287.0,-0.02297872340425533
2008-10-27,525.5,531.5,502.5,529.5,29849,10,False,13.25,-11.125,0.0,-229.25,300.25,0.04616724738675959
2008-10-28,528.75,549.5,511.25,514.0,35321,10,False,-15.5,30.25,0.0,-229.25,284.75,-0.051623646960865965
2008-10-29,527.75,574.0,517.0,561.25,53668,10,False,47.25,-19.375,0.0,-229.25,332.0,0.1659350307287093
2008-10-30,560.5,578.5,530.5,538.0,44775,10,False,-23.25,22.75,0.0,-229.25,308.75,-0.0700301204819277
2008-10-31,540.0,542.5,524.5,536.25,44911,10,False,-1.75,1.25,0.0,-229.25,307.0,-0.005668016194331993
2008-11-03,538.75,575.0,532.75,562.0,50524,11,False,25.75,4.375,0.0,-229.25,332.75,0.08387622149837126
2008-11-04,552.75,587.75,547.5,572.5,38266,11,False,10.5,-4.75,0.0,-229.25,343.25,0.03155522163786628
2008-11-05,571.75,580.25,533.25,537.25,46321,11,False,-35.25,-2.125,0.0,-229.25,308.0,-0.10269482884195191
2008-11-06,537.5,539.5,513.5,522.5,46008,11,False,-14.75,-18.375,0.0,-229.25,293.25,-0.04788961038961037
2008-11-07,520.0,529.5,516.5,521.0,39729,11,False,-1.5,-7.875,0.0,-229.25,291.75,-0.005115089514066473
2008-11-10,528.25,536.25,505.25,520.0,57147,11,False,-1.0,0.875,0.0,-229.25,290.75,-0.003427592116538092
2008-11-11,519.25,526.0,505.25,523.25,50998,11,False,3.25,4.375,0.0,-229.25,294.0,0.011177987962166736
2008-11-12,522.0,555.0,508.5,533.0,71626,11,False,9.75,4.25,0.0,-229.25,303.75,0.03316326530612246
2008-11-13,535.0,568.5,521.25,538.25,81298,11,False,5.25,12.875,0.0,-229.25,309.0,0.01728395061728394
2008-11-14,550.0,559.75,529.0,554.25,51828,11,False,16.0,-7.625,0.0,-229.25,325.0,0.05177993527508096
2008-11-17,551.5,567.0,525.5,533.75,43280,11,False,-20.5,6.0,0.0,-229.25,304.5,-0.06307692307692303
2008-11-18,535.0,548.5,526.75,529.75,32894,11,False,-4.0,-11.625,0.0,-229.25,300.5,-0.013136288998357948
2008-11-19,530.25,540.5,525.25,527.0,24912,11,False,-2.75,-9.625,0.0,-229.25,297.75,-0.009151414309484185
2008-11-20,521.0,524.75,500.5,511.75,39287,11,False,-15.25,-7.75,0.0,-229.25,282.5,-0.05121746431570107
2008-11-21,507.0,514.0,496.0,499.0,28759,11,False,-12.75,11.625,0.0,-229.25,269.75,-0.045132743362831906
2008-11-24,502.25,559.0,501.25,537.5,42598,11,False,38.5,-8.125,0.0,-229.25,308.25,0.1427247451343836
2008-11-25,537.75,542.5,528.5,534.0,28222,11,False,-3.5,20.0,0.0,-229.25,304.75,-0.01135442011354415
2008-11-26,537.25,546.5,525.5,535.5,31941,11,False,1.5,1.75,0.0,-229.25,306.25,0.004922067268252617
2008-11-28,545.25,546.25,531.5,542.5,21637,11,False,7.0,-15.625,0.0,-229.25,313.25,0.02285714285714291
2008-12-01,541.75,543.0,503.5,509.75,19310,12,True,-32.75,3.5,-36.25,-193.0,316.75,0.011173184357541999
2008-12-02,508.0,519.75,504.5,509.75,14583,12,False,0.0,-20.875,0.0,-193.0,316.75,0.0
2008-12-03,511.0,514.25,500.0,500.75,9246,12,False,-9.0,-16.5,0.0,-193.0,307.75,-0.0284135753749013
2008-12-04,498.25,500.0,467.0,467.75,5275,12,False,-33.0,-9.5,0.0,-193.0,274.75,-0.10722989439480102
2008-12-05,468.25,468.5,455.0,457.75,4162,12,False,-10.0,-8.875,0.0,-193.0,264.75,-0.03639672429481344
2008-12-08,474.75,481.5,467.0,473.0,2543,12,False,15.25,-5.375,0.0,-193.0,280.0,0.05760151085930132
2008-12-09,475.25,478.5,472.0,472.25,2371,12,False,-0.75,17.75,0.0,-193.0,279.25,-0.002678571428571419
2008-12-10,471.75,492.5,471.75,492.5,916,12,False,20.25,-1.0,0.0,-193.0,299.5,0.07251566696508505
2008-12-11,490.0,498.75,490.0,491.25,211,12,False,-1.25,17.875,0.0,-193.0,298.25,-0.004173622704507496
2008-12-12,492.0,508.0,476.0,506.75,40919,12,False,15.5,6.0,0.0,-193.0,313.75,0.051969823973176954
2008-12-15,516.5,534.25,516.0,520.0,24895,12,False,13.25,19.75,0.0,-193.0,327.0,0.04223107569721107
2008-12-16,519.25,552.0,515.0,544.0,33129,12,False,24.0,13.375,0.0,-193.0,351.0,0.07339449541284404
2008-12-17,552.75,561.0,540.5,557.5,37426,12,False,13.5,19.0,0.0,-193.0,364.5,0.03846153846153855
2008-12-18,556.5,575.5,553.5,571.5,32653,12,False,14.0,2.625,0.0,-193.0,378.5,0.03840877914951979
2008-12-19,570.0,570.0,558.0,563.25,19368,12,False,-8.25,9.875,0.0,-193.0,370.25,-0.02179656538969621
2008-12-22,565.5,570.25,557.5,569.0,13273,12,False,5.75,-1.0,0.0,-193.0,376.0,0.015530047265361224
2008-12-23,568.75,581.0,553.0,575.25,21738,12,False,6.25,6.375,0.0,-193.0,382.25,0.0166223404255319
2008-12-24,575.25,585.25,572.5,582.25,8868,12,False,7.0,11.625,0.0,-193.0,389.25,0.01831262262916944
2008-12-26,582.0,602.5,580.0,599.25,10380,12,False,17.0,-0.125,0.0,-193.0,406.25,0.04367373153500331
2008-12-29,599.25,616.0,588.25,592.0,22156,12,False,-7.25,14.875,0.0,-193.0,399.0,-0.017846153846153845
2008-12-30,590.25,607.0,584.75,604.75,20379,12,False,12.75,-0.625,0.0,-193.0,411.75,0.03195488721804507
2008-12-31,603.5,615.0,592.0,610.75,23338,12,False,6.0,6.5,0.0,-193.0,417.75,0.014571948998178597
2009-01-02,606.25,615.0,592.0,611.0,23818,1,False,0.25,5.875,0.0,-193.0,418.0,0.0005984440454818163
2009-01-05,613.0,619.5,596.25,616.75,24454,1,False,5.75,13.5,0.0,-193.0,423.75,0.013755980861243966
2009-01-06,615.0,645.0,611.5,643.5,43517,1,False,26.75,-12.25,0.0,-193.0,450.5,0.06312684365781718
2009-01-07,641.5,646.25,609.5,613.25,38683,1,False,-30.25,13.0,0.0,-193.0,420.25,-0.06714761376248612
2009-01-08,610.25,620.75,598.0,612.5,33950,1,False,-0.75,-6.625,0.0,-193.0,419.5,-0.0017846519928613747
2009-01-09,613.75,632.0,612.5,629.5,32554,1,False,17.0,-30.25,0.0,-193.0,436.5,0.040524433849821184
2009-01-12,629.75,637.5,569.5,569.75,40154,1,False,-59.75,9.0,0.0,-193.0,376.75,-0.13688430698739973
2009-01-13,567.0,590.0,561.0,570.75,35207,1,False,1.0,-28.125,0.0,-193.0,377.75,0.002654280026542777
2009-01-14,574.75,581.25,560.5,574.25,30125,1,False,3.5,-2.25,0.0,-193.0,381.25,0.009265387160820593
2009-01-15,573.0,577.0,562.75,568.75,25267,1,False,-5.5,6.5,0.0,-193.0,375.75,-0.01442622950819672
2009-01-16,568.25,584.75,568.0,578.25,25139,1,False,9.5,-16.875,0.0,-193.0,385.25,0.02528276779773786
2009-01-20,579.0,588.75,548.25,550.0,38543,1,False,-28.25,15.625,0.0,-193.0,357.0,-0.07332900713822188
2009-01-21,553.0,573.0,551.75,571.75,31129,1,False,21.75,-16.625,0.0,-193.0,378.75,0.060924369747899165
2009-01-22,572.0,580.5,560.0,566.75,21363,1,False,-5.0,18.875,0.0,-193.0,373.75,-0.01320132013201325
2009-01-23,566.5,598.75,557.0,582.75,56308,1,False,16.0,2.375,0.0,-193.0,389.75,0.042809364548495044
2009-01-26,583.75,611.0,575.25,592.5,36588,1,False,9.75,4.125,0.0,-193.0,399.5,0.025016035920461865
2009-01-27,594.0,601.0,581.25,584.75,25894,1,False,-7.75,10.125,0.0,-193.0,391.75,-0.019399249061326618
2009-01-28,584.25,600.75,580.5,595.25,25390,1,False,10.5,-12.5,0.0,-193.0,402.25,0.02680280791320988
2009-01-29,595.0,596.5,573.0,578.0,35761,1,False,-17.25,0.25,0.0,-193.0,385.0,-0.04288377874456184
2009-01-30,579.0,586.75,566.25,568.0,35761,1,False,-10.0,-10.75,0.0,-193.0,375.0,-0.025974025974025983
2009-02-02,568.0,571.0,551.75,563.75,32636,2,False,-4.25,-10.625,0.0,-193.0,370.75,-0.011333333333333306
2009-02-03,561.75,569.5,551.0,552.5,22780,2,False,-11.25,-7.25,0.0,-193.0,359.5,-0.030343897505057282
2009-02-04,553.25,562.0,538.75,542.25,53934,2,False,-10.25,4.125,0.0,-193.0,349.25,-0.028511821974965268
2009-02-05,542.25,567.5,541.5,561.75,36542,2,False,19.5,-7.5,0.0,-193.0,368.75,0.055833929849677943
2009-02-06,562.0,570.5,554.0,557.0,47783,2,False,-4.75,13.75,0.0,-193.0,364.0,-0.012881355932203409
2009-02-09,560.25,577.0,556.25,565.0,43438,2,False,8.0,-6.875,0.0,-193.0,372.0,0.0219780219780219
2009-02-10,563.0,566.0,543.5,556.0,47185,2,False,-9.0,-2.375,0.0,-193.0,363.0,-0.024193548387096753
2009-02-11,553.0,556.5,542.0,543.25,42456,2,False,-12.75,-6.75,0.0,-193.0,350.25,-0.03512396694214881
2009-02-12,544.25,552.25,537.0,538.75,38748,2,False,-4.5,-8.0,0.0,-193.0,345.75,-0.012847965738758016
2009-02-13,539.25,545.0,534.5,535.5,29319,2,False,-3.25,-12.25,0.0,-193.0,342.5,-0.009399855386840184
2009-02-17,536.0,537.25,513.0,515.5,50170,2,False,-20.0,-4.0,0.0,-193.0,322.5,-0.058394160583941646
2009-02-18,516.25,518.25,510.0,510.75,30339,2,False,-4.75,-5.625,0.0,-193.0,317.75,-0.014728682170542684
2009-02-19,511.0,523.25,510.75,519.5,48889,2,False,8.75,-2.5,0.0,-193.0,326.5,0.027537372147915073
2009-02-20,520.0,523.75,504.5,519.25,43526,2,False,-0.25,0.0,0.0,-193.0,326.25,-0.0007656967840734552
2009-02-23,522.0,528.25,508.75,510.5,39712,2,False,-8.75,2.25,0.0,-193.0,317.5,-0.026819923371647514
2009-02-24,509.0,517.25,505.0,515.25,28705,2,False,4.75,0.375,0.0,-193.0,322.25,0.014960629921259905
2009-02-25,517.25,528.75,510.0,524.75,20864,2,False,9.5,-3.0,0.0,-193.0,331.75,0.02948021722265315
2009-02-26,526.0,534.0,512.0,514.0,25749,2,False,-10.75,3.0,0.0,-193.0,321.0,-0.03240391861341374
2009-02-27,515.75,517.5,506.0,510.5,23505,2,False,-3.5,-13.25,0.0,-193.0,317.5,-0.010903426791277204
2009-03-02,508.0,516.0,492.0,494.75,10251,3,True,-15.75,-4.0,-11.75,-181.25,313.5,-0.012598425196850394
2009-03-03,496.25,499.0,488.25,490.25,7352,3,False,-4.5,2.875,0.0,-181.25,309.0,-0.014354066985645897
2009-03-04,497.0,512.25,497.0,511.75,3932,3,False,21.5,-6.125,0.0,-181.25,330.5,0.06957928802588986
2009-03-05,515.0,516.25,503.25,504.0,2130,3,False,-7.75,16.875,0.0,-181.25,322.75,-0.02344931921331317
2009-03-06,508.25,522.25,508.25,516.25,937,3,False,12.25,-5.5,0.0,-181.25,335.0,0.03795507358636718
2009-03-09,516.0,516.75,512.75,513.0,456,3,False,-3.25,11.0,0.0,-181.25,331.75,-0.00970149253731345
2009-03-10,525.25,527.5,523.25,522.75,314,3,False,9.75,-13.625,0.0,-181.25,341.5,0.029389600602863553
2009-03-11,522.0,522.5,496.75,498.75,568,3,False,-24.0,13.125,0.0,-181.25,317.5,-0.07027818448023426
2009-03-12,501.5,516.0,501.5,515.25,1373,3,False,16.5,-16.375,0.0,-181.25,334.0,0.051968503937007915
2009-03-13,513.0,516.25,506.25,506.5,22572,3,False,-8.75,27.125,0.0,-181.25,325.25,-0.026197604790419216
2009-03-16,514.25,546.5,511.5,544.25,52326,3,False,37.75,-0.25,0.0,-181.25,363.0,0.11606456571867785
2009-03-17,540.25,554.75,536.75,552.5,41956,3,False,8.25,7.625,0.0,-181.25,371.25,0.022727272727272707
2009-03-18,554.0,559.0,528.25,530.0,39580,3,False,-22.5,16.75,0.0,-181.25,348.75,-0.06060606060606055
2009-03-19,540.5,559.5,537.75,555.25,33365,3,False,25.25,-13.75,0.0,-181.25,374.0,0.07240143369175622
2009-03-20,556.25,561.0,541.0,550.25,27808,3,False,-5.0,12.125,0.0,-181.25,369.0,-0.013368983957219305
2009-03-23,552.0,563.0,545.0,549.25,28741,3,False,-1.0,-9.625,0.0,-181.25,368.0,-0.0027100271002710175
2009-03-24,551.75,552.75,530.25,535.0,33870,3,False,-14.25,-14.0,0.0,-181.25,353.75,-0.03872282608695654
2009-03-25,536.0,536.0,506.75,508.0,47773,3,False,-27.0,-3.875,0.0,-181.25,326.75,-0.07632508833922258
2009-03-26,510.0,518.0,507.25,514.5,22785,3,False,6.5,-17.125,0.0,-181.25,333.25,0.019892884468247995
2009-03-27,514.0,517.5,503.0,507.25,21390,3,False,-7.25,5.875,0.0,-181.25,326.0,-0.02175543885971498
2009-03-30,509.0,516.0,501.0,512.5,25890,3,False,5.25,6.5,0.0,-181.25,331.25,0.01610429447852768
2009-03-31,513.75,534.0,508.0,532.75,45379,3,False,20.25,-1.0,0.0,-181.25,351.5,0.06113207547169819
2009-04-01,527.75,531.25,515.75,525.5,52522,4,False,-7.25,22.625,0.0,-181.25,344.25,-0.020625889046941626
2009-04-02,525.5,552.0,523.5,550.5,58003,4,False,25.0,2.875,0.0,-181.25,369.25,0.07262164124909232
2009-04-03,551.0,564.75,546.0,563.5,43757,4,False,13.0,9.25,0.0,-181.25,382.25,0.03520649966147604
2009-04-06,566.0,572.75,553.0,557.0,31577,4,False,-6.5,-2.125,0.0,-181.25,375.75,-0.017004578155657257
2009-04-07,557.0,564.5,538.75,539.75,52496,4,False,-17.25,-7.125,0.0,-181.25,358.5,-0.04590818363273452
2009-04-08,540.0,544.75,531.0,532.0,46945,4,False,-7.75,-13.625,0.0,-181.25,350.75,-0.021617852161785245
2009-04-09,532.5,543.5,521.0,522.0,57742,4,False,-10.0,-3.25,0.0,-181.25,340.75,-0.028510334996436182
2009-04-13,522.0,530.5,515.25,523.25,41375,4,False,1.25,-5.5,0.0,-181.25,342.0,0.003668378576669129
2009-04-14,524.0,533.25,518.25,522.25,46970,4,False,-1.0,-2.875,0.0,-181.25,341.0,-0.0029239766081871066
2009-04-15,523.0,530.0,514.75,515.25,37558,4,False,-7.0,4.25,0.0,-181.25,334.0,-0.02052785923753664
2009-04-16,516.0,527.5,513.5,524.75,29717,4,False,9.5,-4.375,0.0,-181.25,343.5,0.02844311377245501
2009-04-17,526.75,531.75,520.0,523.0,21912,4,False,-1.75,-4.5,0.0,-181.25,341.75,-0.005094614264919972
2009-04-20,522.0,525.0,500.75,504.5,41485,4,False,-18.5,1.625,0.0,-181.25,323.25,-0.054133138258961266
2009-04-21,504.75,516.5,503.5,509.5,29092,4,False,5.0,-5.625,0.0,-181.25,328.25,0.015467904098994678
2009-04-22,510.5,518.0,509.25,516.75,16247,4,False,7.25,8.75,0.0,-181.25,335.5,0.022086824067022004
2009-04-23,517.75,533.25,512.0,529.25,26468,4,False,12.5,5.125,0.0,-181.25,348.0,0.037257824143070106
2009-04-24,530.0,533.75,524.75,532.25,15211,4,False,3.0,-5.875,0.0,-181.25,351.0,0.008620689655172376
2009-04-27,531.75,539.0,507.0,508.0,22392,4,False,-24.25,2.75,0.0,-181.25,326.75,-0.06908831908831914
2009-04-28,509.75,518.25,507.25,510.5,14377,4,False,2.5,-7.0,0.0,-181.25,329.25,0.007651109410864665
2009-04-29,510.0,523.5,508.75,520.75,33114,4,False,10.25,3.0,0.0,-181.25,339.5,0.031131359149582316
2009-04-30,521.0,532.75,518.0,524.25,30352,4,False,3.5,21.625,0.0,-181.25,343.0,0.010309278350515427
2009-05-01,524.75,560.5,524.0,557.25,13245,5,True,33.0,-7.625,40.625,-221.875,335.375,-0.022230320699708428
2009-05-04,546.75,558.0,535.0,538.5,5470,5,False,-18.75,18.0,0.0,-221.875,316.625,-0.05590756615728665
2009-05-05,543.25,550.0,539.25,541.5,4809,5,False,3.0,-6.25,0.0,-221.875,319.625,0.009474930911962165
2009-05-06,541.5,548.0,537.0,547.75,3321,5,False,6.25,7.125,0.0,-221.875,325.875,0.019554165037152904
2009-05-07,554.0,562.0,548.0,559.0,1260,5,False,11.25,13.875,0.0,-221.875,337.125,0.034522439585730647
2009-05-08,566.5,581.25,566.0,580.5,598,5,False,21.5,5.625,0.0,-221.875,358.625,0.06377456433073792
2009-05-11,575.75,583.0,575.75,580.5,598,5,False,0.0,11.75,0.0,-221.875,358.625,0.0
2009-05-12,584.5,584.5,569.5,582.5,924,5,False,2.0,-1.875,0.0,-221.875,360.625,0.005576856047403211
2009-05-13,589.0,589.5,577.75,578.75,289,5,False,-3.75,2.375,0.0,-221.875,356.875,-0.010398613518197597
2009-05-14,573.0,581.5,572.0,581.5,34230,5,False,2.75,-3.875,0.0,-221.875,359.625,0.007705779334500784
2009-05-15,592.0,595.25,575.25,577.5,32412,5,False,-4.0,7.875,0.0,-221.875,355.625,-0.011122697254084102
2009-05-18,572.0,599.25,563.25,590.5,50770,5,False,13.0,-2.875,0.0,-221.875,368.625,0.03655536028119499
2009-05-19,589.25,596.25,584.0,588.75,34244,5,False,-1.75,11.0,0.0,-221.875,366.875,-0.004747371990505234
2009-05-20,587.75,604.75,585.75,597.75,37985,5,False,9.0,-3.0,0.0,-221.875,375.875,0.0245315161839863
2009-05-21,597.25,601.5,584.5,593.5,35755,5,False,-4.25,14.0,0.0,-221.875,371.625,-0.011306950448952469
2009-05-22,593.0,618.0,593.0,612.5,46178,5,False,19.0,-2.375,0.0,-221.875,390.625,0.05112680793810975
2009-05-26,609.25,619.75,602.5,612.0,31804,5,False,-0.5,16.375,0.0,-221.875,390.125,-0.0012799999999999478
2009-05-27,612.75,628.75,610.0,625.75,39998,5,False,13.75,2.125,0.0,-221.875,403.875,0.03524511374559447
2009-05-28,623.75,646.25,618.0,630.5,51775,5,False,4.75,10.25,0.0,-221.875,408.625,0.011761064685855693
2009-05-29,630.25,644.5,625.0,637.25,45983,5,False,6.75,21.0,0.0,-221.875,415.375,0.01651881309268899
2009-06-01,636.75,677.0,635.0,674.5,65787,6,False,37.25,0.875,0.0,-221.875,452.625,0.08967800180559737
2009-06-02,672.0,673.25,658.25,669.5,65951,6,False,-5.0,-7.375,0.0,-221.875,447.625,-0.011046672190002771
2009-06-03,667.25,668.5,614.5,617.5,92739,6,False,-52.0,6.375,0.0,-221.875,395.625,-0.11616866796984082
2009-06-04,618.25,642.75,614.25,635.25,62655,6,False,17.75,-32.125,0.0,-221.875,413.375,0.04486571879936818
2009-06-05,639.25,639.5,621.0,623.0,62365,6,False,-12.25,-3.625,0.0,-221.875,401.125,-0.02963410946477174
2009-06-08,623.25,625.0,595.75,598.0,68325,6,False,-25.0,1.75,0.0,-221.875,376.125,-0.062324711748208195
2009-06-09,598.25,617.5,597.25,613.75,61482,6,False,15.75,-21.375,0.0,-221.875,391.875,0.04187437686939188
2009-06-10,613.5,617.25,592.0,596.0,64856,6,False,-17.75,7.25,0.0,-221.875,374.125,-0.04529505582137161
2009-06-11,596.5,607.5,589.0,594.75,48998,6,False,-1.25,-13.875,0.0,-221.875,372.875,-0.003341129301703938
2009-06-12,592.0,598.0,577.0,584.75,38835,6,False,-10.0,-5.375,0.0,-221.875,362.875,-0.026818638954073104
2009-06-15,587.0,587.25,568.0,575.25,38797,6,False,-9.5,-9.75,0.0,-221.875,353.375,-0.026179813985532263
2009-06-16,576.75,583.5,564.75,565.75,37563,6,False,-9.5,-4.625,0.0,-221.875,343.875,-0.02688362221436147
2009-06-17,565.5,572.25,555.5,566.0,62646,6,False,0.25,-7.625,0.0,-221.875,344.125,0.0007270083605961375
2009-06-18,568.0,570.5,556.0,560.25,31956,6,False,-5.75,-2.375,0.0,-221.875,338.375,-0.016709044678532514
2009-06-19,561.0,567.75,552.0,555.25,35548,6,False,-5.0,-7.5,0.0,-221.875,333.375,-0.014776505356483227
2009-06-22,555.0,555.5,542.0,546.0,41104,6,False,-9.25,-2.125,0.0,-221.875,324.125,-0.027746531683539577
2009-06-23,546.0,552.25,540.75,546.75,48684,6,False,0.75,-8.125,0.0,-221.875,324.875,0.0023139220979560005
2009-06-24,546.75,552.5,536.75,539.75,54486,6,False,-7.0,-3.0,0.0,-221.875,317.875,-0.021546748749519007
2009-06-25,539.5,541.5,528.0,533.0,38134,6,False,-6.75,-2.875,0.0,-221.875,311.125,-0.021234762092017356
2009-06-26,533.0,538.0,530.5,534.25,29826,6,False,1.25,-6.25,0.0,-221.875,312.375,0.004017677782241824
2009-06-29,534.25,540.0,525.5,528.5,49629,6,False,-5.75,-8.0,0.0,-221.875,306.625,-0.018407362945178085
2009-06-30,529.0,536.5,495.75,511.25,21833,6,False,-17.25,-5.375,0.0,-221.875,289.375,-0.05625764370158992
2009-07-01,517.0,519.5,501.5,506.25,14395,7,True,-5.0,-11.625,6.625,-228.5,277.75,-0.040172786177105846
2009-07-02,507.5,511.0,499.5,500.25,11741,7,False,-6.0,-7.375,0.0,-228.5,271.75,-0.02160216021602157
2009-07-06,499.0,501.0,489.75,490.5,7511,7,False,-9.75,-6.375,0.0,-228.5,262.0,-0.035878564857405704
2009-07-07,491.5,495.5,483.5,483.75,6892,7,False,-6.75,-2.5,0.0,-228.5,255.25,-0.0257633587786259
2009-07-08,485.5,493.5,485.5,488.5,2799,7,False,4.75,-0.5,0.0,-228.5,260.0,0.0186092066601371
2009-07-09,494.25,497.0,494.25,494.25,1321,7,False,5.75,1.125,0.0,-228.5,265.75,0.022115384615384537
2009-07-10,494.5,495.25,487.75,491.75,1607,7,False,-2.5,14.875,0.0,-228.5,263.25,-0.00940733772342428
2009-07-13,493.75,517.0,491.25,515.75,1170,7,False,24.0,-8.25,0.0,-228.5,287.25,0.09116809116809121
2009-07-14,515.25,516.0,505.25,501.75,35375,7,False,-14.0,28.5,0.0,-228.5,273.25,-0.048738033072236675
2009-07-15,530.0,549.0,527.75,534.75,37769,7,False,33.0,-7.75,0.0,-228.5,306.25,0.1207685269899359
2009-07-16,534.0,548.75,528.0,533.25,35036,7,False,-1.5,20.75,0.0,-228.5,304.75,-0.004897959183673417
2009-07-17,533.0,547.5,528.75,541.75,28086,7,False,8.5,-0.5,0.0,-228.5,313.25,0.02789171452009853
2009-07-20,541.75,553.75,531.75,542.25,31287,7,False,0.5,0.5,0.0,-228.5,313.75,0.0015961691939345712
2009-07-21,542.25,544.25,530.25,534.75,27603,7,False,-7.5,-6.125,0.0,-228.5,306.25,-0.0239043824701195
2009-07-22,531.0,532.5,513.25,522.0,49286,7,False,-12.75,1.125,0.0,-228.5,293.5,-0.041632653061224545
2009-07-23,522.75,538.75,520.25,531.75,36572,7,False,9.75,-14.125,0.0,-228.5,303.25,0.03321976149914829
2009-07-24,531.0,535.5,515.5,516.25,27659,7,False,-15.5,7.0,0.0,-228.5,287.75,-0.051112943116240706
2009-07-27,516.25,523.75,512.0,520.5,22261,7,False,4.25,-9.875,0.0,-228.5,292.0,0.01476976542137276
2009-07-28,520.0,528.0,514.5,516.25,29740,7,False,-4.25,-0.25,0.0,-228.5,287.75,-0.014554794520547976
2009-07-29,514.75,518.0,505.25,511.5,26669,7,False,-4.75,0.25,0.0,-228.5,283.0,-0.01650738488271064
2009-07-30,512.0,527.25,511.75,516.25,37819,7,False,4.75,3.625,0.0,-228.5,287.75,0.016784452296819685
2009-07-31,516.0,530.0,514.75,528.25,32936,7,False,12.0,12.875,0.0,-228.5,299.75,0.04170286707211113
2009-08-03,531.75,557.5,528.0,549.25,89009,8,False,21.0,2.5,0.0,-228.5,320.75,0.0700583819849876
2009-08-04,548.75,550.5,538.25,542.25,39671,8,False,-7.0,3.75,0.0,-228.5,313.75,-0.021823850350740415
2009-08-05,542.0,546.75,522.25,528.75,49325,8,False,-13.5,-17.75,0.0,-228.5,300.25,-0.04302788844621519
2009-08-06,529.25,530.0,499.5,500.25,46686,8,False,-28.5,-12.125,0.0,-228.5,271.75,-0.09492089925062452
2009-08-07,501.0,505.0,488.0,489.5,76899,8,False,-10.75,-11.875,0.0,-228.5,261.0,-0.03955841766329349
2009-08-10,488.0,501.5,485.25,494.25,65231,8,False,4.75,-9.875,0.0,-228.5,265.75,0.01819923371647514
2009-08-11,494.25,499.75,483.5,485.25,50428,8,False,-9.0,4.875,0.0,-228.5,256.75,-0.033866415804327366
2009-08-12,485.75,491.0,476.25,490.25,42711,8,False,5.0,-8.875,0.0,-228.5,261.75,0.019474196689386547
2009-08-13,487.0,496.5,480.25,481.5,43190,8,False,-8.75,2.625,0.0,-228.5,253.0,-0.03342884431709647
2009-08-14,482.25,486.5,473.75,481.75,30316,8,False,0.25,-9.375,0.0,-228.5,253.25,0.000988142292490224
2009-08-17,481.25,481.25,465.25,471.75,27468,8,False,-10.0,-0.5,0.0,-228.5,243.25,-0.03948667324777888
2009-08-18,470.25,479.0,468.5,470.5,20916,8,False,-1.25,-7.25,0.0,-228.5,242.0,-0.005138746145940343
2009-08-19,472.5,480.75,457.75,466.0,28579,8,False,-4.5,0.875,0.0,-228.5,237.5,-0.018595041322314043
2009-08-20,467.0,471.25,462.25,469.0,11249,8,False,3.0,-6.625,0.0,-228.5,240.5,0.012631578947368327
2009-08-21,468.0,475.75,458.75,460.25,17899,8,False,-8.75,7.25,0.0,-228.5,231.75,-0.03638253638253641
2009-08-24,460.25,472.5,459.5,471.75,22006,8,False,11.5,-4.75,0.0,-228.5,243.25,0.04962243797195254
2009-08-25,470.75,489.0,467.0,471.0,15364,8,False,-0.75,9.625,0.0,-228.5,242.5,-0.0030832476875641834
2009-08-26,471.0,481.75,469.75,478.75,16571,8,False,7.75,-2.25,0.0,-228.5,250.25,0.03195876288659805
2009-08-27,479.0,482.5,464.25,475.0,14195,8,False,-3.75,-0.125,0.0,-228.5,246.5,-0.014985014985015033
2009-08-28,475.0,481.25,459.5,467.0,30360,8,False,-8.0,0.125,0.0,-228.5,238.5,-0.032454361054766734
2009-08-31,467.0,473.5,453.25,471.0,14438,8,False,4.0,-9.875,0.0,-228.5,242.5,0.016771488469601747
2009-09-01,471.0,472.0,454.25,459.25,10015,9,True,-11.75,0.875,-12.625,-215.875,243.375,0.0036082474226803996
2009-09-02,457.0,460.75,454.75,457.0,5823,9,False,-2.25,-8.75,0.0,-215.875,241.125,-0.009244992295839749
2009-09-03,456.5,465.0,447.25,451.25,2893,9,False,-5.75,-4.75,0.0,-215.875,235.375,-0.023846552617936778
2009-09-04,450.0,450.0,445.0,444.0,1346,9,False,-7.25,-9.125,0.0,-215.875,228.125,-0.03080191184280401
2009-09-08,442.25,446.5,433.0,431.5,777,9,False,-12.5,-4.875,0.0,-215.875,215.625,-0.0547945205479452
2009-09-09,430.5,434.75,426.75,429.0,333,9,False,-2.5,-4.375,0.0,-215.875,213.125,-0.011594202898550732
2009-09-10,429.5,434.0,429.5,432.75,281,9,False,3.75,3.25,0.0,-215.875,216.875,0.017595307917888547
2009-09-11,432.75,440.5,425.25,441.75,157,9,False,9.0,-3.5,0.0,-215.875,225.875,0.04149855907780986
2009-09-14,431.0,431.0,431.0,431.0,25951,9,False,-10.75,24.25,0.0,-215.875,215.125,-0.047592695074709424
2009-09-15,453.25,481.5,450.0,470.5,51514,9,False,39.5,-7.0,0.0,-215.875,254.625,0.18361417780360245
2009-09-16,469.5,473.75,456.25,467.25,31700,9,False,-3.25,17.0,0.0,-215.875,251.375,-0.012763868433971481
2009-09-17,467.5,476.75,458.25,461.75,24999,9,False,-5.5,-3.875,0.0,-215.875,245.875,-0.021879661859771304
2009-09-18,461.5,465.25,456.25,457.25,20047,9,False,-4.5,-3.375,0.0,-215.875,241.375,-0.018301982714794107
2009-09-21,457.0,463.0,452.75,456.0,26199,9,False,-1.25,-2.375,0.0,-215.875,240.125,-0.005178663904712555
2009-09-22,456.25,464.5,452.75,455.75,31349,9,False,-0.25,1.5,0.0,-215.875,239.875,-0.0010411244143675447
2009-09-23,455.5,469.0,451.25,460.0,39844,9,False,4.25,6.375,0.0,-215.875,244.125,0.017717561229807277
2009-09-24,457.5,474.0,453.75,473.0,46192,9,False,13.0,-9.5,0.0,-215.875,257.125,0.05325140809011786
2009-09-25,471.75,477.25,448.0,449.75,60761,9,False,-23.25,9.5,0.0,-215.875,233.875,-0.09042294603791934
2009-09-28,462.0,462.0,450.5,455.75,30402,9,False,6.0,-15.75,0.0,-215.875,239.875,0.0256547300908605
2009-09-29,456.0,460.0,441.25,447.5,33411,9,False,-8.25,8.0,0.0,-215.875,231.625,-0.03439291297550806
2009-09-30,447.5,460.0,439.5,457.5,41782,9,False,10.0,-6.5,0.0,-215.875,241.625,0.043173232595790534
2009-10-01,452.0,454.0,445.5,452.75,25947,10,False,-4.75,-0.75,0.0,-215.875,236.875,-0.019658561821003673
2009-10-02,451.5,454.0,439.25,441.25,27474,10,False,-11.5,-1.625,0.0,-215.875,225.375,-0.048548812664907626
2009-10-05,441.25,452.0,439.25,442.75,29941,10,False,1.5,3.0,0.0,-215.875,226.875,0.006655574043261225
2009-10-06,443.0,471.5,442.75,460.25,46789,10,False,17.5,2.25,0.0,-215.875,244.375,0.07713498622589521
2009-10-07,458.75,466.0,453.75,463.25,26401,10,False,3.0,14.125,0.0,-215.875,247.375,0.012276214833759624
2009-10-08,464.0,483.0,462.5,474.0,61625,10,False,10.75,-1.5,0.0,-215.875,258.125,0.04345629105608895
2009-10-09,473.25,474.25,461.0,468.0,38632,10,False,-6.0,18.5,0.0,-215.875,252.125,-0.02324455205811138
2009-10-12,470.25,496.5,464.75,494.25,38270,10,False,26.25,5.5,0.0,-215.875,278.375,0.10411502231036196
2009-10-13,492.75,514.5,486.0,511.25,56272,10,False,17.0,14.0,0.0,-215.875,295.375,0.06106870229007644
2009-10-14,511.5,529.0,505.0,513.0,55673,10,False,1.75,4.5,0.0,-215.875,297.125,0.0059246720270842435
2009-10-15,512.75,513.75,496.25,505.0,39749,10,False,-8.0,-2.25,0.0,-215.875,289.125,-0.026924694993689546
2009-10-16,504.25,511.25,495.5,498.75,25743,10,False,-6.25,5.5,0.0,-215.875,282.875,-0.02161694768698663
2009-10-19,497.25,523.0,495.75,517.75,41029,10,False,19.0,-3.25,0.0,-215.875,301.875,0.06716747680070712
2009-10-20,517.75,527.0,508.0,517.5,45349,10,False,-0.25,22.0,0.0,-215.875,301.625,-0.0008281573498964967
2009-10-21,517.75,548.5,514.5,542.5,55443,10,False,25.0,4.5,0.0,-215.875,326.625,0.0828843762950684
2009-10-22,538.25,555.75,533.5,551.75,53245,10,False,9.25,10.5,0.0,-215.875,335.875,0.028319938767700004
2009-10-23,551.75,574.75,546.75,547.75,76800,10,False,-4.0,-5.75,0.0,-215.875,331.875,-0.01190919240788979
2009-10-26,546.5,559.75,526.0,527.0,70143,10,False,-20.75,-13.875,0.0,-215.875,311.125,-0.06252354048964215
2009-10-27,526.0,529.25,502.75,503.25,56270,10,False,-23.75,-14.625,0.0,-215.875,287.375,-0.07633587786259544
2009-10-28,503.0,508.75,491.25,494.75,45955,10,False,-8.5,-7.375,0.0,-215.875,278.875,-0.02957807742496743
2009-10-29,496.75,511.25,494.25,503.75,48038,10,False,9.0,-9.0,0.0,-215.875,287.875,0.03227252353204846
2009-10-30,505.0,509.25,488.0,494.25,48361,10,False,-9.5,15.75,0.0,-215.875,278.375,-0.03300043421623966
2009-11-02,490.0,518.75,487.75,516.75,56540,11,False,22.5,-5.25,0.0,-215.875,300.875,0.08082622361921876
2009-11-03,516.5,520.75,504.75,515.75,39810,11,False,-1.0,13.875,0.0,-215.875,299.875,-0.0033236393851266977
2009-11-04,517.0,528.25,505.0,521.0,47229,11,False,5.25,-4.875,0.0,-215.875,305.125,0.017507294706127663
2009-11-05,520.75,521.25,510.75,512.25,30257,11,False,-8.75,-4.875,0.0,-215.875,296.375,-0.02867677181482997
2009-11-06,511.75,515.25,496.5,497.25,47550,11,False,-15.0,7.0,0.0,-215.875,281.375,-0.05061155630535641
2009-11-09,498.0,524.25,496.75,520.0,55787,11,False,22.75,-6.0,0.0,-215.875,304.125,0.0808529542425589
2009-11-10,518.0,527.0,507.75,523.0,60450,11,False,3.0,15.75,0.0,-215.875,307.125,0.009864364981504226
2009-11-11,521.75,540.0,519.5,531.75,69290,11,False,8.75,1.5,0.0,-215.875,315.875,0.028490028490028463
2009-11-12,529.0,541.75,522.0,531.75,79147,11,False,0.0,8.0,0.0,-215.875,315.875,0.0
2009-11-13,531.0,540.25,527.5,539.0,35850,11,False,7.25,11.625,0.0,-215.875,323.125,0.022952117134942718
2009-11-16,542.0,564.0,535.0,562.25,80556,11,False,23.25,9.875,0.0,-215.875,346.375,0.07195357833655702
2009-11-17,562.25,575.5,555.25,574.75,69550,11,False,12.5,7.375,0.0,-215.875,358.875,0.036088054853843365
2009-11-18,573.0,583.5,565.25,566.25,57575,11,False,-8.5,4.375,0.0,-215.875,350.375,-0.023685127133402983
2009-11-19,566.5,571.5,549.75,562.5,45587,11,False,-3.75,-5.625,0.0,-215.875,346.625,-0.01070281840884768
2009-11-20,563.25,572.25,553.25,559.75,35167,11,False,-2.75,-3.125,0.0,-215.875,343.875,-0.007933645870897954
2009-11-23,559.0,579.75,556.5,557.25,46052,11,False,-2.5,-13.5,0.0,-215.875,341.375,-0.007270083605961486
2009-11-24,556.5,559.75,531.5,533.0,40378,11,False,-24.25,7.375,0.0,-215.875,317.125,-0.07103625045770778
2009-11-25,535.25,554.5,534.25,550.25,34063,11,False,17.25,-12.875,0.0,-215.875,334.375,0.054394954670871076
2009-11-27,538.0,550.75,530.5,548.75,20034,11,False,-1.5,18.0,0.0,-215.875,332.875,-0.004485981308411269
2009-11-30,550.25,568.25,550.25,567.5,16714,11,False,18.75,-3.25,0.0,-215.875,351.625,0.056327450244085586
2009-12-01,563.0,576.25,559.0,562.5,11071,12,True,-5.0,5.375,-10.375,-205.5,357.0,0.015286171347316024
2009-12-02,560.25,563.25,549.25,554.5,7994,12,False,-8.0,-4.875,0.0,-205.5,349.0,-0.022408963585434205
2009-12-03,557.25,559.75,548.0,549.75,4445,12,False,-4.75,-10.5,0.0,-205.5,344.25,-0.013610315186246447
2009-12-04,546.0,554.25,534.25,536.75,3748,12,False,-13.0,-7.5,0.0,-205.5,331.25,-0.03776325344952791
2009-12-07,537.25,538.75,525.75,526.5,3161,12,False,-10.25,-10.125,0.0,-205.5,321.0,-0.030943396226415065
2009-12-08,533.25,533.25,516.75,519.25,2263,12,False,-7.25,-7.25,0.0,-205.5,313.75,-0.02258566978193144
2009-12-09,518.0,522.25,512.25,515.0,1282,12,False,-4.25,-2.25,0.0,-205.5,309.5,-0.013545816733067761
2009-12-10,518.5,524.5,511.0,517.75,1006,12,False,2.75,-1.375,0.0,-205.5,312.25,0.008885298869143687
2009-12-11,519.25,523.0,512.0,519.25,816,12,False,1.5,4.25,0.0,-205.5,313.75,0.0048038430744594685
2009-12-14,517.0,529.25,517.0,525.0,30960,12,False,5.75,6.625,0.0,-205.5,319.5,0.018326693227091573
2009-12-15,542.75,547.0,536.0,536.75,33861,12,False,11.75,3.125,0.0,-205.5,331.25,0.036776212832550836
2009-12-16,536.0,544.0,527.75,537.25,40739,12,False,0.5,-3.5,0.0,-205.5,331.75,0.0015094339622641062
2009-12-17,537.75,539.25,514.25,518.5,45340,12,False,-18.75,5.0,0.0,-205.5,313.0,-0.056518462697814575
2009-12-18,522.0,529.0,515.0,528.0,36078,12,False,9.5,-13.625,0.0,-205.5,322.5,0.030351437699680517
2009-12-21,527.25,530.0,519.0,519.5,19468,12,False,-8.5,6.5,0.0,-205.5,314.0,-0.02635658914728678
2009-12-22,518.5,525.0,515.25,523.0,18945,12,False,3.5,-1.25,0.0,-205.5,317.5,0.011146496815286566
2009-12-23,523.0,529.75,518.75,529.0,14599,12,False,6.0,-0.5,0.0,-205.5,323.5,0.018897637795275646
2009-12-24,529.25,531.25,520.75,524.5,10723,12,False,-4.5,16.125,0.0,-205.5,319.0,-0.01391035548686248
2009-12-28,524.5,550.75,522.5,550.75,30953,12,False,26.25,-7.125,0.0,-205.5,345.25,0.08228840125391845
2009-12-29,550.0,554.75,540.0,541.0,24514,12,False,-9.75,15.0,0.0,-205.5,335.5,-0.02824040550325846
2009-12-30,540.0,550.0,540.0,544.75,19911,12,False,3.75,-6.5,0.0,-205.5,339.25,0.011177347242921076
2009-12-31,543.75,550.0,540.0,541.5,14383,12,False,-3.25,10.0,0.0,-205.5,336.0,-0.009579955784819405
2010-01-04,544.75,561.25,544.0,557.75,41278,1,False,16.25,-4.0,0.0,-205.5,352.25,0.048363095238095344
2010-01-05,556.75,561.5,552.0,553.0,36720,1,False,-4.75,15.25,0.0,-205.5,347.5,-0.01348474095102914
2010-01-06,552.0,567.75,551.0,567.25,38503,1,False,14.25,-7.125,0.0,-205.5,361.75,0.04100719424460442
2010-01-07,566.5,568.0,556.0,557.75,33873,1,False,-9.5,12.5,0.0,-205.5,352.25,-0.0262612301313061
2010-01-08,557.5,570.0,545.25,568.5,33873,1,False,10.75,-2.75,0.0,-205.5,363.0,0.030518097941802713
2010-01-11,569.0,575.0,563.75,572.5,33873,1,False,4.0,-13.0,0.0,-205.5,367.0,0.011019283746556363
2010-01-12,570.0,570.5,520.5,535.75,33873,1,False,-36.75,2.625,0.0,-205.5,330.25,-0.10013623978201636
2010-01-13,534.75,538.0,519.25,537.0,60488,1,False,1.25,-23.0,0.0,-205.5,331.5,0.0037850113550341735
2010-01-14,536.75,537.25,525.5,527.75,40114,1,False,-9.25,-8.25,0.0,-205.5,322.25,-0.02790346907993968
2010-01-15,525.25,525.75,509.25,510.0,42330,1,False,-17.75,-9.375,0.0,-205.5,304.5,-0.05508145849495738
2010-01-19,511.0,515.25,496.5,500.5,49469,1,False,-9.5,-10.375,0.0,-205.5,295.0,-0.031198686371100126
2010-01-20,501.0,501.5,485.25,497.5,48241,1,False,-3.0,-3.75,0.0,-205.5,292.0,-0.01016949152542368
2010-01-21,497.75,500.5,493.0,499.5,35457,1,False,2.0,-2.0,0.0,-205.5,294.0,0.006849315068493178
2010-01-22,500.5,502.0,491.5,498.5,30415,1,False,-1.0,0.875,0.0,-205.5,293.0,-0.003401360544217691
2010-01-25,500.25,504.0,496.25,498.25,30539,1,False,-0.25,-2.625,0.0,-205.5,292.75,-0.0008532423208190698
2010-01-26,497.25,500.5,491.5,494.0,30418,1,False,-4.25,-5.25,0.0,-205.5,288.5,-0.014517506404782221
2010-01-27,493.5,495.0,483.0,483.75,42885,1,False,-10.25,-0.5,0.0,-205.5,278.25,-0.03552859618717508
2010-01-28,485.75,489.25,482.75,487.0,35797,1,False,3.25,-11.625,0.0,-205.5,281.5,0.011680143755615546
2010-01-29,486.5,488.5,473.0,474.0,62568,1,False,-13.0,2.0,0.0,-205.5,268.5,-0.04618117229129659
2010-02-01,476.0,483.75,473.0,474.75,57026,2,False,0.75,-0.25,0.0,-205.5,269.25,0.0027932960893854997
2010-02-02,474.25,492.5,474.25,487.25,65546,2,False,12.5,-8.75,0.0,-205.5,281.75,0.0464252553389044
2010-02-03,487.5,494.75,468.25,469.0,61505,2,False,-18.25,9.625,0.0,-205.5,263.5,-0.06477373558118904
2010-02-04,471.0,482.0,466.5,475.75,50470,2,False,6.75,-10.375,0.0,-205.5,270.25,0.02561669829222013
2010-02-05,475.0,476.5,467.0,473.25,55763,2,False,-2.5,8.75,0.0,-205.5,267.75,-0.009250693802035137
2010-02-08,479.5,489.0,476.25,484.0,55118,2,False,10.75,-2.125,0.0,-205.5,278.5,0.04014939309056964
2010-02-09,483.0,488.5,476.75,482.25,63813,2,False,-1.75,12.625,0.0,-205.5,276.75,-0.006283662477558294
2010-02-10,483.5,503.0,480.75,496.75,87561,2,False,14.5,-2.5,0.0,-205.5,291.25,0.05239385727190604
2010-02-11,497.75,501.5,486.5,493.5,54328,2,False,-3.25,3.75,0.0,-205.5,288.0,-0.011158798283261828
2010-02-12,493.5,493.75,480.25,486.5,40776,2,False,-7.0,7.625,0.0,-205.5,281.0,-0.02430555555555558
2010-02-16,490.0,509.0,488.25,505.0,59297,2,False,18.5,-8.625,0.0,-205.5,299.5,0.06583629893238441
2010-02-17,504.25,504.75,492.5,494.75,42283,2,False,-10.25,4.375,0.0,-205.5,289.25,-0.03422370617696158
2010-02-18,495.0,499.5,483.0,485.0,40668,2,False,-9.75,-2.75,0.0,-205.5,279.5,-0.0337078651685393
2010-02-19,481.0,490.5,477.5,489.75,41882,2,False,4.75,0.875,0.0,-205.5,284.25,0.016994633273702986
2010-02-22,489.75,504.0,485.25,501.25,48291,2,False,11.5,-2.375,0.0,-205.5,295.75,0.04045734388742295
2010-02-23,499.25,501.5,491.0,491.75,34885,2,False,-9.5,10.0,0.0,-205.5,286.25,-0.03212172442941674
2010-02-24,492.0,502.25,489.5,500.25,27762,2,False,8.5,-10.0,0.0,-205.5,294.75,0.029694323144104695
2010-02-25,499.0,500.5,488.0,489.75,23569,2,False,-10.5,12.625,0.0,-205.5,284.25,-0.03562340966921118
2010-02-26,489.5,507.0,488.5,506.5,6934,2,False,16.75,-12.125,0.0,-205.5,301.0,0.05892700087950753
2010-03-01,508.0,513.0,485.0,492.75,7920,3,True,-13.75,8.0,-21.75,-183.75,309.0,0.02657807308970095
2010-03-02,493.0,497.25,487.0,492.0,5407,3,False,-0.75,-1.125,0.0,-183.75,308.25,-0.0024271844660194164
2010-03-03,497.25,503.75,494.75,503.5,2932,3,False,11.5,-6.875,0.0,-183.75,319.75,0.037307380373073906
2010-03-04,501.5,502.25,488.0,490.5,2358,3,False,-13.0,1.625,0.0,-183.75,306.75,-0.040656763096168835
2010-03-05,493.0,496.75,482.25,482.25,1902,3,False,-8.25,-5.375,0.0,-183.75,298.5,-0.02689486552567233
2010-03-08,484.0,487.25,483.25,484.5,1264,3,False,2.25,-7.125,0.0,-183.75,300.75,0.007537688442211143
2010-03-09,483.0,483.25,478.25,478.5,739,3,False,-6.0,-2.75,0.0,-183.75,294.75,-0.01995012468827928
2010-03-10,478.0,478.0,468.75,470.75,462,3,False,-7.75,-4.125,0.0,-183.75,287.0,-0.026293469041560602
2010-03-11,469.0,470.75,466.0,468.5,221,3,False,-2.25,-2.0,0.0,-183.75,284.75,-0.007839721254355392
2010-03-12,469.5,471.75,469.5,472.25,24060,3,False,3.75,2.375,0.0,-183.75,288.5,0.013169446883230851
2010-03-15,484.75,487.0,476.75,479.25,20569,3,False,7.0,5.75,0.0,-183.75,295.5,0.024263431542461023
2010-03-16,480.25,489.0,479.5,487.0,26171,3,False,7.75,8.0,0.0,-183.75,303.25,0.02622673434856182
2010-03-17,487.75,498.25,485.25,496.0,34563,3,False,9.0,0.5,0.0,-183.75,312.25,0.02967848309975274
2010-03-18,494.5,494.75,484.5,489.25,34830,3,False,-6.75,1.75,0.0,-183.75,305.5,-0.021617293835068052
2010-03-19,489.25,490.75,482.5,483.75,21371,3,False,-5.5,-2.0,0.0,-183.75,300.0,-0.018003273322422242
2010-03-22,484.25,492.75,482.25,486.5,23468,3,False,2.75,-7.625,0.0,-183.75,302.75,0.009166666666666767
2010-03-23,485.25,489.0,475.75,476.75,31447,3,False,-9.75,1.0,0.0,-183.75,293.0,-0.03220478943022298
2010-03-24,477.0,478.75,472.0,476.0,24110,3,False,-0.75,-9.625,0.0,-183.75,292.25,-0.0025597269624573205
2010-03-25,475.5,478.25,464.5,466.5,33361,3,False,-9.5,-1.25,0.0,-183.75,282.75,-0.032506415739948724
2010-03-26,466.25,468.75,464.0,464.75,26997,3,False,-1.75,-4.75,0.0,-183.75,281.0,-0.006189213085764811
2010-03-29,465.5,471.25,464.0,464.75,32286,3,False,0.0,2.75,0.0,-183.75,281.0,0.0
2010-03-30,464.75,473.75,462.25,472.0,34897,3,False,7.25,-10.75,0.0,-183.75,288.25,0.025800711743772187
2010-03-31,472.0,474.25,450.0,450.5,58287,3,False,-21.5,5.75,0.0,-183.75,266.75,-0.07458803122289681
2010-04-01,452.5,457.75,449.5,454.75,68,4,False,4.25,-11.375,0.0,-183.75,271.0,0.015932521087160367
2010-04-05,456.0,459.5,447.0,453.5,20682,4,False,-1.25,7.125,0.0,-183.75,269.75,-0.004612546125461248
2010-04-06,454.0,470.0,448.75,463.5,46216,4,False,10.0,5.25,0.0,-183.75,279.75,0.03707136237256714
2010-04-07,463.75,479.75,456.5,475.25,55200,4,False,11.75,2.0,0.0,-183.75,291.5,0.042001787310098404
2010-04-08,474.25,474.75,467.0,469.25,48344,4,False,-6.0,4.125,0.0,-183.75,285.5,-0.020583190394511175
2010-04-09,469.5,478.75,462.5,465.75,48279,4,False,-3.5,-2.0,0.0,-183.75,282.0,-0.012259194395796813
2010-04-12,469.0,474.5,466.0,467.75,79561,4,False,2.0,2.375,0.0,-183.75,284.0,0.007092198581560183
2010-04-13,467.0,476.5,463.5,476.0,64576,4,False,8.25,0.375,0.0,-183.75,292.25,0.029049295774647987
2010-04-14,475.25,482.0,470.5,474.75,69661,4,False,-1.25,6.875,0.0,-183.75,291.0,-0.004277159965782706
2010-04-15,474.25,482.5,472.5,480.25,41466,4,False,5.5,4.5,0.0,-183.75,296.5,0.018900343642611617
2010-04-16,479.75,491.25,476.25,490.5,39879,4,False,10.25,-8.625,0.0,-183.75,306.75,0.03456998313659354
2010-04-19,489.0,489.0,466.75,467.75,35943,4,False,-22.75,14.25,0.0,-183.75,284.0,-0.07416462917685407
2010-04-20,469.5,487.25,468.5,486.0,36954,4,False,18.25,-10.75,0.0,-183.75,302.25,0.06426056338028174
2010-04-21,486.75,490.0,481.75,487.25,22042,4,False,1.25,14.75,0.0,-183.75,303.5,0.0041356492969395475
2010-04-22,486.5,499.5,480.75,498.5,18974,4,False,11.25,-2.0,0.0,-183.75,314.75,0.037067545304777516
2010-04-23,498.0,499.25,489.75,493.25,28265,4,False,-5.25,-3.0,0.0,-183.75,309.5,-0.016679904686258906
2010-04-26,492.5,502.5,449.0,476.0,15952,4,False,-17.25,-1.5,0.0,-183.75,292.25,-0.05573505654281097
2010-04-27,476.75,481.25,471.25,478.25,14215,4,False,2.25,-9.625,0.0,-183.75,294.5,0.007698887938409005
2010-04-28,477.0,484.0,470.75,476.25,18448,4,False,-2.0,5.25,0.0,-183.75,292.5,-0.006791171477079749
2010-04-29,477.0,495.25,477.0,484.5,15673,4,False,8.25,2.625,0.0,-183.75,300.75,0.028205128205128105
2010-04-30,484.0,493.75,482.0,491.75,10948,4,False,7.25,3.25,0.0,-183.75,308.0,0.024106400665004246
2010-05-03,493.5,495.75,480.5,490.0,6940,5,True,-1.75,8.5,-10.25,-173.5,316.5,0.02759740259740262
2010-05-04,489.0,500.5,483.0,499.75,4678,5,False,9.75,-0.25,0.0,-173.5,326.25,0.0308056872037914
2010-05-05,500.5,501.5,493.0,501.0,4338,5,False,1.25,3.0,0.0,-173.5,327.5,0.003831417624521105
2010-05-06,500.0,502.0,490.0,497.25,2863,5,False,-3.75,2.125,0.0,-173.5,323.75,-0.011450381679389277
2010-05-07,492.5,506.25,490.0,500.25,2333,5,False,3.0,-10.75,0.0,-173.5,326.75,0.009266409266409203
2010-05-10,498.0,502.5,482.5,482.5,776,5,False,-17.75,2.125,0.0,-173.5,309.0,-0.05432287681713843
2010-05-11,482.25,487.25,481.0,483.75,213,5,False,1.25,-9.375,0.0,-173.5,310.25,0.004045307443365731
2010-05-12,485.0,496.0,482.0,482.75,342,5,False,-1.0,-5.25,0.0,-173.5,309.25,-0.003223207091055613
2010-05-13,479.25,479.25,472.0,471.0,542,5,False,-11.75,-4.25,0.0,-173.5,297.5,-0.03799514955537586
2010-05-14,465.5,465.5,463.0,463.5,34507,5,False,-7.5,-3.125,0.0,-173.5,290.0,-0.025210084033613467
2010-05-17,471.0,474.5,466.25,469.0,32094,5,False,5.5,-4.375,0.0,-173.5,295.5,0.018965517241379404
2010-05-18,469.0,473.5,466.0,467.75,32717,5,False,-1.25,3.5,0.0,-173.5,294.25,-0.004230118443316444
2010-05-19,467.75,472.0,465.25,469.25,28939,5,False,1.5,-0.375,0.0,-173.5,295.75,0.005097706032285432
2010-05-20,470.5,472.25,461.25,469.75,42108,5,False,0.5,1.875,0.0,-173.5,296.25,0.0016906170752324368
2010-05-21,469.5,475.0,466.5,472.0,32362,5,False,2.25,-2.0,0.0,-173.5,298.5,0.0075949367088608
2010-05-24,473.75,476.0,466.0,467.5,32240,5,False,-4.5,-2.375,0.0,-173.5,294.0,-0.015075376884422065
2010-05-25,465.5,466.75,456.25,460.5,41281,5,False,-7.0,-1.625,0.0,-173.5,287.0,-0.023809523809523836
2010-05-26,462.75,472.0,459.0,461.75,49496,5,False,1.25,-0.5,0.0,-173.5,288.25,0.00435540069686402
2010-05-27,460.5,473.5,458.0,467.75,30745,5,False,6.0,-4.375,0.0,-173.5,294.25,0.020815264527320076
2010-05-28,468.5,473.5,456.5,457.75,66816,5,False,-10.0,-0.5,0.0,-173.5,284.25,-0.03398470688190314
2010-06-01,457.75,461.25,448.75,450.75,47763,6,False,-7.0,-9.125,0.0,-173.5,277.25,-0.024626209322779258
2010-06-02,450.0,454.5,442.0,442.5,61748,6,False,-8.25,-3.875,0.0,-173.5,269.0,-0.02975653742110007
2010-06-03,443.5,448.0,440.5,441.75,51410,6,False,-0.75,-7.125,0.0,-173.5,268.25,-0.0027881040892193676
2010-06-04,442.5,444.25,435.25,435.75,54534,6,False,-6.0,-2.125,0.0,-173.5,262.25,-0.02236719478098792
2010-06-07,435.25,438.5,431.25,432.25,47975,6,False,-3.5,-3.0,0.0,-173.5,258.75,-0.013346043851286904
2010-06-08,432.25,436.5,431.25,432.25,57042,6,False,0.0,-3.875,0.0,-173.5,258.75,0.0
2010-06-09,432.75,436.0,425.5,428.0,62604,6,False,-4.25,2.625,0.0,-173.5,254.5,-0.01642512077294689
2010-06-10,428.0,437.5,426.75,433.25,62662,6,False,5.25,1.625,0.0,-173.5,259.75,0.02062868369351678
2010-06-11,433.0,449.0,427.5,440.75,92624,6,False,7.5,8.0,0.0,-173.5,267.25,0.02887391722810384
2010-06-14,442.75,454.75,441.75,451.5,72669,6,False,10.75,3.875,0.0,-173.5,278.0,0.04022450888681006
2010-06-15,451.0,456.25,445.25,451.75,41286,6,False,0.25,10.125,0.0,-173.5,278.25,0.0008992805755396738
2010-06-16,451.5,468.0,451.0,461.25,70631,6,False,9.5,0.875,0.0,-173.5,287.75,0.034141958670260486
2010-06-17,461.0,465.5,453.5,462.75,51215,6,False,1.5,4.25,0.0,-173.5,289.25,0.005212858384013863
2010-06-18,462.5,470.0,458.75,461.75,51060,6,False,-1.0,0.875,0.0,-173.5,288.25,-0.0034572169403630504
2010-06-21,462.75,469.25,455.25,462.0,42360,6,False,0.25,-1.125,0.0,-173.5,288.5,0.0008673026886383273
2010-06-22,461.25,463.75,455.75,460.75,28367,6,False,-1.25,0.875,0.0,-173.5,287.25,-0.004332755632582286
2010-06-23,459.75,468.5,458.25,462.25,39445,6,False,1.5,-0.25,0.0,-173.5,288.75,0.005221932114882533
2010-06-24,461.25,470.0,461.0,463.0,32322,6,False,0.75,-2.625,0.0,-173.5,289.5,0.0025974025974024872
2010-06-25,462.75,464.75,455.25,456.25,24162,6,False,-6.75,-3.0,0.0,-173.5,282.75,-0.023316062176165775
2010-06-28,455.5,455.5,444.0,449.5,32821,6,False,-6.75,-7.125,0.0,-173.5,276.0,-0.023872679045092826
2010-06-29,448.25,448.5,440.0,442.0,25205,6,False,-7.5,8.0,0.0,-173.5,268.5,-0.02717391304347827
2010-06-30,441.5,477.25,441.5,464.75,17201,6,False,22.75,5.875,0.0,-173.5,291.25,0.08472998137802601
2010-07-01,464.25,486.0,461.0,484.0,9964,7,True,19.25,13.25,6.0,-179.5,304.5,0.0454935622317596
2010-07-02,482.5,492.0,481.25,487.75,6254,7,False,3.75,12.125,0.0,-179.5,308.25,0.012315270935960632
2010-07-06,487.75,511.0,487.75,492.75,5525,7,False,5.0,13.375,0.0,-179.5,313.25,0.016220600162206056
2010-07-07,492.0,517.0,492.0,515.75,4025,7,False,23.0,11.625,0.0,-179.5,336.25,0.07342378292098961
2010-07-08,515.0,534.5,510.0,534.0,3901,7,False,18.25,6.25,0.0,-179.5,354.5,0.05427509293680299
2010-07-09,529.75,529.75,519.75,523.5,2714,7,False,-10.5,8.0,0.0,-179.5,344.0,-0.02961918194640334
2010-07-12,523.5,524.5,520.0,521.25,1659,7,False,-2.25,2.0,0.0,-179.5,341.75,-0.006540697674418561
2010-07-13,520.0,536.75,520.0,535.75,332,7,False,14.5,5.125,0.0,-179.5,356.25,0.04242867593269928
2010-07-14,534.5,553.25,533.5,548.25,59964,7,False,12.5,31.25,0.0,-179.5,368.75,0.03508771929824572
2010-07-15,556.75,598.5,555.5,596.25,93931,7,False,48.0,1.75,0.0,-179.5,416.75,0.13016949152542368
2010-07-16,595.5,597.75,578.75,587.25,69220,7,False,-9.0,21.5,0.0,-179.5,407.75,-0.021595680863827238
2010-07-19,582.5,597.75,575.25,582.25,51738,7,False,-5.0,-7.125,0.0,-179.5,402.75,-0.012262415695892037
2010-07-20,580.5,581.0,572.75,577.0,37416,7,False,-5.25,3.125,0.0,-179.5,397.5,-0.013035381750465591
2010-07-21,577.0,594.0,574.0,588.25,48904,7,False,11.25,1.5,0.0,-179.5,408.75,0.028301886792452935
2010-07-22,587.0,610.0,583.75,596.5,62992,7,False,8.25,5.5,0.0,-179.5,417.0,0.020183486238532167
2010-07-23,596.0,603.75,593.25,596.25,35816,7,False,-0.25,0.75,0.0,-179.5,416.75,-0.0005995203836930418
2010-07-26,596.25,596.25,584.5,589.5,30102,7,False,-6.75,2.625,0.0,-179.5,410.0,-0.016196760647870456
2010-07-27,587.0,604.0,582.5,595.0,52862,7,False,5.5,6.875,0.0,-179.5,415.5,0.013414634146341475
2010-07-28,593.0,623.25,592.0,615.5,61593,7,False,20.5,8.75,0.0,-179.5,436.0,0.04933814681107096
2010-07-29,615.25,632.0,613.0,627.5,57886,7,False,12.0,27.25,0.0,-179.5,448.0,0.02752293577981657
2010-07-30,626.25,663.0,625.75,661.5,80164,7,False,34.0,21.875,0.0,-179.5,482.0,0.0758928571428572
2010-08-02,660.0,711.25,657.0,693.25,115906,8,False,31.75,10.375,0.0,-179.5,513.75,0.0658713692946058
2010-08-03,692.0,697.5,674.75,680.0,66221,8,False,-13.25,38.75,0.0,-179.5,500.5,-0.025790754257907555
2010-08-04,680.0,732.0,678.25,725.75,91773,8,False,45.75,23.375,0.0,-179.5,546.25,0.09140859140859137
2010-08-05,726.25,785.75,724.0,785.75,88514,8,False,60.0,-7.125,0.0,-179.5,606.25,0.10983981693363853
2010-08-06,788.25,841.0,725.75,725.75,126816,8,False,-60.0,23.375,0.0,-179.5,546.25,-0.09896907216494844
2010-08-09,710.75,738.25,684.5,712.5,131546,8,False,-13.25,-38.875,0.0,-179.5,533.0,-0.024256292906178478
2010-08-10,713.0,718.25,690.0,694.75,99701,8,False,-17.75,-6.625,0.0,-179.5,515.25,-0.03330206378986866
2010-08-11,695.0,709.5,680.5,694.75,90223,8,False,0.0,0.25,0.0,-179.5,515.25,0.0
2010-08-12,695.0,734.5,689.0,713.0,78265,8,False,18.25,-5.25,0.0,-179.5,533.5,0.03541969917515764
2010-08-13,710.0,724.75,700.25,702.5,40717,8,False,-10.5,-10.25,0.0,-179.5,523.0,-0.019681349578256846
2010-08-16,700.0,709.0,655.75,663.75,53329,8,False,-38.75,-11.625,0.0,-179.5,484.25,-0.07409177820267687
2010-08-17,664.75,676.75,649.75,651.0,41916,8,False,-12.75,-16.875,0.0,-179.5,471.5,-0.026329375322663884
2010-08-18,652.75,665.0,645.0,656.0,22493,8,False,5.0,6.25,0.0,-179.5,476.5,0.010604453870625585
2010-08-19,657.0,700.0,657.0,681.25,32289,8,False,25.25,1.375,0.0,-179.5,501.75,0.05299055613851
2010-08-20,685.0,695.75,670.0,679.0,15341,8,False,-2.25,19.25,0.0,-179.5,499.5,-0.004484304932735439
2010-08-23,679.0,697.0,677.25,692.25,15224,8,False,13.25,-9.875,0.0,-179.5,512.75,0.02652652652652643
2010-08-24,691.5,693.0,668.25,674.75,22088,8,False,-17.5,-6.875,0.0,-179.5,495.25,-0.03412969283276446
2010-08-25,674.75,682.75,646.5,647.75,21858,8,False,-27.0,-4.375,0.0,-179.5,468.25,-0.05451792024230184
2010-08-26,650.25,665.25,649.75,656.5,15760,8,False,8.75,-10.5,0.0,-179.5,477.0,0.01868659903897485
2010-08-27,657.5,673.25,655.0,662.5,13926,8,False,6.0,8.75,0.0,-179.5,483.0,0.012578616352201255
2010-08-30,666.0,695.25,665.5,671.25,25897,8,False,8.75,-6.375,0.0,-179.5,491.75,0.018115942028985588
2010-08-31,667.0,679.75,650.5,652.5,16752,8,False,-18.75,15.875,0.0,-179.5,473.0,-0.03812913065582102
2010-09-01,654.25,678.25,653.0,675.5,11173,9,True,23.0,-6.75,29.75,-209.25,466.25,-0.014270613107822405
2010-09-02,680.75,687.0,680.5,680.75,7239,9,False,5.25,25.25,0.0,-209.25,471.5,0.011260053619303045
2010-09-03,682.0,709.25,682.0,708.25,4793,9,False,27.5,-0.25,0.0,-209.25,499.0,0.05832449628844105
2010-09-07,711.25,713.0,696.0,702.5,4238,9,False,-5.75,1.875,0.0,-209.25,493.25,-0.011523046092184352
2010-09-08,701.75,702.0,678.0,678.75,3450,9,False,-23.75,11.125,0.0,-209.25,469.5,-0.04815002534211865
2010-09-09,683.75,707.25,683.0,706.75,2133,9,False,28.0,-12.875,0.0,-209.25,497.5,0.059637912673056404
2010-09-10,704.0,708.5,690.25,704.75,2842,9,False,-2.0,18.5,0.0,-209.25,495.5,-0.004020100502512558
2010-09-13,705.75,722.0,705.75,713.75,1789,9,False,9.0,-5.625,0.0,-209.25,504.5,0.01816347124117046
2010-09-14,708.25,709.0,701.5,704.5,44074,9,False,-9.25,15.625,0.0,-209.25,495.25,-0.018334985133795834
2010-09-15,735.75,744.25,723.0,726.75,44548,9,False,22.25,-8.375,0.0,-209.25,517.5,0.044926804644119134
2010-09-16,728.25,737.75,711.5,719.25,45246,9,False,-7.5,21.125,0.0,-209.25,510.0,-0.01449275362318836
2010-09-17,725.5,743.0,723.0,739.25,41536,9,False,20.0,-7.5,0.0,-209.25,530.0,0.03921568627450989
2010-09-20,738.5,757.0,729.0,731.75,38596,9,False,-7.5,3.125,0.0,-209.25,522.5,-0.014150943396226467
2010-09-21,728.75,734.0,716.5,718.0,36945,9,False,-13.75,-2.875,0.0,-209.25,508.75,-0.02631578947368418
2010-09-22,721.0,732.0,713.5,719.75,37375,9,False,1.75,-18.125,0.0,-209.25,510.5,0.003439803439803546
2010-09-23,720.5,722.0,693.0,697.25,52999,9,False,-22.5,12.25,0.0,-209.25,488.0,-0.044074436826640584
2010-09-24,701.25,723.0,697.5,720.0,51154,9,False,22.75,-18.0,0.0,-209.25,510.75,0.04661885245901631
2010-09-27,722.0,731.0,702.0,706.5,37631,9,False,-13.5,0.5,0.0,-209.25,497.25,-0.026431718061673992
2010-09-28,705.0,707.75,684.5,684.75,46561,9,False,-21.75,-7.375,0.0,-209.25,475.5,-0.043740573152337814
2010-09-29,685.25,688.25,663.25,683.5,57177,9,False,-1.25,-15.625,0.0,-209.25,474.25,-0.002628811777076745
2010-09-30,685.75,686.0,651.0,674.0,75444,9,False,-9.5,-10.125,0.0,-209.25,464.75,-0.02003162888771748
2010-10-01,674.0,678.25,646.5,655.0,56388,10,False,-19.0,-8.625,0.0,-209.25,445.75,-0.04088219472834853
2010-10-04,650.0,655.75,643.5,647.25,38228,10,False,-7.75,-1.375,0.0,-209.25,438.0,-0.01738642736960183
2010-10-05,647.75,667.75,644.0,663.5,48567,10,False,16.25,-6.5,0.0,-209.25,454.25,0.037100456621004474
2010-10-06,664.25,673.25,655.0,658.25,29587,10,False,-5.25,8.625,0.0,-209.25,449.0,-0.011557512383049029
2010-10-07,658.0,676.25,656.5,659.25,36542,10,False,1.0,27.375,0.0,-209.25,450.0,0.00222717149220486
2010-10-08,660.75,719.25,657.0,719.25,41711,10,False,60.0,-4.5,0.0,-209.25,510.0,0.1333333333333333
2010-10-11,737.5,739.75,703.0,709.25,61235,10,False,-10.0,30.375,0.0,-209.25,500.0,-0.019607843137254943
2010-10-12,708.25,719.75,703.0,710.0,44605,10,False,0.75,-8.625,0.0,-209.25,500.75,0.0015000000000000568
2010-10-13,712.0,722.25,695.0,702.75,50559,10,False,-7.25,-0.625,0.0,-209.25,493.5,-0.014478282576135815
2010-10-14,702.0,712.25,697.5,700.75,40266,10,False,-2.0,-1.75,0.0,-209.25,491.5,-0.004052684903748771
2010-10-15,702.0,713.75,695.0,704.5,49322,10,False,3.75,-8.25,0.0,-209.25,495.25,0.007629704984740693
2010-10-18,701.75,709.0,687.25,690.0,41689,10,False,-14.5,-7.375,0.0,-209.25,480.75,-0.02927814235234727
2010-10-19,691.0,696.5,668.25,671.5,49092,10,False,-18.5,-1.5,0.0,-209.25,462.25,-0.0384815392615705
2010-10-20,673.5,687.75,673.5,683.0,36051,10,False,11.5,-16.375,0.0,-209.25,473.75,0.02487831260140627
2010-10-21,683.0,692.25,667.0,668.75,33133,10,False,-14.25,6.75,0.0,-209.25,459.5,-0.030079155672823266
2010-10-22,670.25,676.0,665.0,670.75,29604,10,False,2.0,-5.5,0.0,-209.25,461.5,0.0043525571273121955
2010-10-25,669.25,686.0,669.0,674.0,35789,10,False,3.25,10.0,0.0,-209.25,464.75,0.007042253521126751
2010-10-26,674.0,699.0,670.5,692.0,61650,10,False,18.0,7.0,0.0,-209.25,482.75,0.03873050026896174
2010-10-27,694.5,707.5,686.5,702.75,49922,10,False,10.75,16.75,0.0,-209.25,493.5,0.022268254790264175
2010-10-28,702.75,721.75,700.5,718.25,60694,10,False,15.5,4.875,0.0,-209.25,509.0,0.03140830800405259
2010-10-29,719.75,725.0,711.25,717.25,57385,10,False,-1.0,0.375,0.0,-209.25,508.0,-0.0019646365422396617
2010-11-01,724.5,728.0,701.25,702.5,59548,11,False,-14.75,-4.625,0.0,-209.25,493.25,-0.02903543307086609
2010-11-02,704.0,712.25,692.5,694.25,58450,11,False,-8.25,-9.375,0.0,-209.25,485.0,-0.016725798276735926
2010-11-03,696.5,699.5,680.5,690.25,57253,11,False,-4.0,7.625,0.0,-209.25,481.0,-0.008247422680412342
2010-11-04,695.25,719.5,692.75,713.75,57185,11,False,23.5,5.5,0.0,-209.25,504.5,0.04885654885654889
2010-11-05,715.75,731.5,705.0,728.75,57185,11,False,15.0,15.5,0.0,-209.25,519.5,0.02973240832507429
2010-11-08,730.0,739.0,721.0,736.25,66262,11,False,7.5,0.25,0.0,-209.25,527.0,0.014436958614052031
2010-11-09,737.5,760.75,717.25,721.75,88653,11,False,-14.5,-2.125,0.0,-209.25,512.5,-0.02751423149905119
2010-11-10,721.25,723.5,695.0,710.0,68570,11,False,-11.75,-10.25,0.0,-209.25,500.75,-0.022926829268292703
2010-11-11,707.25,723.0,701.75,704.0,73514,11,False,-6.0,-23.25,0.0,-209.25,494.75,-0.011982026959560632
2010-11-12,704.25,710.75,661.25,669.25,101953,11,False,-34.75,-1.25,0.0,-209.25,460.0,-0.0702374936836786
2010-11-15,673.5,685.0,667.5,672.75,58751,11,False,3.5,-40.625,0.0,-209.25,463.5,0.007608695652173925
2010-11-16,671.0,674.0,624.25,626.25,95326,11,False,-46.5,4.875,0.0,-209.25,417.0,-0.10032362459546929
2010-11-17,627.5,647.0,617.75,632.5,75379,11,False,6.25,-16.875,0.0,-209.25,423.25,0.014988009592326046
2010-11-18,633.75,657.25,633.25,645.25,35504,11,False,12.75,2.75,0.0,-209.25,436.0,0.030124040165386834
2010-11-19,649.75,657.75,636.25,644.5,44383,11,False,-0.75,6.875,0.0,-209.25,435.25,-0.0017201834862384802
2010-11-22,643.75,653.0,639.0,645.5,30081,11,False,1.0,-2.125,0.0,-209.25,436.25,0.0022975301550833827
2010-11-23,647.25,652.25,634.5,642.0,40267,11,False,-3.5,3.25,0.0,-209.25,432.75,-0.008022922636103158
2010-11-24,645.0,656.0,642.25,647.5,29482,11,False,5.5,-1.375,0.0,-209.25,438.25,0.012709416522241446
2010-11-26,647.5,654.25,645.5,648.25,31350,11,False,0.75,3.75,0.0,-209.25,439.0,0.0017113519680547196
2010-11-29,649.25,662.0,647.0,650.25,52156,11,False,2.0,0.375,0.0,-209.25,441.0,0.004555808656036442
2010-11-30,651.25,657.0,645.0,650.25,18191,11,False,0.0,24.625,0.0,-209.25,441.0,0.0
2010-12-01,653.0,702.25,650.5,697.5,10560,12,True,47.25,4.5,42.75,-252.0,445.5,0.010204081632652962
2010-12-02,702.0,725.0,693.75,706.5,4391,12,False,9.0,39.375,0.0,-252.0,454.5,0.02020202020202011
2010-12-03,714.25,737.0,714.25,738.0,2677,12,False,31.5,11.5,0.0,-252.0,486.0,0.06930693069306937
2010-12-06,747.75,753.75,739.0,752.0,1377,12,False,14.0,11.25,0.0,-252.0,500.0,0.028806584362139898
2010-12-07,760.75,761.5,736.75,743.0,1021,12,False,-9.0,6.5,0.0,-252.0,491.0,-0.018000000000000016
2010-12-08,733.0,750.0,725.75,742.0,575,12,False,-1.0,-1.375,0.0,-252.0,490.0,-0.0020366598778004397
2010-12-09,743.25,749.25,742.0,748.25,105,12,False,6.25,-6.875,0.0,-252.0,496.25,0.012755102040816313
2010-12-10,743.5,751.0,738.75,735.5,94,12,False,-12.75,5.5,0.0,-252.0,483.5,-0.025692695214105776
2010-12-13,743.0,743.0,736.5,740.25,105,12,False,4.75,-16.0,0.0,-252.0,488.25,0.009824198552223384
2010-12-14,740.75,740.75,720.0,721.0,46314,12,False,-19.25,24.25,0.0,-252.0,469.0,-0.03942652329749108
2010-12-15,761.0,776.5,759.75,764.75,41111,12,False,43.75,-17.125,0.0,-252.0,512.75,0.09328358208955234
2010-12-16,764.0,766.75,746.0,749.75,30866,12,False,-15.0,25.375,0.0,-252.0,497.75,-0.029254022428083837
2010-12-17,752.75,758.0,742.0,756.75,23922,12,False,7.0,-1.125,0.0,-252.0,504.75,0.01406328478151675
2010-12-20,760.5,776.5,759.5,769.5,26319,12,False,12.75,1.25,0.0,-252.0,517.5,0.02526002971768193
2010-12-21,770.75,772.0,762.0,765.0,23700,12,False,-4.5,15.625,0.0,-252.0,513.0,-0.008695652173912993
2010-12-22,762.5,785.25,756.0,783.5,32598,12,False,18.5,-2.5,0.0,-252.0,531.5,0.03606237816764124
2010-12-23,785.0,788.25,776.0,783.0,19738,12,False,-0.5,7.875,0.0,-252.0,531.0,-0.0009407337723423836
2010-12-27,775.0,783.75,766.0,780.25,12064,12,False,-2.75,8.75,0.0,-252.0,528.25,-0.005178907721280601
2010-12-28,780.0,802.0,779.5,798.25,24215,12,False,18.0,-0.875,0.0,-252.0,546.25,0.03407477520113589
2010-12-29,800.0,806.25,782.25,799.25,25276,12,False,1.0,1.75,0.0,-252.0,547.25,0.0018306636155607237
2010-12-30,799.0,799.0,776.5,784.75,28967,12,False,-14.5,5.25,0.0,-252.0,532.75,-0.02649611694837828
2010-12-31,786.5,796.25,780.5,794.25,18720,12,False,9.5,-1.625,0.0,-252.0,542.25,0.017832003754105985
2011-01-03,793.5,825.0,792.75,805.5,41582,1,False,11.25,-3.375,0.0,-252.0,553.5,0.020746887966804906
2011-01-04,803.5,808.75,783.25,789.25,42111,1,False,-16.25,15.125,0.0,-252.0,537.25,-0.02935862691960256
2011-01-05,794.25,810.25,776.0,808.25,43836,1,False,19.0,-17.75,0.0,-252.0,556.25,0.03536528617961854
2011-01-06,809.0,809.75,787.75,789.0,38317,1,False,-19.25,2.0,0.0,-252.0,537.0,-0.03460674157303367
2011-01-07,789.0,794.0,772.0,774.0,41870,1,False,-15.0,-13.0,0.0,-252.0,522.0,-0.027932960893854775
2011-01-10,777.25,783.0,766.25,767.25,45406,1,False,-6.75,-11.375,0.0,-252.0,515.25,-0.012931034482758674
2011-01-11,769.75,776.75,758.25,759.5,41649,1,False,-7.75,2.125,0.0,-252.0,507.5,-0.01504124211547797
2011-01-12,761.75,790.5,760.0,770.5,63833,1,False,11.0,2.625,0.0,-252.0,518.5,0.021674876847290747
2011-01-13,776.75,787.5,769.25,783.5,52198,1,False,13.0,0.375,0.0,-252.0,531.5,0.025072324011571778
2011-01-14,784.25,784.75,763.0,773.25,58445,1,False,-10.25,16.5,0.0,-252.0,521.25,-0.019285042333019753
2011-01-18,777.5,795.75,773.5,793.25,45206,1,False,20.0,-3.125,0.0,-252.0,541.25,0.0383693045563549
2011-01-19,792.5,808.0,792.5,797.25,52166,1,False,4.0,13.125,0.0,-252.0,545.25,0.007390300230946778
2011-01-20,798.0,805.75,782.0,803.5,47555,1,False,6.25,12.5,0.0,-252.0,551.5,0.011462631820265967
2011-01-21,805.0,830.0,798.75,824.5,69697,1,False,21.0,8.5,0.0,-252.0,572.5,0.0380779691749773
2011-01-24,829.25,839.5,823.5,835.25,53540,1,False,10.75,12.0,0.0,-252.0,583.25,0.018777292576419136
2011-01-25,835.25,839.0,820.75,838.25,63195,1,False,3.0,14.5,0.0,-252.0,586.25,0.005143591941705994
2011-01-26,840.5,861.25,839.75,856.5,48711,1,False,18.25,-3.625,0.0,-252.0,604.5,0.031130063965884913
2011-01-27,859.0,863.5,845.5,846.25,46081,1,False,-10.25,-1.125,0.0,-252.0,594.25,-0.016956162117452434
2011-01-28,848.0,849.75,824.5,825.75,60972,1,False,-20.5,2.375,0.0,-252.0,573.75,-0.03449726546066467
2011-01-31,824.0,847.75,823.0,840.75,53841,1,False,15.0,-12.75,0.0,-252.0,588.75,0.02614379084967311
2011-02-01,844.5,845.0,831.5,835.75,53425,2,False,-5.0,21.125,0.0,-252.0,583.75,-0.00849256900212314
2011-02-02,836.0,864.5,835.5,863.0,59330,2,False,27.25,-4.5,0.0,-252.0,611.0,0.046680942184154084
2011-02-03,862.5,872.75,846.0,859.0,62142,2,False,-4.0,11.0,0.0,-252.0,607.0,-0.006546644844517169
2011-02-04,859.25,864.75,842.5,853.75,51667,2,False,-5.25,0.5,0.0,-252.0,601.75,-0.008649093904448124
2011-02-07,861.0,869.5,851.5,858.75,63365,2,False,5.0,5.125,0.0,-252.0,606.75,0.008309098462816689
2011-02-08,859.75,880.75,844.0,874.25,92302,2,False,15.5,8.375,0.0,-252.0,622.25,0.025545941491553315
2011-02-09,876.0,893.25,875.25,886.0,69104,2,False,11.75,-3.875,0.0,-252.0,634.0,0.01888308557653673
2011-02-10,886.0,886.0,861.25,862.75,75619,2,False,-23.25,8.0,0.0,-252.0,610.75,-0.036671924290220814
2011-02-11,865.0,871.25,855.5,867.0,58881,2,False,4.25,-9.125,0.0,-252.0,615.0,0.0069586573884568015
2011-02-14,876.5,884.75,869.5,872.0,51283,2,False,5.0,-13.75,0.0,-252.0,620.0,0.008130081300812941
2011-02-15,873.0,874.0,830.5,840.25,95153,2,False,-31.75,0.875,0.0,-252.0,588.25,-0.05120967741935489
2011-02-16,843.75,849.25,825.5,837.0,60655,2,False,-3.25,-9.0,0.0,-252.0,585.0,-0.0055248618784530246
2011-02-17,837.75,853.5,837.75,850.75,55063,2,False,13.75,-15.875,0.0,-252.0,598.75,0.02350427350427342
2011-02-18,851.25,852.75,817.25,822.25,64089,2,False,-28.5,-23.125,0.0,-252.0,570.25,-0.04759916492693106
2011-02-22,825.0,835.5,762.25,762.25,70284,2,False,-60.0,-13.875,0.0,-252.0,510.25,-0.10521701008329676
2011-02-23,758.75,767.75,723.0,763.0,62224,2,False,0.75,-37.875,0.0,-252.0,511.0,0.0014698677119058257
2011-02-24,764.0,769.5,741.0,747.25,26991,2,False,-15.75,15.0,0.0,-252.0,495.25,-0.03082191780821919
2011-02-25,749.0,795.0,749.0,776.5,24017,2,False,29.25,-4.875,0.0,-252.0,524.5,0.05906108026249379
2011-02-28,783.5,783.5,764.5,782.5,10109,2,False,6.0,11.25,0.0,-252.0,530.5,0.011439466158245981
2011-03-01,784.5,784.75,766.0,775.75,4655,3,True,-6.75,3.5,-10.25,-241.75,534.0,0.006597549481621057
2011-03-02,771.0,793.0,768.75,776.75,1356,3,False,1.0,3.5,0.0,-241.75,535.0,0.001872659176029856
2011-03-03,777.75,792.25,777.25,790.5,1237,3,False,13.75,5.5,0.0,-241.75,548.75,0.025700934579439227
2011-03-04,800.25,802.5,783.0,800.5,172,3,False,10.0,-8.875,0.0,-241.75,558.75,0.018223234624145768
2011-03-07,790.0,790.0,766.25,769.0,195,3,False,-31.5,-3.875,0.0,-241.75,527.25,-0.05637583892617448
2011-03-08,774.25,775.0,749.25,751.25,910,3,False,-17.75,-25.25,0.0,-241.75,509.5,-0.03366524419156003
2011-03-09,750.75,763.0,727.25,732.25,193,3,False,-19.0,-18.0,0.0,-241.75,490.5,-0.037291462217860616
2011-03-10,707.5,726.5,707.5,714.0,41,3,False,-18.25,-19.0,0.0,-241.75,472.25,-0.03720693170234457
2011-03-11,696.0,709.75,696.0,695.0,76,3,False,-19.0,-6.375,0.0,-241.75,453.25,-0.04023292747485441
2011-03-14,690.0,699.5,690.0,700.5,39105,3,False,5.5,-25.875,0.0,-241.75,458.75,0.012134583563155
2011-03-15,722.25,723.5,661.0,667.75,78878,3,False,-32.75,-0.125,0.0,-241.75,426.0,-0.07138964577656681
2011-03-16,668.25,697.5,656.0,662.0,81171,3,False,-5.75,7.75,0.0,-241.75,420.25,-0.013497652582159625
2011-03-17,663.25,718.75,663.0,710.25,57595,3,False,48.25,3.5,0.0,-241.75,468.5,0.11481261154074951
2011-03-18,708.75,749.0,705.5,723.0,62659,3,False,12.75,23.125,0.0,-241.75,481.25,0.027214514407684076
2011-03-21,724.0,741.75,717.25,721.0,41676,3,False,-2.0,7.0,0.0,-241.75,479.25,-0.004155844155844135
2011-03-22,721.25,728.0,705.25,722.25,44492,3,False,1.25,-5.0,0.0,-241.75,480.5,0.002608242044861653
2011-03-23,725.0,730.25,706.0,714.25,34716,3,False,-8.0,13.25,0.0,-241.75,472.5,-0.01664932362122784
2011-03-24,714.25,741.75,710.0,739.5,53090,3,False,25.25,-7.125,0.0,-241.75,497.75,0.0534391534391534
2011-03-25,739.5,753.0,726.5,733.25,45619,3,False,-6.25,8.625,0.0,-241.75,491.5,-0.0125565042692114
2011-03-28,736.0,739.75,721.0,725.25,34681,3,False,-8.0,2.875,0.0,-241.75,483.5,-0.016276703967446626
2011-03-29,723.75,742.0,721.25,737.25,48274,3,False,12.0,-9.0,0.0,-241.75,495.5,0.024819027921406445
2011-03-30,738.25,741.75,725.25,727.25,41211,3,False,-10.0,24.0,0.0,-241.75,485.5,-0.020181634712411745
2011-03-31,726.5,773.5,721.75,763.25,58811,3,False,36.0,-6.875,0.0,-241.75,521.5,0.07415036045314105
2011-04-01,760.5,774.0,744.75,759.5,63746,4,False,-3.75,33.25,0.0,-241.75,517.75,-0.007190795781399806
2011-04-04,765.5,792.0,764.25,790.0,55601,4,False,30.5,-3.75,0.0,-241.75,548.25,0.05890873973925648
2011-04-05,788.25,798.25,778.5,786.25,65767,4,False,-3.75,13.25,0.0,-241.75,544.5,-0.0068399452804377425
2011-04-06,786.0,792.5,777.75,782.25,45490,4,False,-4.0,-6.375,0.0,-241.75,540.5,-0.00734618916437102
2011-04-07,782.25,793.0,757.25,773.25,67304,4,False,-9.0,10.125,0.0,-241.75,531.5,-0.016651248843663313
2011-04-08,772.25,802.25,765.75,797.5,74701,4,False,24.25,-4.125,0.0,-241.75,555.75,0.045625587958607605
2011-04-11,803.0,809.25,786.25,798.25,60407,4,False,0.75,-7.25,0.0,-241.75,556.5,0.0013495276653170407
2011-04-12,800.5,802.75,750.5,759.5,76981,4,False,-38.75,-3.0,0.0,-241.75,517.75,-0.06963162623539987
2011-04-13,761.0,769.5,741.25,752.75,77742,4,False,-6.75,-25.5,0.0,-241.75,511.0,-0.013037180106228896
2011-04-14,757.0,760.75,733.25,740.5,47045,4,False,-12.25,-1.5,0.0,-241.75,498.75,-0.023972602739726012
2011-04-15,742.5,748.75,730.0,744.25,55742,4,False,3.75,9.25,0.0,-241.75,502.5,0.007518796992481258
2011-04-18,745.0,780.0,740.5,775.0,47853,4,False,30.75,7.25,0.0,-241.75,533.25,0.06119402985074629
2011-04-19,776.25,794.0,774.75,785.75,37885,4,False,10.75,15.0,0.0,-241.75,544.0,0.020159399906235276
2011-04-20,785.75,808.5,780.25,785.0,30711,4,False,-0.75,12.625,0.0,-241.75,543.25,-0.0013786764705882026
2011-04-21,785.5,800.0,780.0,799.5,39743,4,False,14.5,12.875,0.0,-241.75,557.75,0.02669121030832944
2011-04-25,808.5,830.0,806.75,826.0,24882,4,False,26.5,-0.125,0.0,-241.75,584.25,0.04751232631107127
2011-04-26,827.0,829.0,798.5,811.25,22804,4,False,-14.75,-3.875,0.0,-241.75,569.5,-0.025246041934103514
2011-04-27,811.25,817.25,765.0,777.0,18882,4,False,-34.25,-24.375,0.0,-241.75,535.25,-0.060140474100087826
2011-04-28,779.25,784.25,737.75,743.0,21963,4,False,-34.0,-4.0,0.0,-241.75,501.25,-0.06352171882297997
2011-04-29,743.0,769.25,736.5,769.25,4479,4,False,26.25,-21.75,0.0,-241.75,527.5,0.052369077306733125
2011-05-02,772.0,793.0,759.25,759.75,3035,5,True,-9.5,13.625,-23.125,-218.625,541.125,0.025829383886255997
2011-05-03,764.5,764.5,748.25,760.75,1722,5,False,1.0,-14.625,0.0,-218.625,542.125,0.0018480018480018234
2011-05-04,758.0,758.0,740.0,741.0,1049,5,False,-19.75,-8.75,0.0,-218.625,522.375,-0.03643071247406038
2011-05-05,741.0,741.0,718.0,722.5,412,5,False,-18.5,-8.875,0.0,-218.625,503.875,-0.03541517109356307
2011-05-06,713.25,738.25,709.25,724.5,95,5,False,2.0,8.125,0.0,-218.625,505.875,0.003969238402381503
2011-05-09,752.0,761.25,752.0,759.25,955,5,False,34.75,5.875,0.0,-218.625,540.625,0.06869285890783305
2011-05-10,765.75,778.75,765.75,769.0,21,5,False,9.75,-3.25,0.0,-218.625,550.375,0.018034682080924958
2011-05-11,759.75,759.75,739.0,727.75,80,5,False,-41.25,-8.75,0.0,-218.625,509.125,-0.07494889847831021
2011-05-12,713.5,719.75,707.0,700.5,65,5,False,-27.25,-22.875,0.0,-218.625,481.875,-0.0535232015713234
2011-05-13,701.0,712.0,701.0,696.0,49031,5,False,-4.5,6.625,0.0,-218.625,477.375,-0.009338521400778177
2011-05-16,730.0,747.75,729.75,736.5,41678,5,False,40.5,11.5,0.0,-218.625,517.875,0.08483896307934025
2011-05-17,737.0,766.0,732.0,764.0,57826,5,False,27.5,46.75,0.0,-218.625,545.375,0.053101617185614236
2011-05-18,768.25,822.25,767.0,817.0,96596,5,False,53.0,11.25,0.0,-218.625,598.375,0.09718083887233564
2011-05-19,816.0,834.5,805.0,812.0,75227,5,False,-5.0,23.75,0.0,-218.625,593.375,-0.00835596406935446
2011-05-20,812.5,818.5,790.0,806.5,63777,5,False,-5.5,-4.25,0.0,-218.625,587.875,-0.009269012007583788
2011-05-23,816.5,821.0,785.25,803.0,61542,5,False,-3.5,-14.375,0.0,-218.625,584.375,-0.005953646608547691
2011-05-24,803.5,809.75,777.5,779.75,50702,5,False,-23.25,6.625,0.0,-218.625,561.125,-0.0397860962566845
2011-05-25,780.0,800.0,778.25,796.5,43703,5,False,16.75,-2.625,0.0,-218.625,577.875,0.029850746268656803
2011-05-26,800.0,828.75,799.25,814.5,63795,5,False,18.0,11.0,0.0,-218.625,595.875,0.031148604802076596
2011-05-27,817.25,827.0,803.5,819.75,54020,5,False,5.25,-9.75,0.0,-218.625,601.125,0.008810572687224738
2011-05-31,794.0,807.5,772.0,782.25,86406,5,False,-37.5,-8.875,0.0,-218.625,563.625,-0.06238303181534621
2011-06-01,782.5,788.25,754.25,759.25,79412,6,False,-23.0,-13.5,0.0,-218.625,540.625,-0.04080727434020848
2011-06-02,760.0,773.5,758.5,769.75,56763,6,False,10.5,-9.5,0.0,-218.625,551.125,0.019421965317919065
2011-06-03,770.0,781.5,758.75,773.75,61218,6,False,4.0,-9.625,0.0,-218.625,555.125,0.0072578816058062046
2011-06-06,772.75,778.0,741.0,744.0,70949,6,False,-29.75,-3.125,0.0,-218.625,525.375,-0.05359153343841472
2011-06-07,742.75,747.0,731.25,733.75,75691,6,False,-10.25,-7.75,0.0,-218.625,515.125,-0.019509873899595576
2011-06-08,733.25,759.5,731.5,748.0,80933,6,False,14.25,-6.625,0.0,-218.625,529.375,0.02766318854646932
2011-06-09,749.25,777.0,739.0,745.0,93271,6,False,-3.0,14.25,0.0,-218.625,526.375,-0.00566706021251473
2011-06-10,744.0,763.75,737.5,759.25,110637,6,False,14.25,-9.625,0.0,-218.625,540.625,0.02707195440512944
2011-06-13,760.75,770.0,740.25,743.0,74394,6,False,-16.25,1.25,0.0,-218.625,524.375,-0.030057803468208077
2011-06-14,743.0,748.0,714.25,731.25,55466,6,False,-11.75,-19.5,0.0,-218.625,512.625,-0.022407628128724655
2011-06-15,731.0,734.25,701.0,708.5,57233,6,False,-22.75,-23.5,0.0,-218.625,489.875,-0.044379419653743035
2011-06-16,708.75,717.75,670.25,673.25,64672,6,False,-35.25,-11.875,0.0,-218.625,454.625,-0.07195713192140851
2011-06-17,674.0,683.75,664.0,672.25,51422,6,False,-1.0,-24.125,0.0,-218.625,453.625,-0.002199615067363214
2011-06-20,673.5,675.0,654.25,659.25,34631,6,False,-13.0,7.0,0.0,-218.625,440.625,-0.028658032515844534
2011-06-21,660.75,679.5,655.75,674.25,33872,6,False,15.0,-24.5,0.0,-218.625,455.625,0.03404255319148941
2011-06-22,674.25,681.25,617.25,638.25,42329,6,False,-36.0,12.875,0.0,-218.625,419.625,-0.07901234567901239
2011-06-23,635.0,652.0,606.0,649.0,39718,6,False,10.75,-24.625,0.0,-218.625,430.375,0.02561811140899617
2011-06-24,650.0,659.25,631.5,635.75,25110,6,False,-13.25,-1.125,0.0,-218.625,417.125,-0.03078710426953235
2011-06-27,636.75,637.75,612.5,622.75,20737,6,False,-13.0,2.125,0.0,-218.625,404.125,-0.03116571771051846
2011-06-28,624.0,645.0,623.0,640.25,21684,6,False,17.5,-6.0,0.0,-218.625,421.625,0.04330343334364373
2011-06-29,640.0,664.25,628.75,641.25,22366,6,False,1.0,-19.5,0.0,-218.625,422.625,0.0023717758671806255
2011-06-30,643.25,651.0,580.25,584.75,6507,6,False,-56.5,0.375,0.0,-218.625,366.125,-0.13368825791186034
2011-07-01,585.5,595.25,565.25,584.5,3803,7,True,-0.25,-13.625,13.375,-232.0,352.5,-0.03721406623420964
2011-07-05,589.25,615.0,589.25,613.75,1530,7,False,29.25,-1.375,0.0,-232.0,381.75,0.08297872340425538
2011-07-06,613.75,614.0,597.5,611.25,863,7,False,-2.5,21.25,0.0,-232.0,379.25,-0.006548788474132317
2011-07-07,608.25,634.0,606.75,624.5,1376,7,False,13.25,11.75,0.0,-232.0,392.5,0.034937376400790976
2011-07-08,624.5,652.5,624.5,650.5,869,7,False,26.0,-0.625,0.0,-232.0,418.5,0.0662420382165605
2011-07-11,643.0,643.0,625.0,636.0,288,7,False,-14.5,26.375,0.0,-232.0,404.0,-0.03464755077658299
2011-07-12,636.0,662.0,617.5,662.75,159,7,False,26.75,12.375,0.0,-232.0,430.75,0.0662128712871286
2011-07-13,669.75,706.75,669.75,702.0,139,7,False,39.25,8.0,0.0,-232.0,470.0,0.09112013929193274
2011-07-14,700.0,701.0,678.5,691.25,52409,7,False,-10.75,21.375,0.0,-232.0,459.25,-0.02287234042553188
2011-07-15,707.0,716.5,692.5,694.75,48658,7,False,3.5,-8.0,0.0,-232.0,462.75,0.007621121393576402
2011-07-18,694.75,697.25,676.0,689.5,34322,7,False,-5.25,3.75,0.0,-232.0,457.5,-0.011345218800648316
2011-07-19,694.75,727.75,689.0,693.5,50855,7,False,4.0,-0.875,0.0,-232.0,461.5,0.008743169398907069
2011-07-20,693.75,707.0,692.5,697.0,44447,7,False,3.5,-7.875,0.0,-232.0,465.0,0.007583965330444142
2011-07-21,697.0,703.0,671.75,677.25,52824,7,False,-19.75,9.25,0.0,-232.0,445.25,-0.0424731182795699
2011-07-22,677.0,694.25,669.25,692.25,45361,7,False,15.0,-11.75,0.0,-232.0,460.25,0.033688938798427825
2011-07-25,683.75,695.25,671.5,688.5,50141,7,False,-3.75,10.25,0.0,-232.0,456.5,-0.008147745790331395
2011-07-26,690.0,699.0,679.25,694.0,38860,7,False,5.5,3.5,0.0,-232.0,462.0,0.012048192771084265
2011-07-27,694.75,712.5,685.75,704.75,44543,7,False,10.75,-3.0,0.0,-232.0,472.75,0.023268398268398327
2011-07-28,703.0,714.75,692.25,693.25,46023,7,False,-11.5,-5.0,0.0,-232.0,461.25,-0.02432575356953992
2011-07-29,693.0,700.0,669.75,672.5,53061,7,False,-20.75,-3.75,0.0,-232.0,440.5,-0.04498644986449862
2011-08-01,671.25,690.75,670.0,676.5,46522,8,False,4.0,10.375,0.0,-232.0,444.5,0.009080590238365494
2011-08-02,677.25,723.0,664.25,718.0,67010,8,False,41.5,-1.75,0.0,-232.0,486.0,0.09336332958380211
2011-08-03,718.0,721.5,705.0,710.5,47148,8,False,-7.5,6.375,0.0,-232.0,478.5,-0.015432098765432056
2011-08-04,709.0,710.25,674.5,681.75,64578,8,False,-28.75,-5.125,0.0,-232.0,449.75,-0.06008359456635315
2011-08-05,680.25,682.75,665.25,679.0,62559,8,False,-2.75,-25.625,0.0,-232.0,447.0,-0.00611450806003333
2011-08-08,667.5,677.5,642.25,656.5,68428,8,False,-22.5,6.25,0.0,-232.0,424.5,-0.05033557046979864
2011-08-09,650.5,687.25,643.25,671.75,82436,8,False,15.25,-4.625,0.0,-232.0,439.75,0.035924617196702036
2011-08-10,677.25,691.0,676.0,685.0,64438,8,False,13.25,15.75,0.0,-232.0,453.0,0.030130756111427015
2011-08-11,682.5,722.75,680.0,701.25,69284,8,False,16.25,7.25,0.0,-232.0,469.25,0.035871964679911716
2011-08-12,700.0,718.75,696.25,702.5,34697,8,False,1.25,13.125,0.0,-232.0,470.5,0.002663825253063301
2011-08-15,704.25,721.25,704.25,712.5,25788,8,False,10.0,6.75,0.0,-232.0,480.5,0.02125398512221044
2011-08-16,711.25,732.75,704.25,724.75,34726,8,False,12.25,6.375,0.0,-232.0,492.75,0.025494276795005266
2011-08-17,724.75,739.25,722.75,727.5,28630,8,False,2.75,-3.75,0.0,-232.0,495.5,0.005580923389142622
2011-08-18,727.0,728.5,699.5,707.75,23517,8,False,-19.75,12.875,0.0,-232.0,475.75,-0.03985872855701311
2011-08-19,704.0,733.5,701.0,730.75,19714,8,False,23.0,-7.5,0.0,-232.0,498.75,0.048344718864950176
2011-08-22,734.0,748.0,730.75,735.5,14664,8,False,4.75,22.375,0.0,-232.0,503.5,0.00952380952380949
2011-08-23,735.5,759.0,734.75,757.25,23795,8,False,21.75,-1.625,0.0,-232.0,525.25,0.04319761668321753
2011-08-24,757.25,764.0,745.75,749.25,16589,8,False,-8.0,14.875,0.0,-232.0,517.25,-0.015230842455973392
2011-08-25,747.25,764.0,734.5,757.25,20231,8,False,8.0,-1.5,0.0,-232.0,525.25,0.015466408893185069
2011-08-26,755.0,768.5,747.5,762.25,26609,8,False,5.0,1.5,0.0,-232.0,530.25,0.009519276534983412
2011-08-29,762.25,771.5,755.5,757.25,16457,8,False,-5.0,-1.0,0.0,-232.0,525.25,-0.009429514380009385
2011-08-30,757.75,759.0,743.75,750.25,18187,8,False,-7.0,-5.0,0.0,-232.0,518.25,-0.013326987148976732
2011-08-31,745.0,747.25,728.25,745.25,16355,8,False,-5.0,-18.375,0.0,-232.0,513.25,-0.009647853352629077
2011-09-01,742.0,743.75,713.5,715.5,2088,9,True,-29.75,4.75,-34.5,-197.5,518.0,0.009254749147588948
2011-09-02,725.0,730.5,720.75,730.0,1236,9,False,14.5,-21.75,0.0,-197.5,532.5,0.027992277992278103
2011-09-06,720.25,722.25,706.5,716.25,726,9,False,-13.75,6.5,0.0,-197.5,518.75,-0.025821596244131495
2011-09-07,726.0,726.0,707.25,714.75,1079,9,False,-1.5,-9.625,0.0,-197.5,517.25,-0.0028915662650602636
2011-09-08,709.0,712.0,703.0,709.25,769,9,False,-5.5,-4.875,0.0,-197.5,511.75,-0.01063315611406479
2011-09-09,713.5,713.5,701.0,701.0,243,9,False,-8.25,-3.375,0.0,-197.5,503.5,-0.016121152906692693
2011-09-12,690.0,698.75,686.0,699.75,117,9,False,-1.25,-9.625,0.0,-197.5,502.25,-0.0024826216484608032
2011-09-13,698.5,704.0,684.5,688.75,41,9,False,-11.0,5.875,0.0,-197.5,491.25,-0.021901443504230955
2011-09-14,703.5,709.5,702.0,701.75,45105,9,False,13.0,-8.375,0.0,-197.5,504.25,0.02646310432569976
2011-09-15,705.0,705.75,686.0,696.0,47317,9,False,-5.75,2.625,0.0,-197.5,498.5,-0.011403073872087277
2011-09-16,695.75,706.0,687.0,688.25,40875,9,False,-7.75,-10.5,0.0,-197.5,490.75,-0.015546639919759242
2011-09-19,688.0,691.25,667.0,673.0,48873,9,False,-15.25,-3.0,0.0,-197.5,475.5,-0.03107488537952119
2011-09-20,675.5,687.75,671.0,674.75,33443,9,False,1.75,-11.625,0.0,-197.5,477.25,0.003680336487907443
2011-09-21,674.75,683.0,666.0,666.75,38254,9,False,-8.0,-15.625,0.0,-197.5,469.25,-0.01676270298585647
2011-09-22,664.5,664.5,632.25,633.75,64325,9,False,-33.0,-0.5,0.0,-197.5,436.25,-0.07032498668087372
2011-09-23,636.0,649.5,634.0,640.75,61395,9,False,7.0,-12.75,0.0,-197.5,443.25,0.016045845272206316
2011-09-26,645.0,655.75,624.25,648.25,51841,9,False,7.5,8.5,0.0,-197.5,450.75,0.016920473773265554
2011-09-27,653.0,670.0,650.25,658.25,47767,9,False,10.0,-6.0,0.0,-197.5,460.75,0.02218524681087075
2011-09-28,655.0,657.5,635.0,638.75,50277,9,False,-19.5,12.75,0.0,-197.5,441.25,-0.042322300596852935
2011-09-29,638.5,656.25,627.25,654.25,61683,9,False,15.5,-32.25,0.0,-197.5,456.75,0.035127478753541164
2011-09-30,657.0,661.5,605.0,609.25,92718,9,False,-45.0,12.875,0.0,-197.5,411.75,-0.09852216748768472
2011-10-03,609.25,623.0,596.75,619.5,72493,10,False,10.25,-30.25,0.0,-197.5,422.0,0.024893746205221667
2011-10-04,621.75,622.75,596.75,604.0,63941,10,False,-15.5,15.75,0.0,-197.5,406.5,-0.03672985781990523
2011-10-05,611.0,628.0,607.25,625.25,49475,10,False,21.25,-12.375,0.0,-197.5,427.75,0.05227552275522762
2011-10-06,626.5,639.75,615.0,616.0,53310,10,False,-9.25,6.375,0.0,-197.5,418.5,-0.02162478082992403
2011-10-07,615.0,623.0,606.0,607.5,41818,10,False,-8.5,-2.625,0.0,-197.5,410.0,-0.020310633213859064
2011-10-10,608.0,629.0,606.25,611.5,39936,10,False,4.0,20.375,0.0,-197.5,414.0,0.009756097560975618
2011-10-11,611.5,665.25,611.0,660.75,88907,10,False,49.25,-15.0,0.0,-197.5,463.25,0.1189613526570048
2011-10-12,660.0,662.75,620.0,626.75,81056,10,False,-34.0,20.25,0.0,-197.5,429.25,-0.07339449541284404
2011-10-13,625.25,630.5,605.0,618.0,58403,10,False,-8.75,-14.625,0.0,-197.5,420.5,-0.02038439138031445
2011-10-14,617.25,633.0,612.25,622.75,47217,10,False,4.75,-3.625,0.0,-197.5,425.25,0.011296076099881036
2011-10-17,623.5,635.25,619.0,624.25,34748,10,False,1.5,2.875,0.0,-197.5,426.75,0.003527336860670305
2011-10-18,626.25,630.0,613.0,625.25,40915,10,False,1.0,-2.125,0.0,-197.5,427.75,0.0023432923257176164
2011-10-19,626.75,637.75,618.0,619.5,44916,10,False,-5.75,6.125,0.0,-197.5,422.0,-0.013442431326709525
2011-10-20,619.0,632.25,613.5,630.75,42778,10,False,11.25,-2.25,0.0,-197.5,433.25,0.02665876777251186
2011-10-21,631.0,649.5,628.25,632.0,60373,10,False,1.25,10.875,0.0,-197.5,434.5,0.0028851702250431988
2011-10-24,632.0,646.75,630.5,642.5,35762,10,False,10.5,-2.5,0.0,-197.5,445.0,0.024165707710011475
2011-10-25,640.5,647.0,634.0,636.25,36955,10,False,-6.25,-3.125,0.0,-197.5,438.75,-0.014044943820224698
2011-10-26,637.5,643.25,616.5,619.5,51269,10,False,-16.75,9.125,0.0,-197.5,422.0,-0.03817663817663819
2011-10-27,620.0,647.75,619.5,644.0,55843,10,False,24.5,-8.125,0.0,-197.5,446.5,0.05805687203791465
2011-10-28,643.75,652.75,636.25,644.5,51125,10,False,0.5,4.125,0.0,-197.5,447.0,0.0011198208286673506
2011-10-31,645.0,648.0,619.25,628.25,50945,10,False,-16.25,1.125,0.0,-197.5,430.75,-0.03635346756152125
2011-11-01,629.25,634.0,612.0,630.0,48064,11,False,1.75,-11.375,0.0,-197.5,432.5,0.004062681369704002
2011-11-02,629.0,638.5,620.25,623.5,38585,11,False,-6.5,7.125,0.0,-197.5,426.0,-0.015028901734104094
2011-11-03,623.5,644.25,620.0,636.0,51650,11,False,12.5,-2.875,0.0,-197.5,438.5,0.02934272300469476
2011-11-04,636.0,640.0,623.25,636.75,52917,11,False,0.75,7.25,0.0,-197.5,439.25,0.0017103762827821445
2011-11-07,636.75,641.0,630.0,638.75,64228,11,False,2.0,9.5,0.0,-197.5,441.25,0.004553215708594127
2011-11-08,638.75,659.25,636.75,657.0,78959,11,False,18.25,-6.0,0.0,-197.5,459.5,0.04135977337110486
2011-11-09,656.5,657.75,633.0,643.0,74145,11,False,-14.0,-2.375,0.0,-197.5,445.5,-0.030467899891186034
2011-11-10,642.0,648.75,618.75,620.0,82025,11,False,-23.0,-8.625,0.0,-197.5,422.5,-0.05162738496071828
2011-11-11,620.0,625.75,609.5,616.75,59681,11,False,-3.25,-12.0,0.0,-197.5,419.25,-0.007692307692307665
2011-11-14,616.75,622.0,610.25,615.75,44505,11,False,-1.0,6.875,0.0,-197.5,418.25,-0.0023852116875372475
2011-11-15,615.75,634.25,612.25,632.75,63912,11,False,17.0,-8.5,0.0,-197.5,435.25,0.04064554692169753
2011-11-16,631.75,639.75,615.0,616.75,57384,11,False,-16.0,-3.625,0.0,-197.5,419.25,-0.03676048248133257
2011-11-17,616.25,617.5,590.25,592.5,52299,11,False,-24.25,-5.125,0.0,-197.5,395.0,-0.05784138342277878
2011-11-18,593.0,602.5,586.5,598.25,37746,11,False,5.75,-15.5,0.0,-197.5,400.75,0.014556962025316533
2011-11-21,597.75,602.0,584.5,591.5,27397,11,False,-6.75,4.125,0.0,-197.5,394.0,-0.01684341859014349
2011-11-22,592.25,597.0,586.0,594.0,31348,11,False,2.5,-10.75,0.0,-197.5,396.5,0.006345177664974555
2011-11-23,594.5,595.5,577.25,579.25,30447,11,False,-14.75,-1.125,0.0,-197.5,381.75,-0.03720050441361922
2011-11-25,578.5,586.25,572.25,574.5,20635,11,False,-4.75,-7.25,0.0,-197.5,377.0,-0.012442698100851302
2011-11-28,578.5,585.75,573.5,574.75,24248,11,False,0.25,7.5,0.0,-197.5,377.25,0.0006631299734747298
2011-11-29,574.75,599.25,572.5,594.5,23141,11,False,19.75,0.75,0.0,-197.5,397.0,0.052352551358515464
2011-11-30,592.0,609.5,588.5,595.75,5131,11,False,1.25,13.0,0.0,-197.5,398.25,0.0031486146095718315
2011-12-01,598.75,607.5,594.0,602.0,2304,12,True,6.25,5.75,0.5,-198.0,404.0,0.01443816698053979
2011-12-02,600.25,620.0,600.25,612.25,1394,12,False,10.25,-3.625,0.0,-198.0,414.25,0.02537128712871284
2011-12-05,612.75,617.25,597.75,598.75,883,12,False,-13.5,5.125,0.0,-198.0,400.75,-0.032589016294508166
2011-12-06,603.0,603.0,588.25,598.75,1724,12,False,0.0,-14.625,0.0,-198.0,400.75,0.0
2011-12-07,593.0,594.75,582.0,583.0,586,12,False,-15.75,-3.125,0.0,-198.0,385.0,-0.0393013100436681
2011-12-08,583.0,583.5,575.5,576.75,1337,12,False,-6.25,-9.5,0.0,-198.0,378.75,-0.016233766233766267
2011-12-09,573.5,575.75,567.75,573.5,1054,12,False,-3.25,-2.125,0.0,-198.0,375.5,-0.008580858085808551
2011-12-12,574.0,579.0,572.0,575.5,87,12,False,2.0,6.5,0.0,-198.0,377.5,0.005326231691078487
2011-12-13,577.75,597.0,574.25,591.75,210,12,False,16.25,-0.875,0.0,-198.0,393.75,0.04304635761589415
2011-12-14,583.25,598.0,583.25,588.0,47018,12,False,-3.75,3.75,0.0,-198.0,390.0,-0.00952380952380949
2011-12-15,582.75,588.0,577.25,579.25,34549,12,False,-8.75,0.375,0.0,-198.0,381.25,-0.022435897435897467
2011-12-16,578.75,587.5,577.25,583.75,29368,12,False,4.5,3.625,0.0,-198.0,385.75,0.011803278688524488
2011-12-19,585.0,603.0,581.75,599.75,34437,12,False,16.0,6.25,0.0,-198.0,401.75,0.04147764095917039
2011-12-20,599.0,608.75,595.5,607.75,33345,12,False,8.0,12.625,0.0,-198.0,409.75,0.01991288114499068
2011-12-21,607.0,618.0,600.0,617.0,41643,12,False,9.25,6.375,0.0,-198.0,419.0,0.022574740695546103
2011-12-22,617.25,625.75,611.5,621.75,33821,12,False,4.75,4.75,0.0,-198.0,423.75,0.011336515513126422
2011-12-23,621.75,627.75,618.5,622.0,22013,12,False,0.25,13.75,0.0,-198.0,424.0,0.0005899705014749124
2011-12-27,627.5,647.0,627.0,644.75,33464,12,False,22.75,3.375,0.0,-198.0,446.75,0.05365566037735858
2011-12-28,643.75,656.0,641.25,651.25,36298,12,False,6.5,8.375,0.0,-198.0,453.25,0.014549524342473363
2011-12-29,649.75,654.5,641.75,645.25,34521,12,False,-6.0,7.0,0.0,-198.0,447.25,-0.013237727523441767
2011-12-30,644.5,654.5,642.25,652.75,30937,12,False,7.5,-0.875,0.0,-198.0,454.75,0.016769144773616462
2012-01-03,666.0,670.75,653.75,657.0,54591,1,False,4.25,0.25,0.0,-198.0,459.0,0.009345794392523255
2012-01-04,656.25,663.0,645.25,650.0,45615,1,False,-7.0,-8.25,0.0,-198.0,452.0,-0.015250544662309351
2012-01-05,649.25,650.25,626.5,629.25,56222,1,False,-20.75,-5.75,0.0,-198.0,431.25,-0.0459070796460177
2012-01-06,629.25,636.75,624.5,624.75,41967,1,False,-4.5,-1.875,0.0,-198.0,426.75,-0.01043478260869568
2012-01-09,626.0,645.0,625.0,641.75,59877,1,False,17.0,-3.25,0.0,-198.0,443.75,0.0398359695371997
2012-01-10,640.75,644.75,634.25,639.75,52292,1,False,-2.0,9.125,0.0,-198.0,441.75,-0.004507042253521165
2012-01-11,639.0,644.0,632.25,641.0,53041,1,False,1.25,-19.0,0.0,-198.0,443.0,0.0028296547821164975
2012-01-12,641.5,648.75,592.0,605.0,99046,1,False,-36.0,-0.75,0.0,-198.0,407.0,-0.08126410835214448
2012-01-13,605.0,610.0,599.0,602.25,67189,1,False,-2.75,-16.75,0.0,-198.0,404.25,-0.006756756756756799
2012-01-17,603.25,611.75,601.5,604.75,52120,1,False,2.5,-7.625,0.0,-198.0,406.75,0.006184291898577721
2012-01-18,605.25,606.5,590.0,592.25,56153,1,False,-12.5,8.0,0.0,-198.0,394.25,-0.03073140749846348
2012-01-19,592.25,606.5,592.0,605.75,67995,1,False,13.5,-3.875,0.0,-198.0,407.75,0.034242232086239666
2012-01-20,605.25,612.0,597.0,610.5,49910,1,False,4.75,11.375,0.0,-198.0,412.5,0.011649294911097563
2012-01-23,613.5,621.5,613.5,619.75,47179,1,False,9.25,9.25,0.0,-198.0,421.75,0.022424242424242458
2012-01-24,620.0,638.0,614.0,633.5,79746,1,False,13.75,8.5,0.0,-198.0,435.5,0.032602252519265074
2012-01-25,632.75,649.75,629.5,641.25,71003,1,False,7.75,13.0,0.0,-198.0,443.25,0.017795637198622316
2012-01-26,640.75,658.25,639.75,653.5,67778,1,False,12.25,0.75,0.0,-198.0,455.5,0.027636773829667227
2012-01-27,653.25,656.5,645.0,647.25,57109,1,False,-6.25,4.875,0.0,-198.0,449.25,-0.013721185510428113
2012-01-30,646.75,654.0,635.25,644.75,49962,1,False,-2.5,7.5,0.0,-198.0,446.75,-0.005564830272676735
2012-01-31,645.0,667.5,644.75,666.0,82779,1,False,21.25,2.875,0.0,-198.0,468.0,0.04756575265808616
2012-02-01,667.5,683.75,666.25,674.25,79706,2,False,8.25,4.875,0.0,-198.0,476.25,0.017628205128205066
2012-02-02,674.25,674.25,657.0,662.75,69453,2,False,-11.5,3.125,0.0,-198.0,464.75,-0.02414698162729656
2012-02-03,663.0,671.0,653.25,660.75,55512,2,False,-2.0,-1.875,0.0,-198.0,462.75,-0.004303388918773576
2012-02-06,660.5,669.0,656.25,668.5,46376,2,False,7.75,-4.125,0.0,-198.0,470.5,0.016747703943814196
2012-02-07,669.0,672.0,655.25,662.25,69309,2,False,-6.25,3.125,0.0,-198.0,464.25,-0.013283740701381497
2012-02-08,662.0,670.0,653.0,660.75,59971,2,False,-1.5,-10.5,0.0,-198.0,462.75,-0.003231017770597755
2012-02-09,660.75,664.75,641.75,646.0,80778,2,False,-14.75,-8.75,0.0,-198.0,448.0,-0.031874662344678506
2012-02-10,644.75,645.75,628.25,630.0,68794,2,False,-16.0,-1.75,0.0,-198.0,432.0,-0.0357142857142857
2012-02-13,635.0,642.25,631.25,641.25,73550,2,False,11.25,-11.125,0.0,-198.0,443.25,0.02604166666666674
2012-02-14,641.0,643.0,632.5,635.0,47655,2,False,-6.25,1.125,0.0,-198.0,437.0,-0.01410039481105474
2012-02-15,635.25,640.5,624.25,626.0,52745,2,False,-9.0,-1.75,0.0,-198.0,428.0,-0.020594965675057253
2012-02-16,626.5,632.25,621.0,628.75,53309,2,False,2.75,3.125,0.0,-198.0,430.75,0.006425233644859807
2012-02-17,626.75,646.75,625.75,644.0,43159,2,False,15.25,-4.125,0.0,-198.0,446.0,0.03540336622170637
2012-02-21,648.0,648.75,623.5,633.0,48495,2,False,-11.0,13.375,0.0,-198.0,435.0,-0.024663677130044803
2012-02-22,633.0,645.75,628.5,644.5,46907,2,False,11.5,-6.875,0.0,-198.0,446.5,0.026436781609195492
2012-02-23,644.25,645.75,635.25,641.75,39711,2,False,-2.75,5.375,0.0,-198.0,443.75,-0.006159014557670761
2012-02-24,642.0,643.75,632.5,641.0,32006,2,False,-0.75,1.0,0.0,-198.0,443.0,-0.0016901408450704647
2012-02-27,644.0,647.5,630.0,645.75,31134,2,False,4.75,7.875,0.0,-198.0,447.75,0.010722347629796847
2012-02-28,643.5,663.0,642.5,662.25,13856,2,False,16.5,3.375,0.0,-198.0,464.25,0.03685092127303191
2012-02-29,662.0,671.5,658.25,664.25,3167,2,False,2.0,5.75,0.0,-198.0,466.25,0.004308023694130414
2012-03-01,662.0,666.5,654.25,659.25,1044,3,True,-5.0,6.75,-11.75,-186.25,473.0,0.014477211796246614
2012-03-02,656.25,671.0,654.75,670.75,1334,3,False,11.5,-4.0,0.0,-186.25,484.5,0.024312896405919604
2012-03-05,670.75,673.0,666.0,667.75,437,3,False,-3.0,-1.125,0.0,-186.25,481.5,-0.006191950464396245
2012-03-06,666.25,666.25,652.0,654.0,214,3,False,-13.75,-12.0,0.0,-186.25,467.75,-0.02855659397715471
2012-03-07,656.0,657.25,633.0,633.0,531,3,False,-21.0,-8.125,0.0,-186.25,446.75,-0.044895777659005875
2012-03-08,638.5,641.0,630.0,630.5,150,3,False,-2.5,-6.375,0.0,-186.25,444.25,-0.005595970900951319
2012-03-09,635.5,646.0,630.0,638.75,139,3,False,8.25,5.75,0.0,-186.25,452.5,0.018570624648283518
2012-03-12,635.25,652.75,632.25,652.75,262,3,False,14.0,3.5,0.0,-186.25,466.5,0.030939226519337115
2012-03-13,658.0,660.75,647.75,651.5,182,3,False,-1.25,7.125,0.0,-186.25,465.25,-0.002679528403001119
2012-03-14,646.0,652.0,631.0,651.75,41955,3,False,0.25,5.875,0.0,-186.25,465.5,0.0005373455131649774
2012-03-15,645.0,667.25,643.25,664.75,70906,3,False,13.0,3.75,0.0,-186.25,478.5,0.027926960257787403
2012-03-16,663.0,673.0,660.0,672.0,46883,3,False,7.25,-3.375,0.0,-186.25,485.75,0.015151515151515138
2012-03-19,671.5,675.25,651.25,652.25,52968,3,False,-19.75,-1.25,0.0,-186.25,466.0,-0.04065877509006688
2012-03-20,652.5,653.25,640.0,642.5,50433,3,False,-9.75,-13.0,0.0,-186.25,456.25,-0.02092274678111583
2012-03-21,643.25,647.5,635.5,636.25,38072,3,False,-6.25,0.125,0.0,-186.25,450.0,-0.013698630136986356
2012-03-22,636.75,647.5,631.25,646.25,54660,3,False,10.0,0.875,0.0,-186.25,460.0,0.022222222222222143
2012-03-23,647.75,655.25,646.25,654.25,44314,3,False,8.0,7.625,0.0,-186.25,468.0,0.017391304347825987
2012-03-26,655.5,670.5,650.0,659.5,67814,3,False,5.25,-5.875,0.0,-186.25,473.25,0.011217948717948678
2012-03-27,659.5,663.5,638.75,639.75,76485,3,False,-19.75,-1.875,0.0,-186.25,453.5,-0.04173269941891178
2012-03-28,639.5,646.25,630.0,630.75,62374,3,False,-9.0,-19.0,0.0,-186.25,444.5,-0.019845644983461974
2012-03-29,633.25,635.0,611.25,612.5,76789,3,False,-18.25,19.625,0.0,-186.25,426.25,-0.04105736782902136
2012-03-30,613.0,668.75,612.75,660.75,118402,3,False,48.25,-11.0,0.0,-186.25,474.5,0.1131964809384165
2012-04-02,663.75,666.5,649.25,657.0,79665,4,False,-3.75,24.625,0.0,-186.25,470.75,-0.007903055848261342
2012-04-03,655.75,659.0,649.5,658.0,55586,4,False,1.0,-11.25,0.0,-186.25,471.75,0.0021242697822623224
2012-04-04,658.5,658.75,635.5,639.25,61565,4,False,-18.75,0.125,0.0,-186.25,453.0,-0.03974562798092207
2012-04-05,641.0,650.0,636.0,638.5,5,4,False,-0.75,-7.125,0.0,-186.25,452.25,-0.0016556291390728006
2012-04-09,637.25,649.0,636.5,643.0,60188,4,False,4.5,-9.0,0.0,-186.25,456.75,0.00995024875621886
2012-04-10,641.75,653.25,624.0,625.75,96735,4,False,-17.25,3.375,0.0,-186.25,439.5,-0.0377668308702791
2012-04-11,626.25,633.75,619.75,628.0,70253,4,False,2.25,-3.0,0.0,-186.25,441.75,0.005119453924914641
2012-04-12,628.0,645.75,628.0,639.25,83130,4,False,11.25,-6.75,0.0,-186.25,453.0,0.025466893039049143
2012-04-13,640.25,643.25,618.5,623.5,88586,4,False,-15.75,2.0,0.0,-186.25,437.25,-0.03476821192052981
2012-04-16,623.25,625.5,615.0,616.25,49485,4,False,-7.25,-8.25,0.0,-186.25,430.0,-0.01658090337335616
2012-04-17,617.25,627.0,615.0,615.5,40351,4,False,-0.75,-6.0,0.0,-186.25,429.25,-0.0017441860465116088
2012-04-18,616.0,618.75,604.25,610.75,55830,4,False,-4.75,6.625,0.0,-186.25,424.5,-0.011065812463599278
2012-04-19,611.75,628.25,611.75,624.75,33065,4,False,14.0,-6.875,0.0,-186.25,438.5,0.03297997644287398
2012-04-20,625.25,627.75,614.25,615.75,40295,4,False,-9.0,11.625,0.0,-186.25,429.5,-0.02052451539338651
2012-04-23,616.25,627.75,614.25,625.0,27228,4,False,9.25,-4.75,0.0,-186.25,438.75,0.021536670547147807
2012-04-24,625.0,639.25,622.75,624.5,27341,4,False,-0.5,0.625,0.0,-186.25,438.25,-0.0011396011396010985
2012-04-25,624.5,633.75,615.0,616.5,32696,4,False,-8.0,4.5,0.0,-186.25,430.25,-0.01825442099258412
2012-04-26,617.75,627.75,615.5,626.0,19816,4,False,9.5,4.125,0.0,-186.25,439.75,0.02208018593840788
2012-04-27,625.25,646.0,623.75,642.25,27711,4,False,16.25,7.5,0.0,-186.25,456.0,0.03695281409891993
2012-04-30,645.0,649.75,633.75,647.75,3904,4,False,5.5,1.125,0.0,-186.25,461.5,0.012061403508771829
2012-05-01,647.5,647.5,633.75,633.75,3732,5,True,-14.0,-10.625,-3.375,-182.875,450.875,-0.023022751895991345
2012-05-02,629.5,630.5,607.0,607.0,1311,5,False,-26.75,-6.375,0.0,-182.875,424.125,-0.059329082339894645
2012-05-03,607.0,613.0,606.75,608.25,659,5,False,1.25,-15.625,0.0,-182.875,425.375,0.0029472443265545767
2012-05-04,611.25,611.25,594.0,603.75,784,5,False,-4.5,1.875,0.0,-182.875,420.875,-0.010578900969732574
2012-05-07,600.0,606.25,595.5,606.25,456,5,False,2.5,-0.875,0.0,-182.875,423.375,0.005940005940005877
2012-05-08,612.0,613.0,609.0,609.0,809,5,False,2.75,-7.625,0.0,-182.875,426.125,0.006495423678771761
2012-05-09,605.5,605.5,589.75,591.25,781,5,False,-17.75,3.125,0.0,-182.875,408.375,-0.041654444118509826
2012-05-10,593.5,594.75,591.0,594.75,365,5,False,3.5,-9.875,0.0,-182.875,411.875,0.008570554025099542
2012-05-11,593.25,595.25,590.0,592.75,576,5,False,-2.0,4.25,0.0,-182.875,409.875,-0.004855842185129022
2012-05-14,600.25,604.0,597.75,597.75,36826,5,False,5.0,4.375,0.0,-182.875,414.875,0.012198841110094616
2012-05-15,597.75,617.25,597.5,608.5,62763,5,False,10.75,17.625,0.0,-182.875,425.625,0.025911419102139233
2012-05-16,608.5,639.75,604.0,638.75,82702,5,False,30.25,14.875,0.0,-182.875,455.875,0.07107195301027902
2012-05-17,638.25,658.5,637.75,657.75,100155,5,False,19.0,33.875,0.0,-182.875,474.875,0.04167809158212221
2012-05-18,656.75,697.5,652.5,695.25,134342,5,False,37.5,13.875,0.0,-182.875,512.375,0.07896814951302966
2012-05-21,700.0,722.0,682.75,704.0,143939,5,False,8.75,9.5,0.0,-182.875,521.125,0.017077335935594018
2012-05-22,698.5,702.25,681.75,685.5,110736,5,False,-18.5,-5.625,0.0,-182.875,502.625,-0.03550011993283764
2012-05-23,683.0,685.0,663.5,665.5,83959,5,False,-20.0,-10.5,0.0,-182.875,482.625,-0.039791096742103904
2012-05-24,667.75,676.5,661.75,663.0,66972,5,False,-2.5,-1.5,0.0,-182.875,480.125,-0.005180005180005165
2012-05-25,664.75,688.25,661.75,680.0,72925,5,False,17.0,-12.875,0.0,-182.875,497.125,0.03540744597760992
2012-05-29,675.0,684.0,655.25,656.75,81727,5,False,-23.25,7.0,0.0,-182.875,473.875,-0.04676892129746035
2012-05-30,657.0,661.25,644.25,653.75,79250,5,False,-3.0,-16.625,0.0,-182.875,470.875,-0.006330783434450038
2012-05-31,652.5,653.75,642.5,643.75,70598,5,False,-10.0,-17.25,0.0,-182.875,460.875,-0.021237058667374575
2012-06-01,643.5,646.5,611.0,612.25,117506,6,False,-31.5,2.75,0.0,-182.875,429.375,-0.06834825061025229
2012-06-04,620.25,631.5,613.25,627.75,68065,6,False,15.5,-23.0,0.0,-182.875,444.875,0.03609898107714704
2012-06-05,626.25,631.0,611.75,613.25,66686,6,False,-14.5,13.25,0.0,-182.875,430.375,-0.03259342511941554
2012-06-06,612.75,628.75,612.75,624.25,61757,6,False,11.0,1.5,0.0,-182.875,441.375,0.025559105431310014
2012-06-07,622.0,644.75,620.25,641.75,79374,6,False,17.5,-0.25,0.0,-182.875,458.875,0.03964882469555375
2012-06-08,637.5,638.75,627.75,630.25,79052,6,False,-11.5,8.875,0.0,-182.875,447.375,-0.025061291201307512
2012-06-11,629.25,642.25,629.0,630.5,67687,6,False,0.25,-13.0,0.0,-182.875,447.625,0.0005588153115394512
2012-06-12,630.0,639.75,613.25,616.0,79395,6,False,-14.5,0.125,0.0,-182.875,433.125,-0.032393186260820994
2012-06-13,617.0,623.75,614.25,616.0,64238,6,False,0.0,-3.5,0.0,-182.875,433.125,0.0
2012-06-14,615.25,629.0,615.0,623.5,48784,6,False,7.5,-7.0,0.0,-182.875,440.625,0.017316017316017396
2012-06-15,623.25,627.75,607.5,609.5,65148,6,False,-14.0,14.125,0.0,-182.875,426.625,-0.03177304964539007
2012-06-18,613.5,634.0,612.0,630.25,54147,6,False,20.75,2.625,0.0,-182.875,447.375,0.048637562261939715
2012-06-19,630.0,652.0,628.25,649.5,79394,6,False,19.25,17.625,0.0,-182.875,466.625,0.04302877898854418
2012-06-20,648.75,665.25,639.25,664.0,61732,6,False,14.5,8.5,0.0,-182.875,481.125,0.031074203053844007
2012-06-21,659.75,682.0,655.0,661.75,63181,6,False,-2.25,13.0,0.0,-182.875,478.875,-0.004676539360872978
2012-06-22,659.5,684.75,657.75,673.25,58722,6,False,11.5,24.375,0.0,-182.875,490.375,0.024014617593317578
2012-06-25,682.0,725.25,682.0,724.25,48234,6,False,51.0,8.125,0.0,-182.875,541.375,0.10400203925567175
2012-06-26,723.25,738.75,709.25,729.0,25185,6,False,4.75,27.0,0.0,-182.875,546.125,0.008773955206649697
2012-06-27,727.5,744.75,721.5,732.0,26581,6,False,3.0,-0.625,0.0,-182.875,549.125,0.005493247882810692
2012-06-28,731.0,737.25,723.0,726.0,26852,6,False,-6.0,8.0,0.0,-182.875,543.125,-0.010926473935806924
2012-06-29,726.0,743.0,723.0,739.0,8377,6,False,13.0,4.75,0.0,-182.875,556.125,0.02393555811277337
2012-07-02,741.75,756.75,740.25,754.5,2310,7,True,15.5,20.375,-4.875,-178.0,576.5,0.03663744661721746
2012-07-03,761.0,782.25,757.0,782.25,2240,7,False,27.75,27.875,0.0,-178.0,604.25,0.048135299219427496
2012-07-05,801.0,824.0,793.25,822.5,2049,7,False,40.25,-1.75,0.0,-178.0,644.5,0.06661150186181208
2012-07-06,818.5,818.5,790.25,791.25,1305,7,False,-31.25,29.875,0.0,-178.0,613.25,-0.048487199379363854
2012-07-09,799.75,823.75,799.75,810.75,841,7,False,19.5,-18.625,0.0,-178.0,632.75,0.03179779861394216
2012-07-10,806.25,813.75,793.0,804.75,361,7,False,-6.0,11.25,0.0,-178.0,626.75,-0.009482418016594218
2012-07-11,804.75,831.0,788.5,807.75,202,7,False,3.0,9.5,0.0,-178.0,629.75,0.004786597526924563
2012-07-12,810.5,842.0,810.5,832.75,45,7,False,25.0,6.125,0.0,-178.0,654.75,0.039698292973402216
2012-07-13,831.0,850.25,830.25,842.0,42285,7,False,9.25,33.75,0.0,-178.0,664.0,0.014127529591447141
2012-07-16,858.5,889.0,856.25,884.5,48061,7,False,42.5,4.875,0.0,-178.0,706.5,0.06400602409638556
2012-07-17,890.25,898.5,866.0,885.0,55828,7,False,0.5,30.375,0.0,-178.0,707.0,0.0007077140835103357
2012-07-18,885.0,907.75,865.5,903.25,55132,7,False,18.25,16.125,0.0,-178.0,725.25,0.0258132956152759
2012-07-19,902.75,938.0,896.5,935.0,79484,7,False,31.75,13.25,0.0,-178.0,757.0,0.04377800758359185
2012-07-20,932.0,944.75,916.75,943.25,70833,7,False,8.25,0.625,0.0,-178.0,765.25,0.01089828269484805
2012-07-23,944.5,947.25,903.75,912.75,61782,7,False,-30.5,-12.875,0.0,-178.0,734.75,-0.039856256125449185
2012-07-24,910.75,914.25,852.75,878.75,83045,7,False,-34.0,-3.0,0.0,-178.0,700.75,-0.046274242939775445
2012-07-25,880.25,909.0,862.5,903.25,67807,7,False,24.5,-26.625,0.0,-178.0,725.25,0.0349625401355691
2012-07-26,901.5,904.5,873.75,884.0,53384,7,False,-19.25,19.25,0.0,-178.0,706.0,-0.026542571527059633
2012-07-27,884.5,911.0,879.5,898.0,49716,7,False,14.0,-1.375,0.0,-178.0,720.0,0.019830028328611915
2012-07-30,908.0,919.75,903.0,914.5,42804,7,False,16.5,-6.125,0.0,-178.0,736.5,0.022916666666666696
2012-07-31,911.75,919.5,886.0,888.25,60843,7,False,-26.25,3.875,0.0,-178.0,710.25,-0.035641547861507084
2012-08-01,889.0,897.0,861.75,879.5,54248,8,False,-8.75,-20.375,0.0,-178.0,701.5,-0.01231960577261526
2012-08-02,879.0,889.75,856.0,865.0,45787,8,False,-14.5,8.75,0.0,-178.0,687.0,-0.02066999287241622
2012-08-03,863.25,907.0,860.5,891.25,53330,8,False,26.25,-6.25,0.0,-178.0,713.25,0.03820960698689957
2012-08-06,883.25,897.25,876.75,893.25,39183,8,False,2.0,11.0,0.0,-178.0,715.25,0.002804065895548602
2012-08-07,892.0,904.5,883.5,889.0,53665,8,False,-4.25,6.125,0.0,-178.0,711.0,-0.005941978329255471
2012-08-08,889.75,902.75,869.25,899.25,76111,8,False,10.25,4.75,0.0,-178.0,721.25,0.014416315049226469
2012-08-09,899.0,919.5,898.0,913.0,75336,8,False,13.75,-8.75,0.0,-178.0,735.0,0.01906412478336228
2012-08-10,912.75,931.75,880.0,885.25,86207,8,False,-27.75,-7.375,0.0,-178.0,707.25,-0.037755102040816335
2012-08-13,882.5,885.25,854.75,856.75,74319,8,False,-28.5,-22.375,0.0,-178.0,678.75,-0.040296924708377535
2012-08-14,857.0,866.0,838.25,839.75,45444,8,False,-17.0,-10.75,0.0,-178.0,661.75,-0.025046040515653734
2012-08-15,840.0,850.75,840.0,846.75,35525,8,False,7.0,-1.0,0.0,-178.0,668.75,0.010578012844729923
2012-08-16,848.0,868.75,841.25,861.75,25173,8,False,15.0,9.875,0.0,-178.0,683.75,0.02242990654205612
2012-08-17,861.25,880.0,861.0,874.5,21210,8,False,12.75,10.0,0.0,-178.0,696.5,0.0186471663619745
2012-08-20,874.0,883.5,866.75,879.5,28033,8,False,5.0,16.875,0.0,-178.0,701.5,0.007178750897343766
2012-08-21,879.75,904.75,877.75,900.5,32123,8,False,21.0,0.5,0.0,-178.0,722.5,0.029935851746258013
2012-08-22,899.0,899.0,889.5,896.5,21950,8,False,-4.0,-0.5,0.0,-178.0,718.5,-0.00553633217993077
2012-08-23,896.25,903.25,871.5,874.5,19134,8,False,-22.0,-5.5,0.0,-178.0,696.5,-0.03061934585942938
2012-08-24,873.5,885.5,866.0,867.5,22369,8,False,-7.0,-13.75,0.0,-178.0,689.5,-0.01005025125628145
2012-08-27,868.0,877.75,860.75,862.0,19853,8,False,-5.5,-7.125,0.0,-178.0,684.0,-0.00797679477882518
2012-08-28,862.5,869.0,851.5,854.75,11171,8,False,-7.25,12.625,0.0,-178.0,676.75,-0.01059941520467833
2012-08-29,854.75,887.5,853.25,885.5,12771,8,False,30.75,-4.625,0.0,-178.0,707.5,0.04543775397118588
2012-08-30,885.0,896.75,878.5,883.5,14132,8,False,-2.0,8.625,0.0,-178.0,705.5,-0.002826855123674865
2012-08-31,885.5,888.0,862.25,870.0,2460,8,False,-13.5,-3.0,0.0,-178.0,692.0,-0.019135364989369297
2012-09-04,875.5,881.75,858.5,866.0,1779,9,True,-4.0,-16.875,12.875,-190.875,675.125,-0.024385838150289052
2012-09-05,864.75,865.0,844.0,845.75,1024,9,False,-20.25,11.125,0.0,-190.875,654.875,-0.029994445473060516
2012-09-06,846.75,872.25,846.75,872.0,462,9,False,26.25,-3.75,0.0,-190.875,681.125,0.04008398549341474
2012-09-07,869.25,890.75,868.5,884.75,412,9,False,12.75,4.875,0.0,-190.875,693.875,0.01871903101486505
2012-09-10,884.75,891.25,868.25,868.25,394,9,False,-16.5,2.25,0.0,-190.875,677.375,-0.023779499189335307
2012-09-11,869.0,872.25,860.0,860.0,221,9,False,-8.25,-4.75,0.0,-190.875,669.125,-0.012179368887248576
2012-09-12,864.0,867.0,849.0,867.0,237,9,False,7.0,1.875,0.0,-190.875,676.125,0.010461423500840672
2012-09-13,872.0,879.0,870.25,879.0,56,9,False,12.0,12.75,0.0,-190.875,688.125,0.0177481974486966
2012-09-14,896.5,906.5,896.5,897.5,75053,9,False,18.5,-3.75,0.0,-190.875,706.625,0.026884650317892778
2012-09-17,921.5,926.5,876.25,878.0,70757,9,False,-19.5,2.0,0.0,-190.875,687.125,-0.027595966743322098
2012-09-18,880.0,888.0,860.75,863.5,65453,9,False,-14.5,-0.75,0.0,-190.875,672.625,-0.021102419501546343
2012-09-19,865.0,883.0,865.0,881.5,48758,9,False,18.0,-8.25,0.0,-190.875,690.625,0.026760825125441423
2012-09-20,882.0,893.75,869.0,879.5,62662,9,False,-2.0,17.875,0.0,-190.875,688.625,-0.0028959276018099
2012-09-21,881.75,899.25,879.5,897.25,56734,9,False,17.75,-3.625,0.0,-190.875,706.375,0.025776002904338347
2012-09-24,897.5,907.25,883.25,892.0,50563,9,False,-5.25,6.125,0.0,-190.875,701.125,-0.0074323128649796955
2012-09-25,891.0,898.0,880.75,886.5,41303,9,False,-5.5,-11.25,0.0,-190.875,695.625,-0.007844535567837374
2012-09-26,888.0,889.0,866.25,869.25,45398,9,False,-17.25,-9.625,0.0,-190.875,678.375,-0.024797843665768204
2012-09-27,871.0,876.0,849.25,855.5,54922,9,False,-13.75,14.875,0.0,-190.875,664.625,-0.02026902524414964
2012-09-28,855.5,907.0,850.75,902.5,114053,9,False,47.0,-16.0,0.0,-190.875,711.625,0.07071656949407568
2012-10-01,902.0,904.25,872.25,884.25,69680,10,False,-18.25,17.125,0.0,-190.875,693.375,-0.02564552959775157
2012-10-02,884.0,885.0,863.75,871.5,46990,10,False,-12.75,-8.375,0.0,-190.875,680.625,-0.01838831800973495
2012-10-03,873.0,878.5,858.0,873.0,48740,10,False,1.5,-8.25,0.0,-190.875,682.125,0.002203856749311228
2012-10-04,873.0,882.75,866.75,869.25,37882,10,False,-3.75,-5.125,0.0,-190.875,678.375,-0.005497526113249052
2012-10-05,870.0,872.75,856.25,857.5,39981,10,False,-11.75,-0.125,0.0,-190.875,666.625,-0.017320803390455164
2012-10-08,857.5,867.5,855.0,861.0,30139,10,False,3.5,-4.25,0.0,-190.875,670.125,0.005250328145509187
2012-10-09,859.75,873.75,859.75,864.25,31444,10,False,3.25,4.5,0.0,-190.875,673.375,0.004849841447491121
2012-10-10,864.5,876.75,863.5,869.75,43498,10,False,5.5,9.75,0.0,-190.875,678.875,0.008167811397809643
2012-10-11,870.0,894.0,859.0,886.0,80601,10,False,16.25,-11.875,0.0,-190.875,695.125,0.02393665991530103
2012-10-12,886.25,886.5,853.25,856.75,65032,10,False,-29.25,3.875,0.0,-190.875,665.875,-0.042078762812443826
2012-10-15,860.0,860.25,840.25,848.25,54468,10,False,-8.5,-14.875,0.0,-190.875,657.375,-0.012765158625868245
2012-10-16,848.5,857.75,843.75,847.75,42521,10,False,-0.5,0.0,0.0,-190.875,656.875,-0.0007606008746909865
2012-10-17,847.75,858.0,845.5,856.25,31938,10,False,8.5,5.875,0.0,-190.875,665.375,0.012940057088487222
2012-10-18,856.5,876.0,855.5,868.5,47067,10,False,12.25,6.25,0.0,-190.875,677.625,0.018410670674431806
2012-10-19,868.0,885.5,866.0,872.5,54194,10,False,4.0,9.0,0.0,-190.875,681.625,0.005902969931746993
2012-10-22,873.0,884.5,871.5,878.25,34062,10,False,5.75,-2.75,0.0,-190.875,687.375,0.008435723454979005
2012-10-23,878.0,878.5,860.0,868.75,52850,10,False,-9.5,10.5,0.0,-190.875,677.875,-0.013820694671758504
2012-10-24,868.25,895.0,865.0,884.0,66641,10,False,15.25,-10.375,0.0,-190.875,693.125,0.022496773003872317
2012-10-25,882.5,889.0,871.0,872.75,52944,10,False,-11.25,3.125,0.0,-190.875,681.875,-0.0162308385933273
2012-10-26,874.75,878.75,863.25,863.75,50339,10,False,-9.0,-5.25,0.0,-190.875,672.875,-0.013198900091659027
2012-10-31,858.75,875.0,858.25,864.5,64287,10,False,0.75,-2.5,0.0,-190.875,673.625,0.0011146201003158218
2012-11-01,865.75,877.5,863.5,868.5,60736,11,False,4.0,-1.625,0.0,-190.875,677.625,0.0059380218964557585
2012-11-02,867.25,873.75,858.75,864.5,48641,11,False,-4.0,2.75,0.0,-190.875,673.625,-0.005902969931746882
2012-11-05,864.5,875.75,863.0,866.0,56177,11,False,1.5,3.5,0.0,-190.875,675.125,0.0022267582111707984
2012-11-06,867.0,879.75,867.0,877.0,46154,11,False,11.0,9.25,0.0,-190.875,686.125,0.016293279022403295
2012-11-07,876.5,897.0,870.75,894.0,92173,11,False,17.0,9.75,0.0,-190.875,703.125,0.024776826380032757
2012-11-08,894.0,905.0,886.5,902.5,111886,11,False,8.5,0.5,0.0,-190.875,711.625,0.012088888888888816
2012-11-09,898.75,916.5,884.0,886.5,118828,11,False,-16.0,-10.125,0.0,-190.875,695.625,-0.022483751976110966
2012-11-12,886.0,886.5,855.0,857.75,105694,11,False,-28.75,-11.375,0.0,-190.875,666.875,-0.041329739442947044
2012-11-13,857.75,864.5,843.25,851.0,83871,11,False,-6.75,-15.5,0.0,-190.875,660.125,-0.010121836925960692
2012-11-14,852.25,858.0,845.25,848.75,69446,11,False,-2.25,-5.0,0.0,-190.875,657.875,-0.0034084453701950235
2012-11-15,849.0,856.5,843.25,845.5,60914,11,False,-3.25,-4.875,0.0,-190.875,654.625,-0.004940148204446104
2012-11-16,844.5,850.0,829.5,838.0,81095,11,False,-7.5,0.25,0.0,-190.875,647.125,-0.011456940996753873
2012-11-19,835.5,848.0,835.5,841.75,52363,11,False,3.75,-2.125,0.0,-190.875,650.875,0.005794861889125036
2012-11-20,843.25,849.75,837.5,845.0,46012,11,False,3.25,2.0,0.0,-190.875,654.125,0.004993278279239455
2012-11-21,844.75,849.5,841.0,845.25,49949,11,False,0.25,2.875,0.0,-190.875,654.375,0.0003821899484044433
2012-11-23,849.75,853.75,845.25,847.75,26437,11,False,2.5,0.75,0.0,-190.875,656.875,0.0038204393505252288
2012-11-26,849.25,854.25,844.5,849.0,42575,11,False,1.25,13.25,0.0,-190.875,658.125,0.0019029495718363432
2012-11-27,850.25,873.5,849.25,873.0,44351,11,False,24.0,2.125,0.0,-190.875,682.125,0.036467236467236486
2012-11-28,872.25,880.0,864.75,876.0,32150,11,False,3.0,8.625,0.0,-190.875,685.125,0.0043980208905991525
2012-11-29,875.0,879.75,865.0,869.25,29287,11,False,-6.75,-10.75,0.0,-190.875,678.375,-0.009852216748768461
2012-11-30,869.75,869.75,844.0,844.75,19236,11,False,-24.5,-4.75,0.0,-190.875,653.875,-0.036115717707757455
2012-12-03,849.75,858.5,840.5,842.0,3751,12,True,-2.75,-14.0,11.25,-202.125,639.875,-0.02141082011087747
2012-12-04,842.25,845.25,835.0,838.5,1762,12,False,-3.5,0.5,0.0,-202.125,636.375,-0.005469818323891373
2012-12-05,840.25,845.0,837.75,842.25,1075,12,False,3.75,-0.25,0.0,-202.125,640.125,0.005892751915144379
2012-12-06,842.5,845.5,836.75,845.25,524,12,False,3.0,1.375,0.0,-202.125,643.125,0.004686584651435233
2012-12-07,844.5,844.5,837.0,844.25,162,12,False,-1.0,-4.25,0.0,-202.125,642.125,-0.001554907677356665
2012-12-10,841.5,841.5,831.0,832.75,108,12,False,-11.5,-14.0,0.0,-202.125,630.625,-0.01790928557523852
2012-12-11,831.0,831.0,801.75,805.75,105,12,False,-27.0,-11.25,0.0,-202.125,603.625,-0.04281466798810707
2012-12-12,805.5,805.5,794.75,794.75,103,12,False,-11.0,-14.375,0.0,-202.125,592.625,-0.018223234624145768
2012-12-13,797.25,798.75,793.0,793.0,67,12,False,-1.75,-1.5,0.0,-202.125,590.875,-0.0029529635098080043
2012-12-14,792.25,801.75,792.25,801.0,39670,12,False,8.0,2.625,0.0,-202.125,598.875,0.01353924264861428
2012-12-17,816.0,819.0,805.0,808.0,31789,12,False,7.0,5.625,0.0,-202.125,605.875,0.011688582759340482
2012-12-18,808.0,814.25,801.5,811.25,43526,12,False,3.25,0.75,0.0,-202.125,609.125,0.00536414276872299
2012-12-19,813.0,822.75,802.0,805.75,57923,12,False,-5.5,-6.0,0.0,-202.125,603.625,-0.009029345372460473
2012-12-20,806.25,808.5,782.5,790.5,57291,12,False,-15.25,-2.0,0.0,-202.125,588.375,-0.02526402981983844
2012-12-21,790.5,798.75,789.75,792.0,30912,12,False,1.5,-6.75,0.0,-202.125,589.875,0.002549394518801762
2012-12-24,793.5,796.25,791.25,793.75,9187,12,False,1.75,-8.875,0.0,-202.125,591.625,0.0029667302394575934
2012-12-26,794.0,795.25,773.75,774.5,24872,12,False,-19.25,-0.25,0.0,-202.125,572.375,-0.03253750264103106
2012-12-27,775.25,778.0,764.5,772.25,34718,12,False,-2.25,-6.375,0.0,-202.125,570.125,-0.0039309892989736195
2012-12-28,772.75,784.5,766.5,778.75,42704,12,False,6.5,-1.5,0.0,-202.125,576.625,0.01140100855075632
2012-12-31,778.75,780.0,767.75,778.0,27171,12,False,-0.75,-8.125,0.0,-202.125,575.875,-0.0013006720138738492
2013-01-02,785.5,788.0,752.5,755.25,57612,1,False,-22.75,-0.25,0.0,-202.125,553.125,-0.039505100933362236
2013-01-03,758.0,761.25,749.75,755.5,52889,1,False,0.25,-15.5,0.0,-202.125,553.375,0.0004519774011300104
2013-01-04,755.5,758.25,739.75,747.25,53001,1,False,-8.25,2.125,0.0,-202.125,545.125,-0.014908515925005639
2013-01-07,749.5,760.5,743.5,751.25,50442,1,False,4.0,-4.5,0.0,-202.125,549.125,0.007337766567301118
2013-01-08,750.5,759.25,749.25,750.5,59739,1,False,-0.75,-0.5,0.0,-202.125,548.375,-0.0013658092419758239
2013-01-09,752.5,757.0,745.0,745.5,64306,1,False,-5.0,-0.875,0.0,-202.125,543.375,-0.009117848187827682
2013-01-10,747.25,756.5,744.0,744.5,70507,1,False,-1.0,2.625,0.0,-202.125,542.375,-0.001840349666436647
2013-01-11,745.25,773.0,736.25,754.75,123386,1,False,10.25,5.625,0.0,-202.125,552.625,0.018898363678266916
2013-01-14,761.5,777.0,760.75,767.0,89410,1,False,12.25,13.0,0.0,-202.125,564.875,0.022166930558697118
2013-01-15,769.75,789.75,766.5,782.75,85447,1,False,15.75,7.25,0.0,-202.125,580.625,0.02788227483956618
2013-01-16,782.75,791.0,777.0,785.0,55859,1,False,2.25,6.0,0.0,-202.125,582.875,0.003875134553283033
2013-01-17,786.25,789.5,776.0,781.25,49509,1,False,-3.75,6.125,0.0,-202.125,579.125,-0.006433626420759175
2013-01-18,782.75,793.75,778.75,791.25,51739,1,False,10.0,-7.875,0.0,-202.125,589.125,0.01726742931146119
2013-01-22,795.0,799.75,776.0,779.25,70567,1,False,-12.0,2.75,0.0,-202.125,577.125,-0.020369191597708447
2013-01-23,779.0,785.0,771.0,774.75,53745,1,False,-4.5,-9.125,0.0,-202.125,572.625,-0.007797270955165692
2013-01-24,775.5,775.75,763.0,768.5,49400,1,False,-6.25,1.75,0.0,-202.125,566.375,-0.010914647456887194
2013-01-25,769.5,781.25,764.25,776.5,51964,1,False,8.0,-1.75,0.0,-202.125,574.375,0.014124917236812973
2013-01-28,778.25,783.0,770.5,779.25,33839,1,False,2.75,2.875,0.0,-202.125,577.125,0.004787812840043593
2013-01-29,779.25,785.0,776.0,777.0,32705,1,False,-2.25,6.375,0.0,-202.125,574.875,-0.003898635477582846
2013-01-30,776.25,789.0,771.75,787.0,59373,1,False,10.0,-4.875,0.0,-202.125,584.875,0.017395085888236572
2013-01-31,786.75,791.0,773.75,779.5,58960,1,False,-7.5,-2.25,0.0,-202.125,577.375,-0.012823252831801635
2013-02-01,780.5,790.0,764.5,765.0,81099,2,False,-14.5,-4.75,0.0,-202.125,562.875,-0.02511366096557699
2013-02-04,767.5,774.0,761.0,763.0,42894,2,False,-2.0,-10.0,0.0,-202.125,560.875,-0.0035531867643793236
2013-02-05,763.5,766.5,751.0,757.5,61957,2,False,-5.5,1.0,0.0,-202.125,555.375,-0.009806106529975489
2013-02-06,758.0,764.0,746.5,761.5,72964,2,False,4.0,-5.5,0.0,-202.125,559.375,0.007202340760747328
2013-02-07,760.75,764.5,752.75,756.0,67677,2,False,-5.5,2.125,0.0,-202.125,553.875,-0.009832402234636883
2013-02-08,755.75,770.75,753.0,756.25,97838,2,False,0.25,-10.125,0.0,-202.125,554.125,0.0004513653802753481
2013-02-11,757.5,759.5,740.25,741.5,79394,2,False,-14.75,-4.625,0.0,-202.125,539.375,-0.026618542747575025
2013-02-12,742.5,744.25,725.5,732.0,84273,2,False,-9.5,-5.625,0.0,-202.125,529.875,-0.017612977983777478
2013-02-13,732.75,737.75,722.5,735.5,68730,2,False,3.5,-6.5,0.0,-202.125,533.375,0.0066053314460958745
2013-02-14,735.75,740.75,725.0,732.0,71176,2,False,-3.5,6.875,0.0,-202.125,529.875,-0.006561987344738673
2013-02-15,732.75,744.5,732.75,742.25,60478,2,False,10.25,-6.75,0.0,-202.125,540.125,0.019344184949280585
2013-02-19,747.0,747.25,726.25,732.25,60016,2,False,-10.0,8.25,0.0,-202.125,530.125,-0.018514232816477683
2013-02-20,731.75,740.75,727.75,738.5,46611,2,False,6.25,-13.625,0.0,-202.125,536.375,0.011789672247111582
2013-02-21,737.5,738.25,719.25,721.25,71236,2,False,-17.25,0.0,0.0,-202.125,519.125,-0.03216033558611042
2013-02-22,721.0,729.75,713.5,715.0,47984,2,False,-6.25,-16.5,0.0,-202.125,512.875,-0.012039489525644154
2013-02-25,714.5,717.5,698.0,699.25,33179,2,False,-15.75,0.125,0.0,-202.125,497.125,-0.030709237143553447
2013-02-26,699.25,706.75,692.75,705.75,37805,2,False,6.5,-8.625,0.0,-202.125,503.625,0.013075182298214694
2013-02-27,705.25,717.25,702.0,704.25,42602,2,False,-1.5,5.0,0.0,-202.125,502.125,-0.0029784065524943726
2013-02-28,705.25,716.75,702.25,707.75,8211,2,False,3.5,2.0,0.0,-202.125,505.625,0.006970375902414672
2013-03-01,710.75,718.75,701.0,713.25,3790,3,True,5.5,-6.875,12.375,-214.5,498.75,-0.013597033374536438
2013-03-04,714.0,714.0,691.0,696.0,2173,3,False,-17.25,2.875,0.0,-214.5,481.5,-0.0345864661654135
2013-03-05,698.5,700.0,693.5,696.25,1434,3,False,0.25,-18.625,0.0,-214.5,481.75,0.0005192107995846129
2013-03-06,695.25,695.25,676.0,676.25,724,3,False,-20.0,5.375,0.0,-214.5,461.75,-0.041515308770109005
2013-03-07,678.25,686.75,674.75,686.75,346,3,False,10.5,-8.375,0.0,-214.5,472.25,0.022739577693557056
2013-03-08,688.0,693.75,679.5,690.0,73,3,False,3.25,7.25,0.0,-214.5,475.5,0.006881948120698755
2013-03-11,687.25,697.25,687.25,694.0,58,3,False,4.0,4.875,0.0,-214.5,479.5,0.008412197686645584
2013-03-12,693.0,702.25,693.0,700.5,158,3,False,6.5,5.375,0.0,-214.5,486.0,0.01355578727841511
2013-03-13,698.0,707.25,698.0,707.25,315,3,False,6.75,6.75,0.0,-214.5,492.75,0.01388888888888884
2013-03-14,712.0,714.25,712.0,714.25,61986,3,False,7.0,7.75,0.0,-214.5,499.75,0.014205986808726534
2013-03-15,724.5,725.0,717.5,723.0,51088,3,False,8.75,-1.625,0.0,-214.5,508.5,0.017508754377188573
2013-03-18,720.75,721.5,705.5,712.75,45720,3,False,-10.25,9.0,0.0,-214.5,498.25,-0.02015732546705995
2013-03-19,713.0,722.75,709.25,722.0,47336,3,False,9.25,1.875,0.0,-214.5,507.5,0.018564977420973516
2013-03-20,722.0,736.75,721.0,736.0,49304,3,False,14.0,1.0,0.0,-214.5,521.5,0.02758620689655178
2013-03-21,736.0,736.5,726.5,728.75,35022,3,False,-7.25,7.5,0.0,-214.5,514.25,-0.01390220517737295
2013-03-22,728.25,731.5,715.5,729.75,43080,3,False,1.0,-4.875,0.0,-214.5,515.25,0.001944579484686404
2013-03-25,729.75,730.75,722.5,727.25,37456,3,False,-2.5,2.625,0.0,-214.5,512.75,-0.004852013585638026
2013-03-26,727.0,732.75,723.5,731.5,49622,3,False,4.25,1.375,0.0,-214.5,517.0,0.008288639687957122
2013-03-27,731.75,740.75,727.75,736.75,44193,3,False,5.25,-22.375,0.0,-214.5,522.25,0.01015473887814311
2013-03-28,736.75,741.75,682.75,687.75,95863,3,False,-49.0,-9.25,0.0,-214.5,473.25,-0.09382479655337483
2013-04-01,681.5,688.75,659.75,664.0,74648,4,False,-23.75,-21.125,0.0,-214.5,449.5,-0.05018489170628637
2013-04-02,667.25,674.25,664.25,670.75,76205,4,False,6.75,1.0,0.0,-214.5,456.25,0.015016685205784253
2013-04-03,674.0,697.75,670.75,696.5,96791,4,False,25.75,2.125,0.0,-214.5,482.0,0.05643835616438353
2013-04-04,698.5,705.5,684.5,694.0,86624,4,False,-2.5,15.375,0.0,-214.5,479.5,-0.005186721991701226
2013-04-05,691.75,700.5,689.0,699.0,51695,4,False,5.0,5.5,0.0,-214.5,484.5,0.010427528675703845
2013-04-08,700.0,716.0,699.5,712.5,59054,4,False,13.5,0.625,0.0,-214.5,498.0,0.02786377708978338
2013-04-09,713.5,714.25,704.25,708.75,57723,4,False,-3.75,0.75,0.0,-214.5,494.25,-0.0075301204819276935
2013-04-10,706.0,713.0,688.0,696.75,82133,4,False,-12.0,-1.375,0.0,-214.5,482.25,-0.02427921092564489
2013-04-11,697.5,705.75,693.5,697.75,57183,4,False,1.0,2.5,0.0,-214.5,483.25,0.0020736132711249855
2013-04-12,699.0,716.0,698.25,714.75,52556,4,False,17.0,-10.0,0.0,-214.5,500.25,0.03517847904811178
2013-04-15,715.0,715.5,688.5,693.75,54689,4,False,-21.0,13.375,0.0,-214.5,479.25,-0.04197901049475261
2013-04-16,692.75,704.0,689.75,703.5,35701,4,False,9.75,-10.375,0.0,-214.5,489.0,0.020344287949921824
2013-04-17,703.5,715.5,698.5,703.75,45451,4,False,0.25,4.375,0.0,-214.5,489.25,0.0005112474437627412
2013-04-18,705.0,712.0,696.0,702.75,27122,4,False,-1.0,3.25,0.0,-214.5,488.25,-0.0020439448134900173
2013-04-19,704.25,711.75,697.75,709.0,29700,4,False,6.25,-3.875,0.0,-214.5,494.5,0.01280081925243226
2013-04-22,707.5,707.5,691.25,702.25,31039,4,False,-6.75,0.75,0.0,-214.5,487.75,-0.013650151668351818
2013-04-23,702.75,703.5,690.25,697.5,25386,4,False,-4.75,-6.25,0.0,-214.5,483.0,-0.009738595592004073
2013-04-24,697.5,698.75,688.5,691.75,24327,4,False,-5.75,2.375,0.0,-214.5,477.25,-0.011904761904761862
2013-04-25,691.25,705.5,690.5,701.25,22219,4,False,9.5,-9.125,0.0,-214.5,486.75,0.019905709795704496
2013-04-26,702.0,702.0,685.5,688.75,27045,4,False,-12.5,15.25,0.0,-214.5,474.25,-0.0256805341551104
2013-04-29,688.75,713.0,688.75,709.75,23663,4,False,21.0,-0.25,0.0,-214.5,495.25,0.04428044280442811
2013-04-30,709.25,727.5,697.25,721.75,5497,4,False,12.0,4.875,0.0,-214.5,507.25,0.0242301867743564
2013-05-01,722.25,722.25,705.0,710.5,3560,5,True,-11.25,10.125,-21.375,-193.125,517.375,0.019960571710202046
2013-05-02,710.5,718.75,709.25,718.75,2939,5,False,8.25,-9.375,0.0,-193.125,525.625,0.015945880647499466
2013-05-03,718.75,722.75,711.25,711.25,1102,5,False,-7.5,-5.0,0.0,-193.125,518.125,-0.014268727705113005
2013-05-06,701.0,703.5,690.75,693.0,1339,5,False,-18.25,-0.5,0.0,-193.125,499.875,-0.035223160434258105
2013-05-07,696.25,699.5,690.0,699.5,536,5,False,6.5,-10.5,0.0,-193.125,506.375,0.013003250812703149
2013-05-08,697.5,697.5,693.25,696.75,191,5,False,-2.75,13.0,0.0,-193.125,503.625,-0.005430757837570965
2013-05-09,700.5,719.0,700.5,716.25,157,5,False,19.5,-11.125,0.0,-193.125,523.125,0.0387192851824274
2013-05-10,703.0,703.0,696.75,696.75,19,5,False,-19.5,12.125,0.0,-193.125,503.625,-0.037275985663082434
2013-05-13,699.75,706.25,699.75,701.5,103,5,False,4.75,-9.75,0.0,-193.125,508.375,0.009431620749565717
2013-05-14,700.75,701.5,700.75,701.5,38738,5,False,0.0,-1.5,0.0,-193.125,508.375,0.0
2013-05-15,711.0,711.25,692.5,693.75,52020,5,False,-7.75,-3.0,0.0,-193.125,500.625,-0.01524465207769854
2013-05-16,694.0,699.0,681.5,687.75,65093,5,False,-6.0,-6.125,0.0,-193.125,494.625,-0.011985018726591745
2013-05-17,688.25,689.75,680.25,683.25,42132,5,False,-4.5,-2.0,0.0,-193.125,490.125,-0.0090978013646702
2013-05-20,681.25,688.5,674.5,685.25,44151,5,False,2.0,-4.625,0.0,-193.125,492.125,0.0040805916857944435
2013-05-21,684.25,684.5,674.0,680.5,35805,5,False,-4.75,5.0,0.0,-193.125,487.375,-0.009652019304038584
2013-05-22,680.5,692.75,680.0,688.5,44076,5,False,8.0,5.0,0.0,-193.125,495.375,0.016414465247499344
2013-05-23,687.5,709.0,687.0,703.25,69917,5,False,14.75,1.125,0.0,-193.125,510.125,0.029775422659601203
2013-05-24,704.0,707.5,696.25,697.5,43322,5,False,-5.75,5.5,0.0,-193.125,504.375,-0.011271747120803699
2013-05-28,699.0,705.0,687.75,693.75,53639,5,False,-3.75,1.625,0.0,-193.125,500.625,-0.0074349442379182396
2013-05-29,693.5,704.0,688.75,702.75,55930,5,False,9.0,-3.875,0.0,-193.125,509.625,0.01797752808988773
2013-05-30,699.0,702.25,687.5,698.75,53057,5,False,-4.0,7.875,0.0,-193.125,505.625,-0.007848908511160158
2013-05-31,697.25,707.5,692.5,705.5,58724,5,False,6.75,-0.375,0.0,-193.125,512.375,0.01334981458590856
2013-06-03,708.5,714.5,692.5,708.75,73766,6,False,3.25,3.5,0.0,-193.125,515.625,0.006343010490363454
2013-06-04,708.75,713.25,700.0,709.0,57525,6,False,0.25,-2.125,0.0,-193.125,515.875,0.0004848484848485324
2013-06-05,709.75,712.5,701.0,701.5,44556,6,False,-7.5,-1.75,0.0,-193.125,508.375,-0.01453840562151687
2013-06-06,701.75,706.25,693.5,697.75,61320,6,False,-3.75,-4.5,0.0,-193.125,504.625,-0.007376444553725103
2013-06-07,696.5,703.25,694.25,696.25,51784,6,False,-1.5,-5.125,0.0,-193.125,503.125,-0.0029725043349021485
2013-06-10,693.0,695.25,680.5,689.75,71412,6,False,-6.5,2.75,0.0,-193.125,496.625,-0.01291925465838506
2013-06-11,690.5,699.75,686.75,696.75,64154,6,False,7.0,-10.125,0.0,-193.125,503.625,0.014095142209916922
2013-06-12,694.5,696.75,679.0,683.0,73109,6,False,-13.75,4.75,0.0,-193.125,489.875,-0.027302060064532174
2013-06-13,683.0,687.0,675.0,685.5,64445,6,False,2.5,-9.25,0.0,-193.125,492.375,0.005103342689461554
2013-06-14,685.0,685.5,676.5,680.75,54328,6,False,-4.75,1.125,0.0,-193.125,487.625,-0.009647118558009593
2013-06-17,679.5,689.25,674.5,680.5,52922,6,False,-0.25,1.125,0.0,-193.125,487.375,-0.0005126890540887441
2013-06-18,681.0,689.75,680.5,687.5,55087,6,False,7.0,9.625,0.0,-193.125,494.375,0.014362657091562037
2013-06-19,684.5,710.75,682.5,707.0,75512,6,False,19.5,0.25,0.0,-193.125,513.875,0.03944374209860935
2013-06-20,705.25,707.75,695.0,700.5,58308,6,False,-6.5,8.5,0.0,-193.125,507.375,-0.012648990513257075
2013-06-21,700.0,704.5,696.0,698.0,47533,6,False,-2.5,-12.75,0.0,-193.125,504.875,-0.004927322000492729
2013-06-24,694.0,695.0,676.75,679.0,62320,6,False,-19.0,-2.875,0.0,-193.125,485.875,-0.037633077494429346
2013-06-25,679.0,685.25,675.25,675.75,24885,6,False,-3.25,-13.875,0.0,-193.125,482.625,-0.006688963210702337
2013-06-26,675.75,681.5,666.0,667.0,22128,6,False,-8.75,-3.375,0.0,-193.125,473.875,-0.018130018130018133
2013-06-27,667.0,673.0,662.5,663.5,26719,6,False,-3.5,-11.875,0.0,-193.125,470.375,-0.007385914006858396
2013-06-28,664.0,668.75,646.75,648.5,7568,6,False,-15.0,-3.125,0.0,-193.125,455.375,-0.031889449906989054
2013-07-01,646.0,653.5,643.75,645.75,2575,7,True,-2.75,-5.625,2.875,-196.0,449.75,-0.012352456766401287
2013-07-02,647.25,658.0,644.75,649.5,1234,7,False,3.75,2.75,0.0,-196.0,453.5,0.008337965536409087
2013-07-03,653.0,662.25,653.0,657.75,954,7,False,8.25,1.0,0.0,-196.0,461.75,0.018191841234840078
2013-07-05,662.75,665.0,656.0,656.0,891,7,False,-1.75,6.125,0.0,-196.0,460.0,-0.0037899296155928797
2013-07-08,656.75,666.5,656.75,660.0,474,7,False,4.0,6.875,0.0,-196.0,464.0,0.008695652173912993
2013-07-09,660.0,679.0,660.0,675.5,562,7,False,15.5,0.25,0.0,-196.0,479.5,0.03340517241379315
2013-07-10,676.5,676.5,666.25,672.0,585,7,False,-3.5,11.375,0.0,-196.0,476.0,-0.007299270072992692
2013-07-11,682.75,688.0,678.5,679.25,147,7,False,7.25,-3.625,0.0,-196.0,483.25,0.015231092436974736
2013-07-12,685.75,685.75,675.5,675.5,39433,7,False,-3.75,0.625,0.0,-196.0,479.5,-0.007759958613554052
2013-07-15,678.75,678.75,667.25,669.5,36008,7,False,-6.0,-1.875,0.0,-196.0,473.5,-0.012513034410844615
2013-07-16,671.25,681.5,665.5,669.5,41094,7,False,0.0,-5.25,0.0,-196.0,473.5,0.0
2013-07-17,669.5,674.0,664.0,665.0,29699,7,False,-4.5,-2.25,0.0,-196.0,469.0,-0.009503695881731833
2013-07-18,665.0,667.25,656.5,660.5,43778,7,False,-4.5,-0.25,0.0,-196.0,464.5,-0.009594882729211052
2013-07-19,661.0,670.0,658.0,664.5,41246,7,False,4.0,-4.625,0.0,-196.0,468.5,0.008611410118406937
2013-07-22,667.25,667.75,655.0,659.75,43473,7,False,-4.75,-1.0,0.0,-196.0,463.75,-0.010138740661686185
2013-07-23,659.5,659.5,650.5,653.75,36821,7,False,-6.0,-2.625,0.0,-196.0,457.75,-0.01293800539083556
2013-07-24,653.75,661.75,652.75,653.25,36863,7,False,-0.5,-5.0,0.0,-196.0,457.25,-0.0010922992900054274
2013-07-25,652.5,656.5,648.0,649.25,36895,7,False,-4.0,0.25,0.0,-196.0,453.25,-0.00874794969928927
2013-07-26,649.0,657.5,648.0,650.25,31586,7,False,1.0,-1.375,0.0,-196.0,454.25,0.0022062879205735353
2013-07-29,650.25,656.0,648.5,651.5,28159,7,False,1.25,2.375,0.0,-196.0,455.5,0.0027517886626307053
2013-07-30,650.5,662.5,650.0,655.25,52108,7,False,3.75,5.125,0.0,-196.0,459.25,0.008232711306256801
2013-07-31,653.75,665.75,653.5,664.25,70063,7,False,9.0,-1.25,0.0,-196.0,468.25,0.019597169297768113
2013-08-01,663.5,667.5,648.25,658.0,70563,8,False,-6.25,5.75,0.0,-196.0,462.0,-0.013347570742124892
2013-08-02,657.5,667.5,656.25,660.5,52251,8,False,2.5,-10.75,0.0,-196.0,464.5,0.005411255411255311
2013-08-05,659.75,665.5,641.5,645.25,69836,8,False,-15.25,3.875,0.0,-196.0,449.25,-0.032831001076426225
2013-08-06,646.25,651.25,642.25,650.5,42089,8,False,5.25,-11.125,0.0,-196.0,454.5,0.011686143572620988
2013-08-07,650.0,652.75,639.0,643.5,60887,8,False,-7.0,1.5,0.0,-196.0,447.5,-0.015401540154015403
2013-08-08,643.0,648.0,639.75,641.25,59759,8,False,-2.25,-7.375,0.0,-196.0,445.25,-0.005027932960893877
2013-08-09,641.75,645.0,630.5,633.5,79291,8,False,-7.75,-0.375,0.0,-196.0,437.5,-0.017405951712521017
2013-08-12,633.5,645.25,630.0,635.0,65111,8,False,1.5,-7.25,0.0,-196.0,439.0,0.0034285714285713365
2013-08-13,636.5,643.5,626.25,628.25,63179,8,False,-6.75,1.875,0.0,-196.0,432.25,-0.01537585421412302
2013-08-14,627.0,631.75,623.0,630.5,52626,8,False,2.25,0.125,0.0,-196.0,434.5,0.005205320994794649
2013-08-15,631.25,641.25,629.0,637.5,40529,8,False,7.0,-2.125,0.0,-196.0,441.5,0.016110471806674243
2013-08-16,637.5,641.25,626.75,631.0,39731,8,False,-6.5,8.75,0.0,-196.0,435.0,-0.014722536806342057
2013-08-19,637.0,642.5,635.25,641.5,34103,8,False,10.5,-6.875,0.0,-196.0,445.5,0.024137931034482696
2013-08-20,641.0,644.0,634.0,634.25,20845,8,False,-7.25,7.5,0.0,-196.0,438.25,-0.016273849607182922
2013-08-21,634.75,646.75,634.25,638.75,38812,8,False,4.5,-7.75,0.0,-196.0,442.75,0.01026811180832854
2013-08-22,640.0,640.5,629.75,630.5,28846,8,False,-8.25,4.25,0.0,-196.0,434.5,-0.018633540372670843
2013-08-23,629.25,638.0,628.5,634.5,26832,8,False,4.0,6.0,0.0,-196.0,438.5,0.009205983889528202
2013-08-26,640.0,665.0,640.0,654.75,27413,8,False,20.25,0.0,0.0,-196.0,458.75,0.04618015963511968
2013-08-27,654.25,657.75,648.5,650.75,26380,8,False,-4.0,8.0,0.0,-196.0,454.75,-0.00871934604904634
2013-08-28,652.25,656.25,645.5,646.5,14129,8,False,-4.25,-4.625,0.0,-196.0,450.5,-0.009345794392523366
2013-08-29,646.25,650.5,640.0,641.25,19262,8,False,-5.25,-1.125,0.0,-196.0,445.25,-0.011653718091010012
2013-08-30,641.25,647.75,639.25,643.25,3847,8,False,2.0,-6.0,0.0,-196.0,447.25,0.004491858506457058
2013-09-03,652.25,654.0,635.0,636.5,929,9,True,-6.75,-0.125,-6.625,-189.375,447.125,-0.00027948574622693734
2013-09-04,634.75,635.0,627.5,634.25,1289,9,False,-2.25,-6.875,0.0,-189.375,444.875,-0.005032149846239897
2013-09-05,633.5,633.5,625.0,627.25,549,9,False,-7.0,2.75,0.0,-189.375,437.875,-0.01573475695420057
2013-09-06,630.75,635.75,629.0,635.0,311,9,False,7.75,-6.625,0.0,-189.375,445.625,0.017699115044247815
2013-09-09,631.0,635.0,627.75,628.75,316,9,False,-6.25,6.375,0.0,-189.375,439.375,-0.014025245441795287
2013-09-10,629.25,634.75,629.0,633.75,126,9,False,5.0,-2.5,0.0,-189.375,444.375,0.011379800853485111
2013-09-11,634.25,638.0,630.0,635.0,84,9,False,1.25,5.875,0.0,-189.375,445.625,0.002812939521800173
2013-09-12,635.5,641.75,625.0,641.75,99,9,False,6.75,-6.375,0.0,-189.375,452.375,0.015147265077138927
2013-09-13,645.0,645.0,627.75,627.75,42227,9,False,-14.0,10.125,0.0,-189.375,438.375,-0.030947775628626717
2013-09-16,640.0,648.75,638.5,641.25,39528,9,False,13.5,-6.125,0.0,-189.375,451.875,0.030795551753635575
2013-09-17,641.25,652.0,641.25,643.0,39854,9,False,1.75,8.5,0.0,-189.375,453.625,0.003872752420470249
2013-09-18,642.25,648.0,642.0,646.5,25726,9,False,3.5,6.125,0.0,-189.375,457.125,0.007715624138881161
2013-09-19,647.5,662.5,646.75,657.0,77256,9,False,10.5,-3.625,0.0,-189.375,467.625,0.022969647251845693
2013-09-20,657.0,659.25,643.75,646.25,47364,9,False,-10.75,8.875,0.0,-189.375,456.875,-0.02298850574712641
2013-09-23,645.5,656.75,645.5,653.5,41600,9,False,7.25,-3.0,0.0,-189.375,464.125,0.015868673050615678
2013-09-24,653.75,660.0,649.5,658.25,51099,9,False,4.75,9.75,0.0,-189.375,468.875,0.010234311877188151
2013-09-25,657.5,675.0,657.5,670.5,72733,9,False,12.25,6.25,0.0,-189.375,481.125,0.02612636630231946
2013-09-26,671.0,679.0,668.5,678.25,59338,9,False,7.75,8.5,0.0,-189.375,488.875,0.016108080020784676
2013-09-27,678.0,685.5,675.5,683.0,58687,9,False,4.75,1.625,0.0,-189.375,493.625,0.009716185118895382
2013-09-30,681.25,694.75,676.75,678.5,83642,9,False,-4.5,3.75,0.0,-189.375,489.125,-0.009116231957457588
2013-10-01,678.25,683.75,672.5,681.25,69331,10,False,2.75,0.125,0.0,-189.375,491.875,0.005622284692052171
2013-10-02,681.25,689.75,678.0,686.0,47061,10,False,4.75,3.0,0.0,-189.375,496.625,0.009656925031766184
2013-10-03,686.0,698.0,685.0,689.25,65937,10,False,3.25,1.25,0.0,-189.375,499.875,0.0065441731688899996
2013-10-04,688.0,692.75,684.25,687.0,53311,10,False,-2.25,5.5,0.0,-189.375,497.625,-0.004501125281320295
2013-10-07,687.25,696.5,686.25,694.75,42046,10,False,7.75,-1.75,0.0,-189.375,505.375,0.015573976387842192
2013-10-08,694.25,699.75,688.0,693.5,41468,10,False,-1.25,2.375,0.0,-189.375,504.125,-0.002473410833539469
2013-10-09,692.5,694.75,687.0,690.5,38560,10,False,-3.0,-3.125,0.0,-189.375,501.125,-0.005950905033473841
2013-10-10,691.0,695.75,684.0,685.5,42908,10,False,-5.0,1.875,0.0,-189.375,496.125,-0.009977550511349409
2013-10-11,685.0,695.5,682.25,692.25,50645,10,False,6.75,-2.375,0.0,-189.375,502.875,0.013605442176870763
2013-10-14,691.25,696.5,686.25,692.5,32946,10,False,0.25,0.0,0.0,-189.375,503.125,0.000497141436738735
2013-10-15,691.75,693.5,685.25,685.75,34749,10,False,-6.75,-2.0,0.0,-189.375,496.375,-0.013416149068323002
2013-10-16,686.0,688.0,678.25,681.5,43387,10,False,-4.25,-1.125,0.0,-189.375,492.125,-0.008562075044069473
2013-10-17,681.25,693.25,680.5,686.0,55407,10,False,4.5,7.75,0.0,-189.375,496.625,0.009144018288036682
2013-10-18,685.75,706.5,685.75,705.75,71336,10,False,19.75,-0.75,0.0,-189.375,516.375,0.03976843694940846
2013-10-21,706.5,711.25,694.0,699.75,63582,10,False,-6.0,10.375,0.0,-189.375,510.375,-0.011619462599854802
2013-10-22,699.75,704.5,696.0,700.75,32966,10,False,1.0,-2.5,0.0,-189.375,511.375,0.001959343619887255
2013-10-23,701.25,710.5,699.5,701.75,40363,10,False,1.0,-2.125,0.0,-189.375,512.375,0.001955512099731216
2013-10-24,701.75,708.0,696.0,696.5,41986,10,False,-5.25,-2.375,0.0,-189.375,507.125,-0.010246401561356477
2013-10-25,697.0,702.0,690.25,690.75,41734,10,False,-5.75,-7.5,0.0,-189.375,501.375,-0.011338427409415819
2013-10-28,690.0,691.25,680.75,681.0,44543,10,False,-9.75,-2.75,0.0,-189.375,491.625,-0.01944652206432307
2013-10-29,680.5,684.75,676.25,681.25,53625,10,False,0.25,-8.0,0.0,-189.375,491.875,0.0005085176709891392
2013-10-30,684.75,688.5,674.0,675.0,43792,10,False,-6.25,-3.625,0.0,-189.375,485.625,-0.01270648030495558
2013-10-31,675.0,677.0,667.0,667.5,77503,10,False,-7.5,-3.0,0.0,-189.375,478.125,-0.015444015444015413
2013-11-01,667.5,672.25,664.5,667.75,65415,11,False,0.25,-6.25,0.0,-189.375,478.375,0.0005228758169935066
2013-11-04,665.75,671.5,662.0,662.75,41081,11,False,-5.0,-3.25,0.0,-189.375,473.375,-0.010452051215050995
2013-11-05,662.5,665.25,655.0,656.0,54784,11,False,-6.75,-3.875,0.0,-189.375,466.625,-0.014259308159493056
2013-11-06,657.25,660.5,652.25,653.25,57175,11,False,-2.75,-3.5,0.0,-189.375,463.875,-0.005893383337797986
2013-11-07,653.5,657.5,652.25,653.0,66635,11,False,-0.25,-3.0,0.0,-189.375,463.625,-0.0005389382915655938
2013-11-08,653.0,658.5,644.0,649.75,87243,11,False,-3.25,-1.875,0.0,-189.375,460.375,-0.007009975734699414
2013-11-11,651.0,659.5,645.75,646.25,103818,11,False,-3.5,-2.125,0.0,-189.375,456.875,-0.007602497963616672
2013-11-12,647.25,652.0,644.5,645.25,71324,11,False,-1.0,-1.625,0.0,-189.375,455.875,-0.002188782489740082
2013-11-13,646.25,649.0,643.25,645.5,59340,11,False,0.25,-0.875,0.0,-189.375,456.125,0.0005483959418699502
2013-11-14,645.5,653.0,644.25,644.75,71720,11,False,-0.75,0.0,0.0,-189.375,455.375,-0.0016442861057823777
2013-11-15,645.5,648.5,642.75,644.5,54064,11,False,-0.25,-1.5,0.0,-189.375,455.125,-0.0005489980785067239
2013-11-18,646.75,650.5,642.0,642.25,42077,11,False,-2.25,3.875,0.0,-189.375,452.875,-0.004943696786597118
2013-11-19,643.0,651.5,642.5,650.25,70840,11,False,8.0,-2.625,0.0,-189.375,460.875,0.01766491857576602
2013-11-20,650.25,654.75,646.25,647.25,49437,11,False,-3.0,4.75,0.0,-189.375,457.875,-0.006509357200976451
2013-11-21,647.75,653.5,647.5,648.75,45910,11,False,1.5,-1.125,0.0,-189.375,459.375,0.003276003276003303
2013-11-22,649.25,653.75,648.5,649.5,50399,11,False,0.75,2.25,0.0,-189.375,460.125,0.0016326530612245094
2013-11-25,650.25,655.0,650.25,652.5,29790,11,False,3.0,-2.625,0.0,-189.375,463.125,0.006519967400163029
2013-11-26,652.75,653.5,646.0,646.5,32508,11,False,-6.0,3.875,0.0,-189.375,457.125,-0.012955465587044523
2013-11-27,647.0,656.5,646.75,651.25,25526,11,False,4.75,-1.125,0.0,-189.375,461.875,0.010391030899644438
2013-11-29,655.0,657.0,650.75,655.0,6790,11,False,3.75,-0.25,0.0,-189.375,465.625,0.008119079837618504
2013-12-02,655.0,661.25,647.25,649.75,2767,12,True,-5.25,3.875,-9.125,-180.25,469.5,0.008322147651006695
2013-12-03,652.5,655.5,649.0,653.75,1377,12,False,4.0,-5.875,0.0,-180.25,473.5,0.008519701810436597
2013-12-04,654.5,658.0,646.75,647.25,1280,12,False,-6.5,-2.625,0.0,-180.25,467.0,-0.01372756071805703
2013-12-05,646.0,646.75,637.0,638.0,808,12,False,-9.25,-3.625,0.0,-180.25,457.75,-0.019807280513918668
2013-12-06,638.5,639.75,637.25,637.25,115,12,False,-0.75,-3.75,0.0,-180.25,457.0,-0.0016384489350081965
2013-12-09,639.75,640.25,638.75,639.0,80,12,False,1.75,-5.125,0.0,-180.25,458.75,0.003829321663019636
2013-12-10,639.0,639.0,626.5,629.5,251,12,False,-9.5,1.25,0.0,-180.25,449.25,-0.020708446866484986
2013-12-11,630.25,633.0,624.25,630.25,162,12,False,0.75,-8.625,0.0,-180.25,450.0,0.0016694490818029983
2013-12-12,626.75,626.75,622.5,622.5,16,12,False,-7.75,-1.75,0.0,-180.25,442.25,-0.01722222222222225
2013-12-13,622.5,624.25,618.25,618.25,41506,12,False,-4.25,-2.125,0.0,-180.25,438.0,-0.009609949123798756
2013-12-16,628.75,628.75,621.0,621.75,43255,12,False,3.5,-3.125,0.0,-180.25,441.5,0.007990867579908745
2013-12-17,622.5,626.75,618.75,619.75,44678,12,False,-2.0,-1.75,0.0,-180.25,439.5,-0.0045300113250282825
2013-12-18,619.0,619.25,612.25,612.75,46711,12,False,-7.0,-2.0,0.0,-180.25,432.5,-0.015927189988623414
2013-12-19,615.0,621.25,610.0,610.75,61883,12,False,-2.0,-2.125,0.0,-180.25,430.5,-0.0046242774566473965
2013-12-20,610.0,616.0,607.25,613.5,44551,12,False,2.75,-3.0,0.0,-180.25,433.25,0.006387921022067422
2013-12-23,614.25,615.25,608.25,609.5,19535,12,False,-4.0,-0.25,0.0,-180.25,429.25,-0.009232544720138458
2013-12-24,610.25,611.75,605.75,606.25,10792,12,False,-3.25,-2.125,0.0,-180.25,426.0,-0.007571345369831062
2013-12-26,606.0,607.0,600.75,606.0,18711,12,False,-0.25,-0.125,0.0,-180.25,425.75,-0.0005868544600938774
2013-12-27,608.0,610.0,603.5,609.0,22410,12,False,3.0,-4.375,0.0,-180.25,428.75,0.007046388725778119
2013-12-30,607.5,609.25,600.0,600.5,20582,12,False,-8.5,3.875,0.0,-180.25,420.25,-0.019825072886297423
2013-12-31,601.75,607.25,599.0,605.25,30323,12,False,4.75,-8.375,0.0,-180.25,425.0,0.011302795954788891
2014-01-02,605.0,605.25,595.5,597.0,39720,1,False,-8.25,6.75,0.0,-180.25,416.75,-0.01941176470588235
2014-01-03,596.75,609.0,596.0,605.75,49188,1,False,8.75,-4.125,0.0,-180.25,425.5,0.0209958008398321
2014-01-06,608.0,612.75,605.0,605.75,39432,1,False,0.0,2.75,0.0,-180.25,425.5,0.0
2014-01-07,606.5,610.0,601.75,602.5,45799,1,False,-3.25,-6.875,0.0,-180.25,422.25,-0.00763807285546414
2014-01-08,603.0,607.25,586.75,588.75,55310,1,False,-13.75,-3.875,0.0,-180.25,408.5,-0.03256364712847837
2014-01-09,588.0,591.0,578.5,584.25,67643,1,False,-4.5,-14.5,0.0,-180.25,404.0,-0.011015911872705009
2014-01-10,584.5,593.25,560.5,569.0,110226,1,False,-15.25,0.0,0.0,-180.25,388.75,-0.037747524752475226
2014-01-13,571.5,576.0,570.0,573.5,58021,1,False,4.5,-4.75,0.0,-180.25,393.25,0.011575562700964603
2014-01-14,571.25,580.0,570.75,579.25,37720,1,False,5.75,-3.5,0.0,-180.25,399.0,0.014621741894469187
2014-01-15,579.0,579.75,566.5,567.75,38950,1,False,-11.5,5.375,0.0,-180.25,387.5,-0.028822055137844638
2014-01-16,568.25,573.75,564.0,572.75,48891,1,False,5.0,-10.375,0.0,-180.25,392.5,0.012903225806451646
2014-01-17,572.75,574.25,562.75,563.5,32126,1,False,-9.25,1.875,0.0,-180.25,383.25,-0.023566878980891715
2014-01-21,566.0,567.75,560.75,562.25,39481,1,False,-1.25,-5.125,0.0,-180.25,382.0,-0.003261578604044413
2014-01-22,562.5,566.75,560.75,561.25,29010,1,False,-1.0,3.75,0.0,-180.25,381.0,-0.002617801047120394
2014-01-23,561.75,578.0,561.5,570.0,47326,1,False,8.75,-2.875,0.0,-180.25,389.75,0.02296587926509197
2014-01-24,571.0,573.5,562.5,565.25,39689,1,False,-4.75,3.5,0.0,-180.25,385.0,-0.01218729955099418
2014-01-27,567.0,572.25,562.75,563.5,44294,1,False,-1.75,-1.125,0.0,-180.25,383.25,-0.004545454545454519
2014-01-28,564.0,569.0,564.0,566.0,44179,1,False,2.5,-8.125,0.0,-180.25,385.75,0.006523157208088826
2014-01-29,567.0,567.0,550.5,551.5,84576,1,False,-14.5,2.25,0.0,-180.25,371.25,-0.0375891121192482
2014-01-30,551.75,556.75,550.25,553.5,62117,1,False,2.0,-6.125,0.0,-180.25,373.25,0.005387205387205496
2014-01-31,554.0,557.5,551.25,555.75,45491,1,False,2.25,5.0,0.0,-180.25,375.5,0.00602813127930335
2014-02-03,555.0,564.25,554.0,563.75,45262,2,False,8.0,11.5,0.0,-180.25,383.5,0.02130492676431417
2014-02-04,563.75,585.75,562.0,584.5,84912,2,False,20.75,5.5,0.0,-180.25,404.25,0.05410691003911339
2014-02-05,585.0,588.75,579.0,587.5,76582,2,False,3.0,7.0,0.0,-180.25,407.25,0.007421150278293043
2014-02-06,587.0,592.75,579.5,580.75,68517,2,False,-6.75,-0.125,0.0,-180.25,400.5,-0.016574585635359074
2014-02-07,582.0,586.0,566.25,577.5,101476,2,False,-3.25,0.25,0.0,-180.25,397.25,-0.00811485642946319
2014-02-10,574.5,590.5,570.5,584.75,90528,2,False,7.25,1.125,0.0,-180.25,404.5,0.018250471994965434
2014-02-11,585.75,591.25,582.5,590.25,94447,2,False,5.5,2.0,0.0,-180.25,410.0,0.013597033374536549
2014-02-12,589.75,598.25,585.5,587.0,91588,2,False,-3.25,7.0,0.0,-180.25,406.75,-0.00792682926829269
2014-02-13,586.25,596.75,585.25,595.5,65904,2,False,8.5,-0.125,0.0,-180.25,415.25,0.020897357098955238
2014-02-14,595.25,603.0,594.5,598.5,56021,2,False,3.0,11.0,0.0,-180.25,418.25,0.007224563515954241
2014-02-18,599.5,613.25,598.75,612.0,67231,2,False,13.5,5.625,0.0,-180.25,431.75,0.032277346084877534
2014-02-19,612.0,620.5,609.75,620.25,59705,2,False,8.25,4.75,0.0,-180.25,440.0,0.019108280254777066
2014-02-20,619.75,620.75,611.5,616.25,71755,2,False,-4.0,0.875,0.0,-180.25,436.0,-0.009090909090909038
2014-02-21,616.25,617.5,609.25,609.75,33245,2,False,-6.5,2.0,0.0,-180.25,429.5,-0.014908256880733939
2014-02-24,604.0,618.5,603.75,617.75,29824,2,False,8.0,-4.625,0.0,-180.25,437.5,0.0186263096623982
2014-02-25,618.25,620.5,602.25,615.0,27528,2,False,-2.75,-3.5,0.0,-180.25,434.75,-0.006285714285714339
2014-02-26,615.25,615.5,599.25,600.0,17862,2,False,-15.0,-10.25,0.0,-180.25,419.75,-0.0345025876940771
2014-02-27,600.0,601.5,581.5,582.25,16426,2,False,-17.75,0.875,0.0,-180.25,402.0,-0.04228707564026202
2014-02-28,583.0,602.0,583.0,599.0,2846,2,False,16.75,5.0,0.0,-180.25,418.75,0.04166666666666674
2014-03-03,610.0,640.0,608.25,626.75,1232,3,True,27.75,14.875,12.875,-193.125,433.625,0.03552238805970154
2014-03-04,620.0,640.0,619.0,639.75,439,3,False,13.0,12.625,0.0,-193.125,446.625,0.02997982127414245
2014-03-05,637.0,638.5,631.0,637.25,348,3,False,-2.5,8.625,0.0,-193.125,444.125,-0.005597537083683157
2014-03-06,632.5,643.5,631.0,641.5,128,3,False,4.25,1.125,0.0,-193.125,448.375,0.009569377990430672
2014-03-07,642.0,655.0,642.0,646.25,139,3,False,4.75,1.5,0.0,-193.125,453.125,0.010593810984109275
2014-03-10,646.75,657.75,643.25,645.0,95,3,False,-1.25,11.5,0.0,-193.125,451.875,-0.0027586206896551557
2014-03-11,643.0,671.75,643.0,663.25,115,3,False,18.25,11.75,0.0,-193.125,470.125,0.040387275242047105
2014-03-12,667.75,688.0,663.5,688.0,22,3,False,24.75,4.625,0.0,-193.125,494.875,0.05264557298590811
2014-03-13,696.25,700.75,679.0,679.0,66,3,False,-9.0,18.0,0.0,-193.125,485.875,-0.018186410709775225
2014-03-14,694.75,696.25,690.25,690.25,63971,3,False,11.25,-12.375,0.0,-193.125,497.125,0.02315410342166202
2014-03-17,687.0,694.25,671.75,674.5,48518,3,False,-15.75,14.625,0.0,-193.125,481.375,-0.03168217249182803
2014-03-18,674.5,693.5,672.5,692.5,50345,3,False,18.0,3.75,0.0,-193.125,499.375,0.037392884964944084
2014-03-19,692.0,718.5,686.25,715.75,89394,3,False,23.25,3.0,0.0,-193.125,522.625,0.04655819774718406
2014-03-20,714.0,723.5,693.75,703.75,94704,3,False,-12.0,6.375,0.0,-193.125,510.625,-0.022961014111456568
2014-03-21,705.0,707.25,691.75,693.25,49016,3,False,-10.5,4.625,0.0,-193.125,500.125,-0.02056303549571603
2014-03-24,691.75,718.25,687.0,714.5,65088,3,False,21.25,-8.375,0.0,-193.125,521.375,0.042489377655586136
2014-03-25,714.75,716.25,706.5,708.25,43585,3,False,-6.25,4.875,0.0,-193.125,515.125,-0.011987532965715642
2014-03-26,708.75,711.75,694.75,696.75,55708,3,False,-11.5,3.75,0.0,-193.125,503.625,-0.02232467847609798
2014-03-27,696.75,713.5,692.0,710.5,54754,3,False,13.75,-13.25,0.0,-193.125,517.375,0.027302060064532174
2014-03-28,708.25,708.75,693.5,695.5,48811,3,False,-15.0,7.75,0.0,-193.125,502.375,-0.028992510268180727
2014-03-31,698.25,702.0,676.5,697.25,75550,3,False,1.75,-13.5,0.0,-193.125,504.125,0.0034834535954217927
2014-04-01,695.5,698.0,683.5,685.25,67749,4,False,-12.0,-7.125,0.0,-193.125,492.125,-0.023803620133895365
2014-04-02,687.0,688.0,665.0,669.25,66959,4,False,-16.0,-2.625,0.0,-193.125,476.125,-0.032512065024130066
2014-04-03,669.25,677.5,666.5,676.0,44384,4,False,6.75,-11.125,0.0,-193.125,482.875,0.01417694933053304
2014-04-04,673.5,676.25,658.75,669.75,51599,4,False,-6.25,6.625,0.0,-193.125,476.625,-0.012943308309603885
2014-04-07,670.25,679.5,665.5,676.25,63690,4,False,6.5,-0.75,0.0,-193.125,483.125,0.013637555730396045
2014-04-08,676.25,685.25,668.25,681.0,68552,4,False,4.75,-2.75,0.0,-193.125,487.875,0.009831824062095817
2014-04-09,681.25,688.0,663.0,669.0,96035,4,False,-12.0,-1.0,0.0,-193.125,475.875,-0.024596464258262896
2014-04-10,668.5,671.0,656.25,662.25,77610,4,False,-6.75,-7.0,0.0,-193.125,469.125,-0.014184397163120588
2014-04-11,662.25,666.75,656.25,660.25,51697,4,False,-2.0,5.875,0.0,-193.125,467.125,-0.004263256061817211
2014-04-14,666.25,689.5,664.5,678.75,75164,4,False,18.5,10.5,0.0,-193.125,485.625,0.03960396039603964
2014-04-15,678.0,702.75,673.75,701.75,66093,4,False,23.0,2.375,0.0,-193.125,508.625,0.047361647361647385
2014-04-16,701.0,711.0,684.0,688.0,65066,4,False,-13.75,13.125,0.0,-193.125,494.875,-0.02703366920619321
2014-04-17,687.75,701.5,686.5,691.25,31066,4,False,3.25,-18.375,0.0,-193.125,498.125,0.0065673149785299145
2014-04-21,690.5,691.0,662.75,668.25,37044,4,False,-23.0,4.0,0.0,-193.125,475.125,-0.04617314930991212
2014-04-22,668.25,677.25,662.5,673.0,42401,4,False,4.75,-9.75,0.0,-193.125,479.875,0.009997369113391219
2014-04-23,673.0,679.5,667.75,676.5,24894,4,False,3.5,8.625,0.0,-193.125,483.375,0.007293566032821053
2014-04-24,677.25,695.75,671.75,689.0,44894,4,False,12.5,7.375,0.0,-193.125,495.875,0.025859839668993967
2014-04-25,689.0,701.75,688.0,700.25,32095,4,False,11.25,6.25,0.0,-193.125,507.125,0.022687169145449992
2014-04-28,700.0,708.75,689.5,700.25,28027,4,False,0.0,9.5,0.0,-193.125,507.125,0.0
2014-04-29,701.5,708.25,696.0,708.0,18851,4,False,7.75,2.5,0.0,-193.125,514.875,0.015282228247473606
2014-04-30,706.25,716.0,702.25,713.0,9091,4,False,5.0,-3.25,0.0,-193.125,519.875,0.009711094925952901
2014-05-01,713.25,715.75,695.25,698.75,2544,5,True,-14.25,7.0,-21.25,-171.875,526.875,0.013464775186342814
2014-05-02,701.75,710.5,698.0,707.75,1890,5,False,9.0,-0.375,0.0,-171.875,535.875,0.01708185053380773
2014-05-05,717.0,732.0,715.5,721.25,1123,5,False,13.5,9.75,0.0,-171.875,549.375,0.02519244226731976
2014-05-06,724.25,735.0,716.75,731.75,1185,5,False,10.5,5.75,0.0,-171.875,559.875,0.019112627986348052
2014-05-07,730.75,730.75,726.25,729.75,258,5,False,-2.0,3.75,0.0,-171.875,557.875,-0.0035722259432908743
2014-05-08,722.0,729.0,721.0,726.75,347,5,False,-3.0,-7.375,0.0,-171.875,554.875,-0.005377548734035398
2014-05-09,718.5,720.75,714.0,714.0,322,5,False,-12.75,-5.75,0.0,-171.875,542.125,-0.022978148231583728
2014-05-12,695.5,705.5,695.5,705.5,318,5,False,-8.5,-9.125,0.0,-171.875,533.625,-0.01567904081162097
2014-05-13,705.0,705.0,695.5,700.0,313,5,False,-5.5,-13.75,0.0,-171.875,528.125,-0.01030686343405951
2014-05-14,700.0,700.0,681.0,681.0,65904,5,False,-19.0,-4.125,0.0,-171.875,509.125,-0.0359763313609468
2014-05-15,690.5,691.0,676.75,678.25,57240,5,False,-2.75,-11.5,0.0,-171.875,506.375,-0.005401424011784894
2014-05-16,678.75,682.75,670.5,674.25,48213,5,False,-4.0,-1.25,0.0,-171.875,502.375,-0.00789928412737595
2014-05-19,671.5,678.25,662.75,674.5,72503,5,False,0.25,-4.0,0.0,-171.875,502.625,0.0004976362279174307
2014-05-20,674.0,686.0,666.0,670.5,65289,5,False,-4.0,-3.0,0.0,-171.875,498.625,-0.00795821934842078
2014-05-21,668.0,675.5,663.0,664.25,66296,5,False,-6.25,-4.5,0.0,-171.875,492.375,-0.01253446979192785
2014-05-22,665.5,669.75,654.0,659.25,67073,5,False,-5.0,-6.5,0.0,-171.875,487.375,-0.010154861640010115
2014-05-23,660.25,663.5,651.25,652.5,58007,5,False,-6.75,-8.25,0.0,-171.875,480.625,-0.013849705052577543
2014-05-27,645.0,648.5,640.25,641.0,53220,5,False,-11.5,-4.5,0.0,-171.875,469.125,-0.023927178153446027
2014-05-28,637.25,641.75,633.0,638.75,44886,5,False,-2.25,-8.875,0.0,-171.875,466.875,-0.004796163069544335
2014-05-29,638.5,645.0,629.75,632.5,49662,5,False,-6.25,-3.75,0.0,-171.875,460.625,-0.01338688085676043
2014-05-30,633.0,637.0,625.5,627.25,48580,5,False,-5.25,-6.375,0.0,-171.875,455.375,-0.01139755766621442
2014-06-02,624.75,626.75,616.25,620.75,62437,6,False,-6.5,-6.75,0.0,-171.875,448.875,-0.014273950041174821
2014-06-03,622.0,624.0,611.0,612.5,55548,6,False,-8.25,-2.25,0.0,-171.875,440.625,-0.018379281537176273
2014-06-04,612.5,619.5,610.75,614.5,46186,6,False,2.0,-8.5,0.0,-171.875,442.625,0.004539007092198677
2014-06-05,613.5,617.25,605.0,605.75,52098,6,False,-8.75,7.25,0.0,-171.875,433.875,-0.01976842699802317
2014-06-06,605.5,619.5,603.0,618.25,66067,6,False,12.5,-7.25,0.0,-171.875,446.375,0.028810141169691716
2014-06-09,618.25,626.25,607.5,612.5,65835,6,False,-5.75,0.625,0.0,-171.875,440.625,-0.012881545785494275
2014-06-10,614.75,616.0,599.25,601.25,69509,6,False,-11.25,-8.875,0.0,-171.875,429.375,-0.025531914893617058
2014-06-11,603.0,608.5,588.5,589.25,75741,6,False,-12.0,-7.625,0.0,-171.875,417.375,-0.027947598253275086
2014-06-12,588.0,593.5,584.75,585.25,63749,6,False,-4.0,-5.625,0.0,-171.875,413.375,-0.009583707696915189
2014-06-13,585.5,594.5,583.5,586.0,66219,6,False,0.75,-4.5,0.0,-171.875,414.125,0.001814333232537102
2014-06-16,586.0,594.75,580.25,581.0,43308,6,False,-5.0,0.75,0.0,-171.875,409.125,-0.012073649260488928
2014-06-17,581.0,584.75,576.75,581.75,54988,6,False,0.75,0.125,0.0,-171.875,409.875,0.0018331805682860747
2014-06-18,582.0,598.0,581.5,587.0,54897,6,False,5.25,3.625,0.0,-171.875,415.125,0.012808783165599191
2014-06-19,586.25,596.5,585.75,593.5,45051,6,False,6.5,-1.5,0.0,-171.875,421.625,0.01565793435712126
2014-06-20,593.25,594.5,582.75,585.25,36985,6,False,-8.25,0.5,0.0,-171.875,413.375,-0.01956715090423955
2014-06-23,585.0,593.0,577.75,579.75,30687,6,False,-5.5,-8.5,0.0,-171.875,407.875,-0.013305110371938267
2014-06-24,579.75,580.0,570.0,571.0,19846,6,False,-8.75,-0.5,0.0,-171.875,399.125,-0.021452650934722595
2014-06-25,570.0,576.0,567.75,575.5,18551,6,False,4.5,-1.0,0.0,-171.875,403.625,0.011274663326025669
2014-06-26,575.5,584.25,572.75,582.25,24910,6,False,6.75,3.75,0.0,-171.875,410.375,0.016723443790647163
2014-06-27,580.0,590.0,577.25,585.25,15852,6,False,3.0,-6.875,0.0,-171.875,413.375,0.007310386841303584
2014-06-30,583.5,584.25,555.75,564.75,5942,6,False,-20.5,-1.0,0.0,-171.875,392.875,-0.049591775022679196
2014-07-01,564.75,566.25,557.25,559.75,1069,7,True,-5.0,-9.25,4.25,-176.125,383.625,-0.023544384346166125
2014-07-02,560.75,562.75,555.5,561.75,1272,7,False,2.0,0.625,0.0,-176.125,385.625,0.005213424568263347
2014-07-03,561.75,568.75,559.75,568.0,517,7,False,6.25,-10.5,0.0,-176.125,391.875,0.01620745542949753
2014-07-07,567.25,567.25,545.0,545.0,220,7,False,-23.0,3.25,0.0,-176.125,368.875,-0.05869218500797446
2014-07-08,549.0,549.5,545.25,545.25,138,7,False,0.25,-14.375,0.0,-176.125,369.125,0.0006777363605556808
2014-07-09,545.75,545.75,537.0,539.5,219,7,False,-5.75,-1.25,0.0,-176.125,363.375,-0.015577378936674546
2014-07-10,542.75,543.5,535.25,536.75,108,7,False,-2.75,-13.875,0.0,-176.125,360.625,-0.007567939456484374
2014-07-11,536.75,536.75,514.75,514.75,107,7,False,-22.0,16.125,0.0,-176.125,338.625,-0.06100519930675907
2014-07-14,516.25,549.75,516.25,549.75,44745,7,False,35.0,-17.0,0.0,-176.125,373.625,0.10335917312661502
2014-07-15,538.0,539.5,530.5,537.75,37907,7,False,-12.0,17.625,0.0,-176.125,361.625,-0.03211776513884246
2014-07-16,537.0,544.75,535.75,538.0,32658,7,False,0.25,0.375,0.0,-176.125,361.875,0.0006913238852401804
2014-07-17,538.0,561.75,530.75,550.75,88501,7,False,12.75,-9.125,0.0,-176.125,374.625,0.03523316062176174
2014-07-18,552.5,555.75,531.0,532.25,52234,7,False,-18.5,5.25,0.0,-176.125,356.125,-0.04938271604938271
2014-07-21,530.5,531.25,523.75,530.0,36058,7,False,-2.25,-12.0,0.0,-176.125,353.875,-0.006318006318006275
2014-07-22,529.5,536.75,524.0,524.5,35671,7,False,-5.5,2.0,0.0,-176.125,348.375,-0.01554221123277999
2014-07-23,524.5,531.0,520.25,530.75,33126,7,False,6.25,-3.75,0.0,-176.125,354.625,0.01794043774668097
2014-07-24,530.5,542.25,526.0,528.75,56461,7,False,-2.0,7.75,0.0,-176.125,352.625,-0.00563976031018687
2014-07-25,528.75,538.5,526.5,538.0,42238,7,False,9.25,-2.625,0.0,-176.125,361.875,0.026231832683445644
2014-07-28,538.0,543.25,532.0,534.75,33877,7,False,-3.25,-2.75,0.0,-176.125,358.625,-0.00898100172711569
2014-07-29,534.5,535.75,518.5,520.0,52042,7,False,-14.75,2.0,0.0,-176.125,343.875,-0.04112931334959913
2014-07-30,521.25,529.0,519.75,527.25,51667,7,False,7.25,-5.875,0.0,-176.125,351.125,0.02108324245728821
2014-07-31,527.0,536.25,523.5,530.25,59662,7,False,3.0,5.625,0.0,-176.125,354.125,0.008543965824136635
2014-08-01,531.0,544.0,530.5,534.25,60735,8,False,4.0,6.375,0.0,-176.125,358.125,0.011295446523120312
2014-08-04,534.75,553.25,534.25,544.0,55273,8,False,9.75,6.25,0.0,-176.125,367.875,0.027225130890052407
2014-08-05,543.75,554.25,538.0,552.5,51203,8,False,8.5,12.625,0.0,-176.125,376.375,0.023105674481821215
2014-08-06,553.0,572.0,552.75,568.0,83170,8,False,15.5,1.0,0.0,-176.125,391.875,0.04118233145134509
2014-08-07,568.0,568.25,558.5,561.5,80800,8,False,-6.5,1.625,0.0,-176.125,385.375,-0.016586921850079706
2014-08-08,561.0,561.5,547.0,549.25,74816,8,False,-12.25,-4.625,0.0,-176.125,373.125,-0.031787220240026004
2014-08-11,548.5,556.5,543.0,546.5,97475,8,False,-2.75,-10.375,0.0,-176.125,370.375,-0.007370184254606338
2014-08-12,547.25,547.5,533.5,538.0,96506,8,False,-8.5,-6.375,0.0,-176.125,361.875,-0.022949713128585847
2014-08-13,537.75,544.25,527.25,528.0,65016,8,False,-10.0,0.375,0.0,-176.125,351.875,-0.02763385146804831
2014-08-14,528.25,539.25,528.0,537.25,44359,8,False,9.25,2.0,0.0,-176.125,361.125,0.02628774422735347
2014-08-15,535.25,556.25,533.5,551.25,57396,8,False,14.0,0.25,0.0,-176.125,375.125,0.03876773970231917
2014-08-18,549.75,551.5,540.5,542.5,27716,8,False,-8.75,8.75,0.0,-176.125,366.375,-0.02332555814728421
2014-08-19,541.0,556.0,535.5,546.0,40685,8,False,3.5,-7.625,0.0,-176.125,369.875,0.00955305356533609
2014-08-20,546.25,549.25,534.25,539.5,36712,8,False,-6.5,5.125,0.0,-176.125,363.375,-0.017573504562352182
2014-08-21,539.5,549.75,536.75,546.25,29137,8,False,6.75,-0.375,0.0,-176.125,370.125,0.018575851393188847
2014-08-22,546.0,562.5,545.5,552.0,44928,8,False,5.75,-1.375,0.0,-176.125,375.875,0.015535292131036771
2014-08-25,551.0,554.25,540.5,542.5,14286,8,False,-9.5,2.375,0.0,-176.125,366.375,-0.02527435982707016
2014-08-26,542.25,546.0,531.25,541.5,15901,8,False,-1.0,-1.875,0.0,-176.125,365.375,-0.0027294438758103112
2014-08-27,540.0,548.0,535.0,547.25,14287,8,False,5.75,4.125,0.0,-176.125,371.125,0.01573725624358535
2014-08-28,547.0,564.5,545.0,556.5,18397,8,False,9.25,-0.25,0.0,-176.125,380.375,0.024924216908049912
2014-08-29,555.0,562.0,546.0,550.25,3477,8,False,-6.25,1.25,0.0,-176.125,374.125,-0.016431153466973436
2014-09-02,550.25,552.5,538.75,543.5,1409,9,True,-6.75,-13.125,6.375,-182.5,361.0,-0.035081857667891736
2014-09-03,540.75,540.75,522.5,523.5,1964,9,False,-20.0,-2.5,0.0,-182.5,341.0,-0.05540166204986152
2014-09-04,522.0,525.25,519.5,525.25,2109,9,False,1.75,-6.875,0.0,-182.5,342.75,0.00513196480938416
2014-09-05,525.5,536.25,525.5,531.5,1101,9,False,6.25,1.875,0.0,-182.5,349.0,0.018234865061998562
2014-09-08,528.75,538.0,526.25,533.5,466,9,False,2.0,0.125,0.0,-182.5,351.0,0.005730659025787954
2014-09-09,528.5,528.5,523.5,527.5,69,9,False,-6.0,-3.375,0.0,-182.5,345.0,-0.017094017094017144
2014-09-10,524.5,525.25,518.75,518.75,135,9,False,-8.75,-10.875,0.0,-182.5,336.25,-0.025362318840579712
2014-09-11,518.0,519.0,499.5,503.0,181,9,False,-15.75,-6.75,0.0,-182.5,320.5,-0.046840148698884754
2014-09-12,498.75,498.75,497.0,498.25,39754,9,False,-4.75,-6.625,0.0,-182.5,315.75,-0.014820592823712953
2014-09-15,501.5,504.0,496.0,500.75,39682,9,False,2.5,-4.625,0.0,-182.5,318.25,0.007917656373713333
2014-09-16,499.0,508.5,491.0,496.25,48769,9,False,-4.5,2.75,0.0,-182.5,313.75,-0.014139827179890041
2014-09-17,496.0,501.5,494.25,499.25,33011,9,False,3.0,-7.625,0.0,-182.5,316.75,0.009561752988047845
2014-09-18,496.25,498.75,487.75,488.5,33252,9,False,-10.75,-5.5,0.0,-182.5,306.0,-0.033938437253354325
2014-09-19,487.75,488.25,473.75,474.5,45467,9,False,-14.0,-4.25,0.0,-182.5,292.0,-0.04575163398692805
2014-09-22,476.25,480.75,469.5,476.75,61856,9,False,2.25,-7.375,0.0,-182.5,294.25,0.0077054794520547976
2014-09-23,475.5,479.75,471.0,476.0,48151,9,False,-0.75,3.25,0.0,-182.5,293.5,-0.002548853016142716
2014-09-24,473.5,484.5,473.5,480.25,54643,9,False,4.25,-3.5,0.0,-182.5,297.75,0.014480408858603022
2014-09-25,480.25,483.5,466.25,474.0,51821,9,False,-6.25,2.25,0.0,-182.5,291.5,-0.02099076406381195
2014-09-26,472.75,476.25,468.5,474.25,27218,9,False,0.25,0.375,0.0,-182.5,291.75,0.0008576329331047017
2014-09-29,470.75,482.5,470.5,481.25,41810,9,False,7.0,-1.625,0.0,-182.5,298.75,0.023993144815766865
2014-09-30,481.25,481.75,468.0,477.75,61656,9,False,-3.5,4.125,0.0,-182.5,295.25,-0.011715481171548081
2014-10-01,476.75,484.0,469.5,479.0,45542,10,False,1.25,0.125,0.0,-182.5,296.5,0.0042337002540220325
2014-10-02,477.5,489.75,477.25,482.75,48696,10,False,3.75,2.125,0.0,-182.5,300.25,0.012647554806070715
2014-10-03,483.25,489.0,478.0,485.75,44411,10,False,3.0,4.75,0.0,-182.5,303.25,0.009991673605328932
2014-10-06,485.5,494.75,484.75,491.5,40143,10,False,5.75,8.875,0.0,-182.5,309.0,0.018961253091508645
2014-10-07,491.5,509.5,489.25,506.25,71942,10,False,14.75,3.625,0.0,-182.5,323.75,0.047734627831715226
2014-10-08,507.25,511.75,502.0,507.75,46634,10,False,1.5,0.125,0.0,-182.5,325.25,0.004633204633204713
2014-10-09,508.0,508.25,492.0,493.25,56948,10,False,-14.5,3.375,0.0,-182.5,310.75,-0.04458109146810141
2014-10-10,493.5,508.5,488.25,498.5,67978,10,False,5.25,-3.875,0.0,-182.5,316.0,0.016894609814963824
2014-10-13,498.5,506.5,495.5,505.25,39341,10,False,6.75,4.625,0.0,-182.5,322.75,0.02136075949367089
2014-10-14,505.25,510.0,498.25,509.25,34253,10,False,4.0,1.75,0.0,-182.5,326.75,0.012393493415956636
2014-10-15,510.0,516.25,501.5,506.0,55380,10,False,-3.25,7.5,0.0,-182.5,323.5,-0.009946442234123998
2014-10-16,506.25,518.25,502.75,517.0,44556,10,False,11.0,-2.125,0.0,-182.5,334.5,0.03400309119010814
2014-10-17,517.75,522.25,512.75,516.0,48282,10,False,-1.0,4.25,0.0,-182.5,333.5,-0.002989536621823663
2014-10-20,515.0,515.75,507.25,513.5,41062,10,False,-2.5,2.375,0.0,-182.5,331.0,-0.007496251874062998
2014-10-21,515.0,523.75,512.25,519.25,55907,10,False,5.75,0.25,0.0,-182.5,336.75,0.017371601208459264
2014-10-22,521.0,528.75,516.0,522.25,51409,10,False,3.0,5.125,0.0,-182.5,339.75,0.008908685968819663
2014-10-23,520.25,530.75,519.25,526.75,41545,10,False,4.5,-3.0,0.0,-182.5,344.25,0.013245033112582849
2014-10-24,525.5,539.25,517.25,517.75,57243,10,False,-9.0,4.75,0.0,-182.5,335.25,-0.02614379084967322
2014-10-27,516.0,526.5,510.5,522.75,50296,10,False,5.0,-0.5,0.0,-182.5,340.25,0.014914243102162494
2014-10-28,525.5,533.0,523.25,530.75,45034,10,False,8.0,6.25,0.0,-182.5,348.25,0.023512123438647947
2014-10-29,531.0,540.5,527.5,538.25,45827,10,False,7.5,2.875,0.0,-182.5,355.75,0.02153625269203152
2014-10-30,538.25,545.5,532.5,536.0,53290,10,False,-2.25,2.0,0.0,-182.5,353.5,-0.006324666198172846
2014-10-31,536.0,539.0,523.0,532.5,60413,10,False,-3.5,1.75,0.0,-182.5,350.0,-0.00990099009900991
2014-11-03,536.25,539.25,526.75,538.25,48408,11,False,5.75,-5.625,0.0,-182.5,355.75,0.01642857142857146
2014-11-04,538.25,538.75,529.0,530.5,40640,11,False,-7.75,0.0,0.0,-182.5,348.0,-0.02178496134926211
2014-11-05,532.0,532.5,518.75,524.75,61576,11,False,-5.75,-6.125,0.0,-182.5,342.25,-0.01652298850574707
2014-11-06,525.0,528.0,520.0,520.25,45901,11,False,-4.5,-5.75,0.0,-182.5,337.75,-0.013148283418553675
2014-11-07,520.5,520.5,511.0,514.5,64780,11,False,-5.75,-0.875,0.0,-182.5,332.0,-0.01702442635085122
2014-11-10,514.0,524.5,511.25,517.25,87728,11,False,2.75,1.125,0.0,-182.5,334.75,0.008283132530120474
2014-11-11,518.0,526.5,511.75,525.25,95070,11,False,8.0,10.125,0.0,-182.5,342.75,0.02389843166542205
2014-11-12,524.25,545.75,522.75,542.75,138060,11,False,17.5,9.5,0.0,-182.5,360.25,0.051057622173595885
2014-11-13,542.0,559.0,537.0,553.75,111919,11,False,11.0,12.125,0.0,-182.5,371.25,0.03053435114503822
2014-11-14,553.75,564.75,549.0,560.5,63504,11,False,6.75,1.125,0.0,-182.5,378.0,0.018181818181818077
2014-11-17,559.25,563.25,551.0,551.75,40374,11,False,-8.75,2.0,0.0,-182.5,369.25,-0.02314814814814814
2014-11-18,552.0,553.0,544.25,549.0,28212,11,False,-2.75,-10.0,0.0,-182.5,366.5,-0.007447528774543022
2014-11-19,549.0,549.5,535.0,537.75,38493,11,False,-11.25,3.375,0.0,-182.5,355.25,-0.03069577080491137
2014-11-20,538.5,548.0,532.0,547.25,37194,11,False,9.5,-5.625,0.0,-182.5,364.75,0.02674173117522871
2014-11-21,547.0,553.75,540.75,547.25,35936,11,False,0.0,2.25,0.0,-182.5,364.75,0.0
2014-11-24,546.0,551.25,541.25,542.25,26197,11,False,-5.0,4.625,0.0,-182.5,359.75,-0.013708019191226883
2014-11-25,541.75,553.0,539.25,551.5,18564,11,False,9.25,2.75,0.0,-182.5,369.0,0.025712300208478034
2014-11-26,551.25,563.0,550.75,562.0,23401,11,False,10.5,12.25,0.0,-182.5,379.5,0.028455284552845628
2014-11-28,558.0,579.25,556.5,577.25,3794,11,False,15.25,20.0,0.0,-182.5,394.75,0.040184453227931405
2014-12-01,577.5,607.0,571.75,606.75,1927,12,True,29.5,6.875,22.625,-205.125,401.625,0.017416086130462416
2014-12-02,604.5,612.0,600.0,605.25,1101,12,False,-1.5,10.625,0.0,-205.125,400.125,-0.0037348272642390157
2014-12-03,604.0,604.0,590.0,597.0,813,12,False,-8.25,0.625,0.0,-205.125,391.875,-0.020618556701030966
2014-12-04,594.0,600.0,588.5,599.75,496,12,False,2.75,0.5,0.0,-205.125,394.625,0.007017543859649145
2014-12-05,599.0,609.75,594.75,609.0,542,12,False,9.25,1.875,0.0,-205.125,403.875,0.023439974659486884
2014-12-08,603.5,617.0,600.75,610.0,115,12,False,1.0,-0.125,0.0,-205.125,404.875,0.0024760136180748127
2014-12-09,606.5,608.75,599.0,600.5,193,12,False,-9.5,-3.125,0.0,-205.125,395.375,-0.023464032108675537
2014-12-10,600.0,600.0,590.0,593.25,86,12,False,-7.25,3.75,0.0,-205.125,388.125,-0.018337021814732846
2014-12-11,597.0,610.25,588.5,610.25,88,12,False,17.0,5.0,0.0,-205.125,405.125,0.043800322061191554
2014-12-12,623.25,627.5,623.25,627.5,72039,12,False,17.25,4.25,0.0,-205.125,422.375,0.04257945078679426
2014-12-15,605.5,622.75,599.75,619.0,65785,12,False,-8.5,10.75,0.0,-205.125,413.875,-0.020124297129328172
2014-12-16,616.0,639.0,615.0,623.25,93302,12,False,4.25,8.375,0.0,-205.125,418.125,0.010268800966475311
2014-12-17,623.75,650.75,617.0,648.5,103230,12,False,25.25,5.5,0.0,-205.125,443.375,0.06038863976083708
2014-12-18,646.5,677.0,645.75,655.25,102121,12,False,6.75,1.125,0.0,-205.125,450.125,0.015224133070200097
2014-12-19,654.0,654.5,629.25,632.25,68685,12,False,-23.0,0.125,0.0,-205.125,427.125,-0.051096917522910346
2014-12-22,629.5,644.5,621.0,625.75,53792,12,False,-6.5,-6.625,0.0,-205.125,420.625,-0.01521802750951129
2014-12-23,625.0,637.0,621.0,635.5,31415,12,False,9.75,-15.25,0.0,-205.125,430.375,0.023179791976225772
2014-12-24,636.5,639.75,606.25,611.5,38221,12,False,-24.0,4.5,0.0,-205.125,406.375,-0.05576532094103981
2014-12-26,614.5,616.75,607.5,610.75,21009,12,False,-0.75,-9.625,0.0,-205.125,405.625,-0.0018455859735465596
2014-12-29,611.75,620.75,608.0,615.5,29593,12,False,4.75,-7.125,0.0,-205.125,410.375,0.011710323574730452
2014-12-30,615.0,615.5,601.0,602.0,34044,12,False,-13.5,-3.75,0.0,-205.125,396.875,-0.032896740785866574
2014-12-31,601.5,604.5,586.5,589.75,37572,12,False,-12.25,-11.0,0.0,-205.125,384.625,-0.030866141732283414
2015-01-02,589.75,591.0,574.75,581.25,38997,1,False,-8.5,-2.25,0.0,-205.125,376.125,-0.02209944751381221
2015-01-05,579.75,597.5,579.0,589.0,45078,1,False,7.75,-2.875,0.0,-205.125,383.875,0.020604852110335692
2015-01-06,588.0,603.5,586.0,591.75,52463,1,False,2.75,-2.25,0.0,-205.125,386.625,0.007163790296320416
2015-01-07,594.25,594.5,578.5,579.5,46079,1,False,-12.25,-4.875,0.0,-205.125,374.375,-0.03168444875525378
2015-01-08,580.0,581.0,565.75,567.0,49560,1,False,-12.5,-7.75,0.0,-205.125,361.875,-0.03338898163606008
2015-01-09,568.0,574.0,561.75,563.75,54780,1,False,-3.25,-10.375,0.0,-205.125,358.625,-0.00898100172711569
2015-01-12,563.0,567.0,554.0,555.5,74233,1,False,-8.25,-5.375,0.0,-205.125,350.375,-0.02300453119553847
2015-01-13,555.5,566.75,547.25,548.0,61834,1,False,-7.5,-9.25,0.0,-205.125,342.875,-0.02140563681769536
2015-01-14,548.0,549.75,536.0,537.75,66809,1,False,-10.25,-6.25,0.0,-205.125,332.625,-0.02989427633977393
2015-01-15,540.5,545.0,528.0,532.75,59519,1,False,-5.0,-5.125,0.0,-205.125,327.625,-0.015031942878617088
2015-01-16,536.75,542.0,531.25,532.75,54200,1,False,0.0,-0.375,0.0,-205.125,327.625,0.0
2015-01-20,532.25,539.75,523.0,537.0,62926,1,False,4.25,-0.125,0.0,-205.125,331.875,0.01297214803510105
2015-01-21,537.25,544.5,535.5,536.75,50807,1,False,-0.25,0.625,0.0,-205.125,331.625,-0.0007532956685498693
2015-01-22,536.5,542.5,532.5,533.75,44525,1,False,-3.0,-2.0,0.0,-205.125,328.625,-0.009046362608367886
2015-01-23,532.75,536.0,526.25,530.0,57432,1,False,-3.75,-6.25,0.0,-205.125,324.875,-0.011411182959300104
2015-01-26,530.75,534.75,519.25,520.5,52607,1,False,-9.5,-2.625,0.0,-205.125,315.375,-0.029242016160061612
2015-01-27,519.5,524.25,517.5,519.0,40915,1,False,-1.5,-11.625,0.0,-205.125,313.875,-0.0047562425683710385
2015-01-28,519.0,520.5,503.0,505.25,78409,1,False,-13.75,0.5,0.0,-205.125,300.125,-0.04380724810832337
2015-01-29,506.0,512.25,500.75,507.75,76823,1,False,2.5,-9.375,0.0,-205.125,302.625,0.008329862557267864
2015-01-30,508.0,511.75,497.0,502.75,67223,1,False,-5.0,-3.75,0.0,-205.125,297.625,-0.016522098306484878
2015-02-02,503.0,505.5,492.25,492.75,58166,2,False,-10.0,8.0,0.0,-205.125,287.625,-0.03359932801343968
2015-02-03,493.5,515.75,493.0,513.75,71013,2,False,21.0,-6.375,0.0,-205.125,308.625,0.0730117340286831
2015-02-04,514.5,521.75,507.5,511.0,64767,2,False,-2.75,17.875,0.0,-205.125,305.875,-0.008910490076954214
2015-02-05,511.25,527.75,508.5,525.75,84138,2,False,14.75,-0.75,0.0,-205.125,320.625,0.048222313036371034
2015-02-06,526.5,534.0,516.5,527.0,85342,2,False,1.25,8.75,0.0,-205.125,321.875,0.003898635477582957
2015-02-09,527.0,532.25,521.5,529.75,77084,2,False,2.75,-3.375,0.0,-205.125,324.625,0.008543689320388292
2015-02-10,527.0,530.75,518.5,521.75,86985,2,False,-8.0,3.375,0.0,-205.125,316.625,-0.024643819792067756
2015-02-11,520.75,528.0,515.75,525.75,96606,2,False,4.0,-6.25,0.0,-205.125,320.625,0.012633241215949553
2015-02-12,523.25,527.75,518.25,521.25,92568,2,False,-4.5,7.875,0.0,-205.125,316.125,-0.01403508771929829
2015-02-13,520.75,534.25,519.5,533.0,85848,2,False,11.75,-1.375,0.0,-205.125,327.875,0.0371688414393041
2015-02-17,534.5,548.0,531.75,534.75,62801,2,False,1.75,2.375,0.0,-205.125,329.625,0.005337399923751374
2015-02-18,537.0,543.5,523.5,527.75,63119,2,False,-7.0,0.875,0.0,-205.125,322.625,-0.02123625331816459
2015-02-19,528.0,537.25,523.75,527.75,45850,2,False,0.0,-12.25,0.0,-205.125,322.625,0.0
2015-02-20,526.5,531.5,509.5,510.25,59446,2,False,-17.5,-2.25,0.0,-205.125,305.125,-0.054242541650523
2015-02-23,510.75,515.0,503.5,505.75,32153,2,False,-4.5,-8.75,0.0,-205.125,300.625,-0.01474805407619828
2015-02-24,505.75,513.25,504.5,505.75,18575,2,False,0.0,-6.25,0.0,-205.125,300.625,0.0
2015-02-25,506.5,506.5,496.0,497.75,12524,2,False,-8.0,2.75,0.0,-205.125,292.625,-0.026611226611226613
2015-02-26,498.0,504.5,491.25,503.25,13499,2,False,5.5,3.125,0.0,-205.125,298.125,0.018795386586928586
2015-02-27,507.0,523.0,502.0,517.5,2654,2,False,14.25,-2.0,0.0,-205.125,312.375,0.04779874213836477
2015-03-02,517.25,521.25,507.25,508.0,2490,3,True,-9.5,7.5,-17.0,-188.125,319.875,0.02400960384153672
2015-03-03,508.5,509.5,500.5,508.75,1527,3,False,0.75,-12.375,0.0,-188.125,320.625,0.0023446658851113966
2015-03-04,507.0,509.0,491.25,493.5,1558,3,False,-15.25,-5.75,0.0,-188.125,305.375,-0.047563352826510696
2015-03-05,491.75,492.5,481.0,481.25,609,3,False,-12.25,-5.375,0.0,-188.125,293.125,-0.04011461318051579
2015-03-06,482.25,488.75,482.25,485.75,305,3,False,4.5,-1.875,0.0,-188.125,297.625,0.015351812366737771
2015-03-09,491.25,499.75,491.25,494.25,54,3,False,8.5,3.375,0.0,-188.125,306.125,0.028559428811423704
2015-03-10,490.75,496.5,489.0,496.5,83,3,False,2.25,7.5,0.0,-188.125,308.375,0.007349938750510487
2015-03-11,502.75,503.75,501.5,503.0,26,3,False,6.5,6.25,0.0,-188.125,314.875,0.021078232671260633
2015-03-12,503.0,516.75,503.0,513.25,29,3,False,10.25,1.0,0.0,-188.125,325.125,0.03255260023818973
2015-03-13,520.25,520.25,508.25,508.75,57249,3,False,-4.5,7.75,0.0,-188.125,320.625,-0.01384083044982698
2015-03-16,503.25,515.75,493.0,514.0,59482,3,False,5.25,-7.5,0.0,-188.125,325.875,0.01637426900584793
2015-03-17,515.5,518.0,503.0,503.5,51560,3,False,-10.5,6.25,0.0,-188.125,315.375,-0.03222094361334871
2015-03-18,503.0,512.5,500.75,510.75,44511,3,False,7.25,-4.625,0.0,-188.125,322.625,0.02298850574712641
2015-03-19,516.0,520.0,505.25,512.0,55533,3,False,1.25,12.625,0.0,-188.125,323.875,0.0038744672607515795
2015-03-20,511.0,530.5,510.0,530.0,70791,3,False,18.0,2.625,0.0,-188.125,341.875,0.055576997298340425
2015-03-23,533.25,540.5,531.75,534.0,58101,3,False,4.0,3.75,0.0,-188.125,345.875,0.011700182815356452
2015-03-24,531.25,531.75,522.5,523.5,57560,3,False,-10.5,-0.25,0.0,-188.125,335.375,-0.03035778821828694
2015-03-25,523.0,528.25,516.0,519.0,46777,3,False,-4.5,-15.125,0.0,-188.125,330.875,-0.013417815877748818
2015-03-26,519.0,525.25,498.25,499.25,84097,3,False,-19.75,2.0,0.0,-188.125,311.125,-0.05969021533811858
2015-03-27,499.0,509.0,499.0,507.75,55820,3,False,8.5,1.375,0.0,-188.125,319.625,0.027320208919244582
2015-03-30,513.25,531.0,508.75,530.25,88442,3,False,22.5,-5.0,0.0,-188.125,342.125,0.0703949941337505
2015-03-31,531.75,531.75,509.0,511.75,103920,3,False,-18.5,19.625,0.0,-188.125,323.625,-0.054073803434417256
2015-04-01,513.0,529.0,506.0,528.5,83997,4,False,16.75,-5.375,0.0,-188.125,340.375,0.05175743530320598
2015-04-02,528.0,544.25,522.5,536.25,93322,4,False,7.75,4.125,0.0,-188.125,348.125,0.02276900477414623
2015-04-06,537.5,543.75,525.0,527.75,53328,4,False,-8.5,3.0,0.0,-188.125,339.625,-0.024416517055655285
2015-04-07,526.0,534.0,517.75,526.0,81410,4,False,-1.75,-4.125,0.0,-188.125,337.875,-0.005152741994847276
2015-04-08,528.0,530.75,518.25,526.25,91366,4,False,0.25,-4.625,0.0,-188.125,338.125,0.0007399186089529497
2015-04-09,525.5,526.75,513.75,518.75,92579,4,False,-7.5,4.0,0.0,-188.125,330.625,-0.02218114602587795
2015-04-10,518.0,527.5,515.5,526.5,97676,4,False,7.75,-15.875,0.0,-188.125,338.375,0.02344045368620029
2015-04-13,518.0,520.0,501.5,502.25,105802,4,False,-24.25,1.25,0.0,-188.125,314.125,-0.07166605097894352
2015-04-14,504.25,506.25,496.25,497.0,89811,4,False,-5.25,-15.25,0.0,-188.125,308.875,-0.01671309192200554
2015-04-15,498.5,503.75,490.0,490.75,74272,4,False,-6.25,-0.75,0.0,-188.125,302.625,-0.02023472278429783
2015-04-16,490.0,495.5,489.0,494.5,69497,4,False,3.75,-3.125,0.0,-188.125,306.375,0.012391573729863659
2015-04-17,494.25,499.75,490.75,494.5,45430,4,False,0.0,4.0,0.0,-188.125,306.375,0.0
2015-04-20,495.0,499.25,492.0,498.75,50204,4,False,4.25,1.0,0.0,-188.125,310.625,0.013871889024887896
2015-04-21,498.5,506.5,494.25,500.75,44517,4,False,2.0,1.125,0.0,-188.125,312.625,0.006438631790744553
2015-04-22,500.25,504.75,496.25,498.75,25143,4,False,-2.0,0.5,0.0,-188.125,310.625,-0.006397441023590522
2015-04-23,499.5,503.5,497.5,497.75,31255,4,False,-1.0,-6.875,0.0,-188.125,309.625,-0.0032193158953722767
2015-04-24,498.25,499.5,485.0,486.0,29515,4,False,-11.75,-8.375,0.0,-188.125,297.875,-0.03794913201453376
2015-04-27,486.5,488.0,469.5,470.25,19322,4,False,-15.75,-5.25,0.0,-188.125,282.125,-0.05287452790600089
2015-04-28,472.0,474.0,460.0,471.5,17459,4,False,1.25,-5.0,0.0,-188.125,283.375,0.004430660168365019
2015-04-29,472.0,478.25,469.0,477.25,13223,4,False,5.75,-4.5,0.0,-188.125,289.125,0.02029113365681523
2015-04-30,477.0,481.75,465.0,467.0,2722,4,False,-10.25,4.375,0.0,-188.125,278.875,-0.035451794206658005
2015-05-01,469.5,472.25,465.25,470.0,688,5,True,3.0,-5.5,8.5,-196.625,273.375,-0.01972209771402955
2015-05-04,471.75,471.75,465.0,469.25,451,5,False,-0.75,-1.125,0.0,-196.625,272.625,-0.002743484224965731
2015-05-05,468.75,469.75,460.0,464.0,280,5,False,-5.25,5.5,0.0,-196.625,267.375,-0.019257221458046758
2015-05-06,467.0,478.25,464.25,475.75,197,5,False,11.75,-7.625,0.0,-196.625,279.125,0.04394576905095837
2015-05-07,472.75,478.0,465.75,465.75,176,5,False,-10.0,11.25,0.0,-196.625,269.125,-0.035826242722794444
2015-05-08,468.0,476.5,468.0,476.5,142,5,False,10.75,-5.125,0.0,-196.625,279.875,0.03994426381792837
2015-05-11,473.5,476.25,473.5,476.25,30,5,False,-0.25,6.875,0.0,-196.625,279.625,-0.0008932559178204125
2015-05-12,476.5,489.75,476.5,479.25,194,5,False,3.0,0.75,0.0,-196.625,282.625,0.01072865444792126
2015-05-13,481.25,481.75,472.75,481.0,37,5,False,1.75,11.875,0.0,-196.625,284.375,0.006191950464396356
2015-05-14,490.25,503.25,490.25,501.75,147584,5,False,20.75,5.5,0.0,-196.625,305.125,0.07296703296703289
2015-05-15,515.0,519.75,506.0,511.0,96766,5,False,9.25,15.75,0.0,-196.625,314.375,0.03031544448996315
2015-05-18,511.0,530.25,508.0,521.75,89702,5,False,10.75,-1.125,0.0,-196.625,325.125,0.034194831013916405
2015-05-19,519.75,524.75,503.75,510.25,84320,5,False,-11.5,6.75,0.0,-196.625,313.625,-0.035371011149557874
2015-05-20,511.0,515.75,503.0,513.0,82319,5,False,2.75,-1.25,0.0,-196.625,316.375,0.008768433638900008
2015-05-21,514.5,528.0,511.0,522.0,91976,5,False,9.0,-2.0,0.0,-196.625,325.375,0.028447254049782655
2015-05-22,521.5,529.0,511.0,515.25,76964,5,False,-6.75,-6.375,0.0,-196.625,318.625,-0.020745293891663463
2015-05-26,515.25,519.75,492.0,493.5,102712,5,False,-21.75,-6.25,0.0,-196.625,296.875,-0.06826206355433506
2015-05-27,496.0,496.25,482.0,487.75,103568,5,False,-5.75,-10.375,0.0,-196.625,291.125,-0.01936842105263159
2015-05-28,489.0,494.75,483.0,488.75,80155,5,False,1.0,-8.75,0.0,-196.625,292.125,0.003434950622584809
2015-05-29,488.0,489.25,474.5,477.0,81444,5,False,-11.75,8.875,0.0,-196.625,280.375,-0.04022250748823275
2015-06-01,478.0,495.5,474.0,493.75,90078,6,False,16.75,3.5,0.0,-196.625,297.125,0.059741417744092695
2015-06-02,495.25,513.25,493.0,512.5,96582,6,False,18.75,7.5,0.0,-196.625,315.875,0.06310475389145975
2015-06-03,513.75,526.25,508.25,510.75,116592,6,False,-1.75,15.875,0.0,-196.625,314.125,-0.005540166204986097
2015-06-04,510.0,524.25,504.0,523.75,100423,6,False,13.0,-4.25,0.0,-196.625,327.125,0.04138479904496628
2015-06-05,525.0,534.0,516.0,517.0,145062,6,False,-6.75,12.0,0.0,-196.625,320.375,-0.020634314100114626
2015-06-08,517.0,532.75,516.0,528.0,103337,6,False,11.0,-1.25,0.0,-196.625,331.375,0.03433476394849788
2015-06-09,527.5,537.25,524.0,532.25,113552,6,False,4.25,-3.875,0.0,-196.625,335.625,0.012825348924933921
2015-06-10,533.25,537.5,512.5,513.5,154342,6,False,-18.75,-2.5,0.0,-196.625,316.875,-0.05586592178770955
2015-06-11,514.0,515.5,502.5,504.25,96999,6,False,-9.25,-9.625,0.0,-196.625,307.625,-0.029191321499013823
2015-06-12,504.0,510.75,500.5,503.75,60187,6,False,-0.5,-11.875,0.0,-196.625,307.125,-0.001625355546525764
2015-06-15,503.75,503.75,486.0,489.25,85937,6,False,-14.5,-0.5,0.0,-196.625,292.625,-0.04721204721204719
2015-06-16,489.0,495.0,487.0,488.75,67525,6,False,-0.5,-6.0,0.0,-196.625,292.125,-0.0017086715079026593
2015-06-17,490.75,499.75,489.75,491.25,70462,6,False,2.5,-1.875,0.0,-196.625,294.625,0.008557980316645342
2015-06-18,491.5,498.0,487.25,488.0,59159,6,False,-3.25,1.5,0.0,-196.625,291.375,-0.011030971574034765
2015-06-19,487.5,492.25,483.5,488.5,58134,6,False,0.5,4.75,0.0,-196.625,291.875,0.0017160017160016139
2015-06-22,487.75,504.0,487.25,501.25,46204,6,False,12.75,10.375,0.0,-196.625,304.625,0.04368308351177741
2015-06-23,501.75,522.75,501.75,521.5,61302,6,False,20.25,4.625,0.0,-196.625,324.875,0.0664751743947476
2015-06-24,522.25,530.0,514.25,518.0,47285,6,False,-3.5,17.125,0.0,-196.625,321.375,-0.010773374374759559
2015-06-25,517.25,533.0,513.0,532.0,39891,6,False,14.0,13.375,0.0,-196.625,335.375,0.04356281602489309
2015-06-26,532.0,566.25,530.25,562.25,79507,6,False,30.25,16.125,0.0,-196.625,365.625,0.09019754006708913
2015-06-29,557.0,587.0,556.5,580.5,34257,6,False,18.25,32.25,0.0,-196.625,383.875,0.049914529914529826
2015-06-30,581.0,614.75,576.0,614.75,6344,6,False,34.25,-4.5,0.0,-196.625,418.125,0.08922175187235437
2015-07-01,611.5,615.75,576.5,587.5,1985,7,True,-27.25,16.25,-43.5,-153.125,434.375,0.038863976083707064
2015-07-02,587.25,596.5,571.0,585.75,1707,7,False,-1.75,-12.25,0.0,-153.125,432.625,-0.004028776978417303
2015-07-06,580.0,591.25,567.25,588.5,1141,7,False,2.75,-5.375,0.0,-153.125,435.375,0.006356544351343585
2015-07-07,587.75,587.75,573.25,579.5,839,7,False,-9.0,-2.25,0.0,-153.125,426.375,-0.02067183462532296
2015-07-08,576.0,581.5,570.0,572.25,438,7,False,-7.25,-4.5,0.0,-153.125,419.125,-0.017003811199061913
2015-07-09,577.75,580.0,572.25,572.25,195,7,False,0.0,1.0,0.0,-153.125,419.125,0.0
2015-07-10,573.5,581.5,565.0,581.5,415,7,False,9.25,2.625,0.0,-153.125,428.375,0.022069788249329036
2015-07-13,581.5,586.75,573.25,586.75,441,7,False,5.25,3.0,0.0,-153.125,433.625,0.012255617157864052
2015-07-14,587.25,589.75,582.0,583.5,63921,7,False,-3.25,-5.75,0.0,-153.125,430.375,-0.007494955318535612
2015-07-15,569.5,569.75,558.5,566.75,73106,7,False,-16.75,-3.875,0.0,-153.125,413.625,-0.038919546906767355
2015-07-16,567.5,574.0,561.5,562.25,62170,7,False,-4.5,-12.5,0.0,-153.125,409.125,-0.010879419764279197
2015-07-17,561.75,561.75,546.0,554.0,66022,7,False,-8.25,-12.875,0.0,-153.125,400.875,-0.02016498625114571
2015-07-20,553.0,553.0,530.5,532.75,64326,7,False,-21.25,-8.125,0.0,-153.125,379.625,-0.053009042719052046
2015-07-21,533.5,537.75,523.75,524.75,71225,7,False,-8.0,-14.625,0.0,-153.125,371.625,-0.02107342772472831
2015-07-22,524.0,528.25,515.25,516.75,71935,7,False,-8.0,-1.625,0.0,-153.125,363.625,-0.021527077026572528
2015-07-23,516.75,527.0,516.5,521.5,53193,7,False,4.75,-8.875,0.0,-153.125,368.375,0.013062908215881741
2015-07-24,520.75,523.75,509.5,511.75,55254,7,False,-9.75,-2.25,0.0,-153.125,358.625,-0.026467594163556152
2015-07-27,511.0,511.75,501.25,502.5,61326,7,False,-9.25,-0.75,0.0,-153.125,349.375,-0.025792959219240186
2015-07-28,502.5,512.5,501.75,510.75,78774,7,False,8.25,-11.875,0.0,-153.125,357.625,0.02361359570661903
2015-07-29,512.0,512.5,495.5,496.25,68770,7,False,-14.5,4.25,0.0,-153.125,343.125,-0.040545263893743466
2015-07-30,495.75,504.75,493.75,496.5,69188,7,False,0.25,-5.875,0.0,-153.125,343.375,0.0007285974499089409
2015-07-31,496.75,503.5,495.75,499.25,64474,7,False,2.75,0.0,0.0,-153.125,346.125,0.008008736803785999
2015-08-03,497.25,501.75,490.5,499.0,56799,8,False,-0.25,-1.375,0.0,-153.125,345.875,-0.0007222824124232252
2015-08-04,499.0,506.75,491.25,493.5,63486,8,False,-5.5,4.125,0.0,-153.125,340.375,-0.015901698590531255
2015-08-05,494.25,504.5,492.0,502.0,67497,8,False,8.5,-0.25,0.0,-153.125,348.875,0.024972456849063462
2015-08-06,502.0,514.0,498.25,507.0,89887,8,False,5.0,6.0,0.0,-153.125,353.875,0.01433178072375485
2015-08-07,507.75,514.0,503.75,510.5,82793,8,False,3.5,10.0,0.0,-153.125,357.375,0.00989049805722364
2015-08-10,512.0,530.0,509.25,525.5,89220,8,False,15.0,-7.375,0.0,-153.125,372.375,0.04197271773347322
2015-08-11,522.5,524.25,504.0,507.25,95677,8,False,-18.25,0.0,0.0,-153.125,354.125,-0.04900973481033899
2015-08-12,507.25,514.75,484.0,492.25,103263,8,False,-15.0,-3.625,0.0,-153.125,339.125,-0.04235792446170139
2015-08-13,493.0,504.75,492.0,503.25,71663,8,False,11.0,-5.875,0.0,-153.125,350.125,0.03243641725027646
2015-08-14,503.25,512.25,497.75,506.5,50412,8,False,3.25,2.5,0.0,-153.125,353.375,0.0092823991431632
2015-08-17,504.75,509.25,498.5,500.5,42118,8,False,-6.0,-1.5,0.0,-153.125,347.375,-0.016979129819596706
2015-08-18,499.5,503.25,493.25,494.25,38650,8,False,-6.25,-2.0,0.0,-153.125,341.125,-0.017992083483267307
2015-08-19,495.0,498.5,491.0,496.25,39649,8,False,2.0,1.875,0.0,-153.125,343.125,0.0058629534628069635
2015-08-20,495.25,507.75,495.25,506.25,39146,8,False,10.0,-2.375,0.0,-153.125,353.125,0.02914389799635697
2015-08-21,504.0,507.0,495.75,499.5,36214,8,False,-6.75,6.875,0.0,-153.125,346.375,-0.01911504424778765
2015-08-24,498.75,504.5,486.75,503.25,38298,8,False,3.75,-7.5,0.0,-153.125,350.125,0.01082641645615312
2015-08-25,504.75,511.25,492.5,495.0,29852,8,False,-8.25,-0.75,0.0,-153.125,341.875,-0.023563013209567996
2015-08-26,498.0,499.75,488.5,489.75,24807,8,False,-5.25,-6.875,0.0,-153.125,336.625,-0.015356489945155372
2015-08-27,490.25,495.5,481.75,484.25,40564,8,False,-5.5,-6.25,0.0,-153.125,331.125,-0.016338655774229438
2015-08-28,484.75,487.5,476.0,477.0,20907,8,False,-7.25,0.0,0.0,-153.125,323.875,-0.021895054737636865
2015-08-31,477.0,484.0,470.75,482.5,5907,8,False,5.5,-2.875,0.0,-153.125,329.375,0.016981860285604
2015-09-01,482.0,488.5,481.0,484.0,1851,9,True,1.5,-2.75,4.25,-157.375,326.625,-0.008349146110056882
2015-09-02,483.75,485.75,469.25,473.0,2241,9,False,-11.0,-7.5,0.0,-157.375,315.625,-0.03367776502104858
2015-09-03,473.5,473.5,456.0,456.5,1373,9,False,-16.5,-4.875,0.0,-157.375,299.125,-0.052277227722772324
2015-09-04,456.75,459.0,455.5,457.75,467,9,False,1.25,-4.5,0.0,-157.375,300.375,0.004178854993731607
2015-09-08,456.75,467.5,456.75,465.25,219,9,False,7.5,-1.0,0.0,-157.375,307.875,0.024968789013732895
2015-09-09,465.5,470.25,462.0,462.0,164,9,False,-3.25,6.75,0.0,-157.375,304.625,-0.01055623223710922
2015-09-10,462.75,468.75,462.75,468.0,128,9,False,6.0,2.125,0.0,-157.375,310.625,0.019696347968814143
2015-09-11,468.5,475.5,460.75,475.5,123,9,False,7.5,8.125,0.0,-157.375,318.125,0.024144869215291687
2015-09-14,483.75,493.0,483.75,485.75,80355,9,False,10.25,8.25,0.0,-157.375,328.375,0.03222003929273076
2015-09-15,500.0,503.25,492.25,494.75,58317,9,False,9.0,1.875,0.0,-157.375,337.375,0.027407689379520317
2015-09-16,494.75,495.25,483.0,488.25,57613,9,False,-6.5,1.125,0.0,-157.375,330.875,-0.019266394961096722
2015-09-17,488.25,489.75,480.5,481.5,41222,9,False,-6.75,-0.625,0.0,-157.375,324.125,-0.020400453343407676
2015-09-18,481.25,488.75,480.0,486.75,44517,9,False,5.25,1.625,0.0,-157.375,329.375,0.016197454685692225
2015-09-21,485.75,499.25,480.5,496.75,67083,9,False,10.0,2.0,0.0,-157.375,339.375,0.030360531309297834
2015-09-22,496.5,496.75,488.25,495.5,51729,9,False,-1.25,11.0,0.0,-157.375,338.125,-0.0036832412523020164
2015-09-23,494.5,508.5,493.75,507.5,76320,9,False,12.0,-5.75,0.0,-157.375,350.125,0.0354898336414049
2015-09-24,507.0,509.0,496.75,497.25,55079,9,False,-10.25,11.25,0.0,-157.375,339.875,-0.029275258836129914
2015-09-25,497.75,510.5,496.25,507.75,59650,9,False,10.5,-6.25,0.0,-157.375,350.375,0.030893710923133533
2015-09-28,508.5,515.5,500.0,505.5,67309,9,False,-2.25,4.375,0.0,-157.375,348.125,-0.006421691045308653
2015-09-29,506.0,509.75,500.5,503.75,46925,9,False,-1.75,3.375,0.0,-157.375,346.375,-0.0050269299820466795
2015-09-30,503.25,515.5,498.25,512.75,103544,9,False,9.0,1.875,0.0,-157.375,355.375,0.025983399494767134
2015-10-01,512.0,523.75,511.75,518.25,95783,10,False,5.5,2.0,0.0,-157.375,360.875,0.015476609215617332
2015-10-02,517.75,523.0,511.75,513.25,62642,10,False,-5.0,3.875,0.0,-157.375,355.875,-0.013855213023900248
2015-10-05,512.25,518.0,508.75,515.5,51397,10,False,2.25,2.875,0.0,-157.375,358.125,0.006322444678608985
2015-10-06,514.0,527.0,513.0,526.25,68615,10,False,10.75,-3.625,0.0,-157.375,368.875,0.030017452006980694
2015-10-07,525.75,531.5,515.0,516.75,68717,10,False,-9.5,2.75,0.0,-157.375,359.375,-0.02575398170111831
2015-10-08,516.0,522.0,509.25,511.5,68794,10,False,-5.25,-5.875,0.0,-157.375,354.125,-0.01460869565217393
2015-10-09,511.0,519.5,504.0,509.25,80570,10,False,-2.25,-3.875,0.0,-157.375,351.875,-0.006353688669255231
2015-10-12,507.75,510.5,503.25,506.75,43655,10,False,-2.5,5.0,0.0,-157.375,349.375,-0.007104795737122527
2015-10-13,506.75,521.75,505.0,519.0,68044,10,False,12.25,-6.625,0.0,-157.375,361.625,0.035062611806797817
2015-10-14,518.5,519.75,507.5,508.25,56488,10,False,-10.75,3.25,0.0,-157.375,350.875,-0.02972692706533009
2015-10-15,507.75,512.75,502.0,502.5,40391,10,False,-5.75,-10.5,0.0,-157.375,345.125,-0.016387602422515135
2015-10-16,502.25,506.0,489.75,492.25,91068,10,False,-10.25,-6.125,0.0,-157.375,334.875,-0.02969938428105756
2015-10-19,491.25,493.5,484.25,485.75,71086,10,False,-6.5,-2.375,0.0,-157.375,328.375,-0.019410227696901816
2015-10-20,486.25,491.75,483.25,491.25,46451,10,False,5.5,-1.5,0.0,-157.375,333.875,0.01674914350970691
2015-10-21,491.75,497.5,490.25,494.75,42879,10,False,3.5,0.75,0.0,-157.375,337.375,0.010482965181579873
2015-10-22,494.75,500.75,490.5,490.75,50127,10,False,-4.0,1.625,0.0,-157.375,333.375,-0.011856243052982607
2015-10-23,490.75,494.0,484.75,490.5,71235,10,False,-0.25,7.25,0.0,-157.375,333.125,-0.0007499062617173369
2015-10-26,493.25,512.0,493.25,509.0,108092,10,False,18.5,0.0,0.0,-157.375,351.625,0.05553470919324588
2015-10-27,510.0,518.0,506.5,509.25,82173,10,False,0.25,7.625,0.0,-157.375,351.875,0.0007109847138286884
2015-10-28,507.75,508.75,500.0,506.0,71717,10,False,-3.25,4.625,0.0,-157.375,348.625,-0.009236234458259274
2015-10-29,506.0,517.5,505.0,515.0,94994,10,False,9.0,1.875,0.0,-157.375,357.625,0.02581570455360338
2015-10-30,515.25,523.5,515.0,522.0,85681,10,False,7.0,-2.5,0.0,-157.375,364.625,0.01957357567284168
2015-11-02,520.0,522.75,506.75,508.0,70898,11,False,-14.0,7.75,0.0,-157.375,350.625,-0.03839561193006513
2015-11-03,507.5,517.0,505.75,516.5,64386,11,False,8.5,-2.125,0.0,-157.375,359.125,0.024242424242424176
2015-11-04,516.0,530.75,508.25,526.25,112473,11,False,9.75,4.25,0.0,-157.375,368.875,0.02714932126696823
2015-11-05,524.25,529.0,520.25,526.25,115823,11,False,0.0,3.375,0.0,-157.375,368.875,0.0
2015-11-06,524.5,526.0,517.75,523.25,91783,11,False,-3.0,-10.75,0.0,-157.375,365.875,-0.008132836326668946
2015-11-09,520.5,521.25,501.25,501.75,131560,11,False,-21.5,-7.0,0.0,-157.375,344.375,-0.058763238811069374
2015-11-10,502.0,504.0,488.0,490.75,133293,11,False,-11.0,-8.75,0.0,-157.375,333.375,-0.03194192377495464
2015-11-11,491.0,498.0,490.0,494.75,83843,11,False,4.0,-3.875,0.0,-157.375,337.375,0.011998500187476502
2015-11-12,495.0,500.5,492.5,498.0,87359,11,False,3.25,0.875,0.0,-157.375,340.625,0.009633197480548361
2015-11-13,496.25,499.75,491.25,495.75,50136,11,False,-2.25,0.75,0.0,-157.375,338.375,-0.006605504587155919
2015-11-16,494.75,498.0,490.0,494.0,41435,11,False,-1.75,-4.375,0.0,-157.375,336.625,-0.005171776874769107
2015-11-17,493.5,494.0,484.5,487.5,73394,11,False,-6.5,-3.0,0.0,-157.375,330.125,-0.019309320460452972
2015-11-18,487.5,490.25,480.5,483.25,49902,11,False,-4.25,0.5,0.0,-157.375,325.875,-0.012873911397198068
2015-11-19,483.25,492.75,481.5,490.75,42704,11,False,7.5,-3.25,0.0,-157.375,333.375,0.023014959723820505
2015-11-20,489.5,494.75,486.5,488.5,39212,11,False,-2.25,7.0,0.0,-157.375,331.125,-0.006749156355455588
2015-11-23,485.0,497.25,484.0,495.0,40480,11,False,6.5,-6.5,0.0,-157.375,337.625,0.01963004907512267
2015-11-24,494.75,495.0,483.25,484.25,32158,11,False,-10.75,0.75,0.0,-157.375,326.875,-0.031840059237319474
2015-11-25,484.0,487.5,479.0,479.25,38901,11,False,-5.0,-12.125,0.0,-157.375,321.875,-0.015296367112810683
2015-11-27,479.0,479.5,465.0,465.75,22654,11,False,-13.5,-5.375,0.0,-157.375,308.375,-0.041941747572815546
2015-11-30,460.75,464.75,458.75,460.0,9457,11,False,-5.75,-8.5,0.0,-157.375,302.625,-0.018646128901499748
2015-12-01,460.0,464.0,456.5,456.5,1375,12,True,-3.5,-5.0,1.5,-158.875,297.625,-0.016522098306484878
2015-12-02,458.25,459.0,451.25,452.25,794,12,False,-4.25,4.5,0.0,-158.875,293.375,-0.014279714405711852
2015-12-03,452.0,469.0,452.0,464.75,419,12,False,12.5,1.125,0.0,-158.875,305.875,0.04260758414997867
2015-12-04,465.0,471.25,465.0,471.25,328,12,False,6.5,5.75,0.0,-158.875,312.375,0.021250510829587288
2015-12-07,474.75,474.75,470.25,470.25,284,12,False,-1.0,3.5,0.0,-158.875,311.375,-0.003201280512204918
2015-12-08,471.0,471.75,466.5,470.75,134,12,False,0.5,3.125,0.0,-158.875,311.875,0.0016057808109193328
2015-12-09,469.75,479.75,469.75,478.0,36,12,False,7.25,3.5,0.0,-158.875,319.125,0.023246492985971923
2015-12-10,478.5,487.75,476.75,484.5,32,12,False,6.5,2.75,0.0,-158.875,325.625,0.020368194281237706
2015-12-11,487.5,491.25,480.0,482.75,46,12,False,-1.75,5.75,0.0,-158.875,323.875,-0.005374280230326267
2015-12-14,488.0,490.5,487.75,487.75,36250,12,False,5.0,2.375,0.0,-158.875,328.875,0.015438054805094525
2015-12-15,491.0,498.0,486.25,494.25,50977,12,False,6.5,-2.875,0.0,-158.875,335.375,0.019764348156594558
2015-12-16,493.25,497.0,483.25,483.5,56697,12,False,-10.75,3.5,0.0,-158.875,324.625,-0.032053671263511
2015-12-17,482.75,488.25,472.25,484.0,72702,12,False,0.5,-4.0,0.0,-158.875,325.125,0.0015402387370042625
2015-12-18,486.0,499.0,481.0,486.75,72904,12,False,2.75,-3.625,0.0,-158.875,327.875,0.008458285274894228
2015-12-21,486.0,491.0,478.25,479.0,45649,12,False,-7.75,-2.25,0.0,-158.875,320.125,-0.02363705680518491
2015-12-22,480.0,482.75,471.25,471.75,45031,12,False,-7.25,-5.0,0.0,-158.875,312.875,-0.022647403358063256
2015-12-23,472.5,475.0,468.0,469.5,41185,12,False,-2.25,-4.625,0.0,-158.875,310.625,-0.007191370355573268
2015-12-24,468.5,471.75,467.25,467.5,20910,12,False,-2.0,-1.625,0.0,-158.875,308.625,-0.006438631790744442
2015-12-28,468.0,472.5,466.0,466.5,30601,12,False,-1.0,3.625,0.0,-158.875,307.625,-0.003240178209801492
2015-12-29,467.5,476.75,467.0,475.75,36636,12,False,9.25,-3.5,0.0,-158.875,316.875,0.0300690776107273
2015-12-30,476.5,479.5,469.25,469.75,41223,12,False,-6.0,4.75,0.0,-158.875,310.875,-0.018934911242603603
2015-12-31,469.75,472.5,468.75,470.0,24123,12,False,0.25,-8.875,0.0,-158.875,311.125,0.0008041817450743505
2016-01-04,472.75,473.5,456.0,458.25,79124,1,False,-11.75,1.625,0.0,-158.875,299.375,-0.03776617115307357
2016-01-05,460.25,464.75,458.5,461.25,52297,1,False,3.0,-5.125,0.0,-158.875,302.375,0.010020876826722258
2016-01-06,461.25,465.75,456.75,462.75,44780,1,False,1.5,4.375,0.0,-158.875,303.875,0.004960727573377399
2016-01-07,464.0,469.0,456.25,468.5,65716,1,False,5.75,5.75,0.0,-158.875,309.625,0.018922254216371837
2016-01-08,468.25,480.0,467.5,478.5,86311,1,False,10.0,-1.875,0.0,-158.875,319.625,0.03229713362939046
2016-01-11,481.25,481.5,466.5,469.0,70055,1,False,-9.5,11.125,0.0,-158.875,310.125,-0.029722330856472468
2016-01-12,470.25,483.25,462.5,481.25,111042,1,False,12.25,-6.375,0.0,-158.875,322.375,0.03950020153164058
2016-01-13,480.5,484.25,476.5,478.0,63921,1,False,-3.25,1.5,0.0,-158.875,319.125,-0.010081426909654856
2016-01-14,478.0,478.0,468.0,468.75,61410,1,False,-9.25,0.875,0.0,-158.875,309.875,-0.02898550724637683
2016-01-15,468.75,474.5,465.0,473.75,51486,1,False,5.0,-4.25,0.0,-158.875,314.875,0.01613553852359817
2016-01-19,475.0,479.0,470.5,474.5,53537,1,False,0.75,1.0,0.0,-158.875,315.625,0.002381897578404235
2016-01-20,473.0,475.5,467.25,471.5,57335,1,False,-3.0,2.125,0.0,-158.875,312.625,-0.009504950495049513
2016-01-21,473.0,480.0,470.5,475.0,66429,1,False,3.5,-1.25,0.0,-158.875,316.125,0.01119552179128358
2016-01-22,475.5,480.0,472.5,475.5,48741,1,False,0.5,4.75,0.0,-158.875,316.625,0.0015816528272043495
2016-01-25,476.0,483.75,475.5,481.5,69027,1,False,6.0,1.875,0.0,-158.875,322.625,0.018949861823924108
2016-01-26,481.5,488.5,478.0,484.75,70110,1,False,3.25,-1.125,0.0,-158.875,325.875,0.010073614877954329
2016-01-27,484.75,485.75,473.5,476.5,76816,1,False,-8.25,-0.5,0.0,-158.875,317.625,-0.025316455696202556
2016-01-28,477.0,477.0,470.5,472.25,54662,1,False,-4.25,-0.625,0.0,-158.875,313.375,-0.01338055883510425
2016-01-29,472.25,479.75,470.75,479.25,63054,1,False,7.0,-4.125,0.0,-158.875,320.375,0.02233745512564811
2016-02-01,476.25,477.0,471.25,475.25,54739,2,False,-4.0,3.5,0.0,-158.875,316.375,-0.012485368708544664
2016-02-02,475.75,483.0,473.25,475.25,81869,2,False,0.0,0.375,0.0,-158.875,316.375,0.0
2016-02-03,475.75,480.5,474.5,480.0,75261,2,False,4.75,-3.625,0.0,-158.875,321.125,0.015013828526274198
2016-02-04,479.0,482.5,472.5,472.75,82202,2,False,-7.25,-0.625,0.0,-158.875,313.875,-0.022576878162709257
2016-02-05,473.75,474.0,465.5,466.75,124187,2,False,-6.0,-7.75,0.0,-158.875,307.875,-0.019115890083632014
2016-02-08,466.0,468.75,457.5,458.5,106709,2,False,-8.25,-3.5,0.0,-158.875,299.625,-0.02679658952496955
2016-02-09,458.75,460.25,455.0,457.5,93619,2,False,-1.0,-2.25,0.0,-158.875,298.625,-0.003337505214851877
2016-02-10,457.75,462.75,456.5,461.25,98224,2,False,3.75,-2.0,0.0,-158.875,302.375,0.012557555462536563
2016-02-11,460.5,465.75,457.75,458.25,105497,2,False,-3.0,1.5,0.0,-158.875,299.375,-0.00992145514675491
2016-02-12,458.75,462.0,455.0,457.5,69342,2,False,-0.75,1.875,0.0,-158.875,298.625,-0.0025052192066805645
2016-02-16,460.25,465.0,459.75,464.25,78290,2,False,6.75,1.75,0.0,-158.875,305.375,0.02260359983256599
2016-02-17,463.75,470.0,462.5,468.5,69086,2,False,4.25,0.25,0.0,-158.875,309.625,0.013917314776913603
2016-02-18,468.75,468.75,461.75,462.25,84535,2,False,-6.25,1.875,0.0,-158.875,303.375,-0.020185708518368983
2016-02-19,462.0,464.25,460.0,461.75,53430,2,False,-0.5,-4.75,0.0,-158.875,302.875,-0.0016481252575195615
2016-02-22,461.0,463.25,458.0,458.5,50119,2,False,-3.25,-5.5,0.0,-158.875,299.625,-0.010730499380932734
2016-02-23,458.0,459.25,447.5,448.0,54134,2,False,-10.5,-4.25,0.0,-158.875,289.125,-0.03504380475594493
2016-02-24,447.5,448.0,438.0,442.75,41098,2,False,-5.25,-4.0,0.0,-158.875,283.875,-0.01815823605706879
2016-02-25,443.25,446.75,440.5,445.25,22796,2,False,2.5,-3.625,0.0,-158.875,286.375,0.008806693086745865
2016-02-26,445.0,447.25,439.5,443.25,24548,2,False,-2.0,2.125,0.0,-158.875,284.375,-0.0069838498472283295
2016-02-29,446.25,448.5,443.0,445.0,2087,2,False,1.75,-4.25,0.0,-158.875,286.125,0.006153846153846176
2016-03-01,445.0,446.75,437.75,438.5,1101,3,True,-6.5,3.0,-9.5,-149.375,289.125,0.010484927916120546
2016-03-02,440.0,443.0,435.25,442.75,1337,3,False,4.25,2.0,0.0,-149.375,293.375,0.014699524427150834
2016-03-03,442.75,456.5,442.75,453.25,1000,3,False,10.5,2.875,0.0,-149.375,303.875,0.03579037068598212
2016-03-04,454.25,458.5,453.25,454.75,330,3,False,1.5,6.75,0.0,-149.375,305.375,0.00493624023035788
2016-03-07,460.0,462.25,457.75,457.75,106,3,False,3.0,2.5,0.0,-149.375,308.375,0.009823986901350779
2016-03-08,454.75,461.25,454.75,461.25,153,3,False,3.5,2.75,0.0,-149.375,311.875,0.011349817592217315
2016-03-09,461.0,463.75,454.75,463.75,145,3,False,2.5,5.625,0.0,-149.375,314.375,0.008016032064128265
2016-03-10,463.25,471.5,463.25,471.5,55,3,False,7.75,0.375,0.0,-149.375,322.125,0.02465208747514902
2016-03-11,472.5,472.75,467.75,469.75,237,3,False,-1.75,4.75,0.0,-149.375,320.375,-0.005432673651532771
2016-03-14,469.0,473.5,469.0,471.5,44445,3,False,1.75,2.0,0.0,-149.375,322.125,0.005462348809988304
2016-03-15,478.5,479.25,473.0,477.25,40065,3,False,5.75,-2.375,0.0,-149.375,327.875,0.017850213426464867
2016-03-16,476.75,477.0,469.75,470.75,39822,3,False,-6.5,-1.25,0.0,-149.375,321.375,-0.019824628288219626
2016-03-17,471.5,476.0,460.25,462.5,86914,3,False,-8.25,-3.0,0.0,-149.375,313.125,-0.025670945157526215
2016-03-18,463.0,464.25,457.5,463.0,39643,3,False,0.5,-2.375,0.0,-149.375,313.625,0.001596806387225591
2016-03-21,468.75,472.0,463.75,466.5,59600,3,False,3.5,0.375,0.0,-149.375,317.125,0.011159824631327142
2016-03-22,466.5,470.5,463.25,466.75,47966,3,False,0.25,-0.125,0.0,-149.375,317.375,0.0007883326763893361
2016-03-23,467.5,468.0,462.5,463.0,34997,3,False,-3.75,0.125,0.0,-149.375,313.625,-0.011815675462780617
2016-03-24,463.5,464.5,458.5,463.0,39232,3,False,0.0,2.125,0.0,-149.375,313.625,0.0
2016-03-28,465.75,477.25,463.5,471.0,63256,3,False,8.0,2.875,0.0,-149.375,321.625,0.025508170585890833
2016-03-29,471.0,477.5,470.5,476.75,50203,3,False,5.75,-2.375,0.0,-149.375,327.375,0.017877963466770286
2016-03-30,476.0,477.5,463.0,464.0,76784,3,False,-12.75,7.625,0.0,-149.375,314.625,-0.038946162657502836
2016-03-31,464.0,475.0,455.25,473.5,114421,3,False,9.5,-5.25,0.0,-149.375,324.125,0.030194676201827475
2016-04-01,473.25,476.25,466.25,475.75,59592,4,False,2.25,4.25,0.0,-149.375,326.375,0.006941766293868001
2016-04-04,476.0,479.0,470.25,474.75,52802,4,False,-1.0,0.75,0.0,-149.375,325.375,-0.003063960168517843
2016-04-05,475.0,476.5,470.0,474.0,42643,4,False,-0.75,-6.0,0.0,-149.375,324.625,-0.0023050326546292244
2016-04-06,473.0,473.75,461.5,463.0,77657,4,False,-11.0,-3.375,0.0,-149.375,313.625,-0.03388525221409322
2016-04-07,463.0,465.25,456.75,457.0,76550,4,False,-6.0,-3.875,0.0,-149.375,307.625,-0.01913112793941807
2016-04-08,457.5,462.5,456.25,460.25,82236,4,False,3.25,-9.5,0.0,-149.375,310.875,0.010564811052417689
2016-04-11,458.0,458.75,446.0,447.25,103496,4,False,-13.0,4.25,0.0,-149.375,297.875,-0.04181745074386811
2016-04-12,448.0,457.0,446.5,452.5,93141,4,False,5.25,-2.0,0.0,-149.375,303.125,0.017624842635333593
2016-04-13,452.5,466.75,450.0,461.5,111478,4,False,9.0,1.75,0.0,-149.375,312.125,0.029690721649484608
2016-04-14,461.5,465.5,454.25,459.75,90505,4,False,-1.75,4.5,0.0,-149.375,310.375,-0.0056067280736884495
2016-04-15,459.25,462.25,454.75,459.75,72123,4,False,0.0,5.625,0.0,-149.375,310.375,0.0
2016-04-18,461.75,477.0,460.5,472.75,100740,4,False,13.0,6.75,0.0,-149.375,323.375,0.041884816753926746
2016-04-19,473.0,487.75,471.0,486.25,79828,4,False,13.5,15.5,0.0,-149.375,336.875,0.041747197526091906
2016-04-20,485.5,504.75,484.75,504.25,59456,4,False,18.0,2.5,0.0,-149.375,354.875,0.05343228200371053
2016-04-21,503.0,510.75,490.75,495.75,62582,4,False,-8.5,-5.375,0.0,-149.375,346.375,-0.0239520958083832
2016-04-22,494.0,494.0,465.25,467.0,69802,4,False,-28.75,-2.125,0.0,-149.375,317.625,-0.08300252616383974
2016-04-25,466.75,478.75,462.0,471.25,25575,4,False,4.25,-10.125,0.0,-149.375,321.875,0.013380558835104361
2016-04-26,471.0,480.5,467.0,479.75,18275,4,False,8.5,-0.625,0.0,-149.375,330.375,0.026407766990291348
2016-04-27,478.0,482.0,471.5,474.25,20360,4,False,-5.5,4.875,0.0,-149.375,324.875,-0.0166477487703367
2016-04-28,474.75,486.75,472.0,475.5,15480,4,False,1.25,-1.5,0.0,-149.375,326.125,0.0038476337052713028
2016-04-29,472.25,480.5,470.5,478.0,5031,4,False,2.5,0.125,0.0,-149.375,328.625,0.007665772326561848
2016-05-02,476.0,479.0,471.75,477.0,1837,5,True,-1.0,-7.375,6.375,-155.75,321.25,-0.022441993153290207
2016-05-03,480.0,481.5,458.25,459.75,751,5,False,-17.25,-0.125,0.0,-155.75,304.0,-0.05369649805447474
2016-05-04,460.75,465.25,460.0,460.5,343,5,False,0.75,-12.375,0.0,-155.75,304.75,0.002467105263157965
2016-05-05,460.0,461.5,452.75,453.0,329,5,False,-7.5,0.5,0.0,-155.75,297.25,-0.024610336341263306
2016-05-06,453.5,458.5,453.25,453.25,356,5,False,0.25,-6.875,0.0,-155.75,297.5,0.000841042893187538
2016-05-09,454.75,454.75,446.0,447.0,153,5,False,-6.25,2.375,0.0,-155.75,291.25,-0.021008403361344574
2016-05-10,450.0,458.75,446.75,451.5,25,5,False,4.5,-4.125,0.0,-155.75,295.75,0.015450643776824036
2016-05-11,454.0,454.0,449.5,449.5,3,5,False,-2.0,6.75,0.0,-155.75,293.75,-0.006762468300929858
2016-05-12,452.5,458.5,452.5,458.5,24,5,False,9.0,2.25,0.0,-155.75,302.75,0.030638297872340514
2016-05-13,458.0,466.0,458.0,465.0,76197,5,False,6.5,9.375,0.0,-155.75,309.25,0.02146985962014858
2016-05-16,474.0,476.5,467.5,474.75,50581,5,False,9.75,6.75,0.0,-155.75,319.0,0.031527890056588515
2016-05-17,472.75,484.5,472.75,481.75,74128,5,False,7.0,4.0,0.0,-155.75,326.0,0.021943573667711602
2016-05-18,481.25,484.75,477.0,480.0,62478,5,False,-1.75,-2.125,0.0,-155.75,324.25,-0.005368098159509227
2016-05-19,478.5,479.5,462.5,468.75,89560,5,False,-11.25,-1.375,0.0,-155.75,313.0,-0.03469545104086358
2016-05-20,467.75,474.5,464.25,467.75,62463,5,False,-1.0,-8.5,0.0,-155.75,312.0,-0.0031948881789137795
2016-05-23,466.0,469.0,461.0,462.0,57510,5,False,-5.75,0.5,0.0,-155.75,306.25,-0.018429487179487225
2016-05-24,462.25,470.0,457.75,464.0,67393,5,False,2.0,-1.875,0.0,-155.75,308.25,0.0065306122448980375
2016-05-25,464.0,469.0,463.0,466.0,48818,5,False,2.0,8.625,0.0,-155.75,310.25,0.006488240064882467
2016-05-26,465.75,482.25,465.5,481.25,100179,5,False,15.25,1.125,0.0,-155.75,325.5,0.04915390813859788
2016-05-27,481.25,484.75,478.5,481.5,72037,5,False,0.25,-0.875,0.0,-155.75,325.75,0.0007680491551458335
2016-05-31,481.0,483.75,463.5,464.5,99987,5,False,-17.0,4.75,0.0,-155.75,308.75,-0.05218726016884112
2016-06-01,464.5,474.75,463.0,473.75,66398,6,False,9.25,-2.625,0.0,-155.75,318.0,0.02995951417004039
2016-06-02,473.5,487.0,472.75,485.5,92411,6,False,11.75,10.5,0.0,-155.75,329.75,0.036949685534591215
2016-06-03,484.25,498.25,482.25,497.25,113652,6,False,11.75,11.0,0.0,-155.75,341.5,0.0356330553449582
2016-06-06,496.0,514.75,496.0,507.5,116771,6,False,10.25,6.625,0.0,-155.75,351.75,0.030014641288433452
2016-06-07,507.0,513.5,500.75,509.0,113852,6,False,1.5,10.375,0.0,-155.75,353.25,0.004264392324093924
2016-06-08,507.25,524.0,506.0,519.5,138771,6,False,10.5,-3.875,0.0,-155.75,363.75,0.02972399150743099
2016-06-09,518.75,519.0,506.0,510.25,105867,6,False,-9.25,-2.375,0.0,-155.75,354.5,-0.02542955326460483
2016-06-10,510.25,512.5,494.25,495.0,127494,6,False,-15.25,-6.5,0.0,-155.75,339.25,-0.0430183356840621
2016-06-13,495.5,503.25,490.75,491.25,107395,6,False,-3.75,-10.75,0.0,-155.75,335.5,-0.011053795136330091
2016-06-14,491.5,493.5,481.25,485.0,105522,6,False,-6.25,-5.625,0.0,-155.75,329.25,-0.018628912071535053
2016-06-15,485.0,489.75,477.0,477.5,74692,6,False,-7.5,-5.625,0.0,-155.75,321.75,-0.02277904328018221
2016-06-16,477.5,479.5,471.0,472.5,67811,6,False,-5.0,0.625,0.0,-155.75,316.75,-0.015540015540015495
2016-06-17,473.75,482.5,472.5,481.25,62549,6,False,8.75,-6.625,0.0,-155.75,325.5,0.027624309392265234
2016-06-20,480.5,480.75,472.25,473.0,58397,6,False,-8.25,-2.875,0.0,-155.75,317.25,-0.025345622119815614
2016-06-21,473.0,476.5,457.25,458.5,65922,6,False,-14.5,-4.0,0.0,-155.75,302.75,-0.045705279747832894
2016-06-22,460.0,465.25,458.25,458.75,49107,6,False,0.25,-9.5,0.0,-155.75,303.0,0.0008257638315440907
2016-06-23,458.25,461.5,453.25,454.25,42623,6,False,-4.5,0.375,0.0,-155.75,298.5,-0.014851485148514865
2016-06-24,454.5,456.0,441.75,454.75,44990,6,False,0.5,-6.25,0.0,-155.75,299.0,0.0016750418760469454
2016-06-27,454.75,460.0,446.0,446.75,20891,6,False,-8.0,-1.25,0.0,-155.75,291.0,-0.026755852842809347
2016-06-28,446.25,454.75,442.75,443.75,20654,6,False,-3.0,-11.125,0.0,-155.75,288.0,-0.010309278350515427
2016-06-29,443.75,447.25,428.5,429.5,16274,6,False,-14.25,-0.625,0.0,-155.75,273.75,-0.04947916666666663
2016-06-30,429.75,438.75,423.0,431.25,2435,6,False,1.75,-14.625,0.0,-155.75,275.5,0.006392694063926951
2016-07-01,430.25,431.0,414.25,416.25,735,7,True,-15.0,2.5,-17.5,-138.25,278.0,0.00907441016333932
2016-07-05,416.25,419.5,405.0,419.5,308,7,False,3.25,-9.375,0.0,-138.25,281.25,0.011690647482014427
2016-07-06,415.25,418.75,408.0,415.75,355,7,False,-3.75,-0.25,0.0,-138.25,277.5,-0.013333333333333308
2016-07-07,417.25,421.25,410.75,412.0,169,7,False,-3.75,2.5,0.0,-138.25,273.75,-0.013513513513513487
2016-07-08,421.0,424.0,420.75,420.75,84,7,False,8.75,-4.125,0.0,-138.25,282.5,0.03196347031963476
2016-07-11,423.5,423.75,416.25,416.25,118,7,False,-4.5,8.25,0.0,-138.25,278.0,-0.015929203539822967
2016-07-12,416.25,424.0,415.5,424.0,56,7,False,7.75,-1.125,0.0,-138.25,285.75,0.027877697841726556
2016-07-13,430.0,434.0,426.25,426.25,56,7,False,2.25,1.625,0.0,-138.25,288.0,0.007874015748031482
2016-07-14,431.25,431.25,421.75,421.75,72305,7,False,-4.5,2.625,0.0,-138.25,283.5,-0.015625
2016-07-15,434.0,439.75,424.0,424.75,76867,7,False,3.0,0.125,0.0,-138.25,286.5,0.010582010582010692
2016-07-18,425.0,431.75,420.25,429.5,62265,7,False,4.75,-4.25,0.0,-138.25,291.25,0.016579406631762605
2016-07-19,427.75,428.25,416.25,418.0,53844,7,False,-11.5,-0.125,0.0,-138.25,279.75,-0.039484978540772486
2016-07-20,419.25,423.75,406.5,413.0,78390,7,False,-5.0,-3.375,0.0,-138.25,274.75,-0.01787310098302053
2016-07-21,414.0,419.75,408.75,417.75,67833,7,False,4.75,1.25,0.0,-138.25,279.5,0.017288444040036488
2016-07-22,417.25,427.0,407.0,425.25,82418,7,False,7.5,4.25,0.0,-138.25,287.0,0.02683363148479434
2016-07-25,425.75,435.25,421.0,429.0,89270,7,False,3.75,-3.25,0.0,-138.25,290.75,0.013066202090592283
2016-07-26,427.5,429.25,414.0,415.0,64182,7,False,-14.0,1.75,0.0,-138.25,276.75,-0.048151332760103194
2016-07-27,416.75,421.0,414.0,414.75,46739,7,False,-0.25,-9.25,0.0,-138.25,276.5,-0.0009033423667570428
2016-07-28,414.5,420.0,408.25,410.25,56838,7,False,-4.5,-1.375,0.0,-138.25,272.0,-0.016274864376130238
2016-07-29,411.5,412.75,403.5,407.75,61173,7,False,-2.5,-3.125,0.0,-138.25,269.5,-0.009191176470588203
2016-08-01,410.75,415.5,404.75,406.0,68357,8,False,-1.75,-3.625,0.0,-138.25,267.75,-0.00649350649350644
2016-08-02,406.0,410.5,399.25,401.25,60901,8,False,-4.75,3.625,0.0,-138.25,263.0,-0.017740429505135435
2016-08-03,402.0,415.0,401.0,410.25,66098,8,False,9.0,-5.875,0.0,-138.25,272.0,0.034220532319391594
2016-08-04,410.5,416.0,402.5,403.25,54088,8,False,-7.0,10.875,0.0,-138.25,265.0,-0.02573529411764708
2016-08-05,403.25,418.5,403.0,416.0,114185,8,False,12.75,-3.0,0.0,-138.25,277.75,0.048113207547169745
2016-08-08,418.5,423.5,411.5,417.0,129025,8,False,1.0,6.375,0.0,-138.25,278.75,0.0036003600360035026
2016-08-09,415.0,419.25,411.5,417.0,88193,8,False,0.0,2.875,0.0,-138.25,278.75,0.0
2016-08-10,416.5,427.5,414.5,421.75,90634,8,False,4.75,-2.75,0.0,-138.25,283.5,0.01704035874439458
2016-08-11,420.0,424.0,413.5,416.25,98818,8,False,-5.5,5.5,0.0,-138.25,278.0,-0.01940035273368612
2016-08-12,416.0,423.25,406.0,422.5,79674,8,False,6.25,-3.0,0.0,-138.25,284.25,0.02248201438848918
2016-08-15,421.25,430.0,417.25,422.0,82009,8,False,-0.5,3.875,0.0,-138.25,283.75,-0.0017590149516271136
2016-08-16,420.0,428.0,414.5,423.5,69172,8,False,1.5,1.0,0.0,-138.25,285.25,0.00528634361233471
2016-08-17,423.0,428.5,419.5,426.0,44740,8,False,2.5,1.25,0.0,-138.25,287.75,0.00876424189307623
2016-08-18,424.5,428.0,420.0,427.0,38516,8,False,1.0,1.25,0.0,-138.25,288.75,0.0034752389226759828
2016-08-19,426.25,432.5,422.5,427.0,38691,8,False,0.0,-5.375,0.0,-138.25,288.75,0.0
2016-08-22,427.0,429.25,414.0,415.25,39066,8,False,-11.75,-3.75,0.0,-138.25,277.0,-0.04069264069264067
2016-08-23,415.0,415.0,406.75,407.75,38969,8,False,-7.5,-7.75,0.0,-138.25,269.5,-0.027075812274368283
2016-08-24,407.75,409.25,402.5,404.0,25597,8,False,-3.75,-5.125,0.0,-138.25,265.75,-0.013914656771799594
2016-08-25,404.5,407.75,400.75,401.25,17860,8,False,-2.75,-10.75,0.0,-138.25,263.0,-0.010348071495766664
2016-08-26,401.25,402.25,381.0,383.5,35451,8,False,-17.75,-7.875,0.0,-138.25,245.25,-0.06749049429657794
2016-08-29,383.5,384.0,369.5,370.5,29038,8,False,-13.0,-12.5,0.0,-138.25,232.25,-0.05300713557594294
2016-08-30,370.0,374.25,361.5,363.25,27620,8,False,-7.25,-7.625,0.0,-138.25,225.0,-0.031216361679224924
2016-08-31,363.5,367.0,359.5,361.0,2335,8,False,-2.25,0.0,0.0,-138.25,222.75,-0.010000000000000009
2016-09-01,363.0,369.0,362.5,368.25,712,9,True,7.25,1.375,5.875,-144.125,224.125,0.006172839506172867
2016-09-02,368.25,374.25,367.25,373.25,245,9,False,5.0,2.5,0.0,-144.125,229.125,0.02230897936419418
2016-09-06,371.0,376.5,369.75,371.0,55,9,False,-2.25,4.625,0.0,-144.125,226.875,-0.009819967266775809
2016-09-07,371.75,376.75,371.75,375.25,64,9,False,4.25,-0.25,0.0,-144.125,231.125,0.018732782369146106
2016-09-08,375.5,377.0,375.5,377.0,18,9,False,1.75,1.625,0.0,-144.125,232.875,0.007571660356949783
2016-09-09,376.75,376.75,376.0,376.0,36,9,False,-1.0,4.5,0.0,-144.125,231.875,-0.004294149221685473
2016-09-12,382.0,384.5,381.5,383.25,29,9,False,7.25,-4.75,0.0,-144.125,239.125,0.03126684636118604
2016-09-13,383.0,383.0,374.75,374.75,6,9,False,-8.5,4.625,0.0,-144.125,230.625,-0.035546262415054874
2016-09-14,376.75,376.75,376.75,376.75,57171,9,False,2.0,7.125,0.0,-144.125,232.625,0.008672086720867167
2016-09-15,401.0,406.75,398.0,399.5,42993,9,False,22.75,2.875,0.0,-144.125,255.375,0.09779688339602366
2016-09-16,398.0,404.75,393.75,403.25,49762,9,False,3.75,11.75,0.0,-144.125,259.125,0.014684287812041008
2016-09-19,404.0,409.0,399.75,404.0,45558,9,False,0.75,2.875,0.0,-144.125,259.875,0.0028943560057888007
2016-09-20,402.25,410.0,401.5,406.0,43011,9,False,2.0,1.25,0.0,-144.125,261.875,0.007696007696007756
2016-09-21,405.0,409.0,402.25,407.75,37396,9,False,1.75,-0.125,0.0,-144.125,263.625,0.006682577565632508
2016-09-22,405.25,411.75,404.25,405.5,41465,9,False,-2.25,0.5,0.0,-144.125,261.375,-0.008534850640113834
2016-09-23,403.75,409.5,401.25,404.75,44340,9,False,-0.75,-5.5,0.0,-144.125,260.625,-0.0028694404591105283
2016-09-26,401.75,407.0,395.25,396.0,55425,9,False,-8.75,3.625,0.0,-144.125,251.875,-0.033573141486810565
2016-09-27,397.25,405.0,394.0,404.0,60932,9,False,8.0,-4.75,0.0,-144.125,259.875,0.03176178660049622
2016-09-28,404.5,407.25,401.75,403.25,40835,9,False,-0.75,1.875,0.0,-144.125,259.125,-0.0028860028860029363
2016-09-29,401.75,406.75,397.75,399.0,47733,9,False,-4.25,1.125,0.0,-144.125,254.875,-0.016401350699469353
2016-09-30,398.5,403.75,390.0,402.0,90561,9,False,3.0,-5.375,0.0,-144.125,257.875,0.011770475723393847
2016-10-03,399.75,401.75,391.5,395.5,73010,10,False,-6.5,1.5,0.0,-144.125,251.375,-0.025206010664081457
2016-10-04,396.5,398.25,392.5,395.5,41951,10,False,0.0,1.5,0.0,-144.125,251.375,0.0
2016-10-05,395.0,408.5,392.0,405.0,82177,10,False,9.5,-4.625,0.0,-144.125,260.875,0.03779214321233226
2016-10-06,407.0,409.5,393.5,395.75,82996,10,False,-9.25,4.25,0.0,-144.125,251.625,-0.03545759463344511
2016-10-07,397.75,401.0,394.25,394.75,61770,10,False,-1.0,1.625,0.0,-144.125,250.625,-0.003974167908594173
2016-10-11,402.75,408.75,401.25,407.25,69906,10,False,12.5,-5.75,0.0,-144.125,263.125,0.04987531172069826
2016-10-12,405.25,414.0,396.0,396.75,96067,10,False,-10.5,15.875,0.0,-144.125,252.625,-0.039904988123515395
2016-10-13,396.5,417.0,396.5,416.0,108555,10,False,19.25,-2.75,0.0,-144.125,271.875,0.07619990103908947
2016-10-14,415.25,428.25,414.75,421.0,105412,10,False,5.0,11.0,0.0,-144.125,276.875,0.01839080459770126
2016-10-17,418.25,425.75,416.0,423.75,68644,10,False,2.75,0.625,0.0,-144.125,279.625,0.009932279909706576
2016-10-18,425.0,425.5,418.25,420.0,60252,10,False,-3.75,1.5,0.0,-144.125,275.875,-0.01341081805990163
2016-10-19,420.5,422.25,413.0,420.25,61517,10,False,0.25,-3.5,0.0,-144.125,276.125,0.0009062075215224841
2016-10-20,419.5,422.75,415.25,417.0,49984,10,False,-3.25,-1.125,0.0,-144.125,272.875,-0.011770031688546845
2016-10-21,417.0,418.5,413.25,414.5,38986,10,False,-2.5,-7.625,0.0,-144.125,270.375,-0.009161704076958266
2016-10-24,414.25,416.75,400.75,402.5,82892,10,False,-12.0,-0.375,0.0,-144.125,258.375,-0.04438280166435504
2016-10-25,403.75,406.75,398.75,404.25,61130,10,False,1.75,-2.375,0.0,-144.125,260.125,0.006773101112723667
2016-10-26,404.0,414.0,402.75,411.5,71491,10,False,7.25,2.375,0.0,-144.125,267.375,0.027871215761652968
2016-10-27,411.5,418.75,411.25,414.5,62056,10,False,3.0,0.625,0.0,-144.125,270.375,0.011220196353436185
2016-10-28,416.25,417.5,407.25,408.5,45840,10,False,-6.0,5.375,0.0,-144.125,264.375,-0.02219140083217752
2016-10-31,411.5,417.0,408.75,416.25,69456,10,False,7.75,-4.0,0.0,-144.125,272.125,0.029314420803782548
2016-11-01,416.25,418.25,410.75,414.25,76666,11,False,-2.0,5.625,0.0,-144.125,270.125,-0.007349563619660104
2016-11-02,414.5,420.25,412.0,417.75,77145,11,False,3.5,-3.875,0.0,-144.125,273.625,0.012956964368348034
2016-11-03,417.5,420.0,409.0,412.0,70194,11,False,-5.75,2.875,0.0,-144.125,267.875,-0.021014161717679336
2016-11-04,414.0,415.25,410.25,414.25,46124,11,False,2.25,-5.0,0.0,-144.125,270.125,0.008399440037330841
2016-11-07,414.25,415.75,406.5,410.0,79192,11,False,-4.25,3.75,0.0,-144.125,265.875,-0.015733456732993978
2016-11-08,410.5,419.75,408.25,415.25,132281,11,False,5.25,-6.375,0.0,-144.125,271.125,0.019746121297602226
2016-11-09,416.5,417.75,403.75,406.75,131826,11,False,-8.5,1.625,0.0,-144.125,262.625,-0.03135085292761641
2016-11-10,409.5,414.25,402.0,404.75,105341,11,False,-2.0,-9.625,0.0,-144.125,260.625,-0.007615421227986641
2016-11-14,402.75,403.75,392.5,394.0,80273,11,False,-10.75,1.5,0.0,-144.125,249.875,-0.041247002398081545
2016-11-15,394.0,402.0,392.75,399.0,73260,11,False,5.0,-6.375,0.0,-144.125,254.875,0.020010005002501163
2016-11-16,399.25,401.0,396.75,397.0,70180,11,False,-2.0,5.5,0.0,-144.125,252.875,-0.007846983815595898
2016-11-17,397.75,406.0,396.5,403.0,60284,11,False,6.0,1.5,0.0,-144.125,258.875,0.02372713791398917
2016-11-18,403.0,410.0,400.25,408.0,53488,11,False,5.0,4.125,0.0,-144.125,263.875,0.0193143408981169
2016-11-21,409.0,412.0,404.5,410.25,57584,11,False,2.25,1.0,0.0,-144.125,266.125,0.0085267645665561
2016-11-22,410.0,412.25,405.25,407.25,56798,11,False,-3.0,-1.75,0.0,-144.125,263.125,-0.011272898074213278
2016-11-23,407.0,407.25,396.25,401.5,64716,11,False,-5.75,-4.375,0.0,-144.125,257.375,-0.02185273159144896
2016-11-25,401.75,403.75,394.5,395.75,46044,11,False,-5.75,-6.0,0.0,-144.125,251.625,-0.022340942204953862
2016-11-28,396.25,397.0,388.75,389.5,57169,11,False,-6.25,-5.625,0.0,-144.125,245.375,-0.02483854942871333
2016-11-29,389.0,389.0,382.75,384.0,40687,11,False,-5.5,-4.875,0.0,-144.125,239.875,-0.02241467142129394
2016-11-30,384.25,391.5,380.0,380.5,4932,11,False,-3.5,-7.25,0.0,-144.125,236.375,-0.014590932777488241
2016-12-01,376.5,379.75,369.5,371.5,1549,12,True,-9.0,6.25,-15.25,-128.875,242.625,0.026441036488630276
2016-12-02,373.0,387.5,371.5,387.5,724,12,False,16.0,-3.625,0.0,-128.875,258.625,0.06594538897475521
2016-12-05,389.75,394.0,389.25,389.25,379,12,False,1.75,8.125,0.0,-128.875,260.375,0.006766553890768412
2016-12-06,393.0,393.0,388.25,389.5,95,12,False,0.25,-0.75,0.0,-128.875,260.625,0.000960153624580018
2016-12-07,389.0,389.0,385.0,386.25,257,12,False,-3.25,2.375,0.0,-128.875,257.375,-0.012470023980815315
2016-12-08,396.5,396.5,389.75,390.75,34,12,False,4.5,3.125,0.0,-128.875,261.875,0.01748421563865965
2016-12-09,395.5,400.25,395.5,400.25,10,12,False,9.5,2.75,0.0,-128.875,271.375,0.03627684964200473
2016-12-12,397.75,401.25,397.5,401.25,25,12,False,1.0,3.125,0.0,-128.875,272.375,0.0036849378166743385
2016-12-13,400.5,404.0,398.0,398.0,34,12,False,-3.25,-2.75,0.0,-128.875,269.125,-0.011932078935291468
2016-12-14,397.25,397.25,391.5,391.5,39165,12,False,-6.5,7.25,0.0,-128.875,262.625,-0.02415234556432888
2016-12-15,418.0,418.25,408.5,409.25,61058,12,False,17.75,-3.25,0.0,-128.875,280.375,0.06758686339838182
2016-12-16,407.75,411.0,404.5,409.25,47320,12,False,0.0,6.75,0.0,-128.875,280.375,0.0
2016-12-19,412.25,413.0,403.0,405.0,52115,12,False,-4.25,-0.875,0.0,-128.875,276.125,-0.015158270173874278
2016-12-20,406.0,407.75,400.25,403.25,35449,12,False,-1.75,-4.0,0.0,-128.875,274.375,-0.006337709370755951
2016-12-21,402.5,404.5,399.0,399.5,32138,12,False,-3.75,-2.125,0.0,-128.875,270.625,-0.013667425968109326
2016-12-22,399.25,400.5,396.5,397.0,37047,12,False,-2.5,-3.625,0.0,-128.875,268.125,-0.009237875288683584
2016-12-23,397.0,398.25,392.75,393.5,31852,12,False,-3.5,6.75,0.0,-128.875,264.625,-0.013053613053613078
2016-12-27,394.5,411.0,394.5,409.5,67774,12,False,16.0,-5.75,0.0,-128.875,280.625,0.06046291922531877
2016-12-28,409.75,410.0,400.25,401.5,43964,12,False,-8.0,9.625,0.0,-128.875,272.625,-0.02850779510022272
2016-12-29,402.5,406.75,402.5,404.75,29865,12,False,3.25,-2.375,0.0,-128.875,275.875,0.011921137093076517
2016-12-30,404.75,409.25,403.5,408.0,33934,12,False,3.25,0.875,0.0,-128.875,279.125,0.011780697779791627
2017-01-03,408.75,414.0,405.75,406.5,65585,1,False,-1.5,7.625,0.0,-128.875,277.625,-0.005373936408419211
2017-01-04,406.5,419.0,404.75,418.5,59201,1,False,12.0,3.125,0.0,-128.875,289.625,0.04322377307519143
2017-01-05,418.75,427.0,416.25,426.25,86772,1,False,7.75,4.5,0.0,-128.875,297.375,0.02675873974967624
2017-01-06,425.75,428.0,421.75,423.25,64726,1,False,-3.0,5.875,0.0,-128.875,294.375,-0.010088272383354302
2017-01-09,424.75,428.25,421.0,427.25,69623,1,False,4.0,-1.75,0.0,-128.875,298.375,0.013588110403397025
2017-01-10,426.75,427.25,423.5,426.75,64135,1,False,-0.5,-2.0,0.0,-128.875,297.875,-0.0016757436112274648
2017-01-11,426.25,426.25,412.0,418.75,109829,1,False,-8.0,3.5,0.0,-128.875,289.875,-0.026856903063365523
2017-01-12,419.0,430.0,414.5,426.25,133095,1,False,7.5,-4.125,0.0,-128.875,297.375,0.025873221216041298
2017-01-13,426.25,426.75,419.25,426.0,72435,1,False,-0.25,7.5,0.0,-128.875,297.125,-0.0008406893652794789
2017-01-17,426.5,437.5,423.75,433.5,107763,1,False,7.5,-1.375,0.0,-128.875,304.625,0.0252419015565839
2017-01-18,433.25,434.5,428.25,431.0,67785,1,False,-2.5,0.0,0.0,-128.875,302.125,-0.008206811653672541
2017-01-19,430.5,430.75,422.75,423.5,64375,1,False,-7.5,1.125,0.0,-128.875,294.625,-0.02482416218452632
2017-01-20,423.5,428.75,421.5,428.25,56203,1,False,4.75,-1.25,0.0,-128.875,299.375,0.01612218922358921
2017-01-23,429.0,433.75,427.5,433.25,51610,1,False,5.0,-0.875,0.0,-128.875,304.375,0.016701461377870652
2017-01-24,433.0,434.75,426.0,426.75,57334,1,False,-6.5,1.375,0.0,-128.875,297.875,-0.021355236139630418
2017-01-25,425.75,428.75,423.0,424.5,46225,1,False,-2.25,-2.0,0.0,-128.875,295.625,-0.007553503986571508
2017-01-26,425.25,430.5,421.75,427.0,59387,1,False,2.5,-4.375,0.0,-128.875,298.125,0.008456659619450413
2017-01-27,426.5,427.5,419.25,420.5,64696,1,False,-6.5,-2.0,0.0,-128.875,291.625,-0.02180293501048214
2017-01-30,417.5,419.25,412.75,414.0,59660,1,False,-6.5,0.125,0.0,-128.875,285.125,-0.022288898414059122
2017-01-31,414.0,421.25,413.0,420.75,60231,1,False,6.75,3.25,0.0,-128.875,291.875,0.023673827268741787
2017-02-01,421.0,434.5,417.0,433.75,102491,2,False,13.0,3.75,0.0,-128.875,304.875,0.04453961456102773
2017-02-02,432.75,437.75,429.75,434.5,73989,2,False,0.75,4.375,0.0,-128.875,305.625,0.002460024600245969
2017-02-03,434.5,435.75,429.25,430.25,58722,2,False,-4.25,-3.5,0.0,-128.875,301.375,-0.013905930470347605
2017-02-06,429.0,432.25,422.25,422.5,61389,2,False,-7.75,2.0,0.0,-128.875,293.625,-0.025715470759021142
2017-02-07,422.5,431.0,419.75,430.75,106310,2,False,8.25,-3.0,0.0,-128.875,301.875,0.02809706257982114
2017-02-08,430.5,433.25,427.5,432.5,93300,2,False,1.75,9.625,0.0,-128.875,303.625,0.005797101449275255
2017-02-09,430.5,444.0,429.5,443.5,150249,2,False,11.0,3.625,0.0,-128.875,314.625,0.03622890078221497
2017-02-10,442.5,450.75,441.0,449.0,126174,2,False,5.5,7.125,0.0,-128.875,320.125,0.017481128327373918
2017-02-13,447.75,456.0,444.25,452.25,119108,2,False,3.25,1.375,0.0,-128.875,323.375,0.010152284263959421
2017-02-14,450.5,452.0,446.25,449.5,63197,2,False,-2.75,4.25,0.0,-128.875,320.625,-0.008504058755315014
2017-02-15,449.0,455.5,446.25,454.75,53895,2,False,5.25,-4.875,0.0,-128.875,325.875,0.01637426900584793
2017-02-16,453.5,464.25,445.25,447.75,91910,2,False,-7.0,-0.75,0.0,-128.875,318.875,-0.021480629075565805
2017-02-17,445.5,447.5,440.25,441.0,66629,2,False,-6.75,-6.0,0.0,-128.875,312.125,-0.021168169345354815
2017-02-21,439.75,440.75,435.0,436.0,55218,2,False,-5.0,-0.75,0.0,-128.875,307.125,-0.01601922306768122
2017-02-22,436.0,443.0,435.25,441.25,49816,2,False,5.25,-4.125,0.0,-128.875,312.375,0.017094017094017033
2017-02-23,441.25,444.25,436.25,438.0,34394,2,False,-3.25,-0.75,0.0,-128.875,309.125,-0.010404161664665845
2017-02-24,438.25,438.5,430.0,431.25,52859,2,False,-6.75,-7.875,0.0,-128.875,302.375,-0.021835826930853175
2017-02-27,430.0,431.0,418.25,418.75,38376,2,False,-12.5,-0.375,0.0,-128.875,289.875,-0.04133939644481188
2017-02-28,420.0,435.5,419.5,424.75,7864,2,False,6.0,-0.875,0.0,-128.875,295.875,0.02069857697283317
2017-03-01,424.25,435.5,422.75,435.5,1611,3,True,10.75,1.25,9.5,-138.375,297.125,0.0042247570764681885
2017-03-02,436.75,437.75,432.0,432.0,1153,3,False,-3.5,6.25,0.0,-138.375,293.625,-0.011779554059739183
2017-03-03,430.25,434.25,429.0,433.75,729,3,False,1.75,0.5,0.0,-138.375,295.375,0.005959982971477151
2017-03-06,436.0,441.75,436.0,438.25,587,3,False,4.5,-0.25,0.0,-138.375,299.875,0.015234870926787991
2017-03-07,440.0,440.0,432.25,436.0,306,3,False,-2.25,-2.0,0.0,-138.375,297.625,-0.007503126302626062
2017-03-08,431.5,431.5,426.0,427.5,189,3,False,-8.5,-1.875,0.0,-138.375,289.125,-0.028559428811423815
2017-03-09,432.0,432.5,425.0,426.0,27,3,False,-1.5,-5.875,0.0,-138.375,287.625,-0.005188067444876765
2017-03-10,428.0,428.0,422.75,422.75,14,3,False,-3.25,-6.0,0.0,-138.375,284.375,-0.011299435028248594
2017-03-13,419.5,419.5,412.25,412.25,49,3,False,-10.5,-1.75,0.0,-138.375,273.875,-0.03692307692307695
2017-03-14,412.25,413.0,412.0,412.0,58513,3,False,-0.25,6.75,0.0,-138.375,273.625,-0.0009128251939753973
2017-03-15,431.0,437.0,430.5,436.0,49625,3,False,24.0,-0.125,0.0,-138.375,297.625,0.08771128369118308
2017-03-16,436.0,440.75,434.5,436.0,42947,3,False,0.0,12.125,0.0,-138.375,297.625,0.0
2017-03-17,434.75,437.75,433.0,436.25,31605,3,False,0.25,-3.0,0.0,-138.375,297.875,0.0008399832003360697
2017-03-20,439.25,442.75,429.0,430.25,58040,3,False,-6.0,-1.75,0.0,-138.375,291.875,-0.02014267729752417
2017-03-21,430.5,430.5,423.0,426.5,63987,3,False,-3.75,-5.125,0.0,-138.375,288.125,-0.012847965738758016
2017-03-22,427.0,427.25,421.25,422.25,52127,3,False,-4.25,-2.5,0.0,-138.375,283.875,-0.014750542299349245
2017-03-23,421.5,424.75,420.0,421.0,48848,3,False,-1.25,-0.25,0.0,-138.375,282.625,-0.004403346543372932
2017-03-24,421.5,426.25,420.75,424.75,49583,3,False,3.75,-2.625,0.0,-138.375,286.375,0.01326846528084924
2017-03-27,426.0,426.0,418.25,420.75,51967,3,False,-4.0,3.75,0.0,-138.375,282.375,-0.013967699694456548
2017-03-28,421.0,425.75,419.25,424.5,51332,3,False,3.75,-1.5,0.0,-138.375,286.125,0.013280212483399723
2017-03-29,424.0,427.5,422.5,425.5,54185,3,False,1.0,-0.375,0.0,-138.375,287.125,0.003494975972040182
2017-03-30,425.5,426.25,419.5,421.0,55136,3,False,-4.5,3.25,0.0,-138.375,282.625,-0.01567261645624729
2017-03-31,422.0,432.25,416.5,426.5,97629,3,False,5.5,-1.625,0.0,-138.375,288.125,0.019460415745245374
2017-04-03,430.25,434.0,427.0,427.75,72143,4,False,1.25,2.375,0.0,-138.375,289.375,0.00433839479392617
2017-04-04,426.75,432.25,425.75,427.0,59636,4,False,-0.75,2.0,0.0,-138.375,288.625,-0.0025917926565874883
2017-04-05,427.25,430.5,425.0,429.75,69263,4,False,2.75,-3.625,0.0,-138.375,291.375,0.009527934170636687
2017-04-06,429.0,430.75,421.75,423.25,51898,4,False,-6.5,1.75,0.0,-138.375,284.875,-0.022308022308022313
2017-04-07,422.75,425.25,419.5,424.0,89806,4,False,0.75,-0.875,0.0,-138.375,285.625,0.002632733655111963
2017-04-10,423.75,429.0,422.5,428.75,83114,4,False,4.75,2.625,0.0,-138.375,290.375,0.016630196936542774
2017-04-11,428.0,434.75,423.75,433.25,143518,4,False,4.5,2.375,0.0,-138.375,294.875,0.01549720189410242
2017-04-12,433.75,436.5,431.5,433.25,111957,4,False,0.0,0.5,0.0,-138.375,294.875,0.0
2017-04-13,432.5,436.0,428.75,429.75,102775,4,False,-3.5,-4.375,0.0,-138.375,291.375,-0.011869436201780381
2017-04-17,430.25,431.25,419.75,421.0,67540,4,False,-8.75,-1.0,0.0,-138.375,282.625,-0.03003003003003002
2017-04-18,421.75,423.75,419.0,422.5,67014,4,False,1.5,-6.125,0.0,-138.375,284.125,0.005307386112339607
2017-04-19,421.5,425.75,417.5,419.0,59271,4,False,-3.5,-5.625,0.0,-138.375,280.625,-0.012318521777386682
2017-04-20,418.0,421.75,405.25,406.25,72667,4,False,-12.75,-2.375,0.0,-138.375,267.875,-0.0454342984409799
2017-04-21,406.0,408.0,400.0,405.0,77283,4,False,-1.25,-7.625,0.0,-138.375,266.625,-0.004666355576294912
2017-04-24,406.5,408.5,401.25,402.5,37648,4,False,-2.5,2.5,0.0,-138.375,264.125,-0.00937646507266765
2017-04-25,402.75,411.0,398.5,408.75,50470,4,False,6.25,-1.75,0.0,-138.375,270.375,0.02366303833412209
2017-04-26,409.0,413.75,405.75,407.75,31169,4,False,-1.0,6.0,0.0,-138.375,269.375,-0.0036985668053629572
2017-04-27,407.0,415.0,406.0,413.5,25256,4,False,5.75,2.0,0.0,-138.375,275.125,0.02134570765661259
2017-04-28,413.0,418.5,413.0,418.5,2487,4,False,5.0,15.0,0.0,-138.375,280.125,0.0181735574738755
2017-05-01,423.75,442.75,423.75,442.75,1080,5,True,24.25,1.875,22.375,-160.75,282.0,0.006693440428380271
2017-05-02,445.75,450.75,440.0,441.5,233,5,False,-1.25,12.875,0.0,-160.75,280.75,-0.004432624113475225
2017-05-03,442.0,443.0,440.0,443.0,602,5,False,1.5,-9.125,0.0,-160.75,282.25,0.00534283170080152
2017-05-04,442.0,442.0,425.75,426.0,351,5,False,-17.0,1.5,0.0,-160.75,265.25,-0.06023029229406551
2017-05-05,428.0,428.0,427.5,427.5,9,5,False,1.5,-13.25,0.0,-160.75,266.75,0.005655042412818112
2017-05-08,426.0,426.0,418.0,418.0,60,5,False,-9.5,2.625,0.0,-160.75,257.25,-0.0356138706654171
2017-05-09,421.0,423.25,420.5,421.75,30,5,False,3.75,-3.625,0.0,-160.75,261.0,0.014577259475218707
2017-05-10,424.0,424.0,420.75,424.0,27,5,False,2.25,2.875,0.0,-160.75,263.25,0.008620689655172376
2017-05-11,425.75,434.0,425.75,426.0,13,5,False,2.0,0.625,0.0,-160.75,265.25,0.007597340930674212
2017-05-12,445.25,445.25,416.25,425.0,48739,5,False,-1.0,0.125,0.0,-160.75,264.25,-0.0037700282752121117
2017-05-15,430.25,431.0,421.5,423.25,67802,5,False,-1.75,0.0,0.0,-160.75,262.5,-0.0066225165562914245
2017-05-16,423.25,426.0,420.25,424.25,73173,5,False,1.0,0.5,0.0,-160.75,263.5,0.003809523809523707
2017-05-17,423.0,432.25,421.5,427.0,63689,5,False,2.75,-0.125,0.0,-160.75,266.25,0.010436432637571214
2017-05-18,429.25,429.25,421.25,425.75,66127,5,False,-1.25,6.125,0.0,-160.75,265.0,-0.0046948356807511304
2017-05-19,425.25,436.75,425.25,435.25,54650,5,False,9.5,-1.125,0.0,-160.75,274.5,0.03584905660377369
2017-05-22,437.0,442.5,434.0,434.25,68282,5,False,-1.0,2.375,0.0,-160.75,273.5,-0.0036429872495445936
2017-05-23,433.5,435.75,428.0,429.5,65200,5,False,-4.75,1.0,0.0,-160.75,268.75,-0.017367458866544783
2017-05-24,429.25,433.0,427.5,432.5,46732,5,False,3.0,-3.25,0.0,-160.75,271.75,0.01116279069767434
2017-05-25,431.5,436.0,430.25,430.75,43992,5,False,-1.75,5.25,0.0,-160.75,270.0,-0.0064397424103035394
2017-05-26,430.25,439.0,429.25,438.25,48908,5,False,7.5,-5.25,0.0,-160.75,277.5,0.02777777777777768
2017-05-30,438.5,439.25,426.25,429.5,77245,5,False,-8.75,3.625,0.0,-160.75,268.75,-0.03153153153153154
2017-05-31,433.5,436.25,428.25,429.25,66676,5,False,-0.25,-4.5,0.0,-160.75,268.5,-0.0009302325581395099
2017-06-01,429.5,431.25,421.25,429.0,73752,6,False,-0.25,0.125,0.0,-160.75,268.25,-0.0009310986964617962
2017-06-02,428.0,434.0,426.5,429.5,54076,6,False,0.5,-0.125,0.0,-160.75,268.75,0.0018639328984155767
2017-06-05,428.75,433.25,425.5,429.5,78886,6,False,0.0,3.375,0.0,-160.75,268.75,0.0
2017-06-06,429.25,440.75,429.25,435.75,104056,6,False,6.25,4.5,0.0,-160.75,275.0,0.023255813953488413
2017-06-07,438.0,448.75,437.5,444.75,128326,6,False,9.0,5.375,0.0,-160.75,284.0,0.032727272727272716
2017-06-08,447.25,455.75,446.0,449.25,138856,6,False,4.5,2.75,0.0,-160.75,288.5,0.015845070422535246
2017-06-09,448.75,454.25,443.75,445.75,119222,6,False,-3.5,-3.625,0.0,-160.75,285.0,-0.012131715771230511
2017-06-12,443.25,444.0,431.25,434.0,110890,6,False,-11.75,3.75,0.0,-160.75,273.25,-0.041228070175438614
2017-06-13,437.25,446.25,436.75,445.0,101356,6,False,11.0,-6.875,0.0,-160.75,284.25,0.040256175663311966
2017-06-14,445.0,452.25,441.75,443.0,102300,6,False,-2.0,10.875,0.0,-160.75,282.25,-0.0070360598065083435
2017-06-15,443.0,457.25,437.25,453.75,115587,6,False,10.75,4.75,0.0,-160.75,293.0,0.0380868024800709
2017-06-16,456.0,468.5,455.5,465.25,117468,6,False,11.5,6.25,0.0,-160.75,304.5,0.03924914675767921
2017-06-19,463.75,473.25,458.5,467.0,111586,6,False,1.75,8.5,0.0,-160.75,306.25,0.005747126436781658
2017-06-20,469.0,474.75,463.0,472.5,85159,6,False,5.5,-3.125,0.0,-160.75,311.75,0.01795918367346938
2017-06-21,473.5,473.75,463.5,464.5,71144,6,False,-8.0,1.125,0.0,-160.75,303.75,-0.02566158781074579
2017-06-22,464.5,465.25,455.5,461.25,62654,6,False,-3.25,-4.75,0.0,-160.75,300.5,-0.010699588477366295
2017-06-23,464.75,467.0,459.0,459.75,58267,6,False,-1.5,-6.5,0.0,-160.75,299.0,-0.004991680532445919
2017-06-26,458.0,460.75,449.25,450.0,42687,6,False,-9.75,0.875,0.0,-160.75,289.25,-0.03260869565217395
2017-06-27,450.0,457.0,449.25,453.25,28315,6,False,3.25,-2.875,0.0,-160.75,292.5,0.011235955056179803
2017-06-28,453.5,459.25,451.5,457.25,23422,6,False,4.0,13.125,0.0,-160.75,296.5,0.013675213675213627
2017-06-29,457.0,483.75,456.25,480.25,30879,6,False,23.0,17.375,0.0,-160.75,319.5,0.07757166947723437
2017-06-30,480.25,511.5,480.25,511.0,3794,6,False,30.75,24.375,0.0,-160.75,350.25,0.096244131455399
2017-07-03,518.25,539.0,518.25,536.75,1127,7,True,25.75,16.625,9.125,-169.875,366.875,0.047466095645967155
2017-07-05,544.5,553.5,517.5,539.25,488,7,False,2.5,2.75,0.0,-169.875,369.375,0.006814310051107331
2017-07-06,519.0,528.75,519.0,519.0,199,7,False,-20.25,-0.625,0.0,-169.875,349.125,-0.0548223350253807
2017-07-07,515.75,524.0,514.5,515.25,102,7,False,-3.75,-2.5,0.0,-169.875,345.375,-0.01074113856068748
2017-07-10,530.75,531.0,530.5,530.5,62,7,False,15.25,0.625,0.0,-169.875,360.625,0.04415490408975753
2017-07-11,531.25,535.5,528.5,535.5,46,7,False,5.0,1.125,0.0,-169.875,365.625,0.013864818024263537
2017-07-12,533.5,534.25,521.5,522.5,145,7,False,-13.0,-11.0,0.0,-169.875,352.625,-0.03555555555555556
2017-07-13,516.0,516.0,495.5,495.5,9,7,False,-27.0,-6.875,0.0,-169.875,325.625,-0.07656859269762495
2017-07-14,494.75,494.75,494.75,494.75,71746,7,False,-0.75,-7.875,0.0,-169.875,324.875,-0.002303262955854146
2017-07-17,509.5,512.0,502.75,506.0,60380,7,False,11.25,-1.5,0.0,-169.875,336.125,0.03462870334744128
2017-07-18,509.0,517.75,503.0,503.75,76020,7,False,-2.25,5.25,0.0,-169.875,333.875,-0.00669393826701381
2017-07-19,504.0,509.0,500.0,503.0,71108,7,False,-0.75,0.25,0.0,-169.875,333.125,-0.002246349681767179
2017-07-20,504.5,508.25,495.0,505.75,68993,7,False,2.75,-3.625,0.0,-169.875,335.875,0.008255159474671592
2017-07-21,506.5,510.25,497.5,499.25,72396,7,False,-6.5,-3.875,0.0,-169.875,329.375,-0.01935243766282102
2017-07-24,496.25,496.5,483.0,488.75,90517,7,False,-10.5,-10.625,0.0,-169.875,318.875,-0.03187855787476279
2017-07-25,494.75,495.25,473.25,474.0,93082,7,False,-14.75,-3.375,0.0,-169.875,304.125,-0.046256370050960394
2017-07-26,476.0,481.0,473.0,477.75,58005,7,False,3.75,-6.375,0.0,-169.875,307.875,0.012330456226880449
2017-07-27,478.25,485.5,477.5,479.75,47248,7,False,2.0,2.5,0.0,-169.875,309.875,0.006496142915144221
2017-07-28,480.25,489.25,478.0,481.0,49702,7,False,1.25,-2.25,0.0,-169.875,311.125,0.004033884630899598
2017-07-31,478.75,480.75,471.5,474.5,54205,7,False,-6.5,-6.0,0.0,-169.875,304.625,-0.02089192446765764
2017-08-01,469.0,478.0,460.5,461.25,83058,8,False,-13.25,-3.5,0.0,-169.875,291.375,-0.0434961017644645
2017-08-02,462.0,466.75,455.75,460.75,82583,8,False,-0.5,-8.125,0.0,-169.875,290.875,-0.001716001716001725
2017-08-03,461.0,463.75,454.25,457.75,63497,8,False,-3.0,-1.75,0.0,-169.875,287.875,-0.010313708637730956
2017-08-04,457.75,461.5,453.5,454.75,56076,8,False,-3.0,2.875,0.0,-169.875,284.875,-0.010421189752496729
2017-08-07,457.75,464.0,454.25,463.5,71287,8,False,8.75,-4.75,0.0,-169.875,293.625,0.030715225976305494
2017-08-08,463.75,468.0,454.75,457.0,92366,8,False,-6.5,5.625,0.0,-169.875,287.125,-0.02213707960834399
2017-08-09,457.25,461.5,454.0,459.5,76420,8,False,2.5,-12.75,0.0,-169.875,289.625,0.008707009142359556
2017-08-10,459.5,462.0,439.25,440.5,103449,8,False,-19.0,0.625,0.0,-169.875,270.625,-0.06560207164436771
2017-08-11,441.5,444.0,434.5,439.25,89532,8,False,-1.25,-8.625,0.0,-169.875,269.375,-0.004618937644341847
2017-08-14,436.5,441.75,431.0,441.0,73545,8,False,1.75,-6.375,0.0,-169.875,271.125,0.006496519721577831
2017-08-15,440.0,440.25,428.0,429.5,71502,8,False,-11.5,-4.25,0.0,-169.875,259.625,-0.042415859843245696
2017-08-16,429.5,435.75,417.0,419.25,72242,8,False,-10.25,-8.375,0.0,-169.875,249.375,-0.03948001925854594
2017-08-17,419.5,422.25,412.25,414.0,51298,8,False,-5.25,-4.125,0.0,-169.875,244.125,-0.021052631578947323
2017-08-18,414.0,417.75,412.0,416.0,34048,8,False,2.0,-5.875,0.0,-169.875,246.125,0.008192524321556593
2017-08-21,414.5,418.75,408.75,409.5,26381,8,False,-6.5,-2.625,0.0,-169.875,239.625,-0.026409344845099048
2017-08-22,410.75,413.0,402.0,402.25,33255,8,False,-7.25,-2.75,0.0,-169.875,232.375,-0.030255607720396482
2017-08-23,402.5,408.5,401.25,403.25,31826,8,False,1.0,-0.75,0.0,-169.875,233.375,0.004303388918773576
2017-08-24,403.25,411.25,400.75,409.0,32187,8,False,5.75,0.75,0.0,-169.875,239.125,0.02463845741831805
2017-08-25,409.0,412.75,408.5,409.5,26934,8,False,0.5,-1.875,0.0,-169.875,239.625,0.002090956612650352
2017-08-28,406.25,410.0,398.75,400.0,25836,8,False,-9.5,1.625,0.0,-169.875,230.125,-0.039645279081898854
2017-08-29,400.5,404.0,394.5,402.75,22855,8,False,2.75,-4.375,0.0,-169.875,232.875,0.01195002715915261
2017-08-30,403.0,407.0,400.0,403.5,12502,8,False,0.75,4.75,0.0,-169.875,233.625,0.0032206119162641045
2017-08-31,403.5,411.0,402.75,410.25,1462,8,False,6.75,5.5,0.0,-169.875,240.375,0.028892455858748
2017-09-01,410.75,421.75,408.75,420.5,610,9,True,10.25,8.375,1.875,-171.75,248.75,0.03484139365574612
2017-09-05,428.25,433.5,428.0,430.5,410,9,False,10.0,0.75,0.0,-171.75,258.75,0.04020100502512558
2017-09-06,425.0,428.0,421.0,421.75,148,9,False,-8.75,0.875,0.0,-171.75,250.0,-0.033816425120772986
2017-09-07,421.0,421.0,412.0,413.5,126,9,False,-8.25,-4.25,0.0,-171.75,241.75,-0.03300000000000003
2017-09-08,415.75,415.75,412.5,413.75,48,9,False,0.25,-4.875,0.0,-171.75,242.0,0.0010341261633919352
2017-09-11,417.75,418.5,412.25,412.25,17,9,False,-1.5,3.75,0.0,-171.75,240.5,-0.006198347107438051
2017-09-12,415.0,419.5,415.0,419.5,18,9,False,7.25,-0.125,0.0,-171.75,247.75,0.03014553014553023
2017-09-13,426.0,426.0,420.75,420.75,4,9,False,1.25,7.375,0.0,-171.75,249.0,0.005045408678102881
2017-09-14,428.25,428.25,428.25,428.25,64496,9,False,7.5,11.0,0.0,-171.75,256.5,0.030120481927710774
2017-09-15,443.5,450.25,440.75,449.0,60896,9,False,20.75,1.0,0.0,-171.75,277.25,0.08089668615984413
2017-09-18,448.5,450.75,442.25,443.5,54102,9,False,-5.5,10.125,0.0,-171.75,271.75,-0.019837691614066677
2017-09-19,442.75,446.75,435.75,443.0,71986,9,False,-0.5,0.625,0.0,-171.75,271.25,-0.0018399264029438367
2017-09-20,443.25,452.0,442.75,449.75,62184,9,False,6.75,1.125,0.0,-171.75,278.0,0.02488479262672816
2017-09-21,451.75,454.5,445.5,452.5,61678,9,False,2.75,1.875,0.0,-171.75,280.75,0.009892086330935301
2017-09-22,452.5,455.0,448.0,449.5,58488,9,False,-3.0,3.625,0.0,-171.75,277.75,-0.010685663401602818
2017-09-25,448.0,454.75,444.0,454.0,64118,9,False,4.5,-1.625,0.0,-171.75,282.25,0.016201620162016095
2017-09-26,453.5,460.75,451.5,453.75,70890,9,False,-0.25,6.125,0.0,-171.75,282.0,-0.0008857395925597755
2017-09-27,454.0,462.75,449.0,461.5,74383,9,False,7.75,-3.375,0.0,-171.75,289.75,0.027482269503546153
2017-09-28,462.0,462.0,454.0,455.0,57166,9,False,-6.5,0.5,0.0,-171.75,283.25,-0.022433132010353796
2017-09-29,455.5,459.0,446.25,448.25,93111,9,False,-6.75,-5.0,0.0,-171.75,276.5,-0.02383053839364524
2017-10-02,446.5,448.5,439.5,444.75,75645,10,False,-3.5,-1.75,0.0,-171.75,273.0,-0.012658227848101222
2017-10-03,445.0,450.5,443.25,448.0,81890,10,False,3.25,-4.75,0.0,-171.75,276.25,0.011904761904761862
2017-10-04,448.75,449.25,441.5,442.0,57486,10,False,-6.0,1.0,0.0,-171.75,270.25,-0.021719457013574694
2017-10-05,443.25,444.0,438.0,440.75,57909,10,False,-1.25,-1.625,0.0,-171.75,269.0,-0.0046253469010175685
2017-10-06,440.5,444.75,438.75,443.5,47870,10,False,2.75,-4.375,0.0,-171.75,271.75,0.010223048327137496
2017-10-09,444.0,445.75,435.5,436.0,59165,10,False,-7.5,1.0,0.0,-171.75,264.25,-0.027598896044158217
2017-10-10,436.75,439.75,434.0,435.25,54050,10,False,-0.75,-4.75,0.0,-171.75,263.5,-0.0028382213812677692
2017-10-11,435.0,435.5,429.75,433.25,72062,10,False,-2.0,-1.75,0.0,-171.75,261.5,-0.007590132827324458
2017-10-12,432.5,437.75,428.0,430.5,74220,10,False,-2.75,3.5,0.0,-171.75,258.75,-0.010516252390057379
2017-10-13,430.75,440.75,430.5,439.5,52240,10,False,9.0,-2.875,0.0,-171.75,267.75,0.034782608695652195
2017-10-16,440.0,442.75,435.5,436.5,46504,10,False,-3.0,3.625,0.0,-171.75,264.75,-0.011204481792717047
2017-10-17,436.5,440.75,433.5,434.75,46207,10,False,-1.75,-3.875,0.0,-171.75,263.0,-0.006610009442870601
2017-10-18,434.75,435.25,429.0,430.0,47231,10,False,-4.75,0.5,0.0,-171.75,258.25,-0.018060836501901156
2017-10-19,430.5,436.25,429.5,432.75,53114,10,False,2.75,-5.75,0.0,-171.75,261.0,0.010648596321394033
2017-10-20,433.0,436.0,425.0,426.0,51120,10,False,-6.75,6.75,0.0,-171.75,254.25,-0.025862068965517238
2017-10-23,426.25,438.25,423.75,436.75,82204,10,False,10.75,-2.75,0.0,-171.75,265.0,0.04228121927236961
2017-10-24,438.0,438.75,433.0,438.0,47691,10,False,1.25,4.125,0.0,-171.75,266.25,0.004716981132075526
2017-10-25,438.0,443.0,433.75,435.5,59314,10,False,-2.5,-1.25,0.0,-171.75,263.75,-0.009389671361502372
2017-10-26,435.5,437.5,431.0,431.75,45422,10,False,-3.75,-3.5,0.0,-171.75,260.0,-0.014218009478673022
2017-10-27,430.5,431.25,424.75,427.25,62473,10,False,-4.5,-3.125,0.0,-171.75,255.5,-0.017307692307692357
2017-10-30,427.5,428.25,422.5,424.75,49312,10,False,-2.5,-5.375,0.0,-171.75,253.0,-0.009784735812133127
2017-10-31,425.0,426.25,416.25,418.5,93958,10,False,-6.25,-1.5,0.0,-171.75,246.75,-0.024703557312252933
2017-11-01,418.75,422.0,416.5,418.0,66275,11,False,-0.5,0.875,0.0,-171.75,246.25,-0.0020263424518743856
2017-11-02,417.5,426.75,417.5,426.0,70604,11,False,8.0,-0.375,0.0,-171.75,254.25,0.03248730964467006
2017-11-03,427.0,429.0,422.25,425.75,68733,11,False,-0.25,6.5,0.0,-171.75,254.0,-0.000983284169124854
2017-11-06,427.0,431.25,427.0,430.75,84448,11,False,5.0,-1.875,0.0,-171.75,259.0,0.019685039370078705
2017-11-07,430.25,431.0,424.0,427.25,113496,11,False,-3.5,2.25,0.0,-171.75,255.5,-0.013513513513513487
2017-11-08,427.25,427.5,419.0,426.75,94736,11,False,-0.5,-0.625,0.0,-171.75,255.0,-0.00195694716242667
2017-11-09,425.75,432.0,423.75,429.0,155471,11,False,2.25,1.0,0.0,-171.75,257.25,0.008823529411764675
2017-11-10,429.5,434.25,426.75,431.5,105996,11,False,2.5,-2.5,0.0,-171.75,259.75,0.009718172983479212
2017-11-13,432.0,432.0,422.25,424.25,110242,11,False,-7.25,3.125,0.0,-171.75,252.5,-0.02791145332050049
2017-11-14,424.75,429.5,423.25,428.0,93367,11,False,3.75,-7.625,0.0,-171.75,256.25,0.014851485148514865
2017-11-15,427.75,428.25,418.0,420.0,76382,11,False,-8.0,2.625,0.0,-171.75,248.25,-0.03121951219512198
2017-11-16,421.5,424.5,419.5,421.5,65598,11,False,1.5,-1.125,0.0,-171.75,249.75,0.0060422960725075026
2017-11-17,421.5,428.0,421.0,427.25,60658,11,False,5.75,-1.875,0.0,-171.75,255.5,0.02302302302302306
2017-11-20,427.75,428.0,419.25,422.0,65116,11,False,-5.25,4.25,0.0,-171.75,250.25,-0.020547945205479423
2017-11-21,421.75,428.75,420.25,424.75,62064,11,False,2.75,-3.625,0.0,-171.75,253.0,0.01098901098901095
2017-11-22,424.75,426.25,420.75,422.75,46591,11,False,-2.0,-2.125,0.0,-171.75,251.0,-0.007905138339920903
2017-11-24,422.0,422.25,412.5,415.75,53954,11,False,-7.0,-4.125,0.0,-171.75,244.0,-0.027888446215139417
2017-11-27,415.5,416.0,408.75,409.5,43929,11,False,-6.25,-2.875,0.0,-171.75,237.75,-0.02561475409836067
2017-11-28,410.25,412.25,405.25,410.75,40902,11,False,1.25,-0.25,0.0,-171.75,239.0,0.00525762355415349
2017-11-29,410.75,417.25,410.5,416.5,37717,11,False,5.75,-3.0,0.0,-171.75,244.75,0.024058577405857706
2017-11-30,415.25,417.25,407.75,409.25,14085,11,False,-7.25,5.5,0.0,-171.75,237.5,-0.02962206332992845
2017-12-01,409.0,414.75,408.0,414.5,3444,12,True,5.25,-5.75,11.0,-182.75,231.75,-0.02421052631578946
2017-12-04,416.0,419.0,410.25,410.25,945,12,False,-4.25,0.5,0.0,-182.75,227.5,-0.01833872707659112
2017-12-05,410.25,411.0,405.75,406.0,1143,12,False,-4.25,-5.875,0.0,-182.75,223.25,-0.018681318681318726
2017-12-06,407.25,407.25,398.5,398.5,137,12,False,-7.5,-4.25,0.0,-182.75,215.75,-0.033594624860022404
2017-12-07,396.25,397.25,394.0,394.25,163,12,False,-4.25,-4.875,0.0,-182.75,211.5,-0.01969872537659323
2017-12-08,395.5,395.5,391.5,392.0,212,12,False,-2.25,-4.25,0.0,-182.75,209.25,-0.010638297872340385
2017-12-11,386.5,387.75,386.5,387.75,57,12,False,-4.25,-1.375,0.0,-182.75,205.0,-0.020310633213859064
2017-12-12,387.25,387.25,387.25,387.25,152,12,False,-0.5,0.375,0.0,-182.75,204.5,-0.0024390243902439046
2017-12-13,392.25,392.25,392.25,392.25,47,12,False,5.0,1.125,0.0,-182.75,209.5,0.02444987775061125
2017-12-14,395.0,395.0,395.0,395.0,51997,12,False,2.75,14.125,0.0,-182.75,212.25,0.013126491646778149
2017-12-15,418.75,421.5,415.0,418.25,49118,12,False,23.25,2.5,0.0,-182.75,235.5,0.10954063604240272
2017-12-18,420.25,423.5,419.5,420.5,47968,12,False,2.25,11.125,0.0,-182.75,237.75,0.009554140127388644
2017-12-19,420.5,424.0,419.0,419.5,39615,12,False,-1.0,3.125,0.0,-182.75,236.75,-0.004206098843322792
2017-12-20,418.75,424.5,416.25,423.5,54040,12,False,4.0,1.25,0.0,-182.75,240.75,0.01689545934530101
2017-12-21,424.0,427.5,422.5,427.0,44546,12,False,3.5,0.875,0.0,-182.75,244.25,0.014537902388369606
2017-12-22,426.75,429.0,424.25,424.75,26982,12,False,-2.25,0.5,0.0,-182.75,242.0,-0.0092118730808598
2017-12-26,424.0,426.75,420.75,422.25,27392,12,False,-2.5,1.75,0.0,-182.75,239.5,-0.010330578512396715
2017-12-27,422.25,428.25,420.75,428.0,36729,12,False,5.75,-1.375,0.0,-182.75,245.25,0.024008350730688965
2017-12-28,427.5,428.75,425.25,427.75,31942,12,False,-0.25,2.5,0.0,-182.75,245.0,-0.0010193679918450993
2017-12-29,426.25,428.0,424.0,427.0,37219,12,False,-0.75,3.125,0.0,-182.75,244.25,-0.003061224489795955
2018-01-02,428.25,436.25,428.25,433.5,71354,1,False,6.5,0.875,0.0,-182.75,250.75,0.026612077789150534
2018-01-03,435.25,437.0,432.0,436.0,70970,1,False,2.5,2.25,0.0,-182.75,253.25,0.009970089730807485
2018-01-04,435.75,436.0,431.0,434.0,58728,1,False,-2.0,-0.375,0.0,-182.75,251.25,-0.007897334649555776
2018-01-05,433.0,433.75,427.5,430.75,62551,1,False,-3.25,-2.5,0.0,-182.75,248.0,-0.012935323383084563
2018-01-08,430.25,432.25,425.75,427.75,71822,1,False,-3.0,0.625,0.0,-182.75,245.0,-0.012096774193548376
2018-01-09,427.75,433.75,425.25,432.25,63519,1,False,4.5,-0.5,0.0,-182.75,249.5,0.01836734693877551
2018-01-10,432.25,435.0,431.5,434.25,62125,1,False,2.0,1.75,0.0,-182.75,251.5,0.008016032064128265
2018-01-11,434.25,434.5,428.5,433.25,73166,1,False,-1.0,-5.375,0.0,-182.75,250.5,-0.003976143141153132
2018-01-12,433.25,436.0,418.75,420.5,131033,1,False,-12.75,-2.5,0.0,-182.75,237.75,-0.050898203592814384
2018-01-16,420.25,422.75,413.25,416.5,83268,1,False,-4.0,-3.875,0.0,-182.75,233.75,-0.01682439537329128
2018-01-17,416.75,423.25,415.5,421.5,53024,1,False,5.0,-0.125,0.0,-182.75,238.75,0.021390374331550888
2018-01-18,422.25,425.75,421.25,425.25,53107,1,False,3.75,1.25,0.0,-182.75,242.5,0.015706806282722585
2018-01-19,425.25,427.25,421.5,422.75,39936,1,False,-2.5,3.375,0.0,-182.75,240.0,-0.010309278350515427
2018-01-22,424.5,427.5,423.25,425.75,51153,1,False,3.0,-3.375,0.0,-182.75,243.0,0.012499999999999956
2018-01-23,423.5,425.0,419.75,421.5,57485,1,False,-4.25,7.25,0.0,-182.75,238.75,-0.017489711934156382
2018-01-24,422.25,433.75,420.75,433.0,113542,1,False,11.5,-1.375,0.0,-182.75,250.25,0.04816753926701578
2018-01-25,433.0,438.75,429.5,434.5,91598,1,False,1.5,9.0,0.0,-182.75,251.75,0.005994005994006013
2018-01-26,435.0,442.5,434.25,441.0,83104,1,False,6.5,4.875,0.0,-182.75,258.25,0.02581926514399213
2018-01-29,443.0,449.75,443.0,449.25,109243,1,False,8.25,7.25,0.0,-182.75,266.5,0.0319457889641821
2018-01-30,454.0,458.5,449.75,457.25,130214,1,False,8.0,1.375,0.0,-182.75,274.5,0.030018761726078758
2018-01-31,458.5,458.75,447.5,451.75,121250,1,False,-5.5,3.625,0.0,-182.75,269.0,-0.02003642987249543
2018-02-01,451.0,451.5,443.25,451.0,112717,2,False,-0.75,-4.875,0.0,-182.75,268.25,-0.0027881040892193676
2018-02-02,449.75,451.0,445.0,446.75,69044,2,False,-4.25,-3.625,0.0,-182.75,264.0,-0.01584342963653307
2018-02-05,443.25,445.75,438.75,440.25,100967,2,False,-6.5,0.875,0.0,-182.75,257.5,-0.024621212121212155
2018-02-06,442.0,447.75,438.75,446.25,80120,2,False,6.0,3.875,0.0,-182.75,263.5,0.023300970873786353
2018-02-07,449.0,461.75,447.75,460.5,149038,2,False,14.25,0.875,0.0,-182.75,277.75,0.054079696394687016
2018-02-08,461.75,464.5,451.25,456.25,133037,2,False,-4.25,3.5,0.0,-182.75,273.5,-0.015301530153015275
2018-02-09,454.25,456.0,448.25,449.0,119895,2,False,-7.25,5.375,0.0,-182.75,266.25,-0.026508226691042025
2018-02-12,452.0,465.0,451.5,464.0,130177,2,False,15.0,-5.25,0.0,-182.75,281.25,0.05633802816901401
2018-02-13,465.0,467.25,459.0,460.75,139468,2,False,-3.25,5.0,0.0,-182.75,278.0,-0.011555555555555541
2018-02-14,458.0,460.75,453.75,455.75,92771,2,False,-5.0,1.375,0.0,-182.75,273.0,-0.017985611510791366
2018-02-15,455.75,463.5,452.25,461.75,79652,2,False,6.0,-4.5,0.0,-182.75,279.0,0.0219780219780219
2018-02-16,463.5,464.5,456.75,457.75,69865,2,False,-4.0,-1.25,0.0,-182.75,275.0,-0.014336917562724039
2018-02-20,459.75,463.25,449.0,449.25,86763,2,False,-8.5,-3.0,0.0,-182.75,266.5,-0.030909090909090886
2018-02-21,450.0,452.0,445.5,447.25,76893,2,False,-2.0,-2.25,0.0,-182.75,264.5,-0.007504690431519689
2018-02-22,447.75,452.0,444.75,451.25,47639,2,False,4.0,-0.5,0.0,-182.75,268.5,0.01512287334593565
2018-02-23,452.0,456.25,451.5,452.25,47639,2,False,1.0,5.625,0.0,-182.75,269.5,0.003724394785847407
2018-02-26,458.5,464.0,455.75,459.5,51730,2,False,7.25,2.375,0.0,-182.75,276.75,0.026901669758812696
2018-02-27,462.0,465.75,460.25,463.25,32833,2,False,3.75,14.25,0.0,-182.75,280.5,0.013550135501354976
2018-02-28,464.5,487.5,464.0,484.5,5720,2,False,21.25,12.375,0.0,-182.75,301.75,0.07575757575757569
2018-03-01,491.25,506.25,482.75,505.5,908,3,True,21.0,3.875,17.125,-199.875,305.625,0.012841756420878259
2018-03-02,506.25,506.25,489.0,492.0,496,3,False,-13.5,15.625,0.0,-199.875,292.125,-0.04417177914110426
2018-03-05,497.0,502.25,493.0,502.25,368,3,False,10.25,-6.875,0.0,-199.875,302.375,0.03508771929824572
2018-03-06,498.75,502.0,496.75,502.0,195,3,False,-0.25,0.625,0.0,-199.875,302.125,-0.0008267879288962332
2018-03-07,505.0,505.0,493.0,493.0,222,3,False,-9.0,0.75,0.0,-199.875,293.125,-0.029788994621431475
2018-03-08,495.25,495.75,494.75,494.75,115,3,False,1.75,-7.375,0.0,-199.875,294.875,0.005970149253731405
2018-03-09,495.0,495.0,486.0,489.0,289,3,False,-5.75,1.25,0.0,-199.875,289.125,-0.019499788045782118
2018-03-12,486.0,489.75,483.5,489.75,62,3,False,0.75,-5.0,0.0,-199.875,289.875,0.0025940337224383825
2018-03-13,494.5,503.25,485.5,485.5,41,3,False,-4.25,5.5,0.0,-199.875,285.625,-0.014661492022423506
2018-03-14,485.0,496.5,485.0,495.75,64369,3,False,10.25,-10.625,0.0,-199.875,295.875,0.03588621444201312
2018-03-15,488.75,493.25,476.0,478.75,76230,3,False,-17.0,-0.375,0.0,-199.875,278.875,-0.05745669623996619
2018-03-16,478.75,482.25,467.0,467.75,83127,3,False,-11.0,-17.0,0.0,-199.875,267.875,-0.039444195428059214
2018-03-19,465.0,466.0,450.25,450.75,109989,3,False,-17.0,-4.375,0.0,-199.875,250.875,-0.0634624358376108
2018-03-20,452.5,457.5,450.0,453.0,92600,3,False,2.25,-8.25,0.0,-199.875,253.125,0.008968609865470878
2018-03-21,453.5,454.5,446.75,453.5,79013,3,False,0.5,2.25,0.0,-199.875,253.625,0.0019753086419753707
2018-03-22,453.5,459.75,451.25,455.75,64101,3,False,2.25,2.5,0.0,-199.875,255.875,0.008871365204534243
2018-03-23,455.25,461.75,446.5,460.25,78521,3,False,4.5,-1.875,0.0,-199.875,260.375,0.017586712261846715
2018-03-26,462.5,463.75,451.25,454.25,65958,3,False,-6.0,-0.375,0.0,-199.875,254.375,-0.023043686989918433
2018-03-27,454.25,457.5,448.75,449.0,57977,3,False,-5.25,-4.75,0.0,-199.875,249.125,-0.02063882063882061
2018-03-28,449.5,452.5,444.5,445.5,55976,3,False,-3.5,0.125,0.0,-199.875,245.625,-0.014049172102358232
2018-03-29,447.5,455.75,441.5,451.0,89823,3,False,5.5,-4.125,0.0,-199.875,251.125,0.0223918575063613
2018-04-02,454.25,457.25,445.75,446.25,67069,4,False,-4.75,8.375,0.0,-199.875,246.375,-0.018914883026381335
2018-04-03,448.5,463.5,448.25,457.5,99826,4,False,11.25,-3.25,0.0,-199.875,257.625,0.04566210045662111
2018-04-04,457.0,461.5,447.0,455.75,94458,4,False,-1.75,10.125,0.0,-199.875,255.875,-0.006792819019893259
2018-04-05,458.0,466.0,456.5,464.75,73154,4,False,9.0,2.875,0.0,-199.875,264.875,0.03517342452369321
2018-04-06,461.5,472.75,459.25,472.25,76592,4,False,7.5,13.75,0.0,-199.875,272.375,0.028315243039169324
2018-04-09,478.0,493.75,474.75,490.75,133935,4,False,18.5,4.375,0.0,-199.875,290.875,0.06792106470858195
2018-04-10,492.0,494.0,481.75,492.0,130242,4,False,1.25,6.875,0.0,-199.875,292.125,0.0042973785990545466
2018-04-11,491.0,492.0,483.0,487.25,101287,4,False,-4.75,-2.5,0.0,-199.875,287.375,-0.016260162601625994
2018-04-12,483.5,484.75,474.75,481.0,80170,4,False,-6.25,-6.625,0.0,-199.875,281.125,-0.02174858634188781
2018-04-13,480.25,481.25,469.5,472.5,63766,4,False,-8.5,-8.25,0.0,-199.875,272.625,-0.030235660293463806
2018-04-16,466.5,470.25,461.5,462.25,81262,4,False,-10.25,-2.25,0.0,-199.875,262.375,-0.037597432370472306
2018-04-17,463.75,470.75,461.5,466.25,55331,4,False,4.0,-0.625,0.0,-199.875,266.375,0.015245354930919497
2018-04-18,466.25,476.0,465.5,475.25,51497,4,False,9.0,2.75,0.0,-199.875,275.375,0.03378695448146418
2018-04-19,477.5,480.0,471.75,476.75,43868,4,False,1.5,-2.25,0.0,-199.875,276.875,0.005447117566954152
2018-04-20,476.25,476.75,462.25,463.25,47332,4,False,-13.5,-0.125,0.0,-199.875,263.375,-0.04875846501128667
2018-04-23,464.25,469.0,458.75,461.5,56901,4,False,-1.75,-1.25,0.0,-199.875,261.625,-0.006644518272425293
2018-04-24,461.25,473.0,455.5,472.5,29307,4,False,11.0,6.0,0.0,-199.875,272.625,0.04204491161012891
2018-04-25,473.0,488.5,472.25,486.25,28837,4,False,13.75,2.75,0.0,-199.875,286.375,0.050435580009170033
2018-04-26,485.25,491.5,476.5,480.75,23003,4,False,-5.5,14.25,0.0,-199.875,280.875,-0.01920558707987774
2018-04-27,484.0,495.75,480.25,495.5,16632,4,False,14.75,5.75,0.0,-199.875,295.625,0.05251446372941704
2018-04-30,500.0,515.5,499.75,512.5,2353,4,False,17.0,16.0,0.0,-199.875,312.625,0.057505285412262186
2018-05-01,511.25,529.75,510.25,529.75,549,5,True,17.25,6.5,10.75,-210.625,319.125,0.020791683326669252
2018-05-02,525.0,533.25,522.5,525.75,170,5,False,-4.0,16.0,0.0,-210.625,315.125,-0.012534273403838614
2018-05-03,525.75,540.5,523.5,540.5,186,5,False,14.75,-8.5,0.0,-210.625,329.875,0.046806822689408945
2018-05-04,537.0,537.0,527.5,527.5,115,5,False,-13.0,0.625,0.0,-210.625,316.875,-0.039408866995073843
2018-05-07,515.0,515.0,514.0,514.0,72,5,False,-13.5,-4.625,0.0,-210.625,303.375,-0.04260355029585794
2018-05-08,515.5,517.75,515.5,517.75,7,5,False,3.75,-8.375,0.0,-210.625,307.125,0.012360939431396822
2018-05-09,508.0,514.5,508.0,514.5,30,5,False,-3.25,-1.5,0.0,-210.625,303.875,-0.010582010582010581
2018-05-10,515.75,515.75,507.75,507.75,56,5,False,-6.75,-10.75,0.0,-210.625,297.125,-0.02221308103661046
2018-05-11,489.5,489.5,489.5,489.5,25,5,False,-18.25,-7.875,0.0,-210.625,278.875,-0.06142196045435422
2018-05-14,479.25,480.5,479.25,480.5,66355,5,False,-9.0,-2.625,0.0,-210.625,269.875,-0.03227252353204846
2018-05-15,490.5,496.25,486.25,493.5,74723,5,False,13.0,-4.125,0.0,-210.625,282.875,0.048170449282075145
2018-05-16,493.75,498.75,491.0,494.25,56225,5,False,0.75,8.125,0.0,-210.625,283.625,0.002651347768448886
2018-05-17,496.0,505.0,495.0,497.5,68134,5,False,3.25,10.75,0.0,-210.625,286.875,0.011458792419568153
2018-05-18,497.5,518.75,495.25,518.25,98776,5,False,20.75,-3.875,0.0,-210.625,307.625,0.0723311546840959
2018-05-21,523.0,525.5,504.25,507.25,101857,5,False,-11.0,17.5,0.0,-210.625,296.625,-0.0357578220235677
2018-05-22,505.5,530.25,502.75,521.5,121340,5,False,14.25,-0.75,0.0,-210.625,310.875,0.048040455120101244
2018-05-23,520.75,531.75,517.25,531.0,91158,5,False,9.5,6.75,0.0,-210.625,320.375,0.03055890631282665
2018-05-24,531.0,545.25,529.25,530.25,136823,5,False,-0.75,11.125,0.0,-210.625,319.625,-0.002341006632852083
2018-05-25,530.0,544.75,528.25,543.0,86023,5,False,12.75,-3.625,0.0,-210.625,332.375,0.03989049667579203
2018-05-29,547.5,554.0,531.5,536.5,140350,5,False,-6.5,-0.875,0.0,-210.625,325.875,-0.019556224144415157
2018-05-30,534.75,534.75,516.5,522.0,106721,5,False,-14.5,-1.125,0.0,-210.625,311.375,-0.04449558879938631
2018-05-31,522.0,531.75,515.25,526.25,86994,5,False,4.25,-8.75,0.0,-210.625,315.625,0.013649136892814218
2018-06-01,524.5,528.0,518.25,523.25,84217,6,False,-3.0,-6.875,0.0,-210.625,312.625,-0.009504950495049513
2018-06-04,520.25,521.25,503.25,505.25,104589,6,False,-18.0,0.875,0.0,-210.625,294.625,-0.05757696921231503
2018-06-05,507.0,518.75,506.0,510.0,106924,6,False,4.75,-4.125,0.0,-210.625,299.375,0.01612218922358921
2018-06-06,509.75,531.25,507.5,519.75,102300,6,False,9.75,5.875,0.0,-210.625,309.125,0.03256784968684756
2018-06-07,522.25,537.0,519.25,526.75,121868,6,False,7.0,1.5,0.0,-210.625,316.125,0.022644561261625507
2018-06-08,528.25,533.5,513.25,520.0,128275,6,False,-6.75,0.75,0.0,-210.625,309.375,-0.02135231316725983
2018-06-11,520.0,528.25,511.75,514.5,95718,6,False,-5.5,6.625,0.0,-210.625,303.875,-0.01777777777777778
2018-06-12,514.75,538.25,510.25,534.5,145449,6,False,20.0,-11.75,0.0,-210.625,323.875,0.06581653640477181
2018-06-13,535.0,538.75,514.5,516.5,123831,6,False,-18.0,2.5,0.0,-210.625,305.875,-0.055576997298340425
2018-06-14,515.75,517.0,498.25,501.5,113599,6,False,-15.0,-10.0,0.0,-210.625,290.875,-0.04903964037597053
2018-06-15,515.75,517.0,487.0,499.5,98171,6,False,-2.0,-12.25,0.0,-210.625,288.875,-0.006875805758487341
2018-06-18,495.5,499.0,487.75,490.0,75216,6,False,-9.5,-7.125,0.0,-210.625,279.375,-0.0328861964517525
2018-06-19,489.5,490.5,467.5,477.75,102770,6,False,-12.25,0.5,0.0,-210.625,267.125,-0.04384787472035789
2018-06-20,477.75,490.0,474.75,488.25,55871,6,False,10.5,-2.625,0.0,-210.625,277.625,0.03930744033692091
2018-06-21,490.75,498.75,482.25,495.25,51246,6,False,7.0,3.25,0.0,-210.625,284.625,0.025213867627194908
2018-06-22,495.75,497.5,487.0,491.25,38618,6,False,-4.0,-3.75,0.0,-210.625,280.625,-0.014053579270970618
2018-06-25,490.25,491.0,473.75,476.75,28206,6,False,-14.5,-5.625,0.0,-210.625,266.125,-0.05167037861915369
2018-06-26,477.5,481.75,466.75,469.5,27495,6,False,-7.25,-2.25,0.0,-210.625,258.875,-0.027242837012682042
2018-06-27,470.0,482.25,468.75,479.5,30819,6,False,10.0,-3.625,0.0,-210.625,268.875,0.0386286817962338
2018-06-28,478.0,485.25,474.25,479.5,13880,6,False,0.0,14.0,0.0,-210.625,268.875,0.0
2018-06-29,479.5,504.0,479.5,497.5,2486,6,False,18.0,-8.625,0.0,-210.625,286.875,0.06694560669456062
2018-07-02,497.25,505.0,477.25,480.25,881,7,True,-17.25,14.625,-31.875,-178.75,301.5,0.050980392156862786
2018-07-03,480.75,495.0,480.5,491.5,0,7,False,11.25,-2.375,0.0,-178.75,312.75,0.03731343283582089
2018-07-05,507.0,508.75,503.25,504.0,166,7,False,12.5,10.0,0.0,-178.75,325.25,0.03996802557953627
2018-07-06,500.25,513.25,500.25,512.75,161,7,False,8.75,3.75,0.0,-178.75,334.0,0.02690238278247503
2018-07-09,509.5,509.75,504.25,507.75,55,7,False,-5.0,-4.75,0.0,-178.75,329.0,-0.014970059880239472
2018-07-10,503.0,503.0,485.75,489.5,51,7,False,-18.25,-12.375,0.0,-178.75,310.75,-0.05547112462006076
2018-07-11,469.75,469.75,469.75,469.75,14,7,False,-19.75,-2.75,0.0,-178.75,291.0,-0.06355591311343523
2018-07-12,484.25,484.25,482.5,482.5,74,7,False,12.75,-10.375,0.0,-178.75,303.75,0.04381443298969079
2018-07-13,478.0,481.5,478.0,481.5,81163,7,False,-1.0,9.875,0.0,-178.75,302.75,-0.003292181069958877
2018-07-16,495.25,498.5,486.75,488.5,62009,7,False,7.0,4.125,0.0,-178.75,309.75,0.023121387283236983
2018-07-17,491.0,504.25,487.75,497.75,70281,7,False,9.25,1.875,0.0,-178.75,319.0,0.02986279257465707
2018-07-18,498.25,505.0,493.75,494.5,54257,7,False,-3.25,9.5,0.0,-178.75,315.75,-0.010188087774294696
2018-07-19,493.75,505.75,490.25,504.25,57474,7,False,9.75,4.25,0.0,-178.75,325.5,0.030878859857482288
2018-07-20,503.5,519.75,503.0,516.0,76739,7,False,11.75,3.75,0.0,-178.75,337.25,0.036098310291858615
2018-07-23,518.0,522.5,512.0,513.75,74226,7,False,-2.25,4.125,0.0,-178.75,335.0,-0.006671608598962209
2018-07-24,511.5,516.25,505.25,510.25,66279,7,False,-3.5,15.125,0.0,-178.75,331.5,-0.010447761194029903
2018-07-25,511.5,545.25,511.25,542.75,145913,7,False,32.5,-4.875,0.0,-178.75,364.0,0.0980392156862746
2018-07-26,544.75,553.75,532.0,536.5,128991,7,False,-6.25,13.25,0.0,-178.75,357.75,-0.01717032967032972
2018-07-27,536.0,542.0,525.25,530.5,94998,7,False,-6.0,4.875,0.0,-178.75,351.75,-0.016771488469601636
2018-07-30,533.5,551.75,532.75,546.5,72662,7,False,16.0,0.625,0.0,-178.75,367.75,0.04548685145700082
2018-07-31,545.5,565.0,540.5,553.75,97008,7,False,7.25,10.25,0.0,-178.75,375.0,0.01971447994561526
2018-08-01,555.25,566.0,550.75,558.25,100631,8,False,4.5,4.75,0.0,-178.75,379.5,0.01200000000000001
2018-08-02,559.5,593.0,559.0,560.5,150993,8,False,2.25,0.125,0.0,-178.75,381.75,0.005928853754940677
2018-08-03,563.25,567.75,554.0,556.25,78469,8,False,-4.25,10.25,0.0,-178.75,377.5,-0.01113294040602486
2018-08-06,555.0,576.25,551.5,574.5,75848,8,False,18.25,-5.25,0.0,-178.75,395.75,0.048344370860927244
2018-08-07,575.25,586.25,564.0,568.25,106029,8,False,-6.25,10.0,0.0,-178.75,389.5,-0.015792798483891368
2018-08-08,569.75,578.0,564.5,570.0,91814,8,False,1.75,-5.875,0.0,-178.75,391.25,0.00449293966623876
2018-08-09,570.5,573.75,561.75,564.5,87215,8,False,-5.5,-8.0,0.0,-178.75,385.75,-0.014057507987220497
2018-08-10,564.75,574.0,545.75,546.75,113918,8,False,-17.75,-9.375,0.0,-178.75,368.0,-0.04601425793907976
2018-08-13,546.5,549.75,530.5,533.5,94158,8,False,-13.25,-4.75,0.0,-178.75,354.75,-0.03600543478260865
2018-08-14,534.75,544.25,532.25,541.75,58391,8,False,8.25,-11.375,0.0,-178.75,363.0,0.023255813953488413
2018-08-15,541.0,542.75,528.25,532.25,70666,8,False,-9.5,9.125,0.0,-178.75,353.5,-0.026170798898071612
2018-08-16,532.5,547.75,531.0,542.25,45520,8,False,10.0,4.375,0.0,-178.75,363.5,0.028288543140028377
2018-08-17,542.25,563.0,535.0,560.5,66479,8,False,18.25,-4.125,0.0,-178.75,381.75,0.05020632737276487
2018-08-20,562.0,562.75,540.75,542.25,42927,8,False,-18.25,1.625,0.0,-178.75,363.5,-0.047806155861165656
2018-08-21,544.0,544.25,526.25,527.25,38076,8,False,-15.0,-9.75,0.0,-178.75,348.5,-0.04126547455295737
2018-08-22,526.5,533.0,520.5,526.0,35802,8,False,-1.25,-9.5,0.0,-178.75,347.25,-0.0035868005738880493
2018-08-23,529.0,535.5,515.5,522.0,35630,8,False,-4.0,-4.25,0.0,-178.75,343.25,-0.011519078473722133
2018-08-24,522.0,522.0,513.0,514.75,52011,8,False,-7.25,-9.75,0.0,-178.75,336.0,-0.02112163146394752
2018-08-27,513.75,513.75,499.0,499.25,23190,8,False,-15.5,-4.125,0.0,-178.75,320.5,-0.04613095238095233
2018-08-28,500.25,504.25,494.75,498.25,22072,8,False,-1.0,1.0,0.0,-178.75,319.5,-0.0031201248049922414
2018-08-29,498.0,520.0,496.0,515.75,21637,8,False,17.5,-4.375,0.0,-178.75,337.0,0.05477308294209693
2018-08-30,517.5,525.0,502.5,508.0,15482,8,False,-7.75,14.0,0.0,-178.75,329.25,-0.022997032640949544
2018-08-31,509.5,522.25,509.5,518.5,0,8,False,10.5,-11.75,0.0,-178.75,339.75,0.03189066059225509
2018-09-04,507.25,507.25,491.75,502.75,2246,9,True,-15.75,0.75,-16.5,-162.25,340.5,0.002207505518763808
2018-09-05,501.0,507.5,493.75,493.75,839,9,False,-9.0,-11.75,0.0,-162.25,331.5,-0.026431718061673992
2018-09-06,490.0,492.25,486.0,486.0,243,9,False,-7.75,-4.375,0.0,-162.25,323.75,-0.023378582202111642
2018-09-07,487.0,487.25,486.25,486.25,98,9,False,0.25,5.0,0.0,-162.25,324.0,0.0007722007722008595
2018-09-10,488.0,504.0,488.0,504.0,49,9,False,17.75,-5.0,0.0,-162.25,341.75,0.05478395061728403
2018-09-11,497.25,497.25,493.75,493.75,1,9,False,-10.25,2.875,0.0,-162.25,331.5,-0.029992684711046103
2018-09-12,500.5,503.5,478.0,481.75,28,9,False,-12.0,-10.125,0.0,-162.25,319.5,-0.03619909502262442
2018-09-13,473.0,473.0,471.75,471.75,2,9,False,-10.0,-1.875,0.0,-162.25,309.5,-0.031298904538341166
2018-09-14,478.5,480.0,478.5,480.0,86639,9,False,8.25,8.125,0.0,-162.25,317.75,0.026655896607431284
2018-09-17,513.5,517.75,505.5,506.25,72042,9,False,26.25,6.25,0.0,-162.25,344.0,0.082612116443745
2018-09-18,506.25,514.25,506.25,510.5,58176,9,False,4.25,19.125,0.0,-162.25,348.25,0.012354651162790775
2018-09-19,511.0,523.25,510.5,522.5,59629,9,False,12.0,2.875,0.0,-162.25,360.25,0.034458004307250434
2018-09-20,523.0,525.75,516.0,524.0,58421,9,False,1.5,4.875,0.0,-162.25,361.75,0.004163775156141636
2018-09-21,521.0,524.25,515.0,521.75,43332,9,False,-2.25,3.375,0.0,-162.25,359.5,-0.006219765031098778
2018-09-24,522.0,531.25,520.0,527.0,55279,9,False,5.25,-4.25,0.0,-162.25,364.75,0.014603616133518793
2018-09-25,525.25,525.75,516.25,520.75,62771,9,False,-6.25,1.0,0.0,-162.25,358.5,-0.01713502398903355
2018-09-26,521.25,527.0,516.75,517.5,46386,9,False,-3.25,-5.375,0.0,-162.25,355.25,-0.009065550906555142
2018-09-27,517.75,522.0,511.25,513.0,58588,9,False,-4.5,-3.625,0.0,-162.25,350.75,-0.012667135819845132
2018-09-28,513.0,518.0,505.5,509.0,74077,9,False,-4.0,-2.0,0.0,-162.25,346.75,-0.011404133998574428
2018-10-01,510.0,515.25,505.5,509.5,69142,10,False,0.5,2.875,0.0,-162.25,347.25,0.0014419610670513006
2018-10-02,510.5,524.75,505.25,519.25,92439,10,False,9.75,-1.75,0.0,-162.25,357.0,0.02807775377969768
2018-10-03,521.25,527.25,514.25,515.25,65957,10,False,-4.0,6.25,0.0,-162.25,353.0,-0.011204481792717047
2018-10-04,515.75,520.75,513.75,518.0,53592,10,False,2.75,-0.5,0.0,-162.25,355.75,0.007790368271954673
2018-10-05,518.0,524.5,517.25,521.0,49345,10,False,3.0,-2.125,0.0,-162.25,358.75,0.008432888264230609
2018-10-08,524.0,525.5,512.75,514.0,54161,10,False,-7.0,2.0,0.0,-162.25,351.75,-0.019512195121951237
2018-10-09,513.5,520.5,511.25,515.0,47599,10,False,1.0,-5.75,0.0,-162.25,352.75,0.002842928216062468
2018-10-10,516.75,518.0,510.25,510.5,42673,10,False,-4.5,-0.75,0.0,-162.25,348.25,-0.01275690999291279
2018-10-11,510.75,521.0,506.5,508.0,71251,10,False,-2.5,2.375,0.0,-162.25,345.75,-0.007178750897343877
2018-10-12,507.75,519.0,507.25,517.25,54233,10,False,9.25,2.625,0.0,-162.25,355.0,0.026753434562545086
2018-10-15,518.5,526.0,514.75,525.0,53487,10,False,7.75,3.875,0.0,-162.25,362.75,0.02183098591549304
2018-10-16,525.75,527.0,521.0,523.5,50816,10,False,-1.5,0.875,0.0,-162.25,361.25,-0.004135079255685681
2018-10-17,524.0,524.5,516.0,517.5,39427,10,False,-6.0,-3.0,0.0,-162.25,355.25,-0.01660899653979242
2018-10-18,516.0,519.5,511.0,513.0,42084,10,False,-4.5,-2.125,0.0,-162.25,350.75,-0.012667135819845132
2018-10-19,513.0,518.5,510.75,514.75,45873,10,False,1.75,-5.625,0.0,-162.25,352.5,0.0049893086243764095
2018-10-22,514.0,514.25,507.25,508.0,47980,10,False,-6.75,1.375,0.0,-162.25,345.75,-0.019148936170212738
2018-10-23,508.0,511.25,505.25,509.0,47851,10,False,1.0,-8.125,0.0,-162.25,346.75,0.002892263195950928
2018-10-24,510.0,510.75,496.75,499.5,76184,10,False,-9.5,-5.625,0.0,-162.25,337.25,-0.0273972602739726
2018-10-25,499.75,499.75,485.5,487.25,84387,10,False,-12.25,4.25,0.0,-162.25,325.0,-0.036323202372127494
2018-10-26,487.25,506.75,486.75,505.25,143195,10,False,18.0,-5.125,0.0,-162.25,343.0,0.055384615384615365
2018-10-29,510.25,515.0,502.75,507.25,66037,10,False,2.0,5.25,0.0,-162.25,345.0,0.005830903790087438
2018-10-30,505.5,507.5,497.0,499.75,69051,10,False,-7.5,1.375,0.0,-162.25,337.5,-0.021739130434782594
2018-10-31,499.75,501.75,490.0,500.5,82416,10,False,0.75,0.0,0.0,-162.25,338.25,0.0022222222222221255
2018-11-01,500.5,510.0,500.5,508.0,85216,11,False,7.5,0.75,0.0,-162.25,345.75,0.022172949002217335
2018-11-02,507.0,509.75,502.75,508.75,56556,11,False,0.75,3.0,0.0,-162.25,346.5,0.002169197396963085
2018-11-05,511.25,512.25,503.75,507.25,54254,11,False,-1.5,2.75,0.0,-162.25,345.0,-0.0043290043290042934
2018-11-06,507.25,514.0,505.5,512.0,51325,11,False,4.75,-1.625,0.0,-162.25,349.75,0.013768115942029091
2018-11-07,512.5,514.25,507.25,510.25,70287,11,False,-1.75,1.125,0.0,-162.25,348.0,-0.005003573981415266
2018-11-08,509.5,517.0,503.25,507.75,110059,11,False,-2.5,-3.75,0.0,-162.25,345.5,-0.007183908045977017
2018-11-09,507.5,508.0,500.75,502.0,92760,11,False,-5.75,7.625,0.0,-162.25,339.75,-0.01664254703328505
2018-11-12,502.5,520.75,501.25,519.75,115466,11,False,17.75,-8.875,0.0,-162.25,357.5,0.05224429727740976
2018-11-13,518.25,520.75,506.0,507.75,104436,11,False,-12.0,6.5,0.0,-162.25,345.5,-0.03356643356643352
2018-11-14,507.75,511.0,501.0,503.0,80899,11,False,-4.75,-4.75,0.0,-162.25,340.75,-0.01374819102749636
2018-11-15,503.0,509.0,503.0,505.5,71987,11,False,2.5,-1.75,0.0,-162.25,343.25,0.007336757153338258
2018-11-16,505.25,508.75,502.75,506.75,41461,11,False,1.25,-2.875,0.0,-162.25,344.5,0.0036416605972322547
2018-11-19,506.5,507.25,496.0,498.5,51159,11,False,-8.25,1.75,0.0,-162.25,336.25,-0.02394775036284469
2018-11-20,497.5,502.5,495.5,500.75,39183,11,False,2.25,-5.125,0.0,-162.25,338.5,0.006691449814126393
2018-11-21,500.5,504.25,497.75,498.75,30005,11,False,-2.0,1.625,0.0,-162.25,336.5,-0.005908419497784312
2018-11-23,500.75,507.5,499.0,499.75,49829,11,False,1.0,2.875,0.0,-162.25,337.5,0.002971768202080227
2018-11-26,503.0,508.0,501.75,507.5,39278,11,False,7.75,-4.25,0.0,-162.25,345.25,0.022962962962963074
2018-11-27,506.75,510.0,497.5,498.0,27085,11,False,-9.5,3.625,0.0,-162.25,335.75,-0.027516292541636456
2018-11-28,497.25,501.0,494.75,497.5,20279,11,False,-0.5,-5.25,0.0,-162.25,335.25,-0.0014892032762472418
2018-11-29,497.75,501.5,492.0,496.5,16126,11,False,-1.0,9.375,0.0,-162.25,334.25,-0.002982848620432521
2018-11-30,497.25,517.75,497.25,515.75,2386,11,False,19.25,-0.5,0.0,-162.25,353.5,0.05759162303664911
2018-12-03,524.25,525.25,514.0,515.75,2392,12,True,0.0,11.375,-11.375,-150.875,364.875,0.03217821782178221
2018-12-04,514.75,520.75,514.75,519.25,325,12,False,3.5,-7.0,0.0,-150.875,368.375,0.00959232613908867
2018-12-06,510.0,510.0,499.5,505.25,516,12,False,-14.0,8.875,0.0,-150.875,354.375,-0.038004750593824244
2018-12-07,505.25,519.5,505.25,519.5,59,12,False,14.25,-9.375,0.0,-150.875,368.625,0.04021164021164014
2018-12-10,522.75,522.75,514.75,514.75,12,12,False,-4.75,4.625,0.0,-150.875,363.875,-0.012885723974228602
2018-12-11,511.0,511.0,509.75,509.75,5,12,False,-5.0,0.375,0.0,-150.875,358.875,-0.013740982480247355
2018-12-12,520.75,520.75,515.25,515.25,12,12,False,5.5,3.75,0.0,-150.875,364.375,0.015325670498084198
2018-12-13,526.25,527.75,526.25,527.75,43,12,False,12.5,2.75,0.0,-150.875,376.875,0.03430531732418518
2018-12-14,527.75,527.75,527.75,527.75,50289,12,False,0.0,10.0,0.0,-150.875,376.875,0.0
2018-12-17,531.0,537.5,530.0,535.25,37079,12,False,7.5,-1.25,0.0,-150.875,384.375,0.01990049751243772
2018-12-18,534.0,536.0,530.0,532.75,40246,12,False,-2.5,-1.375,0.0,-150.875,381.875,-0.006504065040650375
2018-12-19,532.75,533.0,521.5,522.5,49708,12,False,-10.25,-0.75,0.0,-150.875,371.625,-0.026841243862520403
2018-12-20,524.0,527.75,521.25,523.5,45087,12,False,1.0,-9.875,0.0,-150.875,372.625,0.002690884628321566
2018-12-21,522.0,524.0,512.25,514.0,62687,12,False,-9.5,1.75,0.0,-150.875,363.125,-0.025494800402549478
2018-12-24,512.0,518.0,511.0,516.5,22528,12,False,2.5,-8.0,0.0,-150.875,365.625,0.0068846815834766595
2018-12-26,516.0,520.75,509.0,510.0,32515,12,False,-6.5,1.5,0.0,-150.875,359.125,-0.01777777777777778
2018-12-27,511.5,513.0,507.25,510.5,32657,12,False,0.5,-2.75,0.0,-150.875,359.625,0.0013922728854856015
2018-12-28,511.75,514.0,509.5,511.5,25157,12,False,1.0,-3.875,0.0,-150.875,360.625,0.0027806743135210255
2018-12-31,512.75,513.5,503.0,503.25,41278,12,False,-8.25,2.25,0.0,-150.875,352.375,-0.022876949740034624
2019-01-02,502.5,510.75,501.25,506.75,46442,1,False,3.5,-0.625,0.0,-150.875,355.875,0.00993260021284148
2019-01-03,506.75,516.0,506.0,513.75,48800,1,False,7.0,3.375,0.0,-150.875,362.875,0.019669827889005953
2019-01-04,513.75,518.75,513.0,517.0,44054,1,False,3.25,3.375,0.0,-150.875,366.125,0.008956252152945154
2019-01-07,518.0,518.5,513.5,516.75,41549,1,False,-0.25,2.125,0.0,-150.875,365.875,-0.0006828269033799517
2019-01-08,516.5,524.5,513.75,517.75,71731,1,False,1.0,1.0,0.0,-150.875,366.875,0.0027331738981892784
2019-01-09,519.75,523.75,518.25,520.0,57344,1,False,2.25,-2.625,0.0,-150.875,369.125,0.006132879045996686
2019-01-10,519.5,520.25,512.0,513.75,59321,1,False,-6.25,4.0,0.0,-150.875,362.875,-0.016931933626820217
2019-01-11,513.75,523.75,512.75,519.5,73285,1,False,5.75,-5.75,0.0,-150.875,368.625,0.015845676885980042
2019-01-14,520.0,523.5,513.25,514.25,49124,1,False,-5.25,1.25,0.0,-150.875,363.375,-0.014242115971515812
2019-01-15,514.75,518.25,508.0,511.0,55274,1,False,-3.25,-1.875,0.0,-150.875,360.125,-0.008943928448572391
2019-01-16,511.0,516.75,511.0,512.5,43239,1,False,1.5,1.0,0.0,-150.875,361.625,0.004165220409580117
2019-01-17,511.5,522.5,509.0,517.75,65567,1,False,5.25,0.75,0.0,-150.875,366.875,0.014517801590044899
2019-01-18,519.75,522.75,515.25,517.75,50525,1,False,0.0,4.375,0.0,-150.875,366.875,0.0
2019-01-22,518.0,526.0,514.25,521.25,75782,1,False,3.5,2.375,0.0,-150.875,370.375,0.009540034071550352
2019-01-23,522.5,527.0,521.75,526.0,45101,1,False,4.75,-0.5,0.0,-150.875,375.125,0.012824839689503875
2019-01-24,527.0,529.0,521.0,521.5,50940,1,False,-4.5,1.625,0.0,-150.875,370.625,-0.011996001332889028
2019-01-25,520.5,523.0,516.75,520.0,51098,1,False,-1.5,-2.875,0.0,-150.875,369.125,-0.004047217537942682
2019-01-28,520.75,523.5,516.0,518.75,44012,1,False,-1.25,-3.5,0.0,-150.875,367.875,-0.0033863867253640656
2019-01-29,517.75,522.0,510.75,513.25,77727,1,False,-5.5,1.125,0.0,-150.875,362.375,-0.014950730547060864
2019-01-30,513.25,518.0,511.75,516.75,46572,1,False,3.5,-2.875,0.0,-150.875,365.875,0.00965850293204551
2019-01-31,517.75,520.0,513.5,516.5,56309,1,False,-0.25,5.625,0.0,-150.875,365.625,-0.0006832934745473196
2019-02-01,515.75,526.5,515.25,524.25,83420,2,False,7.75,0.625,0.0,-150.875,373.375,0.0211965811965813
2019-02-04,524.75,529.0,521.25,525.75,74705,2,False,1.5,4.625,0.0,-150.875,374.875,0.00401740877134249
2019-02-05,525.25,528.25,520.5,527.25,73338,2,False,1.5,0.125,0.0,-150.875,376.375,0.004001333777925886
2019-02-06,527.0,531.25,524.25,526.0,73137,2,False,-1.25,-5.625,0.0,-150.875,375.125,-0.0033211557622052634
2019-02-07,525.25,525.25,512.5,513.25,112345,2,False,-12.75,1.375,0.0,-150.875,362.375,-0.03398867044318565
2019-02-08,514.75,522.25,513.5,517.25,112341,2,False,4.0,-5.875,0.0,-150.875,366.375,0.011038289065194995
2019-02-11,517.25,519.0,512.0,518.25,85556,2,False,1.0,2.875,0.0,-150.875,367.375,0.0027294438758103112
2019-02-12,518.5,520.75,514.5,520.0,82836,2,False,1.75,1.625,0.0,-150.875,369.125,0.0047635250085062975
2019-02-13,519.75,524.0,518.75,522.25,74961,2,False,2.25,-6.75,0.0,-150.875,371.375,0.006095496105655185
2019-02-14,521.5,522.5,506.0,507.0,103160,2,False,-15.25,-0.25,0.0,-150.875,356.125,-0.04106361494446309
2019-02-15,507.75,508.75,499.25,504.25,79764,2,False,-2.75,-14.875,0.0,-150.875,353.375,-0.007722007722007707
2019-02-19,502.5,505.25,488.5,489.75,74208,2,False,-14.5,-5.875,0.0,-150.875,338.875,-0.041032897064025464
2019-02-20,490.0,493.5,475.75,480.75,78091,2,False,-9.0,-4.375,0.0,-150.875,329.875,-0.02655846551088159
2019-02-21,480.5,491.5,480.25,486.5,49588,2,False,5.75,-4.375,0.0,-150.875,335.625,0.017430845017051944
2019-02-22,488.5,493.0,484.5,486.75,50629,2,False,0.25,-7.125,0.0,-150.875,335.875,0.0007448789571695702
2019-02-25,489.75,490.0,466.25,466.75,45912,2,False,-20.0,-3.125,0.0,-150.875,315.875,-0.059545962039449174
2019-02-26,467.0,468.0,456.25,460.25,35046,2,False,-6.5,-9.625,0.0,-150.875,309.375,-0.020577760189948502
2019-02-27,460.25,467.75,458.25,461.0,15757,2,False,0.75,-7.5,0.0,-150.875,310.125,0.00242424242424244
2019-02-28,460.25,460.5,452.25,452.5,4222,2,False,-8.5,1.125,0.0,-150.875,301.625,-0.027408303103587217
2019-03-01,452.5,457.75,440.5,454.0,2211,3,True,1.5,-7.875,9.375,-160.25,293.75,-0.02610857853294657
2019-03-04,454.75,454.75,446.0,446.75,883,3,False,-7.25,4.5,0.0,-160.25,286.5,-0.02468085106382978
2019-03-05,446.0,454.25,446.0,454.25,328,3,False,7.5,-10.5,0.0,-160.25,294.0,0.02617801047120416
2019-03-06,449.25,450.5,440.5,440.5,151,3,False,-13.75,-0.75,0.0,-160.25,280.25,-0.04676870748299322
2019-03-07,435.25,437.25,431.5,431.5,69,3,False,-9.0,-6.25,0.0,-160.25,271.25,-0.03211418376449604
2019-03-08,435.5,437.0,432.75,432.75,31,3,False,1.25,-9.75,0.0,-160.25,272.5,0.004608294930875667
2019-03-11,430.25,430.25,422.25,422.25,32,3,False,-10.5,12.625,0.0,-160.25,262.0,-0.038532110091743066
2019-03-12,424.0,446.25,424.0,446.25,19,3,False,24.0,-8.25,0.0,-160.25,286.0,0.09160305343511443
2019-03-13,439.75,441.5,439.75,440.25,10,3,False,-6.0,16.0,0.0,-160.25,280.0,-0.020979020979020935
2019-03-14,448.25,448.25,448.25,448.25,82961,3,False,8.0,4.0,0.0,-160.25,288.0,0.02857142857142847
2019-03-15,452.5,463.0,448.5,462.25,67723,3,False,14.0,1.25,0.0,-160.25,302.0,0.04861111111111116
2019-03-18,463.25,464.0,454.5,456.75,58389,3,False,-5.5,6.875,0.0,-160.25,296.5,-0.018211920529801362
2019-03-19,458.5,462.5,453.75,456.5,53498,3,False,-0.25,1.375,0.0,-160.25,296.25,-0.000843170320404707
2019-03-20,456.75,465.0,454.75,464.75,53591,3,False,8.25,0.75,0.0,-160.25,304.5,0.02784810126582271
2019-03-21,464.5,467.5,458.0,466.5,62807,3,False,1.75,3.875,0.0,-160.25,306.25,0.005747126436781658
2019-03-22,465.5,473.75,463.75,466.0,73007,3,False,-0.5,2.625,0.0,-160.25,305.75,-0.0016326530612245094
2019-03-25,466.5,471.75,463.0,469.5,59710,3,False,3.5,-0.375,0.0,-160.25,309.25,0.011447260834014816
2019-03-26,470.0,478.0,467.0,469.25,83738,3,False,-0.25,1.875,0.0,-160.25,309.0,-0.0008084074373484462
2019-03-27,470.0,471.75,466.5,469.5,61160,3,False,0.25,-2.625,0.0,-160.25,309.25,0.0008090614886731018
2019-03-28,468.5,469.25,459.5,464.5,49566,3,False,-5.0,-3.25,0.0,-160.25,304.25,-0.01616814874696848
2019-03-29,463.75,464.75,452.5,457.75,72175,3,False,-6.75,0.0,0.0,-160.25,297.5,-0.022185702547247277
2019-04-01,459.5,468.25,456.0,462.75,61267,4,False,5.0,-2.75,0.0,-160.25,302.5,0.01680672268907557
2019-04-02,463.5,465.75,456.0,464.0,48157,4,False,1.25,6.0,0.0,-160.25,303.75,0.004132231404958775
2019-04-03,463.0,472.75,463.0,471.0,61886,4,False,7.0,0.5,0.0,-160.25,310.75,0.023045267489711918
2019-04-04,471.0,477.5,468.0,470.75,70274,4,False,-0.25,2.0,0.0,-160.25,310.5,-0.0008045052292839916
2019-04-05,469.0,469.5,464.25,467.75,89210,4,False,-3.0,-1.375,0.0,-160.25,307.5,-0.009661835748792313
2019-04-08,467.25,471.0,461.75,465.25,83285,4,False,-2.5,-4.375,0.0,-160.25,305.0,-0.008130081300813052
2019-04-09,462.0,462.5,456.25,459.5,89059,4,False,-5.75,-2.0,0.0,-160.25,299.25,-0.01885245901639343
2019-04-10,459.0,461.75,455.5,458.0,65278,4,False,-1.5,-1.625,0.0,-160.25,297.75,-0.005012531328320802
2019-04-11,457.0,462.5,456.75,460.5,78538,4,False,2.5,1.25,0.0,-160.25,300.25,0.008396305625524736
2019-04-12,462.0,465.25,457.5,464.5,64972,4,False,4.0,-1.25,0.0,-160.25,304.25,0.013322231473771762
2019-04-15,463.75,464.0,457.75,459.5,79730,4,False,-5.0,-5.25,0.0,-160.25,299.25,-0.016433853738701765
2019-04-16,458.75,460.25,442.25,445.0,90378,4,False,-14.5,-1.5,0.0,-160.25,284.75,-0.04845446950710108
2019-04-17,446.5,450.0,444.75,447.0,42630,4,False,2.0,-8.625,0.0,-160.25,286.75,0.0070237050043897575
2019-04-18,447.25,448.25,439.25,444.25,44044,4,False,-2.75,-3.25,0.0,-160.25,284.0,-0.009590235396687019
2019-04-22,444.25,444.25,435.25,435.75,39274,4,False,-8.5,0.125,0.0,-160.25,275.5,-0.029929577464788748
2019-04-23,435.25,441.25,433.0,438.75,47314,4,False,3.0,-7.5,0.0,-160.25,278.5,0.010889292196007316
2019-04-24,438.0,439.5,429.75,432.25,37323,4,False,-6.5,2.75,0.0,-160.25,272.0,-0.02333931777378817
2019-04-25,430.75,437.5,428.25,434.75,37526,4,False,2.5,-3.125,0.0,-160.25,274.5,0.009191176470588314
2019-04-26,433.5,439.0,433.25,435.0,31927,4,False,0.25,-2.875,0.0,-160.25,274.75,0.0009107468123861207
2019-04-29,436.25,439.75,425.0,426.75,31183,4,False,-8.25,-4.0,0.0,-160.25,266.5,-0.030027297543221088
2019-04-30,424.0,426.0,416.25,418.5,5053,4,False,-8.25,-0.875,0.0,-160.25,258.25,-0.030956848030018747
2019-05-01,420.0,426.25,420.0,425.0,849,5,True,6.5,0.0,6.5,-166.75,258.25,0.0
2019-05-02,428.5,438.25,428.25,433.25,277,5,False,8.25,0.625,0.0,-166.75,266.5,0.0319457889641821
2019-05-03,427.5,428.0,427.0,428.0,113,5,False,-5.25,4.125,0.0,-166.75,261.25,-0.019699812382739212
2019-05-06,424.75,428.0,424.75,428.0,33,5,False,0.0,-1.375,0.0,-166.75,261.25,0.0
2019-05-07,422.75,432.0,422.75,430.5,88,5,False,2.5,0.375,0.0,-166.75,263.75,0.009569377990430672
2019-05-08,430.0,431.25,430.0,431.25,48,5,False,0.75,-3.5,0.0,-166.75,264.5,0.0028436018957345155
2019-05-09,425.5,425.5,421.75,421.75,18,5,False,-9.5,-1.0,0.0,-166.75,255.0,-0.03591682419659736
2019-05-10,420.5,420.5,419.0,419.0,197,5,False,-2.75,1.375,0.0,-166.75,252.25,-0.010784313725490158
2019-05-13,422.75,431.25,422.75,431.25,237,5,False,12.25,2.625,0.0,-166.75,264.5,0.04856293359762143
2019-05-14,439.25,439.25,439.25,439.25,66451,5,False,8.0,10.875,0.0,-166.75,272.5,0.030245746691871522
2019-05-15,451.5,464.0,447.0,448.75,85023,5,False,9.5,13.125,0.0,-166.75,282.0,0.034862385321100975
2019-05-16,446.25,468.5,446.25,467.0,75268,5,False,18.25,3.75,0.0,-166.75,300.25,0.06471631205673756
2019-05-17,469.0,473.25,462.5,465.0,74170,5,False,-2.0,15.75,0.0,-166.75,298.25,-0.006661115736885881
2019-05-20,469.75,484.0,468.0,478.25,86583,5,False,13.25,-0.75,0.0,-166.75,311.5,0.04442581726739303
2019-05-21,486.25,492.75,474.0,478.75,99488,5,False,0.5,3.625,0.0,-166.75,312.0,0.0016051364365972098
2019-05-22,475.75,481.0,468.5,472.75,65945,5,False,-6.0,-1.0,0.0,-166.75,306.0,-0.019230769230769273
2019-05-23,473.0,485.5,466.25,470.25,78862,5,False,-2.5,6.625,0.0,-166.75,303.5,-0.008169934640522847
2019-05-24,469.75,490.75,467.25,489.5,74194,5,False,19.25,6.375,0.0,-166.75,322.75,0.06342668863261935
2019-05-28,495.0,509.25,494.5,504.75,107854,5,False,15.25,2.5,0.0,-166.75,338.0,0.047250193648334715
2019-05-29,515.0,521.75,487.5,490.5,126551,5,False,-14.25,19.625,0.0,-166.75,323.75,-0.04215976331360949
2019-05-30,488.75,515.0,482.0,514.5,101106,5,False,24.0,-12.875,0.0,-166.75,347.75,0.07413127413127407
2019-05-31,514.5,520.0,500.75,503.0,107970,5,False,-11.5,20.375,0.0,-166.75,336.25,-0.033069734004313456
2019-06-03,505.75,522.75,503.0,519.75,92329,6,False,16.75,-12.0,0.0,-166.75,353.0,0.04981412639405214
2019-06-04,526.0,529.0,501.25,507.25,116942,6,False,-12.5,0.125,0.0,-166.75,340.5,-0.03541076487252126
2019-06-05,507.0,508.5,488.5,490.75,95346,6,False,-16.5,3.375,0.0,-166.75,324.0,-0.048458149779735726
2019-06-06,492.0,514.0,487.75,510.0,126522,6,False,19.25,-11.0,0.0,-166.75,343.25,0.05941358024691357
2019-06-07,511.0,512.75,502.0,504.5,95648,6,False,-5.5,11.125,0.0,-166.75,337.75,-0.016023306627822254
2019-06-10,505.25,508.5,493.25,507.5,70587,6,False,3.0,2.5,0.0,-166.75,340.75,0.00888230940044421
2019-06-11,504.0,518.75,500.25,518.0,93396,6,False,10.5,5.625,0.0,-166.75,351.25,0.030814380044020595
2019-06-12,519.75,528.0,513.0,526.25,98892,6,False,8.25,9.875,0.0,-166.75,359.5,0.02348754448398571
2019-06-13,526.0,536.5,524.75,535.5,80265,6,False,9.25,5.625,0.0,-166.75,368.75,0.025730180806675884
2019-06-14,535.5,544.0,530.75,538.5,80190,6,False,3.0,5.125,0.0,-166.75,371.75,0.008135593220339077
2019-06-17,540.25,549.25,537.5,539.5,66171,6,False,1.0,-2.5,0.0,-166.75,372.75,0.0026899798251514007
2019-06-18,539.75,541.0,525.25,531.5,62463,6,False,-8.0,-4.125,0.0,-166.75,364.75,-0.021462105969148215
2019-06-19,530.25,531.0,514.25,522.25,73042,6,False,-9.25,-1.875,0.0,-166.75,355.5,-0.025359835503769745
2019-06-20,520.75,529.0,515.5,526.5,43107,6,False,4.25,-4.875,0.0,-166.75,359.75,0.011954992967651235
2019-06-21,527.5,529.75,523.0,526.0,43124,6,False,-0.5,8.125,0.0,-166.75,359.25,-0.001389854065323104
2019-06-24,526.0,540.0,522.25,538.0,35347,6,False,12.0,-1.375,0.0,-166.75,371.25,0.03340292275574108
2019-06-25,540.25,545.5,534.0,535.75,35004,6,False,-2.25,10.0,0.0,-166.75,369.0,-0.0060606060606061
2019-06-26,535.5,545.25,532.25,543.75,38785,6,False,8.0,0.75,0.0,-166.75,377.0,0.021680216802167918
2019-06-27,545.25,555.25,541.25,547.5,19412,6,False,3.75,-5.75,0.0,-166.75,380.75,0.009946949602122057
2019-06-28,547.75,558.0,525.75,528.0,2991,6,False,-19.5,-5.125,0.0,-166.75,361.25,-0.051214707813525884
2019-07-01,532.0,532.0,511.75,514.0,857,7,True,-14.0,-15.0,1.0,-167.75,346.25,-0.04152249134948094
2019-07-02,514.0,514.75,502.0,503.5,623,7,False,-10.5,0.25,0.0,-167.75,335.75,-0.030324909747292406
2019-07-03,504.0,518.5,503.75,518.0,868,7,False,14.5,-4.625,0.0,-167.75,350.25,0.043186895011169124
2019-07-05,511.5,520.5,511.5,519.25,458,7,False,1.25,6.0,0.0,-167.75,351.5,0.0035688793718773315
2019-07-08,520.0,521.5,513.0,516.75,187,7,False,-2.5,-2.875,0.0,-167.75,349.0,-0.007112375533428139
2019-07-09,513.75,513.75,508.5,509.75,146,7,False,-7.0,-0.25,0.0,-167.75,342.0,-0.02005730659025784
2019-07-10,506.0,512.5,506.0,511.75,135,7,False,2.0,8.75,0.0,-167.75,344.0,0.005847953216374213
2019-07-11,514.25,536.25,514.25,536.25,70,7,False,24.5,1.0,0.0,-167.75,368.5,0.07122093023255816
2019-07-12,535.0,538.5,535.0,536.25,60976,7,False,0.0,-2.0,0.0,-167.75,368.5,0.0
2019-07-15,524.25,531.5,506.0,507.75,68193,7,False,-28.5,-0.125,0.0,-167.75,340.0,-0.07734056987788329
2019-07-16,507.75,510.0,501.0,507.5,51260,7,False,-0.25,-15.25,0.0,-167.75,339.75,-0.0007352941176470562
2019-07-17,507.25,514.0,502.0,505.5,40000,7,False,-2.0,-6.125,0.0,-167.75,337.75,-0.005886681383370118
2019-07-18,504.0,505.25,493.0,493.5,59023,7,False,-12.0,3.5,0.0,-167.75,325.75,-0.03552923760177651
2019-07-19,494.75,516.75,492.5,502.5,67722,7,False,9.0,-13.625,0.0,-167.75,334.75,0.027628549501151234
2019-07-22,505.25,505.25,487.0,487.25,69561,7,False,-15.25,4.5,0.0,-167.75,319.5,-0.04555638536221063
2019-07-23,487.75,493.5,483.25,487.25,57807,7,False,0.0,-2.375,0.0,-167.75,319.5,0.0
2019-07-24,487.25,498.75,487.25,497.75,61740,7,False,10.5,0.875,0.0,-167.75,330.0,0.032863849765258246
2019-07-25,497.75,507.5,492.25,499.5,66902,7,False,1.75,3.5,0.0,-167.75,331.75,0.005303030303030365
2019-07-26,499.5,500.25,493.5,496.0,41871,7,False,-3.5,4.625,0.0,-167.75,328.25,-0.010550113036925435
2019-07-29,495.25,507.25,492.5,503.5,63097,7,False,7.5,-4.875,0.0,-167.75,335.75,0.022848438690022954
2019-07-30,502.25,503.25,495.0,497.25,47667,7,False,-6.25,-1.25,0.0,-167.75,329.5,-0.01861504095309008
2019-07-31,497.5,500.5,484.5,487.25,64057,7,False,-10.0,-8.875,0.0,-167.75,319.5,-0.030349013657056112
2019-08-01,486.75,488.5,471.75,475.75,79618,8,False,-11.5,2.5,0.0,-167.75,308.0,-0.035993740219092296
2019-08-02,479.25,491.5,476.0,490.75,76637,8,False,15.0,-3.875,0.0,-167.75,323.0,0.04870129870129869
2019-08-05,490.25,495.0,479.25,494.5,70664,8,False,3.75,2.25,0.0,-167.75,326.75,0.011609907120742946
2019-08-06,493.0,495.75,482.75,484.0,58659,8,False,-10.5,4.0,0.0,-167.75,316.25,-0.032134659525631215
2019-08-07,484.0,490.25,477.5,488.25,69547,8,False,4.25,-0.125,0.0,-167.75,320.5,0.013438735177865535
2019-08-08,489.5,502.75,486.0,498.5,93527,8,False,10.25,2.625,0.0,-167.75,330.75,0.03198127925117
2019-08-09,498.25,505.25,496.0,499.5,80313,8,False,1.0,-8.75,0.0,-167.75,331.75,0.003023431594860071
2019-08-12,500.0,502.0,466.5,471.75,101997,8,False,-27.75,0.625,0.0,-167.75,304.0,-0.0836473247927656
2019-08-13,471.0,478.75,465.5,472.0,80015,8,False,0.25,-13.0,0.0,-167.75,304.25,0.000822368421052655
2019-08-14,474.75,480.0,471.25,473.75,54940,8,False,1.75,-2.25,0.0,-167.75,306.0,0.005751848808545512
2019-08-15,475.75,477.25,468.5,469.0,50555,8,False,-4.75,1.75,0.0,-167.75,301.25,-0.015522875816993409
2019-08-16,470.25,473.0,467.25,470.75,43363,8,False,1.75,-5.0,0.0,-167.75,303.0,0.0058091286307053736
2019-08-19,469.0,470.5,464.0,465.5,37684,8,False,-5.25,-1.875,0.0,-167.75,297.75,-0.017326732673267342
2019-08-20,464.5,468.75,456.75,460.0,36772,8,False,-5.5,-1.375,0.0,-167.75,292.25,-0.01847187237615444
2019-08-21,460.0,463.0,456.0,462.5,29725,8,False,2.5,-0.375,0.0,-167.75,294.75,0.008554319931565413
2019-08-22,462.75,470.5,460.75,467.25,28824,8,False,4.75,5.25,0.0,-167.75,299.5,0.016115351993214677
2019-08-23,466.75,475.75,461.25,475.25,50829,8,False,8.0,1.25,0.0,-167.75,307.5,0.026711185308847973
2019-08-26,474.0,480.0,470.75,473.0,26104,8,False,-2.25,4.375,0.0,-167.75,305.25,-0.007317073170731714
2019-08-27,472.75,477.5,470.75,473.75,22703,8,False,0.75,-1.875,0.0,-167.75,306.0,0.002457002457002533
2019-08-28,473.75,475.0,465.75,472.25,15975,8,False,-1.5,-0.875,0.0,-167.75,304.5,-0.004901960784313708
2019-08-29,472.25,473.75,468.5,469.75,11219,8,False,-2.5,-10.0,0.0,-167.75,302.0,-0.008210180623973717
2019-08-30,467.5,467.5,450.0,451.25,4867,8,False,-18.5,-3.25,0.0,-167.75,283.5,-0.0612582781456954
2019-09-03,451.5,451.5,443.5,447.25,714,9,True,-4.0,-4.75,0.75,-168.5,278.75,-0.01675485008818345
2019-09-04,450.5,459.0,448.5,456.25,354,9,False,9.0,1.875,0.0,-168.5,287.75,0.03228699551569503
2019-09-05,462.25,465.75,462.0,464.0,91,9,False,7.75,2.625,0.0,-168.5,295.5,0.02693310165073859
2019-09-06,458.5,461.0,458.5,460.25,9,9,False,-3.75,11.0,0.0,-168.5,291.75,-0.012690355329949221
2019-09-09,458.5,475.0,458.5,474.5,60,9,False,14.25,3.125,0.0,-168.5,306.0,0.04884318766066831
2019-09-10,476.75,485.5,468.0,484.5,99,9,False,10.0,3.625,0.0,-168.5,316.0,0.03267973856209161
2019-09-11,489.0,489.0,477.5,477.5,26,9,False,-7.0,9.125,0.0,-168.5,309.0,-0.022151898734177222
2019-09-12,484.25,489.0,482.0,485.75,12,9,False,8.25,-3.5,0.0,-168.5,317.25,0.02669902912621369
2019-09-13,485.75,485.75,485.75,485.75,51154,9,False,0.0,5.625,0.0,-168.5,317.25,0.0
2019-09-16,488.0,490.0,482.25,488.75,48636,9,False,3.0,-2.25,0.0,-168.5,320.25,0.009456264775413725
2019-09-17,487.75,487.75,480.75,484.25,49217,9,False,-4.5,4.125,0.0,-168.5,315.75,-0.014051522248243575
2019-09-18,484.25,492.5,481.75,489.5,49975,9,False,5.25,-3.0,0.0,-168.5,321.0,0.016627078384798155
2019-09-19,489.25,492.0,484.5,488.0,49573,9,False,-1.5,0.75,0.0,-168.5,319.5,-0.004672897196261627
2019-09-20,486.5,491.25,483.5,484.25,39951,9,False,-3.75,-1.375,0.0,-168.5,315.75,-0.011737089201877882
2019-09-23,485.0,487.5,481.25,483.0,28538,9,False,-1.25,-2.5,0.0,-168.5,314.5,-0.003958828186856667
2019-09-24,481.75,484.25,477.5,481.75,38227,9,False,-1.25,-2.875,0.0,-168.5,313.25,-0.003974562798092163
2019-09-25,481.0,482.25,476.25,477.25,34840,9,False,-4.5,2.875,0.0,-168.5,308.75,-0.01436552274541103
2019-09-26,477.0,486.75,476.75,484.25,47412,9,False,7.0,-0.75,0.0,-168.5,315.75,0.02267206477732797
2019-09-27,486.0,490.5,482.5,487.25,36017,9,False,3.0,7.75,0.0,-168.5,318.75,0.009501187648456089
2019-09-30,488.0,501.0,483.25,495.75,78104,9,False,8.5,3.0,0.0,-168.5,327.25,0.026666666666666616
2019-10-01,496.5,499.25,489.75,498.75,59419,10,False,3.0,-0.625,0.0,-168.5,330.25,0.009167303284950412
2019-10-02,496.5,499.0,485.25,489.0,55278,10,False,-9.75,1.375,0.0,-168.5,320.5,-0.029523088569265665
2019-10-03,488.0,493.0,485.75,488.75,31835,10,False,-0.25,-4.0,0.0,-168.5,320.25,-0.0007800312012480326
2019-10-04,489.25,492.25,486.5,490.5,28757,10,False,1.75,-0.75,0.0,-168.5,322.0,0.005464480874316946
2019-10-07,492.0,494.5,488.5,489.25,35058,10,False,-1.25,6.375,0.0,-168.5,320.75,-0.0038819875776398005
2019-10-08,489.75,502.25,486.75,500.25,58655,10,False,11.0,-0.625,0.0,-168.5,331.75,0.034294621979735096
2019-10-09,500.5,504.5,497.25,500.25,46017,10,False,0.0,1.875,0.0,-168.5,331.75,0.0
2019-10-10,499.5,504.25,487.5,493.0,68283,10,False,-7.25,7.5,0.0,-168.5,324.5,-0.021853805576488305
2019-10-11,491.75,512.75,491.25,508.0,84743,10,False,15.0,-2.125,0.0,-168.5,339.5,0.046224961479198745
2019-10-14,513.0,515.0,506.75,511.0,52203,10,False,3.0,5.5,0.0,-168.5,342.5,0.008836524300441795
2019-10-15,510.0,511.25,504.25,507.0,38047,10,False,-4.0,4.625,0.0,-168.5,338.5,-0.011678832116788329
2019-10-16,505.75,514.25,504.5,513.25,48997,10,False,6.25,4.125,0.0,-168.5,344.75,0.01846381093057614
2019-10-17,514.25,527.0,512.75,525.5,66632,10,False,12.25,6.5,0.0,-168.5,357.0,0.035532994923857864
2019-10-18,526.0,532.75,521.0,532.25,56244,10,False,6.75,1.75,0.0,-168.5,363.75,0.018907563025210017
2019-10-21,532.0,535.0,522.75,523.5,53543,10,False,-8.75,0.625,0.0,-168.5,355.0,-0.02405498281786944
2019-10-22,523.0,532.25,517.25,518.0,52259,10,False,-5.5,-3.0,0.0,-168.5,349.5,-0.015492957746478853
2019-10-23,518.0,523.75,515.75,520.75,42796,10,False,2.75,-5.125,0.0,-168.5,352.25,0.007868383404864066
2019-10-24,522.5,523.75,515.5,516.0,36210,10,False,-4.75,2.25,0.0,-168.5,347.5,-0.01348474095102914
2019-10-25,517.25,522.0,514.5,517.75,40230,10,False,1.75,-5.375,0.0,-168.5,349.25,0.005035971223021685
2019-10-28,518.0,518.5,510.0,511.75,50217,10,False,-6.0,0.75,0.0,-168.5,343.25,-0.01717967072297777
2019-10-29,513.0,516.0,508.25,511.5,51562,10,False,-0.25,-4.125,0.0,-168.5,343.0,-0.0007283321194464509
2019-10-30,511.25,514.0,507.0,509.25,35336,10,False,-2.25,-0.375,0.0,-168.5,340.75,-0.006559766763848396
2019-10-31,510.0,512.25,501.0,508.75,63621,10,False,-0.5,2.5,0.0,-168.5,340.25,-0.0014673514306676738
2019-11-01,508.75,516.5,506.75,516.0,53598,11,False,7.25,-3.375,0.0,-168.5,347.5,0.021307861866274758
2019-11-04,514.25,515.25,508.0,509.75,39525,11,False,-6.25,6.375,0.0,-168.5,341.25,-0.017985611510791366
2019-11-05,511.0,516.0,509.0,515.25,51553,11,False,5.5,-2.375,0.0,-168.5,346.75,0.01611721611721606
2019-11-06,515.5,521.75,513.5,516.75,62209,11,False,1.5,0.625,0.0,-168.5,348.25,0.00432588320115368
2019-11-07,517.5,519.75,511.0,512.5,71045,11,False,-4.25,-0.375,0.0,-168.5,344.0,-0.012203876525484603
2019-11-08,512.5,517.75,505.5,510.25,79538,11,False,-2.25,-4.375,0.0,-168.5,341.75,-0.006540697674418561
2019-11-11,508.0,510.5,503.75,505.75,78285,11,False,-4.5,4.5,0.0,-168.5,337.25,-0.013167520117044584
2019-11-12,506.25,517.25,505.25,517.0,78046,11,False,11.25,-6.25,0.0,-168.5,348.5,0.033358042994811044
2019-11-13,516.5,516.75,506.5,509.0,72652,11,False,-8.0,5.0,0.0,-168.5,340.5,-0.022955523672883782
2019-11-14,508.75,512.0,505.5,507.75,53537,11,False,-1.25,-6.5,0.0,-168.5,339.25,-0.0036710719530103075
2019-11-15,507.75,508.5,501.5,502.75,50343,11,False,-5.0,1.625,0.0,-168.5,334.25,-0.014738393515106862
2019-11-18,503.25,510.75,498.5,507.25,59866,11,False,4.5,-0.125,0.0,-168.5,338.75,0.013462976813762184
2019-11-19,506.25,515.25,506.0,512.0,69373,11,False,4.75,4.0,0.0,-168.5,343.5,0.014022140221402246
2019-11-20,512.0,515.75,508.0,515.5,38138,11,False,3.5,-0.875,0.0,-168.5,347.0,0.010189228529839944
2019-11-21,515.0,519.5,508.25,509.0,35378,11,False,-6.5,4.875,0.0,-168.5,340.5,-0.018731988472622474
2019-11-22,509.25,518.5,508.25,515.25,46923,11,False,6.25,4.625,0.0,-168.5,346.75,0.018355359765051427
2019-11-25,515.0,532.5,515.0,531.0,44721,11,False,15.75,2.75,0.0,-168.5,362.5,0.045421773612112526
2019-11-26,530.75,531.75,525.5,530.25,28006,11,False,-0.75,7.0,0.0,-168.5,361.75,-0.002068965517241339
2019-11-27,530.0,533.0,525.75,528.5,19195,11,False,-1.75,9.125,0.0,-168.5,360.0,-0.004837595024188013
2019-11-29,532.5,550.5,532.5,547.5,3358,11,False,19.0,-3.0,0.0,-168.5,379.0,0.05277777777777781
2019-12-02,549.5,549.75,542.75,543.25,780,12,True,-4.25,3.125,-7.375,-161.125,382.125,0.008245382585752026
2019-12-03,545.75,548.0,530.5,530.5,923,12,False,-12.75,0.125,0.0,-161.125,369.375,-0.03336604514229635
2019-12-04,531.0,535.5,531.0,535.0,345,12,False,4.5,-7.875,0.0,-161.125,373.875,0.012182741116751217
2019-12-05,535.25,537.5,531.75,532.0,397,12,False,-3.0,2.5,0.0,-161.125,370.875,-0.008024072216649913
2019-12-06,532.75,532.75,529.0,532.5,359,12,False,0.5,-1.75,0.0,-161.125,371.375,0.0013481631277385553
2019-12-09,532.5,533.25,531.0,532.0,166,12,False,-0.5,1.625,0.0,-161.125,370.875,-0.0013463480309660047
2019-12-10,532.25,537.5,529.75,534.75,290,12,False,2.75,-2.25,0.0,-161.125,373.625,0.00741489720256161
2019-12-11,534.5,534.5,528.0,530.75,136,12,False,-4.0,5.625,0.0,-161.125,369.625,-0.010705921712947486
2019-12-12,529.75,544.0,528.75,539.25,61,12,False,8.5,-2.0,0.0,-161.125,378.125,0.02299628001352727
2019-12-13,539.25,539.25,539.25,539.25,65491,12,False,0.0,9.5,0.0,-161.125,378.125,0.0
2019-12-16,534.75,556.75,534.75,549.75,95740,12,False,10.5,3.25,0.0,-161.125,388.625,0.02776859504132223
2019-12-17,553.25,557.25,545.0,556.25,68511,12,False,6.5,1.25,0.0,-161.125,395.125,0.01672563525249271
2019-12-18,553.25,555.0,545.25,548.25,56331,12,False,-8.0,1.75,0.0,-161.125,387.125,-0.020246757355267375
2019-12-19,547.5,553.5,544.0,545.25,39716,12,False,-3.0,-5.5,0.0,-161.125,384.125,-0.007749434937035837
2019-12-20,545.25,549.0,538.75,542.25,44101,12,False,-3.0,-2.875,0.0,-161.125,381.125,-0.0078099576960625194
2019-12-23,543.0,547.0,538.75,539.5,33261,12,False,-2.75,-0.75,0.0,-161.125,378.375,-0.007215480485405101
2019-12-24,539.5,545.0,538.5,541.0,21559,12,False,1.5,2.625,0.0,-161.125,379.875,0.003964321110009994
2019-12-26,540.75,552.0,540.25,549.0,30244,12,False,8.0,4.375,0.0,-161.125,387.875,0.02105955906548207
2019-12-27,549.75,561.0,549.25,556.25,52110,12,False,7.25,3.875,0.0,-161.125,395.125,0.01869158878504673
2019-12-30,560.0,564.5,551.5,556.0,42485,12,False,-0.25,5.0,0.0,-161.125,394.875,-0.0006327111673520847
2019-12-31,555.0,559.75,553.0,558.75,38466,12,False,2.75,0.625,0.0,-161.125,397.625,0.006964229186451343
2020-01-02,559.5,567.5,558.25,560.25,49931,1,False,1.5,-1.5,0.0,-161.125,399.125,0.0037723986167872425
2020-01-03,560.75,562.0,551.75,554.5,44180,1,False,-5.75,-1.5,0.0,-161.125,393.375,-0.014406514249921676
2020-01-06,552.5,555.25,546.75,550.0,47904,1,False,-4.5,-2.75,0.0,-161.125,388.875,-0.011439466158245981
2020-01-07,549.5,551.0,545.5,550.25,41346,1,False,0.25,-1.0,0.0,-161.125,389.125,0.0006428801028608433
2020-01-08,549.5,555.75,545.25,552.75,51322,1,False,2.5,4.875,0.0,-161.125,391.625,0.0064246707356248045
2020-01-09,553.75,564.0,552.75,562.25,66455,1,False,9.5,2.375,0.0,-161.125,401.125,0.02425789977657189
2020-01-10,562.75,568.5,555.75,564.5,92633,1,False,2.25,3.625,0.0,-161.125,403.375,0.005609224057338658
2020-01-13,565.25,565.75,558.5,562.25,51064,1,False,-2.25,4.25,0.0,-161.125,401.125,-0.005577936163619457
2020-01-14,562.25,573.0,559.25,568.5,69294,1,False,6.25,1.25,0.0,-161.125,407.375,0.015581177937052049
2020-01-15,569.0,578.75,568.25,573.25,78783,1,False,4.75,-0.875,0.0,-161.125,412.125,0.011660018410555306
2020-01-16,573.5,573.5,560.0,565.25,58192,1,False,-8.0,5.0,0.0,-161.125,404.125,-0.019411586290567162
2020-01-17,565.5,572.5,564.25,570.5,54666,1,False,5.25,1.5,0.0,-161.125,409.375,0.012991030003093096
2020-01-21,572.5,582.75,566.75,581.5,69900,1,False,11.0,0.75,0.0,-161.125,420.375,0.026870229007633695
2020-01-22,581.5,592.5,574.5,577.75,84471,1,False,-3.75,6.875,0.0,-161.125,416.625,-0.008920606601248937
2020-01-23,577.75,583.0,575.25,580.5,55850,1,False,2.75,-5.375,0.0,-161.125,419.375,0.0066006600660066805
2020-01-24,581.75,581.75,569.5,573.5,58501,1,False,-7.0,0.75,0.0,-161.125,412.375,-0.016691505216095415
2020-01-27,567.75,573.25,559.5,572.25,78994,1,False,-1.25,-4.75,0.0,-161.125,411.125,-0.0030312215822976274
2020-01-28,573.0,576.5,565.5,569.75,56857,1,False,-2.5,-4.375,0.0,-161.125,408.625,-0.0060808756460930535
2020-01-29,571.0,573.25,561.0,562.25,55030,1,False,-7.5,-2.125,0.0,-161.125,401.125,-0.01835423676965431
2020-01-30,562.5,562.5,550.75,560.5,77794,1,False,-1.75,-7.125,0.0,-161.125,399.375,-0.0043627298223746225
2020-01-31,562.5,566.0,552.75,553.75,63922,1,False,-6.75,0.0,0.0,-161.125,392.625,-0.016901408450704203
2020-02-03,551.25,558.0,546.5,555.5,83000,2,False,1.75,-2.5,0.0,-161.125,394.375,0.004457179242279619
2020-02-04,554.25,564.25,553.5,557.25,69486,2,False,1.75,3.25,0.0,-161.125,396.125,0.0044374009508716394
2020-02-05,559.25,563.75,555.5,562.0,52869,2,False,4.75,-2.0,0.0,-161.125,400.875,0.011991164405175114
2020-02-06,563.75,565.5,555.75,556.25,51963,2,False,-5.75,3.625,0.0,-161.125,395.125,-0.01434362332397876
2020-02-07,557.0,563.0,553.25,558.75,64891,2,False,2.5,-6.25,0.0,-161.125,397.625,0.006327111673521069
2020-02-10,558.75,560.75,551.0,552.0,100463,2,False,-6.75,-3.75,0.0,-161.125,390.875,-0.01697579377554226
2020-02-11,551.5,551.75,539.0,542.0,166632,2,False,-10.0,-0.625,0.0,-161.125,380.875,-0.025583626479053434
2020-02-12,541.0,549.0,538.25,547.5,91895,2,False,5.5,-6.625,0.0,-161.125,386.375,0.014440433212996373
2020-02-13,548.5,550.5,540.75,544.25,85047,2,False,-3.25,2.0,0.0,-161.125,383.125,-0.008411517308314465
2020-02-14,544.75,549.5,542.0,542.75,63124,2,False,-1.5,10.375,0.0,-161.125,381.625,-0.003915171288743857
2020-02-18,549.25,570.75,548.0,566.75,123526,2,False,24.0,-1.5,0.0,-161.125,405.625,0.06288896167703895
2020-02-19,563.0,565.75,553.0,565.25,68274,2,False,-1.5,9.375,0.0,-161.125,404.125,-0.003697996918335944
2020-02-20,565.25,567.5,558.25,560.0,55426,2,False,-5.25,-5.25,0.0,-161.125,398.875,-0.012991030003093096
2020-02-21,559.75,569.0,550.5,551.0,81105,2,False,-9.0,-10.0,0.0,-161.125,389.875,-0.022563459730492008
2020-02-24,550.25,550.5,534.0,536.25,53342,2,False,-14.75,-3.125,0.0,-161.125,375.125,-0.037832638666239204
2020-02-25,539.0,541.25,530.75,539.0,29431,2,False,2.75,-6.75,0.0,-161.125,377.875,0.0073308897034320974
2020-02-26,539.25,542.75,534.75,540.25,19746,2,False,1.25,-4.125,0.0,-161.125,379.125,0.003307972213033361
2020-02-27,538.75,539.25,528.25,529.25,20812,2,False,-11.0,0.5,0.0,-161.125,368.125,-0.029014177382129858
2020-02-28,531.0,531.25,515.5,529.0,2192,2,False,-0.25,-6.875,0.0,-161.125,367.875,-0.0006791171477079638
2020-03-02,523.5,526.25,521.5,526.25,672,3,True,-2.75,1.125,-3.875,-157.25,369.0,0.003058103975535076
2020-03-03,523.0,534.5,523.0,528.75,301,3,False,2.5,-5.0,0.0,-157.25,371.5,0.006775067750677488
2020-03-04,528.0,528.0,521.25,521.5,213,3,False,-7.25,2.625,0.0,-157.25,364.25,-0.019515477792732216
2020-03-05,521.25,528.5,518.5,524.25,109,3,False,2.75,-5.125,0.0,-157.25,367.0,0.007549759780370646
2020-03-06,520.0,522.75,516.25,521.25,29,3,False,-3.0,1.875,0.0,-157.25,364.0,-0.008174386920980936
2020-03-09,516.0,524.0,513.5,522.25,122,3,False,1.0,0.75,0.0,-157.25,365.0,0.0027472527472527375
2020-03-10,524.25,526.75,519.25,526.75,61,3,False,4.5,-4.25,0.0,-157.25,369.5,0.012328767123287676
2020-03-11,527.25,527.5,517.25,517.25,29,3,False,-9.5,-2.25,0.0,-157.25,360.0,-0.025710419485791558
2020-03-12,506.75,508.75,506.75,508.25,24,3,False,-9.0,-1.5,0.0,-157.25,351.0,-0.025000000000000022
2020-03-13,509.75,514.75,506.5,514.75,69365,3,False,6.5,-12.875,0.0,-157.25,357.5,0.0185185185185186
2020-03-16,503.0,507.25,491.75,498.0,78982,3,False,-16.75,3.875,0.0,-157.25,340.75,-0.0468531468531469
2020-03-17,496.25,506.5,494.5,499.25,65543,3,False,1.25,-3.875,0.0,-157.25,342.0,0.003668378576669129
2020-03-18,500.75,512.0,494.5,508.25,68778,3,False,9.0,14.0,0.0,-157.25,351.0,0.026315789473684292
2020-03-19,508.5,540.5,508.5,535.0,103082,3,False,26.75,6.625,0.0,-157.25,377.75,0.07621082621082631
2020-03-20,534.5,547.0,533.0,539.25,71442,3,False,4.25,25.0,0.0,-157.25,382.0,0.011250827266710894
2020-03-23,539.5,563.25,537.25,562.5,86808,3,False,23.25,1.625,0.0,-157.25,405.25,0.06086387434554963
2020-03-24,560.5,562.5,549.75,561.5,67261,3,False,-1.0,20.875,0.0,-157.25,404.25,-0.002467612584824197
2020-03-25,560.0,583.25,556.75,580.0,97558,3,False,18.5,-6.0,0.0,-157.25,422.75,0.045763760049474245
2020-03-26,579.5,583.0,564.5,569.0,76661,3,False,-11.0,10.375,0.0,-157.25,411.75,-0.026020106445890034
2020-03-27,569.5,587.0,563.5,571.25,87575,3,False,2.25,-6.375,0.0,-157.25,414.0,0.005464480874316946
2020-03-30,572.25,580.75,562.75,569.5,59620,3,False,-1.75,0.75,0.0,-157.25,412.25,-0.004227053140096637
2020-03-31,569.75,575.25,564.25,568.75,66203,3,False,-0.75,-10.125,0.0,-157.25,411.5,-0.0018192844147968401
2020-04-01,567.25,571.75,546.5,550.25,67309,4,False,-18.5,-4.625,0.0,-157.25,393.0,-0.04495747266099637
2020-04-02,550.25,553.25,538.25,541.75,46926,4,False,-8.5,-5.5,0.0,-157.25,384.5,-0.021628498727735423
2020-04-03,541.75,556.5,541.5,549.25,44941,4,False,7.5,-1.0,0.0,-157.25,392.0,0.01950585175552666
2020-04-06,550.0,561.75,549.75,555.75,44545,4,False,6.5,0.5,0.0,-157.25,398.5,0.01658163265306123
2020-04-07,555.25,555.75,545.25,549.25,67148,4,False,-6.5,2.75,0.0,-157.25,392.0,-0.016311166875784155
2020-04-08,551.0,554.5,545.0,548.25,57533,4,False,-1.0,0.875,0.0,-157.25,391.0,-0.0025510204081632404
2020-04-09,549.25,558.75,546.75,556.5,63609,4,False,8.25,-1.25,0.0,-157.25,399.25,0.0210997442455243
2020-04-13,560.75,564.5,552.5,555.0,53253,4,False,-1.5,1.0,0.0,-157.25,397.75,-0.0037570444583594487
2020-04-14,555.75,556.75,546.0,548.75,53925,4,False,-6.25,-5.0,0.0,-157.25,391.5,-0.015713387806411072
2020-04-15,546.5,548.75,529.75,540.25,67687,4,False,-8.5,-8.375,0.0,-157.25,383.0,-0.02171136653895278
2020-04-16,538.75,545.25,528.0,529.75,31461,4,False,-10.5,-2.375,0.0,-157.25,372.5,-0.02741514360313313
2020-04-17,528.5,536.0,524.5,533.5,23903,4,False,3.75,2.375,0.0,-157.25,376.25,0.010067114093959662
2020-04-20,536.0,562.0,535.25,548.75,40953,4,False,15.25,0.875,0.0,-157.25,391.5,0.04053156146179404
2020-04-21,551.5,557.0,541.75,546.75,18717,4,False,-2.0,5.75,0.0,-157.25,389.5,-0.005108556832694733
2020-04-22,547.75,549.75,538.0,543.0,18840,4,False,-3.75,1.0,0.0,-157.25,385.75,-0.009627727856225898
2020-04-23,542.0,551.5,538.5,547.0,22944,4,False,4.0,-12.0,0.0,-157.25,389.75,0.010369410239792654
2020-04-24,549.25,550.75,526.0,526.75,44703,4,False,-20.25,-0.875,0.0,-157.25,369.5,-0.051956382296343806
2020-04-27,529.5,530.0,518.25,521.0,12033,4,False,-5.75,-7.25,0.0,-157.25,363.75,-0.01556156968876865
2020-04-28,523.0,528.0,517.25,526.75,9158,4,False,5.75,-6.5,0.0,-157.25,369.5,0.01580756013745699
2020-04-29,525.0,525.0,512.75,519.5,5247,4,False,-7.25,8.0,0.0,-157.25,362.25,-0.01962110960757779
2020-04-30,517.0,529.75,511.0,529.75,894,4,False,10.25,-7.75,0.0,-157.25,372.5,0.028295376121463045
2020-05-01,528.75,528.75,520.5,521.5,119,5,True,-8.25,6.5,-14.75,-142.5,379.0,0.01744966442953011
2020-05-04,516.0,526.75,516.0,524.25,35,5,False,2.75,-3.5,0.0,-142.5,381.75,0.0072559366754616494
2020-05-05,519.0,527.0,519.0,525.5,28,5,False,1.25,1.0,0.0,-142.5,383.0,0.0032743942370661028
2020-05-06,521.25,524.75,521.25,524.75,80,5,False,-0.75,2.75,0.0,-142.5,382.25,-0.001958224543080922
2020-05-07,531.0,531.0,529.0,529.0,38,5,False,4.25,-0.125,0.0,-142.5,386.5,0.011118378024852937
2020-05-08,529.5,533.0,529.5,529.5,24,5,False,0.5,-0.25,0.0,-142.5,387.0,0.001293661060802087
2020-05-11,537.75,537.75,524.75,524.75,6,5,False,-4.75,-1.25,0.0,-142.5,382.25,-0.012273901808785515
2020-05-12,521.75,521.75,521.75,521.75,8,5,False,-3.0,-8.0,0.0,-142.5,379.25,-0.007848266841072649
2020-05-13,510.5,510.5,510.5,510.5,15,5,False,-11.25,-1.5,0.0,-142.5,368.0,-0.02966381015161501
2020-05-14,510.5,510.5,510.5,510.5,44141,5,False,0.0,-10.75,0.0,-142.5,368.0,0.0
2020-05-15,502.5,508.0,497.5,500.25,49768,5,False,-10.25,-1.625,0.0,-142.5,357.75,-0.02785326086956519
2020-05-18,501.5,502.75,493.75,497.0,42218,5,False,-3.25,-4.25,0.0,-142.5,354.5,-0.009084556254367548
2020-05-19,496.75,501.5,496.25,498.75,43782,5,False,1.75,5.875,0.0,-142.5,356.25,0.0049365303244006675
2020-05-20,499.5,517.75,496.0,513.75,87800,5,False,15.0,2.0,0.0,-142.5,371.25,0.042105263157894646
2020-05-21,515.0,524.0,512.0,516.0,75219,5,False,2.25,3.875,0.0,-142.5,373.5,0.0060606060606061
2020-05-22,515.0,516.25,503.25,508.75,59252,5,False,-7.25,0.125,0.0,-142.5,366.25,-0.019410977242302563
2020-05-26,504.25,512.25,504.25,506.75,48956,5,False,-2.0,-4.75,0.0,-142.5,364.25,-0.005460750853242269
2020-05-27,507.75,511.75,501.25,504.5,41180,5,False,-2.25,4.0,0.0,-142.5,362.0,-0.006177076183939589
2020-05-28,505.25,518.75,503.75,514.5,64133,5,False,10.0,2.0,0.0,-142.5,372.0,0.027624309392265234
2020-05-29,513.5,522.25,511.75,520.75,56405,5,False,6.25,2.25,0.0,-142.5,378.25,0.016801075268817245
2020-06-01,520.0,520.75,511.5,515.25,62138,6,False,-5.5,-0.5,0.0,-142.5,372.75,-0.014540647719762045
2020-06-02,517.0,517.25,506.75,508.0,76980,6,False,-7.25,-0.75,0.0,-142.5,365.5,-0.019450033534540556
2020-06-03,509.75,515.5,506.5,512.0,70048,6,False,4.0,2.25,0.0,-142.5,369.5,0.010943912448700521
2020-06-04,512.25,529.0,512.0,523.75,76243,6,False,11.75,-2.25,0.0,-142.5,381.25,0.031799729364005325
2020-06-05,526.75,527.75,513.25,515.25,100263,6,False,-8.5,4.0,0.0,-142.5,372.75,-0.022295081967213082
2020-06-08,517.0,517.75,508.5,511.5,89831,6,False,-3.75,-7.75,0.0,-142.5,369.0,-0.010060362173038184
2020-06-09,512.0,514.0,500.75,504.5,105093,6,False,-7.0,-1.0,0.0,-142.5,362.0,-0.01897018970189701
2020-06-10,505.0,509.25,502.5,506.25,77126,6,False,1.75,-7.0,0.0,-142.5,363.75,0.004834254143646355
2020-06-11,508.75,509.0,498.5,499.25,90884,6,False,-7.0,2.25,0.0,-142.5,356.75,-0.019243986254295575
2020-06-12,499.0,504.75,495.25,502.0,71166,6,False,2.75,-2.125,0.0,-142.5,359.5,0.007708479327259932
2020-06-15,499.75,505.5,497.5,504.75,51218,6,False,2.75,-3.0,0.0,-142.5,362.25,0.007649513212795611
2020-06-16,506.5,507.25,491.0,496.0,67274,6,False,-8.75,-2.25,0.0,-142.5,353.5,-0.024154589371980673
2020-06-17,494.5,495.75,487.25,488.75,60132,6,False,-7.25,-7.0,0.0,-142.5,346.25,-0.020509193776520496
2020-06-18,488.5,492.0,480.5,483.5,51883,6,False,-5.25,-4.75,0.0,-142.5,341.0,-0.015162454873646203
2020-06-19,482.75,485.5,476.0,481.25,58288,6,False,-2.25,-0.75,0.0,-142.5,338.75,-0.006598240469208205
2020-06-22,480.5,486.0,477.75,485.0,35478,6,False,3.75,-0.625,0.0,-142.5,342.5,0.011070110701107083
2020-06-23,485.25,488.75,479.25,486.0,38396,6,False,1.0,-0.5,0.0,-142.5,343.5,0.0029197080291971655
2020-06-24,486.75,488.0,480.0,481.25,22216,6,False,-4.75,3.25,0.0,-142.5,338.75,-0.013828238719068464
2020-06-25,480.0,489.25,478.75,486.75,46252,6,False,5.5,-8.75,0.0,-142.5,344.25,0.01623616236162362
2020-06-26,486.5,487.0,468.25,474.0,64057,6,False,-12.75,8.5,0.0,-142.5,331.5,-0.03703703703703709
2020-06-29,473.5,488.75,473.0,485.5,16749,6,False,11.5,-4.125,0.0,-142.5,343.0,0.03469079939668185
2020-06-30,483.75,495.5,478.5,490.0,2721,6,False,4.5,10.125,0.0,-142.5,347.5,0.013119533527696792
2020-07-01,489.75,498.75,489.75,498.75,718,7,True,8.75,-2.125,10.875,-153.375,345.375,-0.006115107913669093
2020-07-02,498.25,499.0,486.5,490.0,291,7,False,-8.75,4.125,0.0,-153.375,336.625,-0.02533478103510678
2020-07-06,489.0,489.5,485.75,489.5,76,7,False,-0.5,-3.0,0.0,-153.375,336.125,-0.001485332343111767
2020-07-07,492.75,495.0,491.5,492.25,99,7,False,2.75,12.375,0.0,-153.375,338.875,0.008181480104128003
2020-07-08,517.5,517.5,517.5,517.5,84,7,False,25.25,5.75,0.0,-153.375,364.125,0.07451125046108453
2020-07-09,530.0,537.75,520.75,526.25,15,7,False,8.75,17.375,0.0,-153.375,372.875,0.024030209406110448
2020-07-10,536.75,543.0,535.75,535.75,18,7,False,9.5,-1.125,0.0,-153.375,382.375,0.02547770700636942
2020-07-13,536.0,536.0,524.75,524.75,60,7,False,-11.0,4.75,0.0,-153.375,371.375,-0.028767571101667166
2020-07-14,524.75,524.75,524.75,524.75,59738,7,False,0.0,7.5,0.0,-153.375,371.375,0.0
2020-07-15,527.0,551.75,526.75,550.75,97654,7,False,26.0,-7.75,0.0,-153.375,397.375,0.07001009761023225
2020-07-16,550.0,551.5,534.0,535.25,96898,7,False,-15.5,12.75,0.0,-153.375,381.875,-0.03900597672223971
2020-07-17,535.75,540.0,530.75,534.75,52664,7,False,-0.5,-14.125,0.0,-153.375,381.375,-0.001309328968903456
2020-07-20,535.0,535.25,517.0,522.0,84615,7,False,-12.75,2.625,0.0,-153.375,368.625,-0.03343166175024581
2020-07-21,520.5,531.5,518.5,527.75,62298,7,False,5.75,-3.0,0.0,-153.375,374.375,0.015598507968803021
2020-07-22,525.75,540.25,523.75,534.5,59562,7,False,6.75,0.375,0.0,-153.375,381.125,0.01803005008347247
2020-07-23,534.75,536.0,527.0,529.5,46720,7,False,-5.0,8.375,0.0,-153.375,376.125,-0.013119055428009174
2020-07-24,530.75,544.0,530.0,539.5,63634,7,False,10.0,-8.375,0.0,-153.375,386.125,0.026586905948820183
2020-07-27,538.75,539.0,526.25,527.75,47270,7,False,-11.75,2.875,0.0,-153.375,374.375,-0.030430560051796673
2020-07-28,526.5,529.75,519.25,523.5,51347,7,False,-4.25,-1.25,0.0,-153.375,370.125,-0.011352253756260478
2020-07-29,523.5,533.25,523.5,532.75,42240,7,False,9.25,-3.75,0.0,-153.375,379.375,0.024991556906450496
2020-07-30,531.75,534.5,525.0,529.5,47622,7,False,-3.25,5.5,0.0,-153.375,376.125,-0.008566721581548586
2020-07-31,528.5,535.25,528.5,531.25,48266,7,False,1.75,-6.75,0.0,-153.375,377.875,0.004652708541043493
2020-08-03,527.0,528.25,517.0,521.0,71428,8,False,-10.25,-5.5,0.0,-153.375,367.625,-0.02712537214687394
2020-08-04,521.0,521.25,507.75,508.25,82315,8,False,-12.75,-3.875,0.0,-153.375,354.875,-0.034682080924855474
2020-08-05,508.25,512.75,506.0,510.75,67342,8,False,2.5,-11.125,0.0,-153.375,357.375,0.007044734061289137
2020-08-06,510.75,515.0,500.75,501.25,86498,8,False,-9.5,-1.625,0.0,-153.375,347.875,-0.026582721231199757
2020-08-07,501.25,503.75,490.5,495.5,93524,8,False,-5.75,-7.0,0.0,-153.375,342.125,-0.016528925619834656
2020-08-10,495.25,497.25,490.0,491.0,76700,8,False,-4.5,-0.875,0.0,-153.375,337.625,-0.013153087321885248
2020-08-11,491.0,498.75,490.5,495.0,83770,8,False,4.0,-4.125,0.0,-153.375,341.625,0.011847463902258326
2020-08-12,495.75,498.0,488.0,491.25,90879,8,False,-3.75,4.75,0.0,-153.375,337.875,-0.010976948408342513
2020-08-13,490.0,500.75,489.0,496.75,82622,8,False,5.5,-0.25,0.0,-153.375,343.375,0.016278209396966226
2020-08-14,495.5,507.75,493.5,500.0,75823,8,False,3.25,11.0,0.0,-153.375,346.625,0.009464870768110645
2020-08-17,500.5,517.5,500.0,516.5,66200,8,False,16.5,-2.875,0.0,-153.375,363.125,0.047601875225387724
2020-08-18,516.25,517.5,503.0,507.5,50255,8,False,-9.0,10.5,0.0,-153.375,354.125,-0.024784853700516307
2020-08-19,507.25,514.25,506.25,512.0,49510,8,False,4.5,-0.75,0.0,-153.375,358.625,0.012707377338510462
2020-08-20,511.75,520.25,506.5,519.5,37922,8,False,7.5,6.125,0.0,-153.375,366.125,0.020913210177762265
2020-08-21,520.0,527.75,515.0,527.25,58896,8,False,7.75,0.5,0.0,-153.375,373.875,0.021167634004779723
2020-08-24,527.75,533.25,516.5,520.75,30510,8,False,-6.5,7.125,0.0,-153.375,367.375,-0.01738548980274157
2020-08-25,521.25,533.75,520.75,527.25,26559,8,False,6.5,-0.875,0.0,-153.375,373.875,0.01769309288873777
2020-08-26,527.0,532.75,523.25,532.0,25925,8,False,4.75,8.5,0.0,-153.375,378.625,0.012704781009695854
2020-08-27,531.75,543.75,531.0,542.5,18366,8,False,10.5,0.75,0.0,-153.375,389.125,0.027731924727632862
2020-08-28,543.0,547.25,536.75,539.25,17686,8,False,-3.25,7.75,0.0,-153.375,385.875,-0.008352071956312268
2020-08-31,539.25,551.75,538.0,544.25,1104,8,False,5.0,4.125,0.0,-153.375,390.875,0.012957563977972208
2020-09-01,542.5,559.25,539.25,555.75,248,9,True,11.5,-1.5,13.0,-166.375,389.375,-0.003837543971857982
2020-09-02,554.5,554.5,545.0,547.75,187,9,False,-8.0,3.5,0.0,-166.375,381.375,-0.020545746388442976
2020-09-03,550.25,550.25,542.5,543.25,115,9,False,-4.5,-5.75,0.0,-166.375,376.875,-0.01179941002949858
2020-09-04,542.0,544.0,539.0,539.75,88,9,False,-3.5,-5.5,0.0,-166.375,373.375,-0.009286898839137692
2020-09-08,536.25,539.5,533.25,533.25,64,9,False,-6.5,-1.375,0.0,-166.375,366.875,-0.017408771342484086
2020-09-09,533.5,536.5,533.25,534.0,32,9,False,0.75,-0.25,0.0,-166.375,367.625,0.002044293015332155
2020-09-10,544.75,548.5,539.5,540.0,31,9,False,6.0,-2.75,0.0,-166.375,373.625,0.01632097925875553
2020-09-11,543.0,543.0,533.75,533.75,8,9,False,-6.25,10.375,0.0,-166.375,367.375,-0.016728002676480447
2020-09-14,525.0,549.25,525.0,548.5,50141,9,False,14.75,-8.25,0.0,-166.375,382.125,0.04014971078598162
2020-09-15,546.0,547.0,533.75,538.25,60557,9,False,-10.25,9.25,0.0,-166.375,371.875,-0.02682368334968921
2020-09-16,535.5,543.0,533.25,542.0,47771,9,False,3.75,2.0,0.0,-166.375,375.625,0.010084033613445342
2020-09-17,542.0,557.25,537.25,556.25,76815,9,False,14.25,11.25,0.0,-166.375,389.875,0.03793677204658907
2020-09-18,555.75,578.0,555.5,575.0,101480,9,False,18.75,-3.0,0.0,-166.375,408.625,0.0480923372875921
2020-09-21,576.5,578.25,550.5,554.75,96691,9,False,-20.25,11.0,0.0,-166.375,388.375,-0.04955643927806663
2020-09-22,553.5,567.0,550.25,558.0,75824,9,False,3.25,-14.625,0.0,-166.375,391.625,0.008368200836819994
2020-09-23,558.5,560.25,547.25,549.0,59472,9,False,-9.0,2.0,0.0,-166.375,382.625,-0.022981168209384006
2020-09-24,548.0,554.25,541.0,549.75,71785,9,False,0.75,-7.25,0.0,-166.375,383.375,0.001960143743874543
2020-09-25,552.25,552.5,543.75,544.25,48637,9,False,-5.5,3.375,0.0,-166.375,377.875,-0.014346266710140165
2020-09-28,545.25,551.75,537.75,550.25,60680,9,False,6.0,-3.125,0.0,-166.375,383.875,0.01587826662256031
2020-09-29,551.0,553.25,546.0,549.5,45637,9,False,-0.75,17.25,0.0,-166.375,383.125,-0.0019537609899055175
2020-09-30,548.75,587.0,547.0,578.0,122156,9,False,28.5,-4.25,0.0,-166.375,411.625,0.07438825448613384
2020-10-01,574.0,584.0,568.5,570.25,76218,10,False,-7.75,15.75,0.0,-166.375,403.875,-0.0188278165806256
2020-10-02,569.25,576.5,561.25,573.25,54242,10,False,3.0,1.625,0.0,-166.375,406.875,0.00742804085422466
2020-10-05,574.5,587.75,573.0,584.25,60417,10,False,11.0,5.75,0.0,-166.375,417.875,0.027035330261136803
2020-10-06,585.0,601.75,579.75,592.75,83093,10,False,8.5,12.875,0.0,-166.375,426.375,0.02034101106790298
2020-10-07,591.25,611.5,588.5,607.5,102217,10,False,14.75,-1.875,0.0,-166.375,441.125,0.03459396071533272
2020-10-08,608.75,616.75,593.25,595.25,95298,10,False,-12.25,6.625,0.0,-166.375,428.875,-0.02776990648909039
2020-10-09,594.0,606.75,588.75,593.75,88056,10,False,-1.5,-5.875,0.0,-166.375,427.375,-0.0034975225881667127
2020-10-12,592.5,599.0,587.0,594.25,63837,10,False,0.5,-0.875,0.0,-166.375,427.875,0.0011699327288681172
2020-10-13,596.25,604.25,590.75,594.0,56418,10,False,-0.25,1.625,0.0,-166.375,427.625,-0.0005842827928717043
2020-10-14,594.75,600.25,587.25,596.75,58370,10,False,2.75,10.625,0.0,-166.375,430.375,0.006430868167202508
2020-10-15,596.75,619.5,596.5,618.25,90299,10,False,21.5,4.875,0.0,-166.375,451.875,0.04995643334301492
2020-10-16,618.5,630.75,615.5,625.25,90621,10,False,7.0,11.625,0.0,-166.375,458.875,0.015491009681880996
2020-10-19,631.0,636.75,620.25,627.0,86964,10,False,1.75,6.0,0.0,-166.375,460.625,0.0038136747480250754
2020-10-20,628.5,638.25,623.5,632.0,78897,10,False,5.0,-0.25,0.0,-166.375,465.625,0.01085481682496603
2020-10-21,634.5,637.5,628.75,629.75,61377,10,False,-2.25,-1.0,0.0,-166.375,463.375,-0.004832214765100651
2020-10-22,628.5,632.25,621.25,622.75,63702,10,False,-7.0,3.875,0.0,-166.375,456.375,-0.015106555165902313
2020-10-23,623.0,635.5,619.5,632.75,64240,10,False,10.0,-9.875,0.0,-166.375,466.375,0.021911804984935612
2020-10-26,632.75,633.0,616.0,620.0,66899,10,False,-12.75,2.875,0.0,-166.375,453.625,-0.02733851514339314
2020-10-27,618.75,627.0,614.75,615.75,63486,10,False,-4.25,-9.875,0.0,-166.375,449.375,-0.00936897216864152
2020-10-28,614.5,614.5,600.75,608.75,72239,10,False,-7.0,-4.625,0.0,-166.375,442.375,-0.015577190542420016
2020-10-29,609.75,611.25,598.5,603.75,69893,10,False,-5.0,-6.125,0.0,-166.375,437.375,-0.011302627860977688
2020-10-30,602.0,607.25,595.25,598.5,72812,10,False,-5.25,2.0,0.0,-166.375,432.125,-0.012003429551300404
2020-11-02,593.25,609.5,591.0,607.5,75087,11,False,9.0,-2.375,0.0,-166.375,441.125,0.02082730691350876
2020-11-03,607.0,616.5,604.0,608.0,70891,11,False,0.5,3.5,0.0,-166.375,441.625,0.0011334655709833719
2020-11-04,607.75,610.5,597.75,606.0,66077,11,False,-2.0,1.875,0.0,-166.375,439.625,-0.004528729125389153
2020-11-05,606.5,626.25,606.0,609.25,97072,11,False,3.25,-4.625,0.0,-166.375,442.875,0.0073926642024453315
2020-11-06,607.75,615.75,601.75,602.0,105356,11,False,-7.25,-0.625,0.0,-166.375,435.625,-0.01637030764888514
2020-11-09,602.25,607.0,595.0,597.5,91438,11,False,-4.5,1.875,0.0,-166.375,431.125,-0.010329985652797746
2020-11-10,597.25,613.0,594.0,608.5,134343,11,False,11.0,-7.5,0.0,-166.375,442.125,0.025514641925195702
2020-11-11,607.0,613.5,595.5,598.0,107814,11,False,-10.5,0.625,0.0,-166.375,431.625,-0.02374893977947412
2020-11-12,596.25,598.75,587.0,588.25,91052,11,False,-9.75,-2.625,0.0,-166.375,421.875,-0.022589052997393555
2020-11-13,586.25,596.25,580.25,593.5,77401,11,False,5.25,-2.625,0.0,-166.375,427.125,0.01244444444444448
2020-11-16,593.75,601.0,586.0,598.0,87084,11,False,4.5,1.25,0.0,-166.375,431.625,0.010535557506584636
2020-11-17,598.0,603.25,592.5,595.25,73204,11,False,-2.75,3.5,0.0,-166.375,428.875,-0.006371271358239228
2020-11-18,595.75,604.25,592.5,597.75,61555,11,False,2.5,-4.375,0.0,-166.375,431.375,0.005829204313611225
2020-11-19,598.75,600.25,589.75,591.75,42206,11,False,-6.0,2.0,0.0,-166.375,425.375,-0.01390901188061433
2020-11-20,590.0,598.25,590.0,593.25,36851,11,False,1.5,-0.25,0.0,-166.375,426.875,0.0035263003232441914
2020-11-23,596.0,604.75,595.75,598.75,22141,11,False,5.5,7.0,0.0,-166.375,432.375,0.012884333821376215
2020-11-24,599.5,612.25,594.0,611.25,19739,11,False,12.5,-8.75,0.0,-166.375,444.875,0.028910089621277724
2020-11-25,612.75,616.5,587.0,588.25,23901,11,False,-23.0,10.375,0.0,-166.375,421.875,-0.051699915706659216
2020-11-27,592.25,600.25,589.25,596.5,7296,11,False,8.25,-19.625,0.0,-166.375,430.125,0.019555555555555548
2020-11-30,599.5,600.0,579.5,580.25,1048,11,False,-16.25,-3.25,0.0,-166.375,413.875,-0.037779715199070085
2020-12-01,580.75,580.75,563.5,565.5,540,12,True,-14.75,-1.875,-12.875,-153.5,412.0,-0.0045303533675626895
2020-12-02,565.5,578.75,565.5,578.0,78,12,False,12.5,-10.5,0.0,-153.5,424.5,0.03033980582524265
2020-12-03,573.5,576.0,568.0,571.75,164,12,False,-6.25,3.625,0.0,-153.5,418.25,-0.014723203769140158
2020-12-04,563.75,566.5,563.75,566.5,55,12,False,-5.25,-0.75,0.0,-153.5,413.0,-0.012552301255230103
2020-12-07,560.0,575.75,560.0,571.25,20,12,False,4.75,-6.375,0.0,-153.5,417.75,0.011501210653753091
2020-12-08,566.75,574.0,563.75,563.75,20,12,False,-7.5,9.0,0.0,-153.5,410.25,-0.01795332136445238
2020-12-09,568.5,581.0,568.5,577.0,10,12,False,13.25,2.875,0.0,-153.5,423.5,0.03229737964655688
2020-12-10,590.0,592.5,587.0,590.25,5,12,False,13.25,15.625,0.0,-153.5,436.75,0.031286894923258535
2020-12-11,608.25,608.25,608.25,608.25,8,12,False,18.0,-0.75,0.0,-153.5,454.75,0.041213508872352644
2020-12-14,615.5,615.5,593.5,593.5,74274,12,False,-14.75,12.125,0.0,-153.5,440.0,-0.03243540406816936
2020-12-15,597.25,605.75,594.25,599.75,51418,12,False,6.25,-8.0,0.0,-153.5,446.25,0.014204545454545414
2020-12-16,602.25,607.75,589.75,598.5,56478,12,False,-1.25,8.25,0.0,-153.5,445.0,-0.0028011204481792618
2020-12-17,599.75,610.0,598.5,608.75,43431,12,False,10.25,-0.875,0.0,-153.5,455.25,0.023033707865168562
2020-12-18,611.5,614.75,604.5,608.25,42169,12,False,-0.5,6.625,0.0,-153.5,454.75,-0.0010982976386600951
2020-12-21,610.25,615.25,596.5,611.25,48422,12,False,3.0,2.625,0.0,-153.5,457.75,0.006597031335898951
2020-12-22,615.5,619.75,603.0,617.0,55034,12,False,5.75,7.875,0.0,-153.5,463.5,0.012561441835062803
2020-12-23,615.25,633.75,610.5,629.75,69513,12,False,12.75,1.5,0.0,-153.5,476.25,0.027508090614886793
2020-12-24,631.0,633.75,623.5,627.0,35656,12,False,-2.75,0.0,0.0,-153.5,473.5,-0.005774278215223139
2020-12-28,627.0,631.5,607.0,614.25,53532,12,False,-12.75,0.75,0.0,-153.5,460.75,-0.02692713833157334
2020-12-29,614.25,623.25,611.5,618.5,35420,12,False,4.25,4.75,0.0,-153.5,465.0,0.009224091155724423
2020-12-30,620.0,643.5,614.0,640.75,71654,12,False,22.25,2.0,0.0,-153.5,487.25,0.0478494623655914
2020-12-31,640.0,644.5,632.5,640.5,44927,12,False,-0.25,11.875,0.0,-153.5,487.0,-0.0005130836326321386
2021-01-04,643.0,650.25,634.0,642.0,66782,1,False,1.5,5.875,0.0,-153.5,488.5,0.0030800821355236874
2021-01-05,641.5,664.5,639.5,654.0,81173,1,False,12.0,-2.5,0.0,-153.5,500.5,0.0245649948822928
2021-01-06,654.0,660.25,646.0,647.5,60850,1,False,-6.5,3.375,0.0,-153.5,494.0,-0.012987012987012991
2021-01-07,646.75,648.25,638.0,642.25,47486,1,False,-5.25,-5.0,0.0,-153.5,488.75,-0.010627530364372473
2021-01-08,644.75,649.5,634.0,638.75,56138,1,False,-3.5,-4.625,0.0,-153.5,485.25,-0.00716112531969304
2021-01-11,639.0,651.5,628.75,634.75,58069,1,False,-4.0,13.375,0.0,-153.5,481.25,-0.008243173621844457
2021-01-12,636.25,670.0,634.0,665.0,80416,1,False,30.25,-4.25,0.0,-153.5,511.5,0.06285714285714294
2021-01-13,665.0,680.75,656.25,660.5,80724,1,False,-4.5,19.875,0.0,-153.5,507.0,-0.008797653958944274
2021-01-14,660.0,673.25,653.0,670.0,63304,1,False,9.5,0.5,0.0,-153.5,516.5,0.018737672583826415
2021-01-15,671.0,693.0,664.5,675.5,77447,1,False,5.5,3.125,0.0,-153.5,522.0,0.010648596321394033
2021-01-19,683.75,691.25,668.75,672.25,63501,1,False,-3.25,0.5,0.0,-153.5,518.75,-0.00622605363984674
2021-01-20,675.25,676.0,656.5,667.75,66033,1,False,-4.5,-5.125,0.0,-153.5,514.25,-0.00867469879518068
2021-01-21,666.5,674.75,657.75,660.75,50212,1,False,-7.0,-15.375,0.0,-153.5,507.25,-0.01361205639280505
2021-01-22,658.5,659.0,633.0,634.5,76808,1,False,-26.25,3.5,0.0,-153.5,481.0,-0.051749630359783194
2021-01-25,633.0,651.5,624.25,648.5,64721,1,False,14.0,-4.75,0.0,-153.5,495.0,0.029106029106028997
2021-01-26,646.75,667.75,641.25,665.25,68363,1,False,16.75,3.5,0.0,-153.5,511.75,0.03383838383838378
2021-01-27,663.25,672.75,652.5,658.25,54190,1,False,-7.0,2.75,0.0,-153.5,504.75,-0.013678553981436248
2021-01-28,655.0,664.5,643.5,647.0,65434,1,False,-11.25,4.5,0.0,-153.5,493.5,-0.022288261515601815
2021-01-29,646.25,664.75,643.0,663.0,60153,1,False,16.0,-11.625,0.0,-153.5,509.5,0.03242147922998995
2021-02-01,663.5,671.0,646.0,651.0,55799,2,False,-12.0,4.875,0.0,-153.5,497.5,-0.023552502453385693
2021-02-02,655.0,656.75,640.5,644.75,46873,2,False,-6.25,-4.25,0.0,-153.5,491.25,-0.012562814070351758
2021-02-03,646.25,649.75,625.75,648.25,77131,2,False,3.5,-8.5,0.0,-153.5,494.75,0.007124681933842192
2021-02-04,647.25,650.5,633.0,637.5,66019,2,False,-10.75,3.625,0.0,-153.5,484.0,-0.021728145528044474
2021-02-05,634.75,647.5,632.25,641.25,78451,2,False,3.75,1.875,0.0,-153.5,487.75,0.00774793388429762
2021-02-08,643.0,657.5,642.5,655.75,102705,2,False,14.5,-1.25,0.0,-153.5,502.25,0.029728344438749277
2021-02-09,657.75,660.5,639.75,649.5,124145,2,False,-6.25,0.25,0.0,-153.5,496.0,-0.012444001991040343
2021-02-10,649.5,650.5,626.75,635.5,98577,2,False,-14.0,-4.125,0.0,-153.5,482.0,-0.028225806451612878
2021-02-11,636.5,644.75,632.0,633.5,79697,2,False,-2.0,-5.375,0.0,-153.5,480.0,-0.004149377593360981
2021-02-12,632.5,643.0,632.0,636.75,64747,2,False,3.25,9.375,0.0,-153.5,483.25,0.0067708333333333925
2021-02-16,648.0,660.25,640.5,657.5,50195,2,False,20.75,-5.125,0.0,-153.5,504.0,0.04293843766166572
2021-02-17,660.0,661.25,638.5,644.0,35182,2,False,-13.5,19.625,0.0,-153.5,490.5,-0.0267857142857143
2021-02-18,644.0,665.75,641.5,662.5,56681,2,False,18.5,-12.625,0.0,-153.5,509.0,0.03771661569826712
2021-02-19,665.0,669.0,649.0,650.75,51919,2,False,-11.75,15.875,0.0,-153.5,497.25,-0.023084479371316302
2021-02-22,653.75,665.25,651.0,664.0,26456,2,False,13.25,-5.0,0.0,-153.5,510.5,0.02664655605832067
2021-02-23,666.5,667.75,656.5,665.75,24552,2,False,1.75,13.875,0.0,-153.5,512.25,0.00342801175318308
2021-02-24,665.5,683.5,665.0,680.25,23402,2,False,14.5,-3.375,0.0,-153.5,526.75,0.02830649097120541
2021-02-25,677.25,680.5,658.75,671.75,13332,2,False,-8.5,-1.125,0.0,-153.5,518.25,-0.016136687233032743
2021-02-26,665.0,665.75,653.0,655.0,1445,2,False,-16.75,-9.875,0.0,-153.5,501.5,-0.03232030873130731
2021-03-01,661.0,661.0,643.0,643.75,389,3,True,-11.25,1.375,-12.625,-140.875,502.875,0.0027417746759721418
2021-03-02,645.5,663.25,640.0,663.25,241,3,False,19.5,-11.25,0.0,-140.875,522.375,0.03877703206562266
2021-03-03,658.25,658.25,645.75,652.0,183,3,False,-11.25,8.625,0.0,-140.875,511.125,-0.021536252692031632
2021-03-04,653.0,658.0,648.75,649.75,576,3,False,-2.25,-3.5,0.0,-140.875,508.875,-0.00440205429200291
2021-03-05,649.5,657.5,647.0,654.0,401,3,False,4.25,-4.875,0.0,-140.875,513.125,0.008351756325227111
2021-03-08,659.5,659.5,642.5,646.5,351,3,False,-7.5,7.125,0.0,-140.875,505.625,-0.01461632155907433
2021-03-09,654.75,656.5,650.75,656.5,13,3,False,10.0,-6.625,0.0,-140.875,515.625,0.01977750309023496
2021-03-10,653.25,653.75,643.5,650.75,130,3,False,-5.75,-2.25,0.0,-140.875,509.875,-0.011151515151515135
2021-03-11,650.0,650.0,636.25,636.25,32,3,False,-14.5,-5.125,0.0,-140.875,495.375,-0.028438342731061494
2021-03-12,631.75,631.75,631.75,631.75,34909,3,False,-4.5,-0.625,0.0,-140.875,490.875,-0.009084027252081794
2021-03-15,637.75,647.75,636.0,645.0,40093,3,False,13.25,-1.25,0.0,-140.875,504.125,0.02699261522790941
2021-03-16,645.5,648.0,631.75,647.0,51099,3,False,2.0,3.125,0.0,-140.875,506.125,0.003967270022315894
2021-03-17,646.25,649.5,639.25,640.0,36147,3,False,-7.0,-3.75,0.0,-140.875,499.125,-0.013830575450728522
2021-03-18,640.0,641.0,629.0,630.5,47127,3,False,-9.5,-5.25,0.0,-140.875,489.625,-0.019033308289506667
2021-03-19,629.0,635.5,621.75,627.0,51669,3,False,-3.5,-4.625,0.0,-140.875,486.125,-0.0071483278018892316
2021-03-22,627.5,630.75,621.25,627.25,36124,3,False,0.25,2.0,0.0,-140.875,486.375,0.0005142710208279055
2021-03-23,628.0,644.5,621.0,634.75,68769,3,False,7.5,-4.875,0.0,-140.875,493.875,0.01542020046260606
2021-03-24,635.0,638.75,624.0,624.75,45577,3,False,-10.0,-2.375,0.0,-140.875,483.875,-0.0202480384712731
2021-03-25,624.75,625.5,609.0,612.5,60632,3,False,-12.25,-4.625,0.0,-140.875,471.625,-0.025316455696202556
2021-03-26,611.0,619.0,608.25,613.25,45616,3,False,0.75,-4.375,0.0,-140.875,472.375,0.0015902464882056044
2021-03-29,615.75,617.75,607.25,616.75,38587,3,False,3.5,-7.125,0.0,-140.875,475.875,0.007409367557554836
2021-03-30,616.25,616.75,600.5,601.75,52667,3,False,-15.0,9.875,0.0,-140.875,460.875,-0.03152088258471242
2021-03-31,603.25,631.75,593.25,618.0,90267,3,False,16.25,-11.0,0.0,-140.875,477.125,0.035259018171955425
2021-04-01,623.0,625.75,601.25,611.0,73406,4,False,-7.0,11.625,0.0,-140.875,470.125,-0.014671207754781257
2021-04-05,607.0,625.0,607.0,618.0,52004,4,False,7.0,-4.75,0.0,-140.875,477.125,0.014889657006115442
2021-04-06,622.0,627.5,613.75,615.5,58043,4,False,-2.5,3.875,0.0,-140.875,474.625,-0.005239717055279036
2021-04-07,615.0,619.75,609.75,616.25,73524,4,False,0.75,5.0,0.0,-140.875,475.375,0.0015801948907032681
2021-04-08,618.0,631.5,616.0,628.75,87000,4,False,12.5,5.375,0.0,-140.875,487.875,0.02629503023928481
2021-04-09,628.75,646.5,627.25,638.75,113072,4,False,10.0,0.875,0.0,-140.875,497.875,0.02049705354855247
2021-04-12,638.0,639.0,623.0,628.0,101809,4,False,-10.75,5.875,0.0,-140.875,487.125,-0.02159176500125537
2021-04-13,630.25,637.25,628.25,629.75,78362,4,False,1.75,3.75,0.0,-140.875,488.875,0.0035925070567102146
2021-04-14,630.75,655.75,630.75,648.0,117768,4,False,18.25,3.75,0.0,-140.875,507.125,0.03733060598312443
2021-04-15,647.25,657.75,639.0,653.75,61426,4,False,5.75,8.5,0.0,-140.875,512.875,0.01133842740941593
2021-04-16,652.5,659.75,648.25,652.5,36533,4,False,-1.25,2.75,0.0,-140.875,511.625,-0.002437241043139138
2021-04-19,653.0,660.75,651.0,652.25,28587,4,False,-0.25,3.125,0.0,-140.875,511.375,-0.000488639139995084
2021-04-20,651.5,679.0,650.25,659.75,43162,4,False,7.5,6.625,0.0,-140.875,518.875,0.014666340747983453
2021-04-21,662.75,678.75,658.75,673.25,30045,4,False,13.5,22.25,0.0,-140.875,532.375,0.026017827029631402
2021-04-22,673.75,713.25,672.0,710.25,45267,4,False,37.0,6.75,0.0,-140.875,569.375,0.0694998826015496
2021-04-23,709.75,714.75,701.0,710.25,29087,4,False,0.0,33.125,0.0,-140.875,569.375,0.0
2021-04-26,712.75,745.25,712.75,739.5,34378,4,False,29.25,-2.875,0.0,-140.875,598.625,0.051372118551042734
2021-04-27,737.0,773.0,726.75,733.75,16104,4,False,-5.75,10.375,0.0,-140.875,592.875,-0.009605345583629132
2021-04-28,734.25,743.75,713.5,725.25,12763,4,False,-8.5,3.25,0.0,-140.875,584.375,-0.014336917562724039
2021-04-29,722.25,738.75,712.75,737.5,9415,4,False,12.25,-1.75,0.0,-140.875,596.625,0.020962566844919817
2021-04-30,741.0,745.5,728.5,742.5,406,4,False,5.0,-2.375,0.0,-140.875,601.625,0.008380473496752527
2021-05-03,753.25,753.25,725.5,725.5,407,5,True,-17.0,8.25,-25.25,-115.625,609.875,0.013712861001454302
2021-05-04,731.25,737.5,730.0,737.0,300,5,False,11.5,0.875,0.0,-115.625,621.375,0.01885632301701179
2021-05-05,737.75,755.75,737.5,755.75,495,5,False,18.75,10.0,0.0,-115.625,640.125,0.03017501508750753
2021-05-06,761.0,764.25,745.0,764.25,16,5,False,8.5,14.0,0.0,-115.625,648.625,0.0132786565123999
2021-05-07,771.0,773.5,760.5,773.5,25,5,False,9.25,-11.25,0.0,-115.625,657.875,0.014260936596646845
2021-05-10,768.5,769.0,742.5,742.5,227,5,False,-31.0,13.25,0.0,-115.625,626.875,-0.04712141364240929
2021-05-11,742.75,765.0,742.75,759.75,55,5,False,17.25,-18.0,0.0,-115.625,644.125,0.027517447657029015
2021-05-12,763.0,763.0,746.5,754.75,77,5,False,-5.0,-5.5,0.0,-115.625,639.125,-0.007762468464971861
2021-05-13,750.0,756.5,726.5,726.5,59,5,False,-28.25,-2.125,0.0,-115.625,610.875,-0.04420105613142966
2021-05-14,730.25,730.25,727.25,727.25,79497,5,False,0.75,-27.875,0.0,-115.625,611.625,0.0012277470841006721
2021-05-17,704.0,707.5,692.0,699.75,53086,5,False,-27.5,-0.5,0.0,-115.625,584.125,-0.04496219088493769
2021-05-18,702.5,718.5,692.5,698.0,61420,5,False,-1.75,-23.125,0.0,-115.625,582.375,-0.002995934089449981
2021-05-19,698.0,699.0,671.5,679.25,77673,5,False,-18.75,-2.875,0.0,-115.625,563.625,-0.03219575016097875
2021-05-20,682.25,688.0,672.25,675.25,55313,5,False,-4.0,-9.875,0.0,-115.625,559.625,-0.007096917276558035
2021-05-21,675.5,677.5,665.75,674.25,57455,5,False,-1.0,-8.0,0.0,-115.625,558.625,-0.0017869108778200138
2021-05-24,667.0,668.75,653.25,662.25,57246,5,False,-12.0,-3.375,0.0,-115.625,546.625,-0.021481315730588535
2021-05-25,663.25,667.5,646.75,656.5,64769,5,False,-5.75,-10.0,0.0,-115.625,540.875,-0.010519094443174004
2021-05-26,657.0,657.75,639.5,648.5,59945,5,False,-8.0,11.0,0.0,-115.625,532.875,-0.014790848162699377
2021-05-27,648.25,679.5,648.0,676.25,65470,5,False,27.75,-10.375,0.0,-115.625,560.625,0.052076002814918976
2021-05-28,676.0,679.75,661.25,663.5,56121,5,False,-12.75,28.875,0.0,-115.625,547.875,-0.022742474916387923
2021-06-01,673.25,702.0,672.0,693.5,75697,6,False,30.0,-9.375,0.0,-115.625,577.875,0.05475701574264202
2021-06-02,692.0,701.5,681.5,687.5,65956,6,False,-6.0,9.375,0.0,-115.625,571.875,-0.010382868267358902
2021-06-03,689.5,699.25,669.25,676.25,60414,6,False,-11.25,2.75,0.0,-115.625,560.625,-0.01967213114754096
2021-06-04,678.5,690.25,676.25,687.75,55839,6,False,11.5,-9.5,0.0,-115.625,572.125,0.02051282051282044
2021-06-07,694.25,704.0,678.5,680.0,103023,6,False,-7.75,8.25,0.0,-115.625,564.375,-0.013545990823683685
2021-06-08,682.5,699.25,680.25,685.0,91988,6,False,5.0,-5.25,0.0,-115.625,569.375,0.008859357696566983
2021-06-09,685.0,686.0,673.5,682.25,91316,6,False,-2.75,3.25,0.0,-115.625,566.625,-0.00482985729967067
2021-06-10,684.0,689.25,672.75,683.75,103902,6,False,1.5,-2.875,0.0,-115.625,568.125,0.002647253474520106
2021-06-11,682.25,688.0,669.5,680.75,80622,6,False,-3.0,-2.375,0.0,-115.625,565.125,-0.005280528052805322
2021-06-14,680.5,680.75,657.0,674.5,67693,6,False,-6.25,-8.0,0.0,-115.625,558.875,-0.011059500110594978
2021-06-15,674.5,676.25,649.0,661.5,68469,6,False,-13.0,-2.5,0.0,-115.625,545.875,-0.023261015432789134
2021-06-16,662.0,672.75,658.75,662.75,61563,6,False,1.25,-18.375,0.0,-115.625,547.125,0.002289901534233918
2021-06-17,663.75,667.0,637.25,639.0,68262,6,False,-23.75,12.5,0.0,-115.625,523.375,-0.04340872743888513
2021-06-18,639.0,668.5,639.0,662.75,53571,6,False,23.75,-12.5,0.0,-115.625,547.125,0.04537855266300461
2021-06-21,657.0,673.5,646.5,661.5,38192,6,False,-1.25,6.625,0.0,-115.625,545.875,-0.0022846698652044806
2021-06-22,666.25,672.75,650.75,651.0,35940,6,False,-10.5,4.5,0.0,-115.625,535.375,-0.01923517288756582
2021-06-23,653.25,668.25,653.25,661.25,40594,6,False,10.25,-10.25,0.0,-115.625,545.625,0.019145458790567282
2021-06-24,660.25,660.75,642.0,651.25,29170,6,False,-10.0,-2.0,0.0,-115.625,535.625,-0.018327605956471982
2021-06-25,650.5,656.75,634.5,637.0,38795,6,False,-14.25,-0.5,0.0,-115.625,521.375,-0.026604434072345362
2021-06-28,638.0,655.0,637.0,646.0,29182,6,False,9.0,-10.25,0.0,-115.625,530.375,0.017262047470630648
2021-06-29,651.0,657.75,638.25,639.75,13015,6,False,-6.25,20.375,0.0,-115.625,524.125,-0.011784115012962504
2021-06-30,640.5,673.0,627.5,671.5,1833,6,False,31.75,-9.625,0.0,-115.625,555.875,0.06057715239685191
2021-07-01,667.75,683.0,658.5,658.5,558,7,True,-13.0,9.5,-22.5,-93.125,565.375,0.01709017315043848
2021-07-02,661.0,662.0,643.75,645.75,401,7,False,-12.75,-19.375,0.0,-93.125,552.625,-0.022551403935441083
2021-07-06,634.75,634.75,611.0,620.0,93,7,False,-25.75,-9.0,0.0,-93.125,526.875,-0.04659579280705728
2021-07-07,626.0,626.0,613.75,614.75,173,7,False,-5.25,-14.125,0.0,-93.125,521.625,-0.009964412811387935
2021-07-08,615.0,618.0,611.75,612.25,101,7,False,-2.5,-4.5,0.0,-93.125,519.125,-0.004792715073088871
2021-07-09,608.0,612.25,606.5,608.5,104,7,False,-3.75,12.0,0.0,-93.125,515.375,-0.007223693715386448
2021-07-12,610.75,635.0,604.5,635.0,30,7,False,26.5,-5.0,0.0,-93.125,541.875,0.05141886975503285
2021-07-13,636.5,639.5,626.0,628.75,56,7,False,-6.25,21.375,0.0,-93.125,535.625,-0.011534025374855816
2021-07-14,645.0,645.0,645.0,645.0,60001,7,False,16.25,10.375,0.0,-93.125,551.875,0.03033838973162184
2021-07-15,653.75,673.5,651.25,672.0,56836,7,False,27.0,18.375,0.0,-93.125,578.875,0.04892412231030585
2021-07-16,671.75,696.25,670.75,692.5,75887,7,False,20.5,16.125,0.0,-93.125,599.375,0.035413517598790856
2021-07-19,702.75,709.5,694.25,697.75,74215,7,False,5.25,11.625,0.0,-93.125,604.625,0.008759124087591275
2021-07-20,698.75,718.0,698.25,700.5,64013,7,False,2.75,7.75,0.0,-93.125,607.375,0.004548273723382179
2021-07-21,701.0,712.0,700.0,710.75,52745,7,False,10.25,-7.875,0.0,-93.125,617.625,0.016875900391027043
2021-07-22,708.25,709.0,681.75,692.25,63077,7,False,-18.5,1.0,0.0,-93.125,599.125,-0.029953450718477992
2021-07-23,688.0,696.75,677.5,684.0,42541,7,False,-8.25,-12.75,0.0,-93.125,590.875,-0.013770081368662646
2021-07-26,684.0,684.0,665.5,677.0,43684,7,False,-7.0,-5.375,0.0,-93.125,583.875,-0.01184683731753755
2021-07-27,680.25,690.0,671.75,674.5,50027,7,False,-2.5,3.625,0.0,-93.125,581.375,-0.004281738385784606
2021-07-28,675.0,696.25,673.75,688.75,49232,7,False,14.25,7.0,0.0,-93.125,595.625,0.024510857880025716
2021-07-29,689.75,706.75,689.0,705.25,45524,7,False,16.5,6.375,0.0,-93.125,612.125,0.02770199370409232
2021-07-30,705.0,711.5,695.0,703.75,53644,7,False,-1.5,21.125,0.0,-93.125,610.625,-0.0024504798856442855
2021-08-02,704.0,731.75,704.0,729.5,62786,8,False,25.75,-3.25,0.0,-93.125,636.375,0.042169907881269175
2021-08-03,727.5,734.75,717.75,724.5,73891,8,False,-5.0,9.25,0.0,-93.125,631.375,-0.007857002553525838
2021-08-04,724.25,738.75,714.5,717.25,75455,8,False,-7.25,-4.75,0.0,-93.125,624.125,-0.011482874678281574
2021-08-05,714.75,725.5,709.75,712.75,62604,8,False,-4.5,-0.5,0.0,-93.125,619.625,-0.007210094131784528
2021-08-06,712.75,724.75,709.25,719.0,85120,8,False,6.25,-6.125,0.0,-93.125,625.875,0.010086746015735226
2021-08-09,719.0,723.75,708.25,711.25,84297,8,False,-7.75,11.0,0.0,-93.125,618.125,-0.012382664270021992
2021-08-10,711.0,730.0,708.5,727.0,85502,8,False,15.75,-3.875,0.0,-93.125,633.875,0.025480283114256874
2021-08-11,726.75,732.25,718.75,727.0,98740,8,False,0.0,21.125,0.0,-93.125,633.875,0.0
2021-08-12,724.0,762.0,723.0,753.5,109432,8,False,26.5,4.375,0.0,-93.125,660.375,0.041806349832380185
2021-08-13,753.0,774.75,747.5,762.25,87099,8,False,8.75,12.375,0.0,-93.125,669.125,0.013250047321597513
2021-08-16,762.5,770.25,757.75,760.5,62047,8,False,-1.75,-8.625,0.0,-93.125,667.375,-0.0026153558752101125
2021-08-17,762.5,763.75,732.25,734.5,63610,8,False,-26.0,0.5,0.0,-93.125,641.375,-0.03895860648061433
2021-08-18,734.25,740.5,721.75,737.25,33614,8,False,2.75,-17.875,0.0,-93.125,644.125,0.004287663223543126
2021-08-19,737.0,737.0,716.0,727.5,37059,8,False,-9.75,-5.25,0.0,-93.125,634.375,-0.015136813506695157
2021-08-20,727.5,732.75,709.25,714.25,37208,8,False,-13.25,-2.125,0.0,-93.125,621.125,-0.020886699507389195
2021-08-23,712.75,730.75,710.25,719.75,21092,8,False,5.5,-7.5,0.0,-93.125,626.625,0.0088549003823708
2021-08-24,722.75,723.25,710.75,718.0,28503,8,False,-1.75,-0.625,0.0,-93.125,624.875,-0.0027927388789148466
2021-08-25,718.0,719.75,704.25,711.25,21990,8,False,-6.75,6.125,0.0,-93.125,618.125,-0.010802160432086372
2021-08-26,712.5,727.0,709.25,725.25,17849,8,False,14.0,-6.75,0.0,-93.125,632.125,0.022649140546006086
2021-08-27,725.75,731.25,717.75,718.5,24916,8,False,-6.75,2.125,0.0,-93.125,625.375,-0.01067826774767644
2021-08-30,720.5,728.5,707.5,708.75,18316,8,False,-9.75,-4.375,0.0,-93.125,615.625,-0.015590645612632459
2021-08-31,706.5,707.5,690.25,706.75,1667,8,False,-2.0,-7.75,0.0,-93.125,613.625,-0.0032487309644669837
2021-09-01,708.25,710.25,699.25,701.0,546,9,True,-5.75,0.5,-6.25,-86.875,614.125,0.0008148299042574081
2021-09-02,694.0,708.0,694.0,704.0,369,9,False,3.0,2.375,0.0,-86.875,617.125,0.004884998982291888
2021-09-03,702.0,715.0,701.0,714.5,433,9,False,10.5,-1.375,0.0,-86.875,627.625,0.01701438120315979
2021-09-07,718.5,718.5,704.25,708.75,169,9,False,-5.75,0.0,0.0,-86.875,621.875,-0.009161521609241219
2021-09-08,704.5,704.5,698.25,698.25,58,9,False,-10.5,-11.25,0.0,-86.875,611.375,-0.016884422110552744
2021-09-09,700.0,700.0,681.5,681.5,113,9,False,-16.75,-8.5,0.0,-86.875,594.625,-0.0273972602739726
2021-09-10,682.5,683.75,673.25,675.0,72,9,False,-6.5,-8.625,0.0,-86.875,588.125,-0.010931259196972909
2021-09-13,671.5,674.5,671.5,674.5,8,9,False,-0.5,2.0,0.0,-86.875,587.625,-0.0008501594048884176
2021-09-14,677.25,685.0,677.25,685.0,55986,9,False,10.5,13.375,0.0,-86.875,598.125,0.01786853860880666
2021-09-15,700.0,714.75,695.25,712.25,51075,9,False,27.25,5.625,0.0,-86.875,625.375,0.045559038662486895
2021-09-16,711.25,716.75,705.0,713.0,40246,9,False,0.75,11.5,0.0,-86.875,626.125,0.00119928043174089
2021-09-17,713.75,716.0,706.5,708.75,33375,9,False,-4.25,-3.625,0.0,-86.875,621.875,-0.0067877819924136995
2021-09-20,708.0,710.75,695.75,700.75,37449,9,False,-8.0,-7.375,0.0,-86.875,613.875,-0.012864321608040186
2021-09-21,700.25,701.0,686.0,690.25,43195,9,False,-10.5,3.75,0.0,-86.875,603.375,-0.017104459376908965
2021-09-22,689.5,706.75,688.0,705.75,37475,9,False,15.5,0.75,0.0,-86.875,618.875,0.02568883364408525
2021-09-23,708.5,719.5,704.0,717.75,46804,9,False,12.0,10.75,0.0,-86.875,630.875,0.019390022217733893
2021-09-24,718.5,725.75,711.5,723.75,47318,9,False,6.0,5.25,0.0,-86.875,636.875,0.009510600356647414
2021-09-27,723.5,728.5,720.25,722.25,32063,9,False,-1.5,-4.875,0.0,-86.875,635.375,-0.002355250245338558
2021-09-28,722.0,726.75,706.0,706.5,54403,9,False,-15.75,1.125,0.0,-86.875,619.625,-0.0247885107220146
2021-09-29,709.25,717.75,708.25,710.25,38927,9,False,3.75,-0.25,0.0,-86.875,623.375,0.0060520476094412246
2021-09-30,711.25,732.75,701.25,725.5,71326,9,False,15.25,16.75,0.0,-86.875,638.625,0.024463605373972408
2021-10-01,725.0,758.5,722.75,755.25,85696,10,False,29.75,8.25,0.0,-86.875,668.375,0.04658445879819917
2021-10-04,752.25,763.5,748.5,756.5,54746,10,False,1.25,9.0,0.0,-86.875,669.625,0.0018702075930427942
2021-10-05,756.25,757.0,743.75,744.75,49150,10,False,-11.75,1.25,0.0,-86.875,657.875,-0.017547134590255697
2021-10-06,744.75,756.75,742.25,746.0,44642,10,False,1.25,-8.25,0.0,-86.875,659.125,0.0019000570017100316
2021-10-07,746.0,752.5,739.5,741.25,42606,10,False,-4.75,-3.0,0.0,-86.875,654.375,-0.007206523800493025
2021-10-08,739.25,746.5,731.75,734.0,47836,10,False,-7.25,-3.5,0.0,-86.875,647.125,-0.01107927411652343
2021-10-11,734.0,739.5,731.0,731.75,32210,10,False,-2.25,-2.5,0.0,-86.875,644.875,-0.003476917133474977
2021-10-12,731.75,743.75,718.0,734.0,57859,10,False,2.25,-8.75,0.0,-86.875,647.125,0.0034890482651677157
2021-10-13,736.0,737.75,712.75,718.75,57903,10,False,-15.25,4.125,0.0,-86.875,631.875,-0.02356577168244156
2021-10-14,718.75,729.5,718.5,724.75,39585,10,False,6.0,-3.0,0.0,-86.875,637.875,0.00949554896142435
2021-10-15,725.0,740.5,722.25,734.0,40534,10,False,9.25,4.125,0.0,-86.875,647.125,0.014501273760533007
2021-10-18,734.0,738.75,728.5,736.25,31460,10,False,2.25,4.5,0.0,-86.875,649.375,0.003476917133474977
2021-10-19,736.0,745.25,735.25,736.0,37740,10,False,-0.25,7.75,0.0,-86.875,649.125,-0.00038498556304134013
2021-10-20,737.0,750.0,736.5,749.25,35078,10,False,13.25,-4.125,0.0,-86.875,662.375,0.020412093202387904
2021-10-21,749.75,752.5,738.25,741.25,33633,10,False,-8.0,14.0,0.0,-86.875,654.375,-0.012077750518965868
2021-10-22,743.75,759.5,743.5,756.0,52332,10,False,14.75,-2.25,0.0,-86.875,669.125,0.022540592168099227
2021-10-25,759.75,767.0,753.25,759.5,42579,10,False,3.5,3.75,0.0,-86.875,672.625,0.005230711750420225
2021-10-26,763.0,765.0,747.5,752.25,53537,10,False,-7.25,5.5,0.0,-86.875,665.375,-0.01077866567552499
2021-10-27,750.5,762.75,745.0,759.75,49839,10,False,7.5,2.75,0.0,-86.875,672.875,0.011271839188427668
2021-10-28,760.0,780.0,751.5,772.5,57331,10,False,12.75,3.875,0.0,-86.875,685.625,0.01894854170536875
2021-10-29,773.25,780.0,763.5,772.75,48726,10,False,0.25,18.625,0.0,-86.875,685.875,0.00036463081130344577
2021-11-01,774.5,800.5,768.25,797.25,73027,11,False,24.5,-2.75,0.0,-86.875,710.375,0.03572079460543098
2021-11-02,798.5,807.0,789.75,791.5,65894,11,False,-5.75,7.0,0.0,-86.875,704.625,-0.00809431638219249
2021-11-03,790.5,796.75,777.5,781.0,53180,11,False,-10.5,-6.5,0.0,-86.875,694.125,-0.014901543374135184
2021-11-04,782.0,794.25,772.25,773.75,51270,11,False,-7.25,-8.875,0.0,-86.875,686.875,-0.01044480461012065
2021-11-05,774.75,781.5,765.5,766.5,83637,11,False,-7.25,-2.875,0.0,-86.875,679.625,-0.01055505004549595
2021-11-08,768.25,773.0,762.5,768.0,75813,11,False,1.5,1.625,0.0,-86.875,681.125,0.0022070995034026986
2021-11-09,769.25,783.25,764.5,778.5,81300,11,False,10.5,13.0,0.0,-86.875,691.625,0.015415672600477048
2021-11-10,783.0,803.75,778.0,803.0,85821,11,False,24.5,10.0,0.0,-86.875,716.125,0.03542382071209116
2021-11-11,803.0,824.75,798.25,812.5,107495,11,False,9.5,14.5,0.0,-86.875,725.625,0.013265840460813472
2021-11-12,814.25,826.75,805.5,817.0,63147,11,False,4.5,9.375,0.0,-86.875,730.125,0.006201550387596955
2021-11-15,819.75,829.5,813.25,826.25,57377,11,False,9.25,-5.75,0.0,-86.875,739.375,0.012669063516521195
2021-11-16,827.5,827.5,810.0,810.25,58357,11,False,-16.0,10.625,0.0,-86.875,723.375,-0.021639898562975435
2021-11-17,812.0,835.0,810.5,822.25,63821,11,False,12.0,-9.125,0.0,-86.875,735.375,0.01658890616899944
2021-11-18,824.25,843.25,819.25,820.0,63590,11,False,-2.25,7.5,0.0,-86.875,733.125,-0.003059663437021909
2021-11-19,821.0,830.75,813.5,823.0,42696,11,False,3.0,10.25,0.0,-86.875,736.125,0.004092071611253134
2021-11-22,827.5,848.5,826.0,845.75,40429,11,False,22.75,6.625,0.0,-86.875,758.875,0.030905077262693093
2021-11-23,846.5,856.5,838.25,856.0,29297,11,False,10.25,1.75,0.0,-86.875,769.125,0.013506835776643022
2021-11-24,856.5,863.25,833.5,836.75,46267,11,False,-19.25,-0.5,0.0,-86.875,749.875,-0.025028441410693936
2021-11-26,821.25,830.5,810.0,825.5,29473,11,False,-11.25,-18.625,0.0,-86.875,738.625,-0.01500250041673612
2021-11-29,837.75,840.5,805.0,807.5,20037,11,False,-18.0,-22.5,0.0,-86.875,720.625,-0.024369605686241358
2021-11-30,808.25,808.25,770.5,773.75,2662,11,False,-33.75,-6.625,0.0,-86.875,686.875,-0.04683434518647012
2021-12-01,784.0,785.5,774.75,778.5,484,12,True,4.75,-2.875,7.625,-94.5,684.0,-0.004185623293903595
2021-12-02,779.5,809.25,779.5,806.5,192,12,False,28.0,-3.625,0.0,-94.5,712.0,0.040935672514619936
2021-12-03,809.5,814.75,794.5,794.5,102,12,False,-12.0,15.25,0.0,-94.5,700.0,-0.016853932584269704
2021-12-06,799.75,799.75,784.5,797.0,66,12,False,2.5,-4.875,0.0,-94.5,702.5,0.0035714285714285587
2021-12-07,811.0,812.0,796.0,799.25,74,12,False,2.25,-2.75,0.0,-94.5,704.75,0.00320284697508888
2021-12-08,799.25,800.0,787.75,791.25,42,12,False,-8.0,-7.75,0.0,-94.5,696.75,-0.011351543100390216
2021-12-09,793.5,793.5,773.5,773.5,64,12,False,-17.75,0.25,0.0,-94.5,679.0,-0.02547542160028704
2021-12-10,769.25,783.25,769.0,782.0,30,12,False,8.5,-7.125,0.0,-94.5,687.5,0.012518409425625876
2021-12-13,779.25,791.0,779.25,785.5,69,12,False,3.5,4.25,0.0,-94.5,691.0,0.005090909090909035
2021-12-14,785.5,785.5,785.5,785.5,34152,12,False,0.0,-13.0,0.0,-94.5,691.0,0.0
2021-12-15,787.0,787.0,751.0,756.0,77464,12,False,-29.5,7.25,0.0,-94.5,661.5,-0.04269175108538348
2021-12-16,757.5,773.0,751.25,770.5,50771,12,False,14.5,-12.5,0.0,-94.5,676.0,0.02191987906273618
2021-12-17,770.0,780.25,765.25,775.0,38053,12,False,4.5,8.625,0.0,-94.5,680.5,0.006656804733727872
2021-12-20,777.5,778.75,757.75,777.75,38677,12,False,2.75,12.875,0.0,-94.5,683.25,0.004041146216017699
2021-12-21,778.5,799.75,772.5,799.0,46149,12,False,21.25,8.875,0.0,-94.5,704.5,0.0311013538236371
2021-12-22,796.75,817.0,792.0,814.0,48743,12,False,15.0,11.0,0.0,-94.5,719.5,0.02129169623846705
2021-12-23,812.5,820.5,808.25,814.75,36615,12,False,0.75,2.125,0.0,-94.5,720.25,0.0010423905489924667
2021-12-27,817.5,824.0,802.5,804.0,30210,12,False,-10.75,-9.875,0.0,-94.5,709.5,-0.014925373134328401
2021-12-28,805.75,808.0,781.75,783.5,41877,12,False,-20.5,-3.25,0.0,-94.5,689.0,-0.028893587033121948
2021-12-29,785.25,793.0,774.0,787.75,40941,12,False,4.25,-14.25,0.0,-94.5,693.25,0.006168359941944868
2021-12-30,789.5,791.75,776.0,779.75,29563,12,False,-8.0,-2.375,0.0,-94.5,685.25,-0.011539848539487974
2021-12-31,782.5,787.75,769.5,770.75,25055,12,False,-9.0,-10.375,0.0,-94.5,676.25,-0.013133892739875974
2022-01-03,774.0,782.25,752.75,758.0,42116,1,False,-12.75,1.5,0.0,-94.5,663.5,-0.018853974121996298
2022-01-04,758.0,771.5,756.25,770.0,43220,1,False,12.0,-11.0,0.0,-94.5,675.5,0.018085908063300682
2022-01-05,771.0,771.5,756.0,760.75,40236,1,False,-9.25,-1.375,0.0,-94.5,666.25,-0.013693560325684695
2022-01-06,761.75,762.0,736.0,746.0,64426,1,False,-14.75,1.625,0.0,-94.5,651.5,-0.022138836772983117
2022-01-07,748.0,760.75,735.5,758.5,58463,1,False,12.5,-5.625,0.0,-94.5,664.0,0.019186492709132752
2022-01-10,760.75,767.5,748.0,762.0,46681,1,False,3.5,10.375,0.0,-94.5,667.5,0.005271084337349352
2022-01-11,761.75,770.5,758.25,770.25,43837,1,False,8.25,-4.5,0.0,-94.5,675.75,0.012359550561797716
2022-01-12,768.0,770.0,753.5,757.75,51640,1,False,-12.5,-1.375,0.0,-94.5,663.25,-0.018497965223825408
2022-01-13,757.0,757.75,741.0,746.75,49455,1,False,-11.0,-8.875,0.0,-94.5,652.25,-0.016584998115341087
2022-01-14,746.0,747.25,737.0,741.5,44592,1,False,-5.25,8.25,0.0,-94.5,647.0,-0.00804906094289004
2022-01-18,742.25,771.5,741.25,769.0,70559,1,False,27.5,11.125,0.0,-94.5,674.5,0.04250386398763517
2022-01-19,772.0,797.25,769.5,796.5,68427,1,False,27.5,10.625,0.0,-94.5,702.0,0.04077094143810234
2022-01-20,794.0,802.75,783.75,790.25,58576,1,False,-6.25,8.625,0.0,-94.5,695.75,-0.008903133903133909
2022-01-21,788.0,791.0,778.0,780.0,47700,1,False,-10.25,7.125,0.0,-94.5,685.5,-0.014732303269852642
2022-01-24,794.0,802.5,775.75,800.5,58617,1,False,20.5,3.625,0.0,-94.5,706.0,0.029905178701677526
2022-01-25,801.0,831.5,800.5,818.0,76139,1,False,17.5,-1.25,0.0,-94.5,723.5,0.02478753541076495
2022-01-26,817.25,817.5,787.0,795.0,73390,1,False,-23.0,-0.25,0.0,-94.5,700.5,-0.0317899101589495
2022-01-27,794.25,795.5,774.0,777.0,60147,1,False,-18.0,-6.875,0.0,-94.5,682.5,-0.025695931477516032
2022-01-28,777.25,793.5,774.75,786.25,49080,1,False,9.25,-21.5,0.0,-94.5,691.75,0.013553113553113505
2022-01-31,793.0,798.5,756.75,761.25,71473,1,False,-25.0,8.5,0.0,-94.5,666.75,-0.036140224069389215
2022-02-01,762.5,776.75,760.5,769.0,52159,2,False,7.75,-19.5,0.0,-94.5,674.5,0.011623547056617944
2022-02-02,770.0,778.5,749.25,755.0,67578,2,False,-14.0,2.25,0.0,-94.5,660.5,-0.02075611564121571
2022-02-03,754.0,756.5,740.0,751.75,52592,2,False,-3.25,-1.25,0.0,-94.5,657.25,-0.0049205147615443146
2022-02-04,754.75,767.25,748.25,763.25,50585,2,False,11.5,1.125,0.0,-94.5,668.75,0.01749714720426021
2022-02-07,776.0,776.5,760.0,768.75,81449,2,False,5.5,10.75,0.0,-94.5,674.25,0.00822429906542066
2022-02-08,771.25,782.0,754.0,778.75,99517,2,False,10.0,5.875,0.0,-94.5,684.25,0.014831294030404063
2022-02-09,779.5,788.25,770.5,785.0,100108,2,False,6.25,-1.75,0.0,-94.5,690.5,0.009134088417975805
2022-02-10,785.5,801.75,765.75,771.5,95102,2,False,-13.5,16.25,0.0,-94.5,677.0,-0.01955104996379431
2022-02-11,770.25,806.25,764.75,797.75,101599,2,False,26.25,-6.0,0.0,-94.5,703.25,0.03877400295420985
2022-02-14,801.5,813.5,780.75,799.25,69676,2,False,1.5,3.375,0.0,-94.5,704.75,0.0021329541414860653
2022-02-15,801.25,801.75,773.0,779.75,55714,2,False,-19.5,1.125,0.0,-94.5,685.25,-0.02766938630720117
2022-02-16,779.75,786.75,773.25,780.5,33006,2,False,0.75,-1.0,0.0,-94.5,686.0,0.0010944910616563774
2022-02-17,780.0,799.25,775.5,798.0,47683,2,False,17.5,-0.125,0.0,-94.5,703.5,0.025510204081632626
2022-02-18,797.5,812.25,790.0,797.0,43499,2,False,-1.0,32.375,0.0,-94.5,702.5,-0.001421464108031234
2022-02-22,815.0,846.25,803.0,844.25,47217,2,False,47.25,15.375,0.0,-94.5,749.75,0.06725978647686826
2022-02-23,841.0,880.0,834.0,876.0,28032,2,False,31.75,48.625,0.0,-94.5,781.5,0.042347449149716665
2022-02-24,882.75,926.0,877.25,926.0,26655,2,False,50.0,-25.625,0.0,-94.5,831.5,0.06397952655150352
2022-02-25,923.25,951.25,841.5,843.0,8868,2,False,-83.0,67.5,0.0,-94.5,748.5,-0.0998196031268791
2022-02-28,920.25,930.5,885.5,928.0,1092,2,False,85.0,-4.625,0.0,-94.5,833.5,0.11356045424181693
2022-03-01,951.0,1004.5,951.0,1001.75,507,3,True,73.75,70.875,2.875,-97.375,904.375,0.08503299340131965
2022-03-02,1009.25,1132.0,997.5,1058.5,458,3,False,56.75,152.125,0.0,-97.375,961.125,0.06275051831375267
2022-03-03,1124.25,1289.0,1119.0,1289.0,374,3,False,230.5,57.875,0.0,-97.375,1191.625,0.23982312394329552
2022-03-04,1340.0,1348.0,1201.5,1348.0,147,3,False,59.0,153.875,0.0,-97.375,1250.625,0.04951222070701777
2022-03-07,1311.25,1425.25,1311.25,1425.25,79,3,False,77.25,-46.625,0.0,-97.375,1327.875,0.06176911544227881
2022-03-08,1319.25,1319.25,1273.0,1273.0,29,3,False,-152.25,1.875,0.0,-97.375,1175.625,-0.1146568765885343
2022-03-09,1199.5,1199.5,1199.5,1199.5,5,3,False,-73.5,-139.0,0.0,-97.375,1102.125,-0.06251993620414675
2022-03-10,1073.75,1073.75,1073.75,1073.75,6,3,False,-125.75,-28.625,0.0,-97.375,976.375,-0.11409776567993646
2022-03-11,1035.75,1090.0,1030.75,1090.0,10,3,False,16.25,-62.875,0.0,-97.375,992.625,0.016643195493534657
2022-03-14,1090.0,1090.0,1090.0,1090.0,38656,3,False,0.0,40.25,0.0,-97.375,992.625,0.0
2022-03-15,1106.0,1160.75,1088.25,1154.25,30964,3,False,64.25,-42.5,0.0,-97.375,1056.875,0.0647273643117996
2022-03-16,1157.25,1159.5,1069.25,1069.25,37914,3,False,-85.0,46.5,0.0,-97.375,971.875,-0.08042578356002361
2022-03-17,1051.0,1108.25,1031.75,1098.0,31158,3,False,28.75,-59.625,0.0,-97.375,1000.625,0.029581993569131937
2022-03-18,1095.0,1106.0,1055.75,1063.75,19393,3,False,-34.25,42.125,0.0,-97.375,966.375,-0.03422860712054965
2022-03-21,1075.0,1148.75,1061.75,1119.25,37035,3,False,55.5,-17.625,0.0,-97.375,1021.875,0.05743112145906082
2022-03-22,1119.25,1169.25,1102.25,1118.25,29006,3,False,-1.0,21.5,0.0,-97.375,1020.875,-0.000978593272171202
2022-03-23,1119.25,1139.0,1101.0,1105.75,24464,3,False,-12.5,-10.5,0.0,-97.375,1008.375,-0.012244398187829075
2022-03-24,1105.75,1115.0,1080.5,1085.75,22420,3,False,-20.0,2.0,0.0,-97.375,988.375,-0.019833891161522232
2022-03-25,1089.5,1109.0,1064.75,1102.25,27912,3,False,16.5,-32.625,0.0,-97.375,1004.875,0.016694068546857288
2022-03-28,1092.75,1096.0,1047.0,1057.0,26162,3,False,-45.25,-13.125,0.0,-97.375,959.625,-0.04503047642741631
2022-03-29,1047.0,1068.25,972.0,1014.25,45986,3,False,-42.75,-16.125,0.0,-97.375,916.875,-0.04454865181711609
2022-03-30,1015.0,1041.75,1002.25,1027.25,26336,3,False,13.0,-32.0,0.0,-97.375,929.875,0.014178595773687741
2022-03-31,1030.25,1075.0,1003.5,1006.0,36848,3,False,-21.25,-4.25,0.0,-97.375,908.625,-0.022852533942734232
2022-04-01,1007.25,1032.75,982.5,984.5,33853,4,False,-21.5,2.25,0.0,-97.375,887.125,-0.02366212684000546
2022-04-04,989.5,1014.5,984.75,1010.25,26349,4,False,25.75,6.75,0.0,-97.375,912.875,0.029026349161617615
2022-04-05,1020.5,1074.0,1020.0,1045.25,26923,4,False,35.0,9.375,0.0,-97.375,947.875,0.03834040805148575
2022-04-06,1049.5,1056.25,1023.5,1038.25,27905,4,False,-7.0,8.375,0.0,-97.375,940.875,-0.007384939997362561
2022-04-07,1040.25,1044.5,1017.75,1020.0,50501,4,False,-18.25,12.25,0.0,-97.375,922.625,-0.019396838049687837
2022-04-08,1020.0,1054.25,1017.0,1051.5,47599,4,False,31.5,5.75,0.0,-97.375,954.125,0.03414171521474052
2022-04-11,1056.0,1091.75,1055.0,1081.25,55247,4,False,29.75,27.0,0.0,-97.375,983.875,0.031180400890868487
2022-04-12,1077.75,1117.5,1075.0,1103.75,50433,4,False,22.5,19.75,0.0,-97.375,1006.375,0.022868758734595263
2022-04-13,1102.5,1124.25,1078.0,1113.5,53460,4,False,9.75,2.75,0.0,-97.375,1016.125,0.00968823748602654
2022-04-14,1113.0,1127.5,1094.25,1096.5,20653,4,False,-17.0,16.875,0.0,-97.375,999.125,-0.016730225119940934
2022-04-18,1099.25,1134.75,1098.25,1120.5,13169,4,False,24.0,-19.25,0.0,-97.375,1023.125,0.024021018391092275
2022-04-19,1123.25,1135.0,1096.0,1099.0,18099,4,False,-21.5,6.5,0.0,-97.375,1001.625,-0.021014050091631042
2022-04-20,1094.75,1109.75,1066.75,1088.0,15110,4,False,-11.0,-20.75,0.0,-97.375,990.625,-0.010982153999750444
2022-04-21,1094.25,1094.25,1052.5,1068.0,11174,4,False,-20.0,-6.75,0.0,-97.375,970.625,-0.02018927444794949
2022-04-22,1070.0,1076.0,1052.5,1065.5,15258,4,False,-2.5,-11.75,0.0,-97.375,968.125,-0.0025756600128783447
2022-04-25,1065.75,1080.0,1045.75,1062.0,12075,4,False,-3.5,9.375,0.0,-97.375,964.625,-0.003615235635894165
2022-04-26,1069.75,1096.0,1066.75,1083.25,9543,4,False,21.25,-3.375,0.0,-97.375,985.875,0.02202928599196574
2022-04-27,1081.25,1087.0,1067.75,1080.0,7092,4,False,-3.25,7.625,0.0,-97.375,982.625,-0.003296563966020072
2022-04-28,1082.5,1094.0,1070.0,1074.0,6965,4,False,-6.0,-16.75,0.0,-97.375,976.625,-0.006106093372344468
2022-04-29,1071.25,1085.0,1043.75,1043.75,577,4,False,-30.25,-3.125,0.0,-97.375,946.375,-0.030974017662869557
2022-05-02,1037.5,1050.25,1029.25,1043.5,341,5,True,-0.25,-20.0,19.75,-117.125,926.375,-0.0211332716946242
2022-05-03,1045.0,1056.0,1033.75,1033.75,177,5,False,-9.75,16.0,0.0,-117.125,916.625,-0.01052489542571855
2022-05-04,1042.25,1069.75,1042.25,1066.0,288,5,False,32.25,10.125,0.0,-117.125,948.875,0.03518341742806497
2022-05-05,1084.5,1096.0,1084.5,1096.0,184,5,False,30.0,16.625,0.0,-117.125,978.875,0.03161638782769072
2022-05-06,1098.5,1098.5,1097.0,1097.0,68,5,False,1.0,8.125,0.0,-117.125,979.875,0.0010215808964373352
2022-05-09,1084.0,1086.0,1081.5,1083.25,92,5,False,-13.75,0.5,0.0,-117.125,966.125,-0.014032402092103546
2022-05-10,1096.75,1098.5,1083.25,1083.25,42,5,False,0.0,5.875,0.0,-117.125,966.125,0.0
2022-05-11,1109.25,1115.0,1100.0,1108.75,53,5,False,25.5,32.875,0.0,-117.125,991.625,0.02639410014232113
2022-05-12,1107.75,1174.5,1103.25,1174.5,157,5,False,65.75,9.125,0.0,-117.125,1057.375,0.06630530694567005
2022-05-13,1167.25,1167.25,1167.25,1167.25,35248,5,False,-7.25,73.0,0.0,-117.125,1050.125,-0.006856602435276082
2022-05-16,1234.25,1247.5,1222.25,1247.5,53773,5,False,80.25,11.375,0.0,-117.125,1130.375,0.07641947387215797
2022-05-17,1268.0,1284.0,1200.75,1277.5,73671,5,False,30.0,16.75,0.0,-117.125,1160.375,0.026539865089019177
2022-05-18,1278.5,1280.0,1211.5,1230.75,57090,5,False,-46.75,-0.125,0.0,-117.125,1113.625,-0.04028869977378002
2022-05-19,1222.0,1247.75,1193.5,1200.5,54778,5,False,-30.25,-39.25,0.0,-117.125,1083.375,-0.027163542485127423
2022-05-20,1208.0,1208.0,1168.0,1168.75,40065,5,False,-31.75,-4.5,0.0,-117.125,1051.625,-0.029306565132110274
2022-05-23,1181.75,1196.75,1174.75,1190.0,38143,5,False,21.25,-33.5,0.0,-117.125,1072.875,0.020206822774277988
2022-05-24,1196.0,1208.75,1138.0,1154.75,52749,5,False,-35.25,7.375,0.0,-117.125,1037.625,-0.03285564487941284
2022-05-25,1154.5,1158.5,1114.5,1148.25,51657,5,False,-6.5,-20.125,0.0,-117.125,1031.125,-0.006264305505360834
2022-05-26,1133.0,1160.25,1115.0,1143.25,38507,5,False,-5.0,3.875,0.0,-117.125,1026.125,-0.0048490726148624486
2022-05-27,1143.25,1170.25,1133.5,1157.5,25544,5,False,14.25,-37.5,0.0,-117.125,1040.375,0.013887196978925598
2022-05-31,1157.0,1157.25,1087.5,1087.5,68159,5,False,-70.0,-16.0,0.0,-117.125,970.375,-0.06728343145500415
2022-06-01,1091.0,1098.0,1027.25,1041.25,81448,6,False,-46.25,-26.5,0.0,-117.125,924.125,-0.04766198634548502
2022-06-02,1043.25,1075.0,1037.25,1058.25,58137,6,False,17.0,-32.25,0.0,-117.125,941.125,0.018395779791694933
2022-06-03,1061.5,1069.25,1036.25,1040.0,40835,6,False,-18.25,35.0,0.0,-117.125,922.875,-0.019391685482799792
2022-06-06,1060.0,1108.75,1060.0,1093.0,60711,6,False,53.0,-19.75,0.0,-117.125,975.875,0.057429229310578256
2022-06-07,1093.0,1101.0,1058.5,1071.75,84918,6,False,-21.25,28.0,0.0,-117.125,954.625,-0.021775329832201873
2022-06-08,1073.0,1089.0,1061.75,1074.75,68009,6,False,3.0,-12.375,0.0,-117.125,957.625,0.00314259525991889
2022-06-09,1076.25,1082.0,1044.25,1071.25,70950,6,False,-3.5,1.25,0.0,-117.125,954.125,-0.0036548753426445257
2022-06-10,1074.5,1081.25,1053.0,1070.75,62709,6,False,-0.5,-1.625,0.0,-117.125,953.625,-0.0005240403511069802
2022-06-13,1073.0,1093.5,1053.5,1071.0,62605,6,False,0.25,-10.625,0.0,-117.125,953.875,0.00026215755669167784
2022-06-14,1071.0,1072.75,1046.5,1050.25,34011,6,False,-20.75,0.0,0.0,-117.125,933.125,-0.021753374393919556
2022-06-15,1055.0,1058.75,1036.5,1050.0,32823,6,False,-0.25,3.75,0.0,-117.125,932.875,-0.00026791694574679337
2022-06-16,1050.25,1084.75,1047.0,1078.25,38169,6,False,28.25,-22.125,0.0,-117.125,961.125,0.030282728125418767
2022-06-17,1078.25,1083.75,1030.25,1034.25,42369,6,False,-44.0,-15.375,0.0,-117.125,917.125,-0.045779685264663805
2022-06-21,1032.0,1033.25,973.5,975.25,54693,6,False,-59.0,-21.375,0.0,-117.125,858.125,-0.06433147062832223
2022-06-22,977.25,1007.25,960.0,976.5,35050,6,False,1.25,-49.125,0.0,-117.125,859.375,0.0014566642388929019
2022-06-23,973.25,974.5,934.5,937.25,32876,6,False,-39.25,-6.125,0.0,-117.125,820.125,-0.04567272727272731
2022-06-24,936.25,962.5,921.75,923.75,28752,6,False,-13.5,-29.5,0.0,-117.125,806.625,-0.016460905349794275
2022-06-27,922.0,940.0,900.5,904.0,26815,6,False,-19.75,1.875,0.0,-117.125,786.875,-0.024484735781806877
2022-06-28,908.0,935.0,907.25,921.25,23635,6,False,17.25,-12.75,0.0,-117.125,804.125,0.021922160444797445
2022-06-29,922.0,940.0,913.75,915.5,12305,6,False,-5.75,-14.75,0.0,-117.125,798.375,-0.00715062956629875
2022-06-30,914.25,917.75,868.75,868.75,2286,6,False,-46.75,-21.625,0.0,-117.125,751.625,-0.05855644277438543
2022-07-01,876.0,878.0,831.25,831.25,419,7,True,-37.5,-42.125,4.625,-121.75,709.5,-0.056045235323465836
2022-07-05,829.0,829.0,793.75,793.75,76,7,False,-37.5,-19.5,0.0,-121.75,672.0,-0.052854122621564525
2022-07-06,791.0,813.0,779.0,792.25,384,7,False,-1.5,-2.625,0.0,-121.75,670.5,-0.0022321428571429047
2022-07-07,816.0,825.25,816.0,824.5,187,7,False,32.25,26.625,0.0,-121.75,702.75,0.04809843400447433
2022-07-08,843.5,879.25,841.75,879.25,110,7,False,54.75,-1.625,0.0,-121.75,757.5,0.07790821771611522
2022-07-11,888.0,888.0,843.75,843.75,102,7,False,-35.5,6.25,0.0,-121.75,722.0,-0.04686468646864683
2022-07-12,835.0,839.25,801.5,801.5,70,7,False,-42.25,-19.375,0.0,-121.75,679.75,-0.058518005540166174
2022-07-13,810.0,819.25,798.25,798.25,30,7,False,-3.25,-23.125,0.0,-121.75,676.5,-0.0047811695476277505
2022-07-14,794.25,794.25,794.25,794.25,53660,7,False,-4.0,-10.375,0.0,-121.75,672.5,-0.00591278640059123
2022-07-15,798.0,804.75,765.75,776.75,44621,7,False,-17.5,16.0,0.0,-121.75,655.0,-0.026022304832713727
2022-07-18,787.25,825.0,778.5,812.75,42326,7,False,36.0,-9.0,0.0,-121.75,691.0,0.05496183206106875
2022-07-19,808.5,822.25,792.5,812.25,45981,7,False,-0.5,21.625,0.0,-121.75,690.5,-0.0007235890014472002
2022-07-20,810.25,843.5,801.0,819.5,38891,7,False,7.25,-6.875,0.0,-121.75,697.75,0.010499637943519158
2022-07-21,819.5,834.0,795.5,806.25,43046,7,False,-13.25,-20.0,0.0,-121.75,684.5,-0.01898960945897532
2022-07-22,803.25,807.25,754.0,759.0,66188,7,False,-47.25,-1.125,0.0,-121.75,637.25,-0.0690284879474069
2022-07-25,787.0,793.5,760.5,770.0,47491,7,False,11.0,-6.75,0.0,-121.75,648.25,0.017261671243624876
2022-07-26,773.0,806.0,772.25,803.75,43798,7,False,33.75,-1.25,0.0,-121.75,682.0,0.05206324720401079
2022-07-27,802.5,818.75,782.0,790.25,41494,7,False,-13.5,30.25,0.0,-121.75,668.5,-0.019794721407624616
2022-07-28,786.25,824.25,786.25,817.0,37417,7,False,26.75,-11.375,0.0,-121.75,695.25,0.04001495886312645
2022-07-29,817.0,845.75,801.0,807.75,47268,7,False,-9.25,9.625,0.0,-121.75,686.0,-0.01330456670262492
2022-08-01,812.75,820.25,781.25,800.25,41076,8,False,-7.5,-17.375,0.0,-121.75,678.5,-0.01093294460641403
2022-08-02,795.0,795.75,772.75,774.75,47230,8,False,-25.5,-9.25,0.0,-121.75,653.0,-0.037582903463522443
2022-08-03,774.0,790.25,752.0,763.75,51385,8,False,-11.0,-3.375,0.0,-121.75,642.0,-0.016845329249617125
2022-08-04,768.0,789.5,758.25,782.5,46769,8,False,18.75,-8.875,0.0,-121.75,660.75,0.029205607476635587
2022-08-05,782.0,796.75,769.75,775.75,51597,8,False,-6.75,11.375,0.0,-121.75,654.0,-0.010215664018161208
2022-08-08,776.5,793.75,760.75,779.75,64408,8,False,4.0,-2.5,0.0,-121.75,658.0,0.006116207951070374
2022-08-09,785.75,801.25,772.75,781.5,59015,8,False,1.75,11.125,0.0,-121.75,659.75,0.0026595744680850686
2022-08-10,781.5,808.5,780.25,799.75,68225,8,False,18.25,6.375,0.0,-121.75,678.0,0.027661993179234567
2022-08-11,800.0,820.75,794.5,810.75,63667,8,False,11.0,6.75,0.0,-121.75,689.0,0.016224188790560534
2022-08-12,811.25,811.25,782.25,806.0,40652,8,False,-4.75,2.875,0.0,-121.75,684.25,-0.006894049346879538
2022-08-15,802.0,804.5,778.0,800.75,29781,8,False,-5.25,-9.75,0.0,-121.75,679.0,-0.007672634271099765
2022-08-16,799.0,810.5,782.5,786.0,25480,8,False,-14.75,-14.0,0.0,-121.75,664.25,-0.02172312223858619
2022-08-17,785.25,797.0,759.5,763.25,29954,8,False,-22.75,-23.25,0.0,-121.75,641.5,-0.034249153180278546
2022-08-18,764.75,766.5,725.75,731.5,38267,8,False,-31.75,-0.5,0.0,-121.75,609.75,-0.04949337490257211
2022-08-19,733.0,756.75,727.25,753.25,18896,8,False,21.75,-7.25,0.0,-121.75,631.5,0.035670356703567
2022-08-22,754.0,774.0,744.5,770.5,22523,8,False,17.25,17.0,0.0,-121.75,648.75,0.027315914489311144
2022-08-23,770.0,802.5,767.25,782.75,26881,8,False,12.25,14.75,0.0,-121.75,661.0,0.018882466281310295
2022-08-24,782.25,799.75,775.0,795.0,23598,8,False,12.25,-6.5,0.0,-121.75,673.25,0.01853252647503778
2022-08-25,794.75,803.5,766.5,769.75,18247,8,False,-25.25,13.625,0.0,-121.75,648.0,-0.03750464166357226
2022-08-26,764.5,792.25,764.0,784.75,28064,8,False,15.0,5.0,0.0,-121.75,663.0,0.02314814814814814
2022-08-29,785.75,827.0,774.75,820.0,23866,8,False,35.25,-3.375,0.0,-121.75,698.25,0.05316742081447967
2022-08-30,818.5,824.0,794.0,798.25,12216,8,False,-21.75,23.0,0.0,-121.75,676.5,-0.031149301825993514
2022-08-31,794.75,812.25,788.75,809.0,1705,8,False,10.75,-27.625,0.0,-121.75,687.25,0.015890613451589042
2022-09-01,802.75,806.0,773.0,775.5,1046,9,True,-33.5,14.125,-47.625,-74.125,701.375,0.02055292833757738
2022-09-02,793.75,795.25,790.0,793.0,440,9,False,17.5,-13.25,0.0,-74.125,718.875,0.02495098912849758
2022-09-06,795.5,800.75,794.25,800.0,386,9,False,7.0,22.0,0.0,-74.125,725.875,0.009737436967483859
2022-09-07,802.25,855.0,802.25,826.5,389,9,False,26.5,-4.5,0.0,-74.125,752.375,0.03650766316514553
2022-09-08,815.0,816.5,805.5,810.5,306,9,False,-16.0,34.625,0.0,-74.125,736.375,-0.02126599102840998
2022-09-09,810.0,853.25,810.0,853.25,40,9,False,42.75,-14.0,0.0,-74.125,779.125,0.05805465965031398
2022-09-12,852.5,852.5,837.0,841.25,54,9,False,-12.0,22.125,0.0,-74.125,767.125,-0.015401893149366241
2022-09-13,850.0,850.0,839.0,842.75,31,9,False,1.5,-0.5,0.0,-74.125,768.625,0.001955352778230335
2022-09-14,853.75,853.75,853.75,853.75,45623,9,False,11.0,-3.625,0.0,-74.125,779.625,0.014311270125223707
2022-09-15,874.0,884.75,843.25,845.0,52974,9,False,-8.75,12.875,0.0,-74.125,770.875,-0.011223344556677839
2022-09-16,846.75,866.5,830.75,859.75,47239,9,False,14.75,-19.0,0.0,-74.125,785.625,0.019134100859413028
2022-09-19,857.25,861.25,819.25,830.5,46375,9,False,-29.25,39.0,0.0,-74.125,756.375,-0.03723150357995231
2022-09-20,827.75,896.75,825.5,893.75,72771,9,False,63.25,-9.625,0.0,-74.125,819.625,0.08362254172863981
2022-09-21,886.5,919.5,873.0,903.75,91297,9,False,10.0,35.125,0.0,-74.125,829.625,0.012200701540338477
2022-09-22,896.5,922.5,891.0,910.75,59590,9,False,7.0,-10.125,0.0,-74.125,836.625,0.008437547084526154
2022-09-23,908.75,913.0,876.0,880.5,54237,9,False,-30.25,-7.75,0.0,-74.125,806.375,-0.036157179142387585
2022-09-26,877.0,890.75,854.25,858.0,48793,9,False,-22.5,-8.375,0.0,-74.125,783.875,-0.027902650751821412
2022-09-27,857.5,894.5,857.0,871.5,48803,9,False,13.5,4.625,0.0,-74.125,797.375,0.017222133630999892
2022-09-28,874.25,905.0,862.0,903.25,51296,9,False,31.75,3.25,0.0,-74.125,829.125,0.039818153315566596
2022-09-29,902.5,914.5,887.75,896.25,41358,9,False,-7.0,28.5,0.0,-74.125,822.125,-0.008442635308306912
2022-09-30,899.75,945.75,892.75,921.5,78137,9,False,25.25,-8.25,0.0,-74.125,847.375,0.030713091074958232
2022-10-03,930.0,938.75,908.5,912.0,52399,10,False,-9.5,8.125,0.0,-74.125,837.875,-0.011211093081575418
2022-10-04,916.25,927.0,897.5,903.0,50521,10,False,-9.0,-5.25,0.0,-74.125,828.875,-0.010741459048187352
2022-10-05,903.25,919.75,894.25,902.0,39955,10,False,-1.0,-16.0,0.0,-74.125,827.875,-0.0012064545317448383
2022-10-06,905.75,907.75,873.25,879.0,46423,10,False,-23.0,0.125,0.0,-74.125,804.875,-0.02778197191605014
2022-10-07,883.25,896.75,872.5,880.25,38141,10,False,1.25,17.375,0.0,-74.125,806.125,0.0015530361857432062
2022-10-10,895.25,949.75,891.5,938.0,77244,10,False,57.75,-17.875,0.0,-74.125,863.875,0.07163901380058935
2022-10-11,934.0,936.75,898.0,901.0,65146,10,False,-37.0,19.5,0.0,-74.125,826.875,-0.04283027058312838
2022-10-12,902.0,903.75,876.25,882.25,44744,10,False,-18.75,-13.5,0.0,-74.125,808.125,-0.0226757369614512
2022-10-13,883.75,906.25,863.0,892.25,63574,10,False,10.0,-25.625,0.0,-74.125,818.125,0.012374323279195742
2022-10-14,894.25,898.75,857.25,859.75,45071,10,False,-32.5,5.625,0.0,-74.125,785.625,-0.03972498090145149
2022-10-17,860.0,877.75,855.25,861.0,42651,10,False,1.25,-22.0,0.0,-74.125,786.875,0.0015910898965791898
2022-10-18,862.0,866.0,832.75,849.5,46278,10,False,-11.5,-3.5,0.0,-74.125,775.375,-0.014614773629864963
2022-10-19,847.0,862.75,835.5,841.25,39811,10,False,-8.25,-1.75,0.0,-74.125,767.125,-0.010640012896985351
2022-10-20,844.5,855.75,836.75,849.25,34078,10,False,8.0,-3.375,0.0,-74.125,775.125,0.010428548150562156
2022-10-21,850.25,863.0,833.0,850.75,41911,10,False,1.5,-2.0,0.0,-74.125,776.625,0.0019351717464926033
2022-10-24,853.75,856.5,833.5,838.75,38013,10,False,-12.0,-1.25,0.0,-74.125,764.625,-0.015451472718493453
2022-10-25,840.0,844.75,826.75,834.75,40775,10,False,-4.0,-3.125,0.0,-74.125,760.625,-0.005231322543730599
2022-10-26,836.25,846.5,824.0,840.5,39250,10,False,5.75,-3.0,0.0,-74.125,766.375,0.007559572719802787
2022-10-27,843.5,858.0,833.5,838.5,36089,10,False,-2.0,-1.75,0.0,-74.125,764.375,-0.0026096884684391197
2022-10-28,839.75,840.25,822.5,829.25,33954,10,False,-9.25,25.5,0.0,-74.125,755.125,-0.012101390024529812
2022-10-31,884.5,893.25,853.75,882.25,98975,10,False,53.0,5.5,0.0,-74.125,808.125,0.0701870551233239
2022-11-01,878.5,904.0,867.75,902.5,74354,11,False,20.25,-1.75,0.0,-74.125,828.375,0.025058004640371223
2022-11-02,898.5,902.0,837.75,846.0,96131,11,False,-56.5,7.375,0.0,-74.125,771.875,-0.06820582465670744
2022-11-03,844.75,849.0,827.75,840.5,48030,11,False,-5.5,-24.625,0.0,-74.125,766.375,-0.007125506072874543
2022-11-04,842.0,855.5,834.0,847.75,43974,11,False,7.25,-3.75,0.0,-74.125,773.625,0.009460120698091767
2022-11-07,851.0,863.75,834.0,845.75,76862,11,False,-2.0,-5.375,0.0,-74.125,771.625,-0.002585231862982762
2022-11-08,847.75,855.0,824.75,827.75,72922,11,False,-18.0,-11.625,0.0,-74.125,753.625,-0.023327393487769355
2022-11-09,829.25,834.0,805.25,806.5,95226,11,False,-21.25,-10.5,0.0,-74.125,732.375,-0.028197047603250924
2022-11-10,806.75,815.75,795.5,803.5,77215,11,False,-3.0,-5.5,0.0,-74.125,729.375,-0.004096262160778297
2022-11-11,804.25,819.5,799.5,813.75,75488,11,False,10.25,0.875,0.0,-74.125,739.625,0.01405312767780642
2022-11-14,813.0,828.75,804.75,818.5,45112,11,False,4.75,10.0,0.0,-74.125,744.375,0.006422173398681785
2022-11-15,818.5,843.0,799.25,828.25,73685,11,False,9.75,-3.0,0.0,-74.125,754.125,0.013098236775818561
2022-11-16,829.5,829.75,801.5,817.5,48018,11,False,-10.75,-0.5,0.0,-74.125,743.375,-0.014254931211669208
2022-11-17,818.25,818.25,793.75,806.75,40772,11,False,-10.75,-7.125,0.0,-74.125,732.625,-0.014461072809820119
2022-11-18,806.75,816.5,800.25,803.25,30557,11,False,-3.5,-7.375,0.0,-74.125,729.125,-0.0047773417505545535
2022-11-21,805.25,808.75,786.0,799.25,32913,11,False,-4.0,-5.625,0.0,-74.125,725.125,-0.005486027773015656
2022-11-22,799.0,806.75,790.0,791.5,22214,11,False,-7.75,-1.0,0.0,-74.125,717.375,-0.01068781244612993
2022-11-23,791.75,797.5,781.25,793.5,21445,11,False,2.0,-12.875,0.0,-74.125,719.375,0.0027879421502003954
2022-11-25,790.75,799.75,771.0,775.5,22496,11,False,-18.0,-8.375,0.0,-74.125,701.375,-0.025021720243266765
2022-11-28,771.25,774.25,750.25,756.75,41776,11,False,-18.75,-8.5,0.0,-74.125,682.625,-0.02673320263767598
2022-11-29,755.5,769.0,753.75,757.75,16739,11,False,1.0,-2.5,0.0,-74.125,683.625,0.0014649331624245754
2022-11-30,760.0,772.75,757.25,771.5,2247,11,False,13.75,-5.875,0.0,-74.125,697.375,0.020113366246114373
2022-12-01,767.5,767.5,757.25,758.75,841,12,True,-12.75,-3.875,-8.875,-65.25,693.5,-0.005556551353289141
2022-12-02,750.0,750.0,737.25,737.25,516,12,False,-21.5,-17.25,0.0,-65.25,672.0,-0.03100216294160063
2022-12-05,730.5,730.5,715.5,715.5,129,12,False,-21.75,-15.75,0.0,-65.25,650.25,-0.0323660714285714
2022-12-06,715.75,715.75,702.5,705.5,236,12,False,-10.0,-0.125,0.0,-65.25,640.25,-0.015378700499807718
2022-12-07,727.25,728.75,727.0,727.0,409,12,False,21.5,-6.375,0.0,-65.25,661.75,0.03358063256540422
2022-12-08,721.0,726.75,721.0,724.25,232,12,False,-2.75,5.0,0.0,-65.25,659.0,-0.004155647903286708
2022-12-09,712.75,712.75,712.75,712.75,53,12,False,-11.5,8.75,0.0,-65.25,647.5,-0.017450682852807264
2022-12-12,733.0,733.0,733.0,733.0,262,12,False,20.25,-7.875,0.0,-65.25,667.75,0.03127413127413137
2022-12-13,741.0,742.5,728.75,728.75,103,12,False,-4.25,9.875,0.0,-65.25,663.5,-0.0063646574316735816
2022-12-14,728.25,728.25,728.25,728.25,41587,12,False,-0.5,12.375,0.0,-65.25,663.0,-0.0007535795026375469
2022-12-15,749.75,767.0,745.0,757.25,51207,12,False,29.0,-2.125,0.0,-65.25,692.0,0.043740573152337925
2022-12-16,758.25,764.25,750.75,753.5,32613,12,False,-3.75,12.0,0.0,-65.25,688.25,-0.005419075144508678
2022-12-19,755.0,759.75,738.75,748.5,39778,12,False,-5.0,-0.875,0.0,-65.25,683.25,-0.007264802034144591
2022-12-20,747.25,761.5,744.75,750.5,38339,12,False,2.0,6.125,0.0,-65.25,685.25,0.0029271862422246553
2022-12-21,750.0,774.5,748.75,767.75,52904,12,False,17.25,-1.75,0.0,-65.25,702.5,0.02517329441809557
2022-12-22,766.75,777.0,758.0,762.25,34649,12,False,-5.5,15.5,0.0,-65.25,697.0,-0.007829181494661941
2022-12-23,762.0,778.0,758.0,776.0,25952,12,False,13.75,-3.5,0.0,-65.25,710.75,0.01972740315638455
2022-12-27,781.25,784.5,769.0,774.5,28358,12,False,-1.5,12.375,0.0,-65.25,709.25,-0.002110446711220515
2022-12-28,774.5,787.5,770.75,785.5,33179,12,False,11.0,-6.5,0.0,-65.25,720.25,0.015509340853013809
2022-12-29,785.0,786.5,765.5,774.0,35941,12,False,-11.5,14.5,0.0,-65.25,708.75,-0.015966678236723375
2022-12-30,775.5,799.0,771.5,792.0,34784,12,False,18.0,-14.0,0.0,-65.25,726.75,0.025396825396825307
2023-01-03,786.0,794.5,769.75,775.5,50138,1,False,-16.5,-6.0,0.0,-65.25,710.25,-0.02270381836945301
2023-01-04,780.5,780.5,744.25,745.5,51975,1,False,-30.0,-7.625,0.0,-65.25,680.25,-0.04223864836325242
2023-01-05,746.0,752.0,736.0,746.75,36793,1,False,1.25,-16.625,0.0,-65.25,681.5,0.0018375597206909955
2023-01-06,748.5,756.75,742.5,743.5,28671,1,False,-3.25,-0.375,0.0,-65.25,678.25,-0.004768892149669801
2023-01-09,748.0,758.0,740.25,741.5,45486,1,False,-2.0,-6.875,0.0,-65.25,676.25,-0.002948765204570547
2023-01-10,741.25,742.5,720.5,731.0,59339,1,False,-10.5,3.5,0.0,-65.25,665.75,-0.015526802218114644
2023-01-11,730.25,742.25,724.5,740.0,37156,1,False,9.0,-3.875,0.0,-65.25,674.75,0.013518588058580638
2023-01-12,739.0,747.25,723.0,742.75,64694,1,False,2.75,5.0,0.0,-65.25,677.5,0.004075583549462802
2023-01-13,743.5,748.5,737.25,743.75,34226,1,False,1.0,5.375,0.0,-65.25,678.5,0.0014760147601475815
2023-01-17,742.5,755.75,728.75,751.75,48648,1,False,8.0,-4.125,0.0,-65.25,686.5,0.01179071481208549
2023-01-18,749.0,760.25,740.25,742.5,45150,1,False,-9.25,0.0,0.0,-65.25,677.25,-0.013474144209759675
2023-01-19,741.75,748.75,733.5,734.5,39217,1,False,-8.0,-1.125,0.0,-65.25,669.25,-0.011812476928755977
2023-01-20,735.0,743.0,727.75,741.5,35444,1,False,7.0,-14.75,0.0,-65.25,676.25,0.0104594695554725
2023-01-23,738.0,740.5,712.5,720.0,63999,1,False,-21.5,10.75,0.0,-65.25,654.75,-0.031792975970425186
2023-01-24,720.5,739.0,719.75,734.5,44243,1,False,14.5,-7.375,0.0,-65.25,669.25,0.022145857197403584
2023-01-25,735.0,746.5,734.75,741.25,41249,1,False,6.75,12.875,0.0,-65.25,676.0,0.010085917071348538
2023-01-26,741.0,758.0,738.0,752.5,47206,1,False,11.25,2.125,0.0,-65.25,687.25,0.01664201183431957
2023-01-27,752.25,753.25,744.25,750.0,41125,1,False,-2.5,6.875,0.0,-65.25,684.75,-0.0036376864314295876
2023-01-30,753.0,762.5,743.5,752.5,43812,1,False,2.5,3.125,0.0,-65.25,687.25,0.003650967506389158
2023-01-31,752.5,766.75,742.0,761.25,59637,1,False,8.75,0.5,0.0,-65.25,696.0,0.012731902510003668
2023-02-01,760.75,762.5,744.5,759.75,60025,2,False,-1.5,5.0,0.0,-65.25,694.5,-0.0021551724137931494
2023-02-02,757.5,770.75,750.5,761.0,59106,2,False,1.25,-2.875,0.0,-65.25,695.75,0.0017998560115191076
2023-02-03,759.75,776.5,750.75,756.75,72367,2,False,-4.25,-2.625,0.0,-65.25,691.5,-0.00610851598993889
2023-02-06,758.0,766.5,745.5,750.25,56431,2,False,-6.5,-2.375,0.0,-65.25,685.0,-0.009399855386840184
2023-02-07,750.0,757.0,744.25,749.75,70662,2,False,-0.5,4.25,0.0,-65.25,684.5,-0.0007299270072992359
2023-02-08,750.0,766.0,747.75,764.75,90201,2,False,15.0,-4.0,0.0,-65.25,699.5,0.021913805697589384
2023-02-09,764.75,770.5,754.75,757.25,75196,2,False,-7.5,21.875,0.0,-65.25,692.0,-0.010721944245889903
2023-02-10,755.0,790.0,755.0,786.0,109946,2,False,28.75,-0.75,0.0,-65.25,720.75,0.04154624277456653
2023-02-13,789.0,796.0,776.0,792.0,88266,2,False,6.0,11.375,0.0,-65.25,726.75,0.008324661810613865
2023-02-14,790.0,797.5,783.5,786.0,64638,2,False,-6.0,-5.375,0.0,-65.25,720.75,-0.008255933952528327
2023-02-15,786.0,787.25,766.75,769.25,55479,2,False,-16.75,-5.125,0.0,-65.25,704.0,-0.02323968088796391
2023-02-16,767.5,771.5,762.25,765.0,34054,2,False,-4.25,-8.125,0.0,-65.25,699.75,-0.006036931818181768
2023-02-17,765.0,771.5,759.5,765.5,32055,2,False,0.5,-9.625,0.0,-65.25,700.25,0.0007145409074669207
2023-02-21,765.75,773.25,749.5,750.5,49781,2,False,-15.0,-6.75,0.0,-65.25,685.25,-0.02142092109960725
2023-02-22,751.75,754.0,733.0,736.5,38925,2,False,-14.0,-6.625,0.0,-65.25,671.25,-0.020430499817584824
2023-02-23,735.5,745.0,734.25,738.25,29844,2,False,1.75,-22.0,0.0,-65.25,673.0,0.0026070763500931626
2023-02-24,740.5,741.0,703.0,708.25,29656,2,False,-30.0,-5.25,0.0,-65.25,643.0,-0.04457652303120352
2023-02-27,708.25,710.0,691.25,696.0,24587,2,False,-12.25,-17.25,0.0,-65.25,630.75,-0.019051321928460374
2023-02-28,694.0,699.5,687.0,691.5,1970,2,False,-4.5,-3.375,0.0,-65.25,626.25,-0.007134363852556502
2023-03-01,691.25,698.75,691.25,697.0,213,3,True,5.5,-0.125,5.625,-70.875,626.125,-0.0001996007984031989
2023-03-02,702.5,706.5,701.25,701.25,170,3,False,4.25,0.0,0.0,-70.875,630.375,0.0067877819924135885
2023-03-03,698.75,698.75,695.75,695.75,132,3,False,-5.5,-4.5,0.0,-70.875,624.875,-0.008724965298433474
2023-03-06,690.75,692.25,682.5,682.5,20,3,False,-13.25,-1.625,0.0,-70.875,611.625,-0.02120424084816963
2023-03-07,684.75,684.75,684.75,684.75,64,3,False,2.25,-11.75,0.0,-70.875,613.875,0.0036787247087677333
2023-03-08,674.5,674.5,674.5,674.5,30,3,False,-10.25,-9.375,0.0,-70.875,603.625,-0.016697210344125413
2023-03-09,653.5,653.5,653.5,653.5,42,3,False,-21.0,1.5,0.0,-70.875,582.625,-0.034789811555187455
2023-03-10,662.25,666.75,662.25,666.75,42,3,False,13.25,-7.75,0.0,-70.875,595.875,0.022741900879639454
2023-03-13,660.5,672.25,660.5,672.25,30,3,False,5.5,13.75,0.0,-70.875,601.375,0.00923012376756871
2023-03-14,686.5,686.5,686.5,686.5,57958,3,False,14.25,10.875,0.0,-70.875,615.625,0.02369569736021626
2023-03-15,697.25,706.0,692.75,702.75,50727,3,False,16.25,5.25,0.0,-70.875,631.875,0.02639593908629445
2023-03-16,704.0,704.0,691.5,699.0,43894,3,False,-3.75,13.875,0.0,-70.875,628.125,-0.005934718100890191
2023-03-17,697.25,712.5,697.25,710.5,58006,3,False,11.5,-6.75,0.0,-70.875,639.625,0.018308457711442738
2023-03-20,708.5,708.5,695.25,700.75,61276,3,False,-9.75,-3.0,0.0,-70.875,629.875,-0.015243306624975528
2023-03-21,700.0,705.5,680.25,683.25,68061,3,False,-17.5,-14.75,0.0,-70.875,612.375,-0.02778329033538396
2023-03-22,682.5,684.0,654.0,663.5,89216,3,False,-19.75,-9.5,0.0,-70.875,592.625,-0.032251479893855906
2023-03-23,663.0,675.5,657.25,662.0,56070,3,False,-1.5,3.375,0.0,-70.875,591.125,-0.0025311115798354322
2023-03-24,660.25,700.5,656.25,688.5,114498,3,False,26.5,4.0,0.0,-70.875,617.625,0.04482977373651931
2023-03-27,691.0,706.5,680.25,698.0,58958,3,False,9.5,14.125,0.0,-70.875,627.125,0.015381501720299617
2023-03-28,698.5,704.75,691.5,699.75,51076,3,False,1.75,7.25,0.0,-70.875,628.875,0.002790512258321609
2023-03-29,698.25,724.0,696.5,704.75,77189,3,False,5.0,-5.375,0.0,-70.875,633.875,0.007950705625124233
2023-03-30,705.25,710.0,690.25,692.25,45510,3,False,-12.5,2.5,0.0,-70.875,621.375,-0.0197199763360284
2023-03-31,692.5,701.25,681.0,692.25,58011,3,False,0.0,-5.625,0.0,-70.875,621.375,0.0
2023-04-03,697.0,710.0,691.5,693.5,51071,4,False,1.25,-1.0,0.0,-70.875,622.625,0.0020116676725006055
2023-04-04,697.0,701.5,688.0,691.5,44904,4,False,-2.0,-4.125,0.0,-70.875,620.625,-0.00321220638426023
2023-04-05,693.0,693.25,675.0,682.0,56289,4,False,-9.5,-4.25,0.0,-70.875,611.125,-0.015307150050352436
2023-04-06,682.25,685.0,671.25,675.5,0,4,False,-6.5,-3.25,0.0,-70.875,604.625,-0.01063612190632035
2023-04-10,684.5,687.5,668.25,678.5,67549,4,False,3.0,-5.5,0.0,-70.875,607.625,0.004961753152780579
2023-04-11,680.25,686.0,666.25,674.0,114948,4,False,-4.5,4.25,0.0,-70.875,603.125,-0.007405883563052829
2023-04-12,673.0,683.75,673.0,679.5,111542,4,False,5.5,-8.5,0.0,-70.875,608.625,0.009119170984456026
2023-04-13,680.75,680.75,664.5,667.0,91658,4,False,-12.5,10.5,0.0,-70.875,596.125,-0.020538098172109276
2023-04-14,668.75,685.25,661.25,682.5,81450,4,False,15.5,0.75,0.0,-70.875,611.625,0.026001258125393223
2023-04-17,686.25,697.0,674.5,696.5,71093,4,False,14.0,8.5,0.0,-70.875,625.625,0.022889842632331847
2023-04-18,693.5,707.0,689.25,698.0,44586,4,False,1.5,-1.125,0.0,-70.875,627.125,0.0023976023976024496
2023-04-19,699.0,699.0,680.75,681.75,31370,4,False,-16.25,-6.25,0.0,-70.875,610.875,-0.025911899541558703
2023-04-20,683.0,684.75,666.5,667.75,36941,4,False,-14.0,-11.125,0.0,-70.875,596.875,-0.02291794556987925
2023-04-21,667.75,673.25,658.0,661.75,34367,4,False,-6.0,-16.125,0.0,-70.875,590.875,-0.010052356020942455
2023-04-24,669.25,669.5,643.25,643.5,25969,4,False,-18.25,-5.375,0.0,-70.875,572.625,-0.03088639729215148
2023-04-25,643.5,646.75,628.25,638.75,26652,4,False,-4.75,-14.875,0.0,-70.875,567.875,-0.008295132067234201
2023-04-26,639.75,643.0,626.5,627.25,18041,4,False,-11.5,-8.625,0.0,-70.875,556.375,-0.020250935505172762
2023-04-27,628.75,630.75,610.5,614.75,18402,4,False,-12.5,-3.25,0.0,-70.875,543.875,-0.022466861379465297
2023-04-28,611.75,623.0,610.25,619.75,1022,4,False,5.0,-14.25,0.0,-70.875,548.875,0.009193288899103758
2023-05-01,620.0,620.0,599.5,603.75,1106,5,True,-16.0,-1.625,-14.375,-56.5,547.25,-0.002960601229788251
2023-05-02,612.0,612.75,595.5,595.5,406,5,False,-8.25,7.375,0.0,-56.5,539.0,-0.015075376884422065
2023-05-03,596.0,626.25,596.0,626.25,352,5,False,30.75,-1.5,0.0,-56.5,569.75,0.057050092764378446
2023-05-04,624.0,631.5,624.0,631.5,187,5,False,5.25,23.125,0.0,-56.5,575.0,0.009214567792891648
2023-05-05,647.0,647.0,647.0,647.0,78,5,False,15.5,-0.375,0.0,-56.5,590.5,0.026956521739130546
2023-05-08,647.5,647.5,641.0,641.0,24,5,False,-6.0,2.5,0.0,-56.5,584.5,-0.010160880609652811
2023-05-09,628.0,630.5,628.0,630.5,8,5,False,-10.5,-4.125,0.0,-56.5,574.0,-0.017964071856287456
2023-05-10,628.25,628.25,628.25,628.25,42,5,False,-2.25,-12.25,0.0,-56.5,571.75,-0.003919860627177751
2023-05-11,617.5,617.5,614.25,614.25,22,5,False,-14.0,4.0,0.0,-56.5,557.75,-0.02448622649759513
2023-05-12,624.5,624.5,624.5,624.5,74154,5,False,10.25,11.125,0.0,-56.5,568.0,0.018377409233527597
2023-05-15,635.0,663.75,632.5,660.75,67502,5,False,36.25,-1.5,0.0,-56.5,604.25,0.06382042253521125
2023-05-16,661.75,664.25,640.0,647.5,62562,5,False,-13.25,7.125,0.0,-56.5,591.0,-0.021928009929664927
2023-05-17,646.75,654.25,616.0,625.5,98456,5,False,-22.0,-13.5,0.0,-56.5,569.0,-0.0372250423011844
2023-05-18,626.25,626.5,605.5,611.75,59509,5,False,-13.75,-14.375,0.0,-56.5,555.25,-0.024165202108963113
2023-05-19,611.0,620.75,602.0,605.0,62743,5,False,-6.75,-6.25,0.0,-56.5,548.5,-0.012156686177397513
2023-05-22,607.75,613.75,596.25,606.25,60942,5,False,1.25,4.625,0.0,-56.5,549.75,0.002278942570647313
2023-05-23,607.5,624.75,594.25,622.25,57431,5,False,16.0,-7.375,0.0,-56.5,565.75,0.02910413824465663
2023-05-24,621.0,624.5,602.25,606.25,61465,5,False,-16.0,7.0,0.0,-56.5,549.75,-0.028281042863455563
2023-05-25,607.0,616.5,599.0,604.25,53306,5,False,-2.0,-2.125,0.0,-56.5,547.75,-0.0036380172805821065
2023-05-26,606.0,618.5,602.5,616.0,48350,5,False,11.75,-13.5,0.0,-56.5,559.5,0.021451392058420726
2023-05-30,616.75,616.75,588.75,591.0,74481,5,False,-25.0,7.5,0.0,-56.5,534.5,-0.04468275245755138
2023-05-31,591.5,595.0,573.25,594.25,73773,5,False,3.25,-4.25,0.0,-56.5,537.75,0.006080449017773715
2023-06-01,594.25,617.5,593.0,610.75,80028,6,False,16.5,5.75,0.0,-56.5,554.25,0.030683403068340276
2023-06-02,610.25,622.5,602.25,619.0,69362,6,False,8.25,10.75,0.0,-56.5,562.5,0.014884979702300516
2023-06-05,621.5,631.5,615.5,624.0,69485,6,False,5.0,6.0,0.0,-56.5,567.5,0.008888888888888946
2023-06-06,624.25,648.0,621.25,627.75,113883,6,False,3.75,-3.0,0.0,-56.5,571.25,0.0066079295154184425
2023-06-07,626.5,635.5,613.25,616.75,89270,6,False,-11.0,6.625,0.0,-56.5,560.25,-0.019256017505470457
2023-06-08,616.0,629.0,611.25,626.25,98911,6,False,9.5,-3.5,0.0,-56.5,569.75,0.01695671575189639
2023-06-09,624.5,632.25,618.5,630.25,113037,6,False,4.0,6.5,0.0,-56.5,573.75,0.007020623080298272
2023-06-12,629.75,638.75,622.25,633.75,91968,6,False,3.5,3.25,0.0,-56.5,577.25,0.006100217864923652
2023-06-13,634.5,649.25,626.75,636.25,106163,6,False,2.5,-1.25,0.0,-56.5,579.75,0.004330879168471302
2023-06-14,638.0,639.0,625.0,630.25,70761,6,False,-6.0,16.875,0.0,-56.5,573.75,-0.010349288486416586
2023-06-15,629.0,665.25,628.25,661.5,72093,6,False,31.25,10.25,0.0,-56.5,605.0,0.05446623093681913
2023-06-16,659.75,697.0,656.0,688.0,99940,6,False,26.5,19.5,0.0,-56.5,631.5,0.04380165289256199
2023-06-20,687.0,700.0,676.25,695.75,76040,6,False,7.75,32.625,0.0,-56.5,639.25,0.012272367379255744
2023-06-21,700.5,735.5,699.25,734.5,59228,6,False,38.75,6.125,0.0,-56.5,678.0,0.060617911615173936
2023-06-22,730.25,747.0,725.5,739.0,49752,6,False,4.5,16.5,0.0,-56.5,682.5,0.006637168141592875
2023-06-23,737.0,737.75,718.75,733.25,52472,6,False,-5.75,-2.25,0.0,-56.5,676.75,-0.008424908424908395
2023-06-26,734.25,756.75,719.0,724.25,37363,6,False,-9.0,-22.5,0.0,-56.5,667.75,-0.013298854820834927
2023-06-27,724.25,725.75,681.5,685.0,21844,6,False,-39.25,-19.125,0.0,-56.5,628.5,-0.05877948333957317
2023-06-28,684.75,692.5,653.25,655.75,19744,6,False,-29.25,-21.0,0.0,-56.5,599.25,-0.04653937947494036
2023-06-29,655.5,663.75,650.75,653.0,13944,6,False,-2.75,-23.0,0.0,-56.5,596.5,-0.004589069670421386
2023-06-30,654.0,663.75,634.25,636.25,1368,6,False,-16.75,-5.25,0.0,-56.5,579.75,-0.02808046940486164
2023-07-03,630.0,642.25,628.25,628.5,694,7,True,-7.75,8.375,-16.125,-40.375,588.125,0.01444588184562301
2023-07-05,640.0,662.0,635.0,662.0,288,7,False,33.5,-11.375,0.0,-40.375,621.625,0.05696068012752398
2023-07-06,654.5,654.75,640.75,647.0,194,7,False,-15.0,13.0,0.0,-40.375,606.625,-0.024130303639654183
2023-07-07,642.75,646.75,639.5,639.5,57,7,False,-7.5,-9.125,0.0,-40.375,599.125,-0.012363486503193855
2023-07-10,641.75,645.75,636.25,636.25,23,7,False,-3.25,2.875,0.0,-40.375,595.875,-0.005424577508867046
2023-07-11,645.0,650.0,642.75,649.5,119,7,False,13.25,-15.75,0.0,-40.375,609.125,0.02223620725823361
2023-07-12,645.0,645.0,621.25,621.25,12,7,False,-28.25,9.75,0.0,-40.375,580.875,-0.046378001231274335
2023-07-13,614.25,627.5,614.25,627.5,24,7,False,6.25,-7.125,0.0,-40.375,587.125,0.010759629868732468
2023-07-14,641.5,641.5,641.5,641.5,55640,7,False,14.0,9.25,0.0,-40.375,601.125,0.023845007451564815
2023-07-17,666.0,689.25,651.0,653.75,73578,7,False,12.25,15.5,0.0,-40.375,613.375,0.020378457059679667
2023-07-18,649.25,675.0,642.25,670.75,54946,7,False,17.0,34.625,0.0,-40.375,630.375,0.02771550845730597
2023-07-19,669.0,730.75,664.0,727.75,148746,7,False,57.0,8.125,0.0,-40.375,687.375,0.09042236763831046
2023-07-20,725.0,750.75,711.25,727.0,136382,7,False,-0.75,13.75,0.0,-40.375,686.625,-0.0010911074740862503
2023-07-21,724.75,733.25,693.5,697.5,95069,7,False,-29.5,29.625,0.0,-40.375,657.125,-0.04296377207354818
2023-07-24,702.0,757.5,698.75,757.5,96764,7,False,60.0,-13.375,0.0,-40.375,717.125,0.09130682898991815
2023-07-25,754.25,777.25,736.5,760.25,107919,7,False,2.75,9.875,0.0,-40.375,719.875,0.003834756841554876
2023-07-26,757.0,757.5,709.0,720.0,105761,7,False,-40.25,-2.25,0.0,-40.375,679.625,-0.055912484806389995
2023-07-27,723.25,740.0,711.75,712.75,75102,7,False,-7.25,-24.375,0.0,-40.375,672.375,-0.01066764759977934
2023-07-28,714.75,720.25,689.0,704.25,74606,7,False,-8.5,-22.875,0.0,-40.375,663.875,-0.012641754973043318
2023-07-31,702.5,703.0,660.25,665.75,104577,7,False,-38.5,-11.0,0.0,-40.375,625.375,-0.05799284503859914
2023-08-01,670.0,675.0,643.25,652.25,69422,8,False,-13.5,-25.375,0.0,-40.375,611.875,-0.021587047771337242
2023-08-02,654.5,684.0,636.0,640.0,90376,8,False,-12.25,-13.25,0.0,-40.375,599.625,-0.020020429009193097
2023-08-03,639.25,648.25,626.25,627.0,65703,8,False,-13.0,-3.125,0.0,-40.375,586.625,-0.02168021680216803
2023-08-04,627.75,653.75,627.25,633.0,70991,8,False,6.0,5.75,0.0,-40.375,592.625,0.01022799914766681
2023-08-07,646.0,663.75,636.0,657.5,104532,8,False,24.5,2.375,0.0,-40.375,617.125,0.041341489137312726
2023-08-08,657.5,662.25,643.0,656.25,81628,8,False,-1.25,1.625,0.0,-40.375,615.875,-0.0020255215718046893
2023-08-09,655.5,658.25,633.5,635.0,70504,8,False,-21.25,0.75,0.0,-40.375,594.625,-0.034503754820377486
2023-08-10,637.25,644.0,635.0,637.75,67426,8,False,2.75,-16.125,0.0,-40.375,597.375,0.004624763506411611
2023-08-11,638.0,639.75,624.25,626.75,72254,8,False,-11.0,-4.0,0.0,-40.375,586.375,-0.018413894120108854
2023-08-14,632.75,635.0,605.25,616.0,56037,8,False,-10.75,-14.25,0.0,-40.375,575.625,-0.01833297804306122
2023-08-15,618.5,619.0,595.75,598.5,52402,8,False,-17.5,-5.75,0.0,-40.375,558.125,-0.030401737242128135
2023-08-16,598.75,607.5,591.5,597.75,41338,8,False,-0.75,-12.875,0.0,-40.375,557.375,-0.0013437849944009095
2023-08-17,599.75,601.25,586.25,589.5,31435,8,False,-8.25,11.5,0.0,-40.375,549.125,-0.014801525005606608
2023-08-18,589.0,615.75,588.5,613.25,32904,8,False,23.75,-11.125,0.0,-40.375,572.875,0.04325062599590268
2023-08-21,618.0,620.75,595.75,599.25,24478,8,False,-14.0,13.125,0.0,-40.375,558.875,-0.024438140955705845
2023-08-22,599.0,610.75,594.5,601.75,26011,8,False,2.5,-1.625,0.0,-40.375,561.375,0.004473272198613376
2023-08-23,604.25,617.0,598.25,612.5,22591,8,False,10.75,-3.0,0.0,-40.375,572.125,0.019149409930973027
2023-08-24,614.75,615.0,598.25,604.0,21786,8,False,-8.5,0.0,0.0,-40.375,563.625,-0.014856893161459439
2023-08-25,604.5,609.75,587.5,593.25,28997,8,False,-10.75,-6.875,0.0,-40.375,552.875,-0.019072965180749635
2023-08-28,593.5,599.25,584.0,588.0,21644,8,False,-5.25,-14.5,0.0,-40.375,547.625,-0.009495817318562083
2023-08-29,588.0,589.0,568.75,569.75,27766,8,False,-18.25,0.875,0.0,-40.375,529.375,-0.03332572472038342
2023-08-30,572.75,579.5,564.5,576.75,12815,8,False,7.0,-11.0,0.0,-40.375,536.375,0.013223140495867813
2023-08-31,574.0,582.75,566.0,573.0,1699,8,False,-3.75,0.75,0.0,-40.375,532.625,-0.006991377301328372
2023-09-01,574.0,585.0,567.5,567.5,725,9,True,-5.5,0.625,-6.125,-34.25,533.25,0.0011734334663224821
2023-09-05,569.25,575.0,567.0,572.5,104,9,False,5.0,1.5,0.0,-34.25,538.25,0.00937646507266754
2023-09-06,577.5,587.0,576.5,581.0,309,9,False,8.5,-2.25,0.0,-34.25,546.75,0.015791918253599713
2023-09-07,578.25,585.0,571.5,571.5,152,9,False,-9.5,2.125,0.0,-34.25,537.25,-0.017375400091449444
2023-09-08,567.25,567.25,567.25,567.25,50,9,False,-4.25,-10.375,0.0,-34.25,533.0,-0.007910656119125226
2023-09-11,561.5,561.5,556.0,556.0,189,9,False,-11.25,0.0,0.0,-34.25,521.75,-0.02110694183864914
2023-09-12,557.25,560.25,548.0,560.25,167,9,False,4.25,-1.25,0.0,-34.25,526.0,0.008145663632007638
2023-09-13,562.5,569.0,562.5,569.0,42,9,False,8.75,1.375,0.0,-34.25,534.75,0.016634980988593062
2023-09-14,567.5,567.5,567.5,567.5,55236,9,False,-1.5,22.75,0.0,-34.25,533.25,-0.0028050490883591017
2023-09-15,594.25,607.5,591.75,604.25,65394,9,False,36.75,-7.25,0.0,-34.25,570.0,0.06891701828410679
2023-09-18,604.0,604.25,587.0,591.25,64919,9,False,-13.0,14.75,0.0,-34.25,557.0,-0.02280701754385961
2023-09-19,588.0,592.75,581.0,584.0,58587,9,False,-7.25,-4.125,0.0,-34.25,549.75,-0.013016157989228061
2023-09-20,585.25,596.25,581.5,588.75,63637,9,False,4.75,-10.125,0.0,-34.25,554.5,0.00864029104138253
2023-09-21,589.0,590.25,575.0,575.75,50330,9,False,-13.0,4.25,0.0,-34.25,541.5,-0.023444544634806164
2023-09-22,576.5,582.5,572.75,579.5,45559,9,False,3.75,-1.75,0.0,-34.25,545.25,0.006925207756232732
2023-09-25,577.0,590.0,573.75,589.0,44697,9,False,9.5,1.875,0.0,-34.25,554.75,0.017423200366804226
2023-09-26,589.0,596.75,583.25,589.0,48882,9,False,0.0,0.0,0.0,-34.25,554.75,0.0
2023-09-27,589.25,594.5,578.5,579.5,55807,9,False,-9.5,-0.375,0.0,-34.25,545.25,-0.01712483100495721
2023-09-28,580.5,583.5,575.25,578.75,43969,9,False,-0.75,-23.375,0.0,-34.25,544.5,-0.0013755158184318717
2023-09-29,579.5,585.5,540.0,541.5,123780,9,False,-37.25,11.25,0.0,-34.25,507.25,-0.06841138659320478
2023-10-02,545.0,567.0,541.25,564.75,96364,10,False,23.25,-16.75,0.0,-34.25,530.5,0.04583538689009359
2023-10-03,568.25,575.0,562.75,568.5,75409,10,False,3.75,7.375,0.0,-34.25,534.25,0.00706880301602264
2023-10-04,567.5,569.75,551.75,560.0,66479,10,False,-8.5,11.0,0.0,-34.25,525.75,-0.015910154422086986
2023-10-05,559.75,580.25,559.0,578.25,69807,10,False,18.25,-9.25,0.0,-34.25,544.0,0.0347123157394198
2023-10-06,576.0,580.25,566.5,568.25,50140,10,False,-10.0,11.375,0.0,-34.25,534.0,-0.018382352941176516
2023-10-09,573.25,581.5,570.0,572.75,46092,10,False,4.5,-12.125,0.0,-34.25,538.5,0.008426966292134797
2023-10-10,573.75,574.75,555.5,558.5,48419,10,False,-14.25,1.0,0.0,-34.25,524.25,-0.026462395543175532
2023-10-11,559.0,560.75,551.0,556.0,43895,10,False,-2.5,0.625,0.0,-34.25,521.75,-0.004768717215069107
2023-10-12,557.25,574.5,547.25,571.5,83008,10,False,15.5,2.875,0.0,-34.25,537.25,0.029707714422616105
2023-10-13,572.0,586.25,569.5,579.75,87479,10,False,8.25,6.5,0.0,-34.25,545.5,0.015355979525360608
2023-10-16,580.0,588.5,575.25,577.25,56769,10,False,-2.5,0.75,0.0,-34.25,543.0,-0.004582951420714965
2023-10-17,577.0,582.25,568.5,570.5,53405,10,False,-6.75,3.625,0.0,-34.25,536.25,-0.012430939226519389
2023-10-18,572.5,584.0,571.25,580.25,52739,10,False,9.75,3.5,0.0,-34.25,546.0,0.018181818181818077
2023-10-19,579.75,594.5,576.5,594.0,65379,10,False,13.75,0.875,0.0,-34.25,559.75,0.025183150183150094
2023-10-20,594.0,604.5,583.25,586.0,81524,10,False,-8.0,7.5,0.0,-34.25,551.75,-0.014292094685127266
2023-10-23,586.5,595.25,582.0,587.25,48387,10,False,1.25,-7.375,0.0,-34.25,553.0,0.002265518803806099
2023-10-24,587.75,588.0,572.75,580.5,47630,10,False,-6.75,-5.375,0.0,-34.25,546.25,-0.01220614828209765
2023-10-25,580.0,586.25,567.0,568.5,57951,10,False,-12.0,2.125,0.0,-34.25,534.25,-0.021967963386727685
2023-10-26,569.25,580.5,563.25,579.5,72437,10,False,11.0,-8.0,0.0,-34.25,545.25,0.020589611605053904
2023-10-27,580.25,582.5,571.0,575.5,48608,10,False,-4.0,0.75,0.0,-34.25,541.25,-0.007336084364970241
2023-10-30,576.0,577.0,565.25,566.0,60510,10,False,-9.5,-6.875,0.0,-34.25,531.75,-0.01755196304849882
2023-10-31,568.25,568.5,554.5,556.25,72016,10,False,-9.75,-2.0,0.0,-34.25,522.0,-0.01833568406205921
2023-11-01,557.5,564.75,554.75,561.75,58783,11,False,5.5,-3.0,0.0,-34.25,527.5,0.010536398467432928
2023-11-02,562.25,569.5,557.25,565.5,53492,11,False,3.75,6.25,0.0,-34.25,531.25,0.007109004739336511
2023-11-03,565.75,574.5,563.75,572.5,41970,11,False,7.0,3.5,0.0,-34.25,538.25,0.013176470588235345
2023-11-06,573.0,577.75,566.5,575.75,68699,11,False,3.25,0.75,0.0,-34.25,541.5,0.006038086391082276
2023-11-07,574.0,582.25,564.5,570.25,106304,11,False,-5.5,12.625,0.0,-34.25,536.0,-0.010156971375807955
2023-11-08,571.5,598.75,570.25,592.25,144369,11,False,22.0,-8.5,0.0,-34.25,558.0,0.04104477611940305
2023-11-09,590.0,592.5,573.0,580.75,85078,11,False,-11.5,8.25,0.0,-34.25,546.5,-0.020609318996415715
2023-11-10,581.75,583.0,570.75,575.25,68735,11,False,-5.5,-3.875,0.0,-34.25,541.0,-0.010064043915828047
2023-11-13,575.0,582.0,567.25,579.0,80609,11,False,3.75,-6.25,0.0,-34.25,544.75,0.006931608133086797
2023-11-14,581.0,585.0,570.25,572.0,65166,11,False,-7.0,-3.875,0.0,-34.25,537.75,-0.012849931161083017
2023-11-15,572.75,579.25,557.0,560.5,83309,11,False,-11.5,-7.0,0.0,-34.25,526.25,-0.021385402138540233
2023-11-16,562.25,562.5,547.0,553.5,57404,11,False,-7.0,-7.125,0.0,-34.25,519.25,-0.013301662707838502
2023-11-17,555.75,557.75,547.0,550.75,51395,11,False,-2.75,-7.125,0.0,-34.25,516.5,-0.005296100144439042
2023-11-20,550.75,554.0,541.0,543.5,42772,11,False,-7.25,4.375,0.0,-34.25,509.25,-0.014036786060019346
2023-11-21,544.0,557.0,541.75,555.0,43240,11,False,11.5,-3.25,0.0,-34.25,520.75,0.022582228767795698
2023-11-22,556.0,563.5,554.5,555.75,29106,11,False,0.75,2.25,0.0,-34.25,521.5,0.001440230436869916
2023-11-24,555.0,555.75,546.5,548.75,26202,11,False,-7.0,-6.875,0.0,-34.25,514.5,-0.01342281879194629
2023-11-27,550.0,552.75,527.5,534.25,41484,11,False,-14.5,1.25,0.0,-34.25,500.0,-0.02818270165208936
2023-11-28,534.0,545.5,528.0,543.75,31630,11,False,9.5,-1.125,0.0,-34.25,509.5,0.018999999999999906
2023-11-29,544.5,559.0,542.75,556.0,19771,11,False,12.25,11.875,0.0,-34.25,521.75,0.02404317958783131
2023-11-30,557.5,570.25,555.5,570.25,1556,11,False,14.25,9.5,0.0,-34.25,536.0,0.027311931001437362
2023-12-01,569.25,577.5,569.25,577.0,665,12,True,6.75,16.5,-9.75,-24.5,552.5,0.03078358208955234
2023-12-04,583.0,595.75,583.0,595.75,371,12,False,18.75,15.875,0.0,-24.5,571.25,0.03393665158371051
2023-12-05,601.0,620.75,597.75,620.75,582,12,False,25.0,6.875,0.0,-24.5,596.25,0.043763676148796504
2023-12-06,625.75,634.0,615.75,615.75,50,12,False,-5.0,17.625,0.0,-24.5,591.25,-0.008385744234800874
2023-12-07,622.75,626.0,622.75,626.0,93,12,False,10.25,-8.0,0.0,-24.5,601.5,0.01733615221987317
2023-12-08,618.75,619.0,615.0,615.0,17,12,False,-11.0,-6.75,0.0,-24.5,590.5,-0.018287614297589405
2023-12-11,591.25,591.25,591.25,591.25,198,12,False,-23.75,2.375,0.0,-24.5,566.75,-0.0402201524132092
2023-12-12,607.0,607.0,607.0,607.0,145,12,False,15.75,-22.75,0.0,-24.5,582.5,0.027790030877812066
2023-12-13,585.25,585.25,585.25,585.25,214,12,False,-21.75,12.25,0.0,-24.5,560.75,-0.03733905579399144
2023-12-14,594.0,594.0,594.0,594.0,46870,12,False,8.75,6.75,0.0,-24.5,569.5,0.015604101649576485
2023-12-15,616.0,630.0,610.75,629.25,52711,12,False,35.25,-1.75,0.0,-24.5,604.75,0.061896400351185266
2023-12-18,629.75,632.0,614.75,617.0,43591,12,False,-12.25,20.5,0.0,-24.5,592.5,-0.02025630425795788
2023-12-19,618.25,624.25,611.25,622.75,42919,12,False,5.75,-12.5,0.0,-24.5,598.25,0.009704641350210874
2023-12-20,622.5,625.25,609.0,610.0,39373,12,False,-12.75,4.125,0.0,-24.5,585.5,-0.02131216046803175
2023-12-21,611.5,617.25,610.25,612.5,33648,12,False,2.5,-4.5,0.0,-24.5,588.0,0.004269854824936026
2023-12-22,612.5,618.25,610.75,616.25,26134,12,False,3.75,11.25,0.0,-24.5,591.75,0.0063775510204082675
2023-12-26,615.0,639.75,611.5,636.25,40674,12,False,20.0,-4.75,0.0,-24.5,611.75,0.03379805661174484
2023-12-27,636.0,637.5,619.25,623.0,38063,12,False,-13.25,14.25,0.0,-24.5,598.5,-0.021659174499387035
2023-12-28,624.25,636.25,621.75,631.5,32254,12,False,8.5,-8.375,0.0,-24.5,607.0,0.014202172096908994
2023-12-29,631.0,633.5,621.5,628.0,34752,12,False,-3.5,-6.375,0.0,-24.5,603.5,-0.005766062602965416
2024-01-02,628.75,628.75,604.75,606.75,61472,1,False,-21.25,-5.0,0.0,-24.5,582.25,-0.035211267605633756
2024-01-03,608.0,609.75,598.25,600.25,63996,1,False,-6.5,-4.0,0.0,-24.5,575.75,-0.011163589523400574
2024-01-04,601.5,614.5,591.25,613.5,63693,1,False,13.25,-2.0,0.0,-24.5,589.0,0.023013460703430244
2024-01-05,613.0,621.5,611.5,616.0,43101,1,False,2.5,-3.25,0.0,-24.5,591.5,0.004244482173174857
2024-01-08,617.0,617.25,593.0,596.25,70376,1,False,-19.75,8.125,0.0,-24.5,571.75,-0.033389687235841126
2024-01-09,596.0,613.75,594.0,610.0,57128,1,False,13.75,-9.5,0.0,-24.5,585.5,0.024048972452995088
2024-01-10,610.25,612.0,603.75,610.75,40391,1,False,0.75,3.375,0.0,-24.5,586.25,0.001280956447480719
2024-01-11,610.0,614.75,602.0,603.75,38907,1,False,-7.0,-3.5,0.0,-24.5,579.25,-0.011940298507462699
2024-01-12,604.0,611.75,587.25,596.0,82712,1,False,-7.75,-10.5,0.0,-24.5,571.5,-0.01337936987483812
2024-01-16,596.0,602.25,576.75,582.0,61371,1,False,-14.0,-3.625,0.0,-24.5,557.5,-0.024496937882764636
2024-01-17,581.5,595.75,577.75,582.5,69550,1,False,0.5,-5.5,0.0,-24.5,558.0,0.0008968609865471766
2024-01-18,583.5,587.0,573.25,585.5,50947,1,False,3.0,4.125,0.0,-24.5,561.0,0.005376344086021501
2024-01-19,586.25,598.0,584.75,593.25,48393,1,False,7.75,3.125,0.0,-24.5,568.75,0.013814616755793319
2024-01-22,593.5,600.25,587.0,596.5,36371,1,False,3.25,3.875,0.0,-24.5,572.0,0.005714285714285783
2024-01-23,596.0,606.75,593.75,596.5,42176,1,False,0.0,8.75,0.0,-24.5,572.0,0.0
2024-01-24,598.0,612.25,596.5,610.75,56703,1,False,14.25,0.75,0.0,-24.5,586.25,0.024912587412587506
2024-01-25,611.5,617.25,606.5,612.25,54705,1,False,1.5,1.125,0.0,-24.5,587.75,0.0025586353944562212
2024-01-26,612.0,614.0,592.25,600.25,69590,1,False,-12.0,-2.625,0.0,-24.5,575.75,-0.020416843896214343
2024-01-29,601.25,601.75,587.5,593.5,41478,1,False,-6.75,0.0,0.0,-24.5,569.0,-0.01172383847155889
2024-01-30,593.5,606.75,584.5,605.5,51993,1,False,12.0,-8.5,0.0,-24.5,581.0,0.02108963093145877
2024-01-31,605.0,605.0,591.75,595.25,43147,1,False,-10.25,9.125,0.0,-24.5,570.75,-0.01764199655765919
2024-02-01,595.25,603.0,587.0,601.5,62577,2,False,6.25,-6.0,0.0,-24.5,577.0,0.01095050372317119
2024-02-02,601.5,611.5,595.75,599.75,66721,2,False,-1.75,-1.625,0.0,-24.5,575.25,-0.0030329289428076
2024-02-05,600.0,601.75,586.75,590.25,51236,2,False,-9.5,1.5,0.0,-24.5,565.75,-0.016514558887440245
2024-02-06,590.5,597.5,588.0,595.0,47583,2,False,4.75,-1.25,0.0,-24.5,570.5,0.008395934600088362
2024-02-07,594.75,606.75,590.75,602.0,79577,2,False,7.0,-4.375,0.0,-24.5,577.5,0.012269938650306678
2024-02-08,601.25,602.0,583.75,588.5,78673,2,False,-13.5,7.625,0.0,-24.5,564.0,-0.023376623376623384
2024-02-09,591.25,605.5,588.0,596.75,100815,2,False,8.25,-6.375,0.0,-24.5,572.25,0.0146276595744681
2024-02-12,596.25,603.0,588.5,597.5,69031,2,False,0.75,4.125,0.0,-24.5,573.0,0.001310615989515096
2024-02-13,597.0,603.5,592.25,597.5,82483,2,False,0.0,-5.625,0.0,-24.5,573.0,0.0
2024-02-14,597.25,597.75,577.5,585.5,84588,2,False,-12.0,-9.25,0.0,-24.5,561.0,-0.020942408376963373
2024-02-15,585.75,585.75,565.25,567.0,79696,2,False,-18.5,-9.25,0.0,-24.5,542.5,-0.03297682709447414
2024-02-16,566.0,571.75,556.75,560.5,53034,2,False,-6.5,1.875,0.0,-24.5,536.0,-0.011981566820276512
2024-02-20,558.5,585.0,555.25,582.75,53102,2,False,22.25,-3.0,0.0,-24.5,558.25,0.041511194029850706
2024-02-21,581.75,584.75,574.0,583.25,35041,2,False,0.5,11.125,0.0,-24.5,558.75,0.000895656068069961
2024-02-22,582.0,600.0,579.75,583.25,40227,2,False,0.0,-4.625,0.0,-24.5,558.75,0.0
2024-02-23,584.75,592.5,572.5,573.5,30814,2,False,-9.75,1.875,0.0,-24.5,549.0,-0.01744966442953022
2024-02-26,573.5,578.75,562.0,577.25,23795,2,False,3.75,-0.5,0.0,-24.5,552.75,0.006830601092896238
2024-02-27,576.0,591.75,575.5,586.0,15959,2,False,8.75,-5.625,0.0,-24.5,561.5,0.01582994120307557
2024-02-28,586.5,588.0,569.75,571.0,13393,2,False,-15.0,7.625,0.0,-24.5,546.5,-0.026714158504007157
2024-02-29,570.0,582.0,567.0,577.5,1253,2,False,6.5,-16.25,0.0,-24.5,553.0,0.011893870082342106
2024-03-01,577.75,577.75,558.25,560.0,549,3,True,-17.5,5.0,-22.5,-2.0,558.0,0.009041591320072317
2024-03-04,564.0,564.0,563.5,563.5,113,3,False,3.5,-17.625,0.0,-2.0,561.5,0.006272401433691677
2024-03-05,554.75,554.75,545.75,545.75,31,3,False,-17.75,-10.5,0.0,-2.0,543.75,-0.03161175422974172
2024-03-06,519.75,521.25,519.75,521.25,206,3,False,-24.5,-9.125,0.0,-2.0,519.25,-0.045057471264367766
2024-03-07,526.5,526.5,520.75,520.75,251,3,False,-0.5,-9.25,0.0,-2.0,518.75,-0.000962927298988947
2024-03-08,528.5,528.5,526.75,526.75,15,3,False,6.0,5.125,0.0,-2.0,524.75,0.011566265060241054
2024-03-11,526.75,537.5,526.0,537.5,25,3,False,10.75,2.0,0.0,-2.0,535.5,0.02048594568842299
2024-03-12,541.0,544.75,535.5,535.5,40,3,False,-2.0,3.75,0.0,-2.0,533.5,-0.0037348272642390157
2024-03-13,534.5,535.25,532.25,532.25,18,3,False,-3.25,-7.375,0.0,-2.0,530.25,-0.006091846298031833
2024-03-14,519.5,519.5,519.5,519.5,60596,3,False,-12.75,2.875,0.0,-2.0,517.5,-0.0240452616690241
2024-03-15,532.0,537.5,526.75,528.5,40453,3,False,9.0,0.75,0.0,-2.0,526.5,0.017391304347825987
2024-03-18,531.25,544.0,527.0,542.75,57975,3,False,14.25,9.375,0.0,-2.0,540.75,0.027065527065527117
2024-03-19,542.75,553.75,539.0,552.5,52072,3,False,9.75,3.375,0.0,-2.0,550.5,0.018030513176144236
2024-03-20,551.75,553.0,537.0,545.0,52836,3,False,-7.5,5.75,0.0,-2.0,543.0,-0.013623978201634857
2024-03-21,546.0,552.5,540.25,546.75,43716,3,False,1.75,0.25,0.0,-2.0,544.75,0.0032228360957642366
2024-03-22,548.5,559.25,539.5,554.75,58439,3,False,8.0,1.0,0.0,-2.0,552.75,0.014685635612666337
2024-03-25,559.0,567.0,549.5,555.0,63147,3,False,0.25,-1.75,0.0,-2.0,553.0,0.0004522840343736956
2024-03-26,555.0,557.5,542.75,543.5,39839,3,False,-11.5,2.125,0.0,-2.0,541.5,-0.020795660036166397
2024-03-27,543.25,549.5,538.5,547.5,40131,3,False,4.0,0.625,0.0,-2.0,545.5,0.007386888273314796
2024-03-28,546.5,568.5,544.5,560.25,72671,3,False,12.75,0.375,0.0,-2.0,558.25,0.02337305224564612
2024-04-01,562.0,562.75,547.25,557.0,43697,4,False,-3.25,0.5,0.0,-2.0,555.0,-0.00582176444245408
2024-04-02,557.5,562.75,543.5,545.25,64529,4,False,-11.75,3.75,0.0,-2.0,543.25,-0.021171171171171177
2024-04-03,545.0,559.75,540.25,556.0,58686,4,False,10.75,-5.75,0.0,-2.0,554.0,0.01978831109065804
2024-04-04,556.0,562.5,549.5,556.25,61299,4,False,0.25,10.875,0.0,-2.0,554.25,0.0004512635379061436
2024-04-05,556.0,574.75,555.0,567.25,106580,4,False,11.0,-0.625,0.0,-2.0,565.25,0.019846639603067207
2024-04-08,570.25,573.75,559.5,565.75,90126,4,False,-1.5,1.5,0.0,-2.0,563.75,-0.0026536930561698036
2024-04-09,563.0,564.25,553.5,557.75,73159,4,False,-8.0,-0.375,0.0,-2.0,555.75,-0.014190687361419041
2024-04-10,558.5,567.25,555.75,558.5,68514,4,False,0.75,-7.375,0.0,-2.0,556.5,0.0013495276653170407
2024-04-11,558.0,559.75,548.25,551.75,73571,4,False,-6.75,2.5,0.0,-2.0,549.75,-0.0121293800539084
2024-04-12,552.5,562.5,549.5,556.0,63720,4,False,4.25,-5.5,0.0,-2.0,554.0,0.0077307867212368375
2024-04-15,555.25,556.0,544.25,551.75,46713,4,False,-4.25,1.125,0.0,-2.0,549.75,-0.00767148014440433
2024-04-16,550.75,557.0,542.5,549.75,53008,4,False,-2.0,-8.5,0.0,-2.0,547.75,-0.0036380172805821065
2024-04-17,550.5,555.0,536.0,537.0,38898,4,False,-12.75,-1.125,0.0,-2.0,535.0,-0.02327704244637152
2024-04-18,538.0,544.0,534.25,536.75,35421,4,False,-0.25,0.375,0.0,-2.0,534.75,-0.00046728971962617383
2024-04-19,536.75,558.75,536.0,550.25,29394,4,False,13.5,9.875,0.0,-2.0,548.25,0.02524544179523147
2024-04-22,549.0,579.5,548.75,570.25,50920,4,False,20.0,14.125,0.0,-2.0,568.25,0.0364797081623347
2024-04-23,572.0,586.0,565.75,585.0,42554,4,False,14.75,14.75,0.0,-2.0,583.0,0.025956885173779254
2024-04-24,583.25,598.5,578.75,594.5,27546,4,False,9.5,11.25,0.0,-2.0,592.5,0.016295025728988
2024-04-25,594.0,605.0,593.5,602.25,25972,4,False,7.75,5.25,0.0,-2.0,600.25,0.013080168776371304
2024-04-26,602.0,614.5,598.25,603.25,28595,4,False,1.0,-2.625,0.0,-2.0,601.25,0.0016659725114536172
2024-04-29,595.75,604.75,582.75,590.25,17080,4,False,-13.0,-2.125,0.0,-2.0,588.25,-0.021621621621621623
2024-04-30,587.0,587.0,577.75,585.0,1411,4,False,-5.25,-8.25,0.0,-2.0,583.0,-0.008924776880578023
2024-05-01,580.25,582.25,579.0,581.5,505,5,True,-3.5,-0.125,-3.375,1.375,582.875,-0.0002144082332761199
2024-05-02,592.75,592.75,580.75,586.5,67,5,False,5.0,8.0,0.0,1.375,587.875,0.008578168561012234
2024-05-03,606.0,606.0,606.0,606.0,226,5,False,19.5,15.625,0.0,1.375,607.375,0.03317031681905158
2024-05-06,627.5,632.25,627.5,632.25,148,5,False,26.25,6.0,0.0,1.375,633.625,0.04321876929409352
2024-05-07,635.0,635.0,624.75,624.75,52,5,False,-7.5,8.75,0.0,1.375,626.125,-0.011836654172420635
2024-05-08,616.0,616.0,616.0,616.0,20,5,False,-8.75,-1.875,0.0,1.375,617.375,-0.013974845278498682
2024-05-09,624.25,624.25,619.75,619.75,125,5,False,3.75,8.625,0.0,1.375,621.125,0.0060741040696496995
2024-05-10,645.25,647.0,645.25,645.75,57,5,False,26.0,14.125,0.0,1.375,647.125,0.041859529080297886
2024-05-13,648.0,670.25,645.75,670.25,33,5,False,24.5,6.375,0.0,1.375,671.625,0.03785976434228311
2024-05-14,657.0,657.0,657.0,657.0,86543,5,False,-13.25,16.625,0.0,1.375,658.375,-0.019728270984552432
2024-05-15,674.25,697.0,662.25,665.75,89540,5,False,8.75,-7.875,0.0,1.375,667.125,0.013290298082399898
2024-05-16,664.25,681.5,656.75,663.25,68479,5,False,-2.5,-1.625,0.0,1.375,664.625,-0.003747423646243253
2024-05-17,662.5,676.5,650.25,651.25,62410,5,False,-12.0,17.5,0.0,1.375,652.625,-0.018055294338912953
2024-05-20,654.0,691.25,654.0,688.75,93314,5,False,37.5,-1.625,0.0,1.375,690.125,0.05746025665581311
2024-05-21,687.5,700.75,682.0,697.5,88258,5,False,8.75,16.5,0.0,1.375,698.875,0.0126788625249048
2024-05-22,697.25,716.75,688.5,693.0,89819,5,False,-4.5,6.875,0.0,1.375,694.375,-0.006438919692362766
2024-05-23,694.0,702.5,682.5,698.0,68180,5,False,5.0,-2.625,0.0,1.375,699.375,0.007200720072007227
2024-05-24,701.25,706.0,689.0,697.25,70621,5,False,-0.75,4.0,0.0,1.375,698.625,-0.0010723860589811895
2024-05-28,713.0,720.0,693.75,700.25,73681,5,False,3.0,-4.125,0.0,1.375,701.625,0.004294149221685473
2024-05-29,701.5,706.25,688.5,692.75,63288,5,False,-7.5,-4.375,0.0,1.375,694.125,-0.010689470871191875
2024-05-30,692.75,693.75,673.25,681.0,68977,5,False,-11.75,-5.0,0.0,1.375,682.375,-0.01692778678191964
2024-05-31,680.5,691.5,673.75,678.5,54291,5,False,-2.5,-8.75,0.0,1.375,679.875,-0.003663674665689731
2024-06-03,678.0,697.75,667.5,672.75,84111,6,False,-5.75,-8.5,0.0,1.375,674.125,-0.008457437028865589
2024-06-04,672.5,681.25,657.75,658.25,82162,6,False,-14.5,-8.625,0.0,1.375,659.625,-0.021509363990357855
2024-06-05,659.25,664.25,642.75,646.75,84832,6,False,-11.5,-10.875,0.0,1.375,648.125,-0.01743414819025957
2024-06-06,649.75,654.0,638.25,639.5,83045,6,False,-7.25,-11.75,0.0,1.375,640.875,-0.011186113789778185
2024-06-07,639.5,639.5,618.25,627.5,131164,6,False,-12.0,-13.625,0.0,1.375,628.875,-0.018724400234054972
2024-06-10,626.0,627.0,606.25,607.5,119712,6,False,-20.0,3.5,0.0,1.375,608.875,-0.03180282250049693
2024-06-11,606.75,633.0,605.5,626.5,132289,6,False,19.0,-14.75,0.0,1.375,627.875,0.031205091357010772
2024-06-12,626.0,627.75,610.5,617.0,84288,6,False,-9.5,11.0,0.0,1.375,618.375,-0.015130400159267365
2024-06-13,614.5,627.25,612.5,620.0,77149,6,False,3.0,-8.375,0.0,1.375,621.375,0.004851425106124907
2024-06-14,618.25,622.5,611.0,612.75,73733,6,False,-7.25,-9.125,0.0,1.375,614.125,-0.011667672500502935
2024-06-17,607.75,610.25,590.25,591.5,71030,6,False,-21.25,-8.375,0.0,1.375,592.875,-0.03460207612456745
2024-06-18,590.0,595.25,580.0,582.0,59959,6,False,-9.5,-15.25,0.0,1.375,583.375,-0.016023613746573906
2024-06-20,582.0,582.75,565.5,572.75,66902,6,False,-9.25,-10.375,0.0,1.375,574.125,-0.015856010284979627
2024-06-21,571.25,579.25,557.75,561.5,67572,6,False,-11.25,-9.125,0.0,1.375,562.875,-0.019595035924232507
2024-06-24,562.0,563.0,546.5,552.5,36639,6,False,-9.0,-11.0,0.0,1.375,553.875,-0.0159893404397069
2024-06-25,552.5,556.0,539.75,541.75,29811,6,False,-10.75,-4.75,0.0,1.375,543.125,-0.019408711351839303
2024-06-26,539.75,552.75,538.0,541.25,19701,6,False,-0.5,3.875,0.0,1.375,542.625,-0.0009205983889528646
2024-06-27,540.5,562.5,539.5,559.75,18205,6,False,18.5,-3.375,0.0,1.375,561.125,0.03409352683713429
2024-06-28,559.25,565.0,547.0,553.5,1450,6,False,-6.25,17.125,0.0,1.375,554.875,-0.011138338159946581
2024-07-01,556.5,569.25,552.75,569.25,339,7,True,15.75,-7.0,22.75,-21.375,547.875,-0.012615453931065557
2024-07-02,562.0,562.0,561.5,561.5,283,7,False,-7.75,4.375,0.0,-21.375,540.125,-0.014145562400182499
2024-07-03,563.75,563.75,554.5,554.5,193,7,False,-7.0,5.0,0.0,-21.375,533.125,-0.012959962971534345
2024-07-05,573.0,573.0,572.25,572.25,127,7,False,17.75,-13.125,0.0,-21.375,550.875,0.033294255568581566
2024-07-08,552.25,553.0,552.25,553.0,73,7,False,-19.25,9.5,0.0,-21.375,531.625,-0.034944406625822544
2024-07-09,554.25,554.25,554.25,554.25,49,7,False,1.25,-15.0,0.0,-21.375,532.875,0.002351281448389475
2024-07-10,542.0,547.25,542.0,543.5,84,7,False,-10.75,6.0,0.0,-21.375,522.125,-0.020173586676049737
2024-07-11,543.5,561.25,543.5,554.25,30,7,False,10.75,-13.5,0.0,-21.375,532.875,0.020588939430213005
2024-07-12,538.0,538.0,538.0,538.0,79921,7,False,-16.25,2.625,0.0,-21.375,516.625,-0.030494956603331014
2024-07-15,551.0,552.5,531.0,532.5,76571,7,False,-5.5,-9.0,0.0,-21.375,511.125,-0.010646019840309662
2024-07-16,531.25,537.5,525.25,530.75,63371,7,False,-1.75,1.5,0.0,-21.375,509.375,-0.003423820004891165
2024-07-17,530.5,546.5,528.0,539.25,52555,7,False,8.5,-2.875,0.0,-21.375,517.875,0.016687116564417126
2024-07-18,540.75,546.5,533.0,535.25,50518,7,False,-4.0,8.0,0.0,-21.375,513.875,-0.007723871590634812
2024-07-19,534.75,556.25,530.5,542.75,67049,7,False,7.5,0.625,0.0,-21.375,521.375,0.014594989053758223
2024-07-22,545.25,553.5,540.25,548.0,48547,7,False,5.25,1.125,0.0,-21.375,526.625,0.010069527691201063
2024-07-23,547.75,552.0,540.5,542.75,41164,7,False,-5.25,4.75,0.0,-21.375,521.375,-0.009969143128412017
2024-07-24,542.5,555.5,537.25,547.0,51655,7,False,4.25,-7.25,0.0,-21.375,525.625,0.008151522416686596
2024-07-25,546.75,549.75,536.25,537.75,44805,7,False,-9.25,-5.0,0.0,-21.375,516.375,-0.017598097502972698
2024-07-26,537.0,541.25,522.0,523.5,56593,7,False,-14.25,-0.875,0.0,-21.375,502.125,-0.027596223674655085
2024-07-29,523.5,532.75,514.25,531.0,53527,7,False,7.5,-10.625,0.0,-21.375,509.625,0.014936519790888614
2024-07-30,528.75,529.5,517.0,524.0,50329,7,False,-7.0,5.375,0.0,-21.375,502.625,-0.013735589894530276
2024-07-31,523.0,534.0,515.5,527.25,60814,7,False,3.25,-1.125,0.0,-21.375,505.875,0.006466053220591794
2024-08-01,526.75,534.75,519.75,532.0,56989,8,False,4.75,5.125,0.0,-21.375,510.625,0.009389671361502261
2024-08-02,532.0,540.5,528.5,539.0,51484,8,False,7.0,2.625,0.0,-21.375,517.625,0.01370869033047728
2024-08-05,540.25,541.5,519.75,539.5,60219,8,False,0.5,5.375,0.0,-21.375,518.125,0.0009659502535619424
2024-08-06,540.0,548.75,531.5,543.25,59182,8,False,3.75,-2.25,0.0,-21.375,521.875,0.007237635705669376
2024-08-07,544.0,548.75,534.75,538.25,79911,8,False,-5.0,1.5,0.0,-21.375,516.875,-0.009580838323353325
2024-08-08,537.75,544.5,532.5,537.5,67628,8,False,-0.75,0.0,0.0,-21.375,516.125,-0.0014510278113664121
2024-08-09,537.25,552.0,536.25,542.5,82400,8,False,5.0,-3.25,0.0,-21.375,521.125,0.00968757568418499
2024-08-12,542.75,547.0,528.0,536.75,84754,8,False,-5.75,-1.5,0.0,-21.375,515.375,-0.011033821060206339
2024-08-13,538.0,538.25,525.0,528.75,67772,8,False,-8.0,0.125,0.0,-21.375,507.375,-0.015522677661896633
2024-08-14,529.25,537.25,524.0,534.75,84253,8,False,6.0,-7.25,0.0,-21.375,513.375,0.01182557280118246
2024-08-15,535.75,547.75,527.0,528.25,69556,8,False,-6.5,3.875,0.0,-21.375,506.875,-0.012661309958607259
2024-08-16,527.25,533.5,523.25,530.0,52852,8,False,1.75,-4.125,0.0,-21.375,508.625,0.0034525277435264456
2024-08-19,530.5,531.25,521.75,528.25,46025,8,False,-1.75,3.25,0.0,-21.375,506.875,-0.003440648808060942
2024-08-20,528.0,535.5,525.75,533.0,43754,8,False,4.75,-7.5,0.0,-21.375,511.625,0.009371146732429114
2024-08-21,533.75,536.5,519.0,519.75,35065,8,False,-13.25,-2.0,0.0,-21.375,498.375,-0.025897874419741007
2024-08-22,521.25,524.0,502.5,511.0,44564,8,False,-8.75,-11.0,0.0,-21.375,489.625,-0.017557060446451
2024-08-23,512.0,513.75,501.25,502.25,48966,8,False,-8.75,-6.5,0.0,-21.375,480.875,-0.017870819504723023
2024-08-26,505.25,506.0,495.5,498.0,39317,8,False,-4.25,0.75,0.0,-21.375,476.625,-0.008838055627761854
2024-08-27,497.25,510.75,493.5,508.25,31510,8,False,10.25,0.875,0.0,-21.375,486.875,0.021505376344086002
2024-08-28,507.0,516.0,505.5,514.25,19344,8,False,6.0,10.5,0.0,-21.375,492.875,0.012323491655969132
2024-08-29,513.0,525.0,508.25,525.0,12493,8,False,10.75,6.875,0.0,-21.375,503.625,0.021810803956378466
2024-08-30,522.5,534.75,522.5,532.75,830,8,False,7.75,15.0,0.0,-21.375,511.375,0.015388433854554462
2024-09-03,531.5,552.0,530.5,552.0,426,9,True,19.25,10.5,8.75,-30.125,521.875,0.020532877047176656
2024-09-04,551.5,568.75,551.5,565.25,156,9,False,13.25,7.5,0.0,-30.125,535.125,0.025389221556886277
2024-09-05,565.5,565.5,557.0,561.0,118,9,False,-4.25,2.75,0.0,-30.125,530.875,-0.007942069609904179
2024-09-06,565.75,565.75,552.25,553.25,429,9,False,-7.75,-1.0,0.0,-30.125,523.125,-0.014598540145985384
2024-09-09,555.5,555.5,555.5,555.5,429,9,False,2.25,-2.25,0.0,-30.125,525.375,0.004301075268817289
2024-09-10,554.75,558.75,554.75,558.75,7,9,False,3.25,3.625,0.0,-30.125,528.625,0.006186057577920456
2024-09-11,563.75,563.75,563.75,563.75,7,9,False,5.0,1.25,0.0,-30.125,533.625,0.009458500827618899
2024-09-12,563.0,563.0,563.0,563.0,2,9,False,-0.75,6.625,0.0,-30.125,532.875,-0.0014054813773717312
2024-09-13,571.25,571.25,571.25,571.25,89761,9,False,8.25,3.25,0.0,-30.125,541.125,0.015482054890921804
2024-09-16,594.75,596.0,574.25,578.5,80580,9,False,7.25,2.75,0.0,-30.125,548.375,0.013398013398013386
2024-09-17,578.5,584.25,571.25,575.75,45713,9,False,-2.75,3.625,0.0,-30.125,545.625,-0.005014816503305264
2024-09-18,576.0,582.75,573.0,575.75,47041,9,False,0.0,-6.5,0.0,-30.125,545.625,0.0
2024-09-19,575.75,577.25,564.0,565.5,51648,9,False,-10.25,1.5,0.0,-30.125,535.375,-0.01878579610538378
2024-09-20,566.25,575.75,565.25,568.5,60486,9,False,3.0,1.875,0.0,-30.125,538.375,0.005603548914312473
2024-09-23,570.5,586.5,569.0,582.5,63331,9,False,14.0,-0.75,0.0,-30.125,552.375,0.02600417924309273
2024-09-24,581.25,589.25,575.25,578.0,52268,9,False,-4.5,12.625,0.0,-30.125,547.875,-0.008146639511201648
2024-09-25,579.0,591.25,573.75,589.25,52959,9,False,11.25,-4.75,0.0,-30.125,559.125,0.02053388090349073
2024-09-26,590.5,596.25,582.75,584.25,69058,9,False,-5.0,3.5,0.0,-30.125,554.125,-0.008942544153811793
2024-09-27,583.0,583.5,575.5,580.0,46189,9,False,-4.25,-0.5,0.0,-30.125,549.875,-0.007669749605233478
2024-09-30,579.75,590.75,575.5,584.0,58874,9,False,4.0,5.375,0.0,-30.125,553.875,0.007274380541032022
2024-10-01,584.0,602.5,577.0,599.0,84582,10,False,15.0,10.125,0.0,-30.125,568.875,0.02708192281652
2024-10-02,596.25,617.25,596.25,615.25,116431,10,False,16.25,1.625,0.0,-30.125,585.125,0.028565150516369986
2024-10-03,614.25,617.25,601.25,603.5,78992,10,False,-11.75,1.25,0.0,-30.125,573.375,-0.020081179235206137
2024-10-04,603.75,604.25,587.0,589.75,76333,10,False,-13.75,-4.5,0.0,-30.125,559.625,-0.023980815347721784
2024-10-07,590.25,595.25,584.0,592.5,55580,10,False,2.75,-5.75,0.0,-30.125,562.375,0.004914004914004844
2024-10-08,593.75,599.0,587.5,594.75,59037,10,False,2.25,3.5,0.0,-30.125,564.625,0.004000889086463566
2024-10-09,594.75,604.75,594.25,599.0,55193,10,False,4.25,3.5,0.0,-30.125,568.875,0.007527119769758617
2024-10-10,600.75,609.25,598.5,603.75,60990,10,False,4.75,-0.25,0.0,-30.125,573.625,0.008349813227862102
2024-10-11,603.75,611.25,592.5,599.0,75587,10,False,-4.75,-4.5,0.0,-30.125,568.875,-0.008280671170189602
2024-10-14,598.5,601.0,584.25,585.25,55970,10,False,-13.75,-5.25,0.0,-30.125,555.125,-0.024170511975389997
2024-10-15,585.5,586.75,578.0,579.5,69756,10,False,-5.75,-4.125,0.0,-30.125,549.375,-0.010358027471290221
2024-10-16,581.25,587.5,575.25,585.0,57508,10,False,5.5,-0.625,0.0,-30.125,554.875,0.01001137656427753
2024-10-17,584.25,591.75,576.25,589.5,75298,10,False,4.5,-5.625,0.0,-30.125,559.375,0.008109934669970675
2024-10-18,590.0,595.5,570.25,572.75,82026,10,False,-16.75,2.0,0.0,-30.125,542.625,-0.02994413407821228
2024-10-21,572.75,584.25,570.75,572.25,74088,10,False,-0.5,-6.5,0.0,-30.125,542.125,-0.0009214466712739178
2024-10-22,574.0,578.75,565.75,576.0,49868,10,False,3.75,1.0,0.0,-30.125,545.875,0.006917223887479729
2024-10-23,575.75,582.75,566.25,578.5,57247,10,False,2.5,3.375,0.0,-30.125,548.375,0.004579803068468058
2024-10-24,579.0,584.25,575.0,581.5,49883,10,False,3.0,-5.0,0.0,-30.125,551.375,0.005470708912696631
2024-10-25,581.25,585.5,566.0,569.0,75987,10,False,-12.5,-3.625,0.0,-30.125,538.875,-0.022670596236680995
2024-10-28,564.25,571.5,557.75,558.75,61302,10,False,-10.25,-0.375,0.0,-30.125,528.625,-0.01902110879146368
2024-10-29,559.0,572.75,558.0,570.5,67415,10,False,11.75,-3.75,0.0,-30.125,540.375,0.022227476944904234
2024-10-30,571.25,580.5,564.0,573.25,68179,10,False,2.75,4.5,0.0,-30.125,543.125,0.0050890585241729624
2024-10-31,572.75,573.75,563.5,570.5,61593,10,False,-2.75,0.125,0.0,-30.125,540.375,-0.005063291139240533
2024-11-01,571.5,577.75,564.25,568.0,54164,11,False,-2.5,-1.0,0.0,-30.125,537.875,-0.004626416840157299
2024-11-04,569.0,575.75,565.0,568.75,55475,11,False,0.75,0.625,0.0,-30.125,538.625,0.0013943760167325348
2024-11-05,569.5,574.5,565.25,572.5,58641,11,False,3.75,0.75,0.0,-30.125,542.375,0.006962172197725769
2024-11-06,571.0,577.75,562.0,573.25,67945,11,False,0.75,1.0,0.0,-30.125,543.125,0.0013828070984098773
2024-11-07,574.5,579.5,565.0,571.5,105864,11,False,-1.75,0.875,0.0,-30.125,541.375,-0.003222094361334915
2024-11-08,572.5,578.75,566.5,572.5,112145,11,False,1.0,-4.375,0.0,-30.125,542.375,0.0018471484645579128
2024-11-11,572.75,572.75,551.75,565.5,125709,11,False,-7.0,-6.125,0.0,-30.125,535.375,-0.012906199585157818
2024-11-12,564.75,568.75,549.0,552.25,105727,11,False,-13.25,-9.125,0.0,-30.125,522.125,-0.024749007704879755
2024-11-13,553.25,553.75,536.25,541.0,113238,11,False,-11.25,-12.0,0.0,-30.125,510.875,-0.021546564519990374
2024-11-14,540.0,544.25,528.0,530.25,89913,11,False,-10.75,-2.5,0.0,-30.125,500.125,-0.02104232933692196
2024-11-15,532.0,541.25,530.5,536.5,73593,11,False,6.25,0.0,0.0,-30.125,506.375,0.012496875781054628
2024-11-18,541.0,551.0,536.75,547.25,68144,11,False,10.75,4.375,0.0,-30.125,517.125,0.021229326092322864
2024-11-19,547.75,558.75,545.5,549.75,57490,11,False,2.5,6.75,0.0,-30.125,519.625,0.004834421078075968
2024-11-20,549.5,555.25,543.5,552.5,41277,11,False,2.75,-0.625,0.0,-30.125,522.375,0.005292278085157642
2024-11-21,552.5,557.5,547.75,548.75,34966,11,False,-3.75,-0.875,0.0,-30.125,518.625,-0.007178750897343877
2024-11-22,548.0,550.5,542.5,544.25,36559,11,False,-4.5,-6.125,0.0,-30.125,514.125,-0.008676789587852451
2024-11-25,544.75,547.5,529.5,535.75,30009,11,False,-8.5,-0.375,0.0,-30.125,505.625,-0.016532944322878662
2024-11-26,535.75,543.5,532.75,539.5,34123,11,False,3.75,-5.125,0.0,-30.125,509.375,0.007416563658838138
2024-11-27,538.25,542.75,531.0,537.75,18864,11,False,-1.75,-0.875,0.0,-30.125,507.625,-0.003435582822085892
2024-11-29,535.0,545.25,531.75,532.25,1246,11,False,-5.5,1.75,0.0,-30.125,502.125,-0.010834769761142615
2024-12-02,536.25,539.5,531.25,537.5,63,12,True,5.25,-3.125,8.375,-38.5,499.0,-0.00622354991287033
2024-12-03,539.0,544.75,536.75,536.75,47,12,False,-0.75,3.25,0.0,-38.5,498.25,-0.0015030060120240218
2024-12-04,537.25,541.0,535.75,538.0,43,12,False,1.25,4.0,0.0,-38.5,499.5,0.0025087807325638867
2024-12-05,537.5,546.75,535.5,546.75,22,12,False,8.75,-1.5,0.0,-38.5,508.25,0.01751751751751751
2024-12-06,544.75,546.0,542.5,542.5,27,12,False,-4.25,3.75,0.0,-38.5,504.0,-0.008362026561731462
2024-12-09,541.25,541.25,541.25,541.25,10,12,False,-1.25,-1.75,0.0,-38.5,502.75,-0.0024801587301587213
2024-12-10,545.0,545.0,542.0,542.0,2,12,False,0.75,0.125,0.0,-38.5,503.5,0.001491795126802531
2024-12-11,544.0,552.5,543.5,543.5,56,12,False,1.5,-2.0,0.0,-38.5,505.0,0.002979145978152964
2024-12-12,535.0,538.75,533.25,538.75,24,12,False,-4.75,-5.375,0.0,-38.5,500.25,-0.009405940594059414
2024-12-13,526.5,526.5,526.5,526.5,49134,12,False,-12.25,9.375,0.0,-38.5,488.0,-0.024487756121938986
2024-12-16,552.25,559.25,548.5,550.0,68005,12,False,23.5,-8.625,0.0,-38.5,511.5,0.04815573770491799
2024-12-17,550.75,552.5,542.5,545.0,72661,12,False,-5.0,9.875,0.0,-38.5,506.5,-0.009775171065493637
2024-12-18,545.0,554.25,540.0,541.25,63252,12,False,-3.75,-6.625,0.0,-38.5,502.75,-0.007403751233958533
2024-12-19,541.0,541.75,530.5,533.0,87290,12,False,-8.25,-1.875,0.0,-38.5,494.5,-0.016409746394828395
2024-12-20,532.5,537.25,529.25,533.0,55084,12,False,0.0,-0.375,0.0,-38.5,494.5,0.0
2024-12-23,533.0,544.0,533.0,540.5,57507,12,False,7.5,-2.875,0.0,-38.5,502.0,0.015166835187057526
2024-12-24,539.5,541.5,533.5,534.75,25215,12,False,-5.75,6.875,0.0,-38.5,496.25,-0.01145418326693226
2024-12-26,534.75,544.0,533.75,541.0,28461,12,False,6.25,-0.125,0.0,-38.5,502.5,0.012594458438287104
2024-12-27,542.0,547.75,537.25,546.5,43052,12,False,5.5,4.0,0.0,-38.5,508.0,0.010945273631840724
2024-12-30,547.25,554.75,544.5,548.25,46874,12,False,1.75,4.375,0.0,-38.5,509.75,0.0034448818897638844
2024-12-31,548.75,552.75,546.75,551.5,33827,12,False,3.25,-2.0,0.0,-38.5,513.0,0.006375674350171723
2025-01-02,551.75,552.75,542.5,545.75,44332,1,False,-5.75,-6.625,0.0,-38.5,507.25,-0.011208576998050668
2025-01-03,545.5,547.0,527.5,529.25,87535,1,False,-16.5,2.75,0.0,-38.5,490.75,-0.032528339083292224
2025-01-06,530.25,543.75,530.25,540.5,64942,1,False,11.25,-7.25,0.0,-38.5,502.0,0.022924095771777786
2025-01-07,540.5,544.25,535.25,542.5,46902,1,False,2.0,2.5,0.0,-38.5,504.0,0.003984063745019917
2025-01-08,542.75,544.75,534.5,536.25,58097,1,False,-6.25,-0.125,0.0,-38.5,497.75,-0.012400793650793607
2025-01-09,535.5,539.25,529.25,534.0,45711,1,False,-2.25,-4.75,0.0,-38.5,495.5,-0.0045203415369161615
2025-01-10,533.0,541.25,526.0,530.75,104604,1,False,-3.25,6.0,0.0,-38.5,492.25,-0.006559031281533789
2025-01-13,530.5,545.75,528.5,545.0,84277,1,False,14.25,-1.0,0.0,-38.5,506.5,0.028948704926358593
2025-01-14,546.25,552.25,542.75,546.25,70102,1,False,1.25,7.5,0.0,-38.5,507.75,0.0024679170779862147
2025-01-15,546.75,551.5,542.0,547.0,56045,1,False,0.75,-4.125,0.0,-38.5,508.5,0.001477104874446189
2025-01-16,547.0,547.0,536.75,537.5,52990,1,False,-9.5,1.0,0.0,-38.5,499.0,-0.01868239921337267
2025-01-17,537.5,542.0,533.25,538.75,50291,1,False,1.25,5.25,0.0,-38.5,500.25,0.0025050100200401104
2025-01-21,542.0,561.75,542.0,558.75,112879,1,False,20.0,-1.75,0.0,-38.5,520.25,0.03998000999500251
2025-01-22,558.5,566.75,551.5,554.0,91512,1,False,-4.75,10.0,0.0,-38.5,515.5,-0.00913022585295531
2025-01-23,554.0,559.0,548.0,554.0,64143,1,False,0.0,-7.375,0.0,-38.5,515.5,0.0
2025-01-24,550.0,552.25,541.25,544.0,81676,1,False,-10.0,-4.25,0.0,-38.5,505.5,-0.019398642095053376
2025-01-27,543.0,543.0,532.0,535.5,68354,1,False,-8.5,-0.125,0.0,-38.5,497.0,-0.016815034619188873
2025-01-28,535.75,548.5,533.5,545.25,77116,1,False,9.75,4.375,0.0,-38.5,506.75,0.019617706237424537
2025-01-29,544.5,564.75,544.5,562.5,90600,1,False,17.25,6.875,0.0,-38.5,524.0,0.03404045387271837
2025-01-30,560.75,569.75,559.0,566.5,96799,1,False,4.0,5.125,0.0,-38.5,528.0,0.007633587786259444
2025-01-31,569.0,569.0,551.75,559.5,87916,1,False,-7.0,5.625,0.0,-38.5,521.0,-0.013257575757575801
2025-02-03,555.0,573.75,550.5,566.75,90750,2,False,7.25,1.625,0.0,-38.5,528.25,0.013915547024952124
2025-02-04,566.5,579.0,558.0,577.0,89542,2,False,10.25,1.25,0.0,-38.5,538.5,0.01940369143398013
2025-02-05,577.25,584.25,569.5,572.25,108673,2,False,-4.75,12.875,0.0,-38.5,533.75,-0.008820798514391881
2025-02-06,572.25,588.75,566.5,587.75,109406,2,False,15.5,-4.875,0.0,-38.5,549.25,0.02903981264637001
2025-02-07,587.75,592.5,579.75,582.75,106334,2,False,-5.0,6.125,0.0,-38.5,544.25,-0.00910332271279013
2025-02-10,581.25,586.0,576.25,579.5,105426,2,False,-3.25,-3.75,0.0,-38.5,541.0,-0.005971520440973821
2025-02-11,579.0,588.0,575.75,577.0,110234,2,False,-2.5,-3.0,0.0,-38.5,538.5,-0.004621072088724532
2025-02-12,576.25,584.5,572.75,574.25,113048,2,False,-2.75,0.5,0.0,-38.5,535.75,-0.00510677808727944
2025-02-13,574.0,581.0,571.5,577.75,91309,2,False,3.5,9.75,0.0,-38.5,539.25,0.006532897806812876
2025-02-14,577.25,602.75,577.25,600.0,103503,2,False,22.25,4.125,0.0,-38.5,561.5,0.04126101066295784
2025-02-18,598.25,609.0,593.25,604.75,93045,2,False,4.75,4.75,0.0,-38.5,566.25,0.008459483526269018
2025-02-19,605.0,608.25,588.5,592.0,64134,2,False,-12.75,-0.875,0.0,-38.5,553.5,-0.02251655629139071
2025-02-20,592.0,595.5,583.5,585.5,37056,2,False,-6.5,-4.125,0.0,-38.5,547.0,-0.011743450767841002
2025-02-21,585.5,593.0,585.25,590.0,40506,2,False,4.5,-8.75,0.0,-38.5,551.5,0.00822669104204743
2025-02-24,589.5,589.5,574.75,579.0,27710,2,False,-11.0,-0.875,0.0,-38.5,540.5,-0.01994560290117864
2025-02-25,578.75,581.0,564.5,572.75,30844,2,False,-6.25,-8.875,0.0,-38.5,534.25,-0.011563367252543921
2025-02-26,574.25,577.25,563.75,566.0,23733,2,False,-6.75,-12.75,0.0,-38.5,527.5,-0.0126345343940103
2025-02-27,566.0,566.5,544.0,546.75,9609,2,False,-19.25,-8.25,0.0,-38.5,508.25,-0.03649289099526065
2025-02-28,547.25,554.5,537.0,537.0,551,2,False,-9.75,-12.125,0.0,-38.5,498.5,-0.01918347270044274
2025-03-03,545.5,545.75,532.0,532.0,77,3,True,-5.0,-11.625,6.625,-45.125,486.875,-0.023319959879638863
2025-03-04,516.0,518.75,515.5,518.5,30,3,False,-13.5,3.625,0.0,-45.125,473.375,-0.027727856225930658
2025-03-05,534.5,534.5,530.0,530.75,2,3,False,12.25,-3.625,0.0,-45.125,485.625,0.025878003696857776
2025-03-06,537.0,537.0,537.0,537.0,8,3,False,6.25,4.5,0.0,-45.125,491.875,0.01287001287001277
2025-03-07,533.75,533.75,533.75,533.75,13,3,False,-3.25,8.875,0.0,-45.125,488.625,-0.006607369758576898
2025-03-10,548.25,548.25,545.0,545.25,12,3,False,11.5,-3.75,0.0,-45.125,500.125,0.023535431056536105
2025-03-11,543.75,544.0,541.0,541.0,16,3,False,-4.25,4.625,0.0,-45.125,495.875,-0.00849787553111725
2025-03-12,534.0,538.75,534.0,538.75,3,3,False,-2.25,2.125,0.0,-45.125,493.625,-0.0045374338290899985
2025-03-13,549.0,551.25,547.25,547.25,15,3,False,8.5,-1.875,0.0,-45.125,502.125,0.01721954925297542
2025-03-14,545.75,545.75,545.75,545.75,60916,3,False,-1.5,15.625,0.0,-45.125,500.625,-0.0029873039581777006
2025-03-17,559.0,575.25,559.0,568.5,78721,3,False,22.75,-2.5,0.0,-45.125,523.375,0.04544319600499369
2025-03-18,568.75,574.75,563.5,565.0,64451,3,False,-3.5,10.625,0.0,-45.125,519.875,-0.0066873656556006855
2025-03-19,564.25,568.5,558.0,563.5,62175,3,False,-1.5,-4.875,0.0,-45.125,518.375,-0.0028853089685020317
2025-03-20,565.25,568.0,552.25,557.25,62329,3,False,-6.25,-0.25,0.0,-45.125,512.125,-0.012056908608632733
2025-03-21,557.75,563.0,553.25,558.25,47008,3,False,1.0,-8.125,0.0,-45.125,513.125,0.001952648279228697
2025-03-24,561.25,563.0,545.25,548.25,53647,3,False,-10.0,-2.0,0.0,-45.125,503.125,-0.01948842874543244
2025-03-25,548.0,549.5,541.0,543.25,57054,3,False,-5.0,-9.0,0.0,-45.125,498.125,-0.009937888198757738
2025-03-26,544.0,545.75,535.0,535.25,57623,3,False,-8.0,-4.125,0.0,-45.125,490.125,-0.016060225846926013
2025-03-27,536.25,537.25,526.5,532.0,73561,3,False,-3.25,-5.875,0.0,-45.125,486.875,-0.0066309614894159985
2025-03-28,531.75,533.0,517.5,528.25,81818,3,False,-3.75,2.75,0.0,-45.125,483.125,-0.007702182284980763
2025-03-31,529.5,539.25,523.5,537.0,83018,3,False,8.75,-0.125,0.0,-45.125,491.875,0.018111254851228997
2025-04-01,539.0,544.0,533.25,540.5,62409,4,False,3.5,3.75,0.0,-45.125,495.375,0.007115628970775001
2025-04-02,541.75,543.0,532.5,539.25,58991,4,False,-1.25,0.125,0.0,-45.125,494.125,-0.0025233409033560417
2025-04-03,526.75,542.0,525.25,536.0,80918,4,False,-3.25,-4.125,0.0,-45.125,490.875,-0.006577283076144691
2025-04-04,536.75,539.5,520.5,529.0,82626,4,False,-7.0,2.125,0.0,-45.125,483.875,-0.014260249554367221
2025-04-07,530.75,546.5,525.75,536.5,96849,4,False,7.5,-1.75,0.0,-45.125,491.375,0.015499870834409624
2025-04-08,537.5,545.75,533.75,540.0,92716,4,False,3.5,4.875,0.0,-45.125,494.875,0.007122869498855211
2025-04-09,539.75,546.0,536.5,542.25,85229,4,False,2.25,-0.375,0.0,-45.125,497.125,0.0045466026774438895
2025-04-10,543.75,547.5,534.5,538.0,112107,4,False,-4.25,10.0,0.0,-45.125,492.875,-0.008549157656524975
2025-04-11,537.5,556.75,536.5,555.75,123039,4,False,17.75,-6.25,0.0,-45.125,510.625,0.0360131879279737
2025-04-14,553.0,555.25,542.75,547.5,78608,4,False,-8.25,6.125,0.0,-45.125,502.375,-0.016156670746634072
2025-04-15,547.5,551.0,540.25,542.0,65960,4,False,-5.5,-1.25,0.0,-45.125,496.875,-0.010947997014182587
2025-04-16,542.75,550.5,537.0,547.75,59640,4,False,5.75,-2.25,0.0,-45.125,502.625,0.01157232704402511
2025-04-17,548.25,555.75,548.0,548.75,40697,4,False,1.0,-2.25,0.0,-45.125,503.625,0.0019895548371051675
2025-04-21,549.25,552.75,537.25,538.5,24733,4,False,-10.25,-1.0,0.0,-45.125,493.375,-0.020352444775378453
2025-04-22,540.0,540.75,531.5,535.5,31592,4,False,-3.0,-8.75,0.0,-45.125,490.375,-0.006080567519635149
2025-04-23,535.75,537.5,527.75,528.25,29029,4,False,-7.25,-1.0,0.0,-45.125,483.125,-0.014784603619678816
2025-04-24,528.75,530.5,524.25,529.25,25897,4,False,1.0,-3.25,0.0,-45.125,484.125,0.002069857697283295
2025-04-25,529.5,534.75,527.5,530.0,30800,4,False,0.75,-6.75,0.0,-45.125,484.875,0.0015491866769945517
2025-04-28,529.0,529.0,511.5,515.5,32411,4,False,-14.5,-4.5,0.0,-45.125,470.375,-0.02990461459138949
2025-04-29,518.0,521.0,505.0,505.75,20109,4,False,-9.75,-3.625,0.0,-45.125,460.625,-0.020728142439542907
2025-04-30,507.25,520.0,505.0,513.0,1204,4,False,7.25,-3.75,0.0,-45.125,467.875,0.015739484396200876
2025-05-01,518.75,523.5,515.0,515.25,706,5,True,2.25,9.25,-7.0,-38.125,477.125,0.019770237777184008
2025-05-02,520.75,530.75,520.75,526.5,103,5,False,11.25,-5.0,0.0,-38.125,488.375,0.023578726748755496
2025-05-05,525.25,525.25,514.25,514.25,4,5,False,-12.25,8.0,0.0,-38.125,476.125,-0.025083184028666494
2025-05-06,520.5,520.5,519.0,519.0,19,5,False,4.75,-6.625,0.0,-38.125,480.875,0.009976371751115876
2025-05-07,517.0,518.5,517.0,518.0,82,5,False,-1.0,-0.125,0.0,-38.125,479.875,-0.0020795425006499
2025-05-08,511.25,513.0,511.0,513.0,10,5,False,-5.0,-4.25,0.0,-38.125,474.875,-0.01041938004688725
2025-05-09,505.5,505.5,505.5,505.5,6,5,False,-7.5,-5.75,0.0,-38.125,467.375,-0.01579362990260591
2025-05-12,499.0,499.0,499.0,499.0,16,5,False,-6.5,-2.5,0.0,-38.125,460.875,-0.013907461888205352
2025-05-13,501.5,501.5,501.5,501.5,19,5,False,2.5,0.375,0.0,-38.125,463.375,0.005424464334147006
2025-05-14,508.75,508.75,508.75,508.75,62950,5,False,7.25,13.25,0.0,-38.125,470.625,0.0156460749932561
2025-05-15,524.5,533.25,521.75,532.75,69748,5,False,24.0,-0.25,0.0,-38.125,494.625,0.050996015936255024
2025-05-16,533.5,533.5,523.5,525.0,49356,5,False,-7.75,14.0,0.0,-38.125,486.875,-0.015668435683598658
2025-05-19,527.0,536.0,524.5,529.0,64286,5,False,4.0,4.625,0.0,-38.125,490.875,0.008215661103979421
2025-05-20,530.0,547.5,528.75,546.0,86585,5,False,17.0,3.625,0.0,-38.125,507.875,0.03463203463203457
2025-05-21,546.0,556.25,545.0,549.25,85813,5,False,3.25,6.125,0.0,-38.125,511.125,0.0063992124046270416
2025-05-22,548.25,552.0,541.25,544.5,85214,5,False,-4.75,0.625,0.0,-38.125,506.375,-0.00929322572756175
2025-05-23,545.0,548.5,538.5,542.5,61665,5,False,-2.0,-9.375,0.0,-38.125,504.375,-0.003949642063687975
2025-05-27,543.5,544.0,527.5,528.5,66898,5,False,-14.0,-0.125,0.0,-38.125,490.375,-0.027757125154894702
2025-05-28,531.0,535.75,526.75,530.25,60152,5,False,1.75,-5.125,0.0,-38.125,492.125,0.0035686974254396375
2025-05-29,533.0,534.75,527.25,534.0,48247,5,False,3.75,0.875,0.0,-38.125,495.875,0.007620015240030531
2025-05-30,534.25,538.5,531.25,534.0,49023,5,False,0.0,4.375,0.0,-38.125,495.875,0.0
2025-06-02,534.0,549.5,533.25,539.0,82568,6,False,5.0,-1.5,0.0,-38.125,500.875,0.010083186286866663
2025-06-03,538.0,545.5,531.75,536.0,80640,6,False,-3.0,6.125,0.0,-38.125,497.875,-0.005989518342899958
2025-06-04,535.5,547.5,533.5,543.25,73113,6,False,7.25,-0.375,0.0,-38.125,505.125,0.01456188802410252
2025-06-05,543.5,549.25,540.5,545.5,0,6,False,2.25,8.25,0.0,-38.125,507.375,0.00445434298440972
2025-06-06,545.25,555.75,540.25,554.75,97197,6,False,9.25,-5.25,0.0,-38.125,516.625,0.018231091401823107
2025-06-09,556.0,557.75,540.0,542.0,102603,6,False,-12.75,0.875,0.0,-38.125,503.875,-0.024679409629808857
2025-06-10,540.0,542.0,530.75,534.5,90158,6,False,-7.5,-6.5,0.0,-38.125,496.375,-0.014884644008930747
2025-06-11,535.0,539.25,532.0,534.25,72453,6,False,-0.25,-7.625,0.0,-38.125,496.125,-0.0005036514731805442
2025-06-12,534.25,537.0,526.0,526.5,93654,6,False,-7.75,8.5,0.0,-38.125,488.375,-0.01562106324011081
2025-06-13,526.75,544.75,522.25,543.75,102188,6,False,17.25,-7.5,0.0,-38.125,505.625,0.03532121832608137
2025-06-16,545.0,546.75,531.75,536.5,77417,6,False,-7.25,14.875,0.0,-38.125,498.375,-0.014338689740420296
2025-06-17,536.25,552.25,536.25,549.0,71241,6,False,12.5,9.0,0.0,-38.125,510.875,0.025081514923501302
2025-06-18,549.0,575.0,547.0,574.25,0,6,False,25.25,3.0,0.0,-38.125,536.125,0.049425006116956105
2025-06-20,573.0,578.25,565.5,567.75,49117,6,False,-6.5,5.125,0.0,-38.125,529.625,-0.012124038237351309
2025-06-23,567.0,570.0,549.5,552.75,44221,6,False,-15.0,-11.75,0.0,-38.125,514.625,-0.02832192589096061
2025-06-24,552.0,553.0,535.0,535.75,36906,6,False,-17.0,-11.25,0.0,-38.125,497.625,-0.03303376244838474
2025-06-25,535.0,537.0,526.5,528.25,18240,6,False,-7.5,-12.125,0.0,-38.125,490.125,-0.015071590052750605
2025-06-26,528.25,531.5,520.5,521.0,24542,6,False,-7.25,-1.875,0.0,-38.125,482.875,-0.014792144861004886
2025-06-27,521.0,529.5,520.5,524.75,12677,6,False,3.75,-1.625,0.0,-38.125,486.625,0.007765984985762309
2025-06-30,530.0,531.75,523.5,528.75,1972,6,False,4.0,6.125,0.0,-38.125,490.625,0.008219881839198528
2025-07-01,527.0,540.75,526.5,537.25,453,7,True,8.5,11.375,-2.875,-35.25,502.0,0.023184713375796084
2025-07-02,546.0,556.0,544.75,556.0,62,7,False,18.75,0.125,0.0,-35.25,520.75,0.03735059760956183
2025-07-03,558.0,558.0,547.75,547.75,0,7,False,-8.25,5.375,0.0,-35.25,512.5,-0.015842534805568853
2025-07-07,538.5,541.75,538.0,539.75,53,7,False,-8.0,-2.5,0.0,-35.25,504.5,-0.01560975609756099
2025-07-08,547.0,547.0,543.0,543.0,4,7,False,3.25,-4.125,0.0,-35.25,507.75,0.006442021803766185
2025-07-09,545.0,545.0,542.75,542.75,41,7,False,-0.25,5.375,0.0,-35.25,507.5,-0.000492368291482026
2025-07-10,542.75,550.5,542.75,550.25,40,7,False,7.5,-4.875,0.0,-35.25,515.0,0.014778325123152802
2025-07-11,548.5,548.5,540.75,540.75,21,7,False,-9.5,0.375,0.0,-35.25,505.5,-0.01844660194174752
2025-07-14,534.0,534.0,534.0,534.0,52432,7,False,-6.75,-2.75,0.0,-35.25,498.75,-0.013353115727002929
2025-07-15,541.5,545.25,535.5,538.0,56165,7,False,4.0,-1.75,0.0,-35.25,502.75,0.008020050125313372
2025-07-16,538.25,543.5,533.5,541.25,59091,7,False,3.25,-1.875,0.0,-35.25,506.0,0.006464445549477782
2025-07-17,541.0,542.75,532.0,533.5,55433,7,False,-7.75,8.0,0.0,-35.25,498.25,-0.015316205533596805
2025-07-18,533.5,550.25,533.0,546.25,82550,7,False,12.75,-5.875,0.0,-35.25,511.0,0.025589563472152577
2025-07-21,546.0,549.5,541.0,542.25,43970,7,False,-4.0,10.0,0.0,-35.25,507.0,-0.007827788649706457
2025-07-22,541.75,552.75,536.75,549.5,62596,7,False,7.25,-6.5,0.0,-35.25,514.25,0.01429980276134124
2025-07-23,548.25,552.25,540.0,540.5,49135,7,False,-9.0,4.125,0.0,-35.25,505.25,-0.01750121536217797
2025-07-24,540.75,546.0,535.0,541.5,56771,7,False,1.0,-6.125,0.0,-35.25,506.25,0.0019792182088074206
2025-07-25,541.0,544.0,534.0,538.25,37484,7,False,-3.25,0.625,0.0,-35.25,503.0,-0.006419753086419733
2025-07-28,536.5,540.0,532.25,538.5,45184,7,False,0.25,-6.0,0.0,-35.25,503.25,0.0004970178926442248
2025-07-29,538.25,539.0,526.0,529.75,80217,7,False,-8.75,-2.875,0.0,-35.25,494.5,-0.017386984600099353
2025-07-30,529.75,532.0,523.25,523.75,64991,7,False,-6.0,-4.625,0.0,-35.25,488.5,-0.01213346814964611
2025-07-31,523.25,525.75,516.75,523.25,77077,7,False,-0.5,-6.25,0.0,-35.25,488.0,-0.0010235414534288667
2025-08-01,523.0,526.0,516.25,516.75,62480,8,False,-6.5,-0.25,0.0,-35.25,481.5,-0.013319672131147486
2025-08-04,517.5,523.0,513.0,516.75,71053,8,False,0.0,-7.5,0.0,-35.25,481.5,0.0
2025-08-05,516.75,517.5,507.0,508.25,67614,8,False,-8.5,0.125,0.0,-35.25,473.0,-0.017653167185877505
2025-08-06,508.25,509.5,504.0,508.5,65192,8,False,0.25,0.625,0.0,-35.25,473.25,0.0005285412262157063
2025-08-07,508.5,520.0,508.5,518.25,81829,8,False,9.75,-1.75,0.0,-35.25,483.0,0.020602218700475516
2025-08-08,518.0,521.75,513.75,514.5,78246,8,False,-3.75,5.125,0.0,-35.25,479.25,-0.00776397515527949
2025-08-11,516.5,523.25,513.25,515.0,87297,8,False,0.5,-6.875,0.0,-35.25,479.75,0.0010432968179447943
2025-08-12,514.25,515.0,503.25,505.0,116430,8,False,-10.0,1.375,0.0,-35.25,469.75,-0.02084418968212609
2025-08-13,505.0,510.75,502.25,507.25,78660,8,False,2.25,-6.875,0.0,-35.25,472.0,0.0047897817988291624
2025-08-14,506.25,508.75,500.75,503.5,71519,8,False,-3.75,2.625,0.0,-35.25,468.25,-0.00794491525423724
2025-08-15,504.0,508.25,502.25,506.5,59556,8,False,3.0,-3.75,0.0,-35.25,471.25,0.006406833956219993
2025-08-18,506.25,508.75,500.75,502.75,64948,8,False,-3.75,-0.625,0.0,-35.25,467.5,-0.007957559681697646
2025-08-19,502.5,502.5,497.5,498.5,45629,8,False,-4.25,1.625,0.0,-35.25,463.25,-0.009090909090909038
2025-08-20,498.0,508.0,494.5,505.5,53676,8,False,7.0,-1.375,0.0,-35.25,470.25,0.015110631408526753
2025-08-21,506.0,511.5,502.0,507.0,49806,8,False,1.5,2.375,0.0,-35.25,471.75,0.0031897926634769647
2025-08-22,506.25,509.75,503.5,504.75,36797,8,False,-2.25,1.75,0.0,-35.25,469.5,-0.004769475357710662
2025-08-25,504.75,512.25,504.25,506.75,31672,8,False,2.0,0.25,0.0,-35.25,471.5,0.004259850905218299
2025-08-26,506.5,512.0,504.0,509.5,32257,8,False,2.75,-2.625,0.0,-35.25,474.25,0.005832449628844216
2025-08-27,508.25,510.25,500.75,502.25,37489,8,False,-7.25,5.375,0.0,-35.25,467.0,-0.015287295730100126
2025-08-28,502.0,511.0,499.0,510.25,23384,8,False,8.0,0.25,0.0,-35.25,475.0,0.017130620985010614
2025-08-29,510.0,518.25,508.75,518.0,0,8,False,7.75,1.5,0.0,-35.25,482.75,0.016315789473684283
2025-09-02,513.75,513.75,508.5,513.0,404,9,True,-5.0,-0.625,-4.375,-30.875,482.125,-0.001294665976178111
2025-09-03,511.0,511.0,504.0,504.0,312,9,False,-9.0,-3.375,0.0,-30.875,473.125,-0.018667358050298177
2025-09-04,504.0,504.0,495.25,502.25,54,9,False,-1.75,-5.125,0.0,-30.875,471.375,-0.00369881109643333
2025-09-05,506.5,506.5,501.0,501.0,13,9,False,-1.25,1.375,0.0,-30.875,470.125,-0.0026518164942985756
2025-09-08,503.25,505.5,502.0,505.5,6,9,False,4.5,-3.0,0.0,-30.875,474.625,0.009571922361074181
2025-09-09,503.75,506.75,500.75,500.75,26,9,False,-4.75,-0.625,0.0,-30.875,469.875,-0.010007900974453476
2025-09-10,498.0,498.0,495.0,495.0,18,9,False,-5.75,1.625,0.0,-30.875,464.125,-0.012237297153498305
2025-09-11,501.75,503.0,496.25,503.0,2,9,False,8.0,-2.875,0.0,-30.875,472.125,0.017236735793159097
2025-09-12,503.0,503.0,503.0,503.0,55282,9,False,0.0,15.0,0.0,-30.875,472.125,0.0
2025-09-15,522.75,529.25,520.25,525.0,55496,9,False,22.0,4.5,0.0,-30.875,494.125,0.046597828964786814
2025-09-16,525.0,534.5,524.0,534.0,46736,9,False,9.0,8.125,0.0,-30.875,503.125,0.018214014672400802
2025-09-17,533.5,535.75,526.0,528.25,49323,9,False,-5.75,2.5,0.0,-30.875,497.375,-0.011428571428571455
2025-09-18,528.25,532.25,523.0,524.25,39926,9,False,-4.0,-3.75,0.0,-30.875,493.375,-0.008042221663734583
2025-09-19,525.0,526.75,520.25,522.5,45048,9,False,-1.75,-7.875,0.0,-30.875,491.625,-0.0035469977197871705
2025-09-22,522.25,523.0,508.5,510.75,86785,9,False,-11.75,4.0,0.0,-30.875,479.875,-0.023900330536486103
2025-09-23,511.0,521.0,507.25,520.5,71968,9,False,9.75,-6.375,0.0,-30.875,489.625,0.02031779109143006
2025-09-24,520.5,524.5,519.0,519.5,53328,9,False,-1.0,8.625,0.0,-30.875,488.625,-0.0020423793719683836
2025-09-25,520.5,527.5,518.25,527.0,56448,9,False,7.5,-4.125,0.0,-30.875,496.125,0.01534919416730629
2025-09-26,526.25,527.75,518.75,519.75,52731,9,False,-7.25,3.625,0.0,-30.875,488.875,-0.014613252708490787
2025-09-29,519.0,522.5,516.75,519.5,44889,9,False,-0.25,-9.375,0.0,-30.875,488.625,-0.0005113781641523651
2025-09-30,519.5,519.75,506.75,508.0,85752,9,False,-11.5,0.5,0.0,-30.875,477.125,-0.023535431056536216
2025-10-01,508.0,510.25,502.0,509.25,82924,10,False,1.25,-3.0,0.0,-30.875,478.375,0.0026198585276395736
2025-10-02,509.0,516.0,508.25,514.75,57218,10,False,5.5,0.875,0.0,-30.875,483.875,0.011497256336556072
2025-10-03,514.0,518.5,512.75,515.25,47455,10,False,0.5,1.5,0.0,-30.875,484.375,0.0010333247222940045
2025-10-06,515.25,518.25,512.0,512.75,49990,10,False,-2.5,-2.75,0.0,-30.875,481.875,-0.005161290322580614
2025-10-07,513.0,514.25,505.75,506.75,53564,10,False,-6.0,-1.0,0.0,-30.875,475.875,-0.012451361867704236
2025-10-08,507.0,508.75,503.75,507.25,44067,10,False,0.5,-3.375,0.0,-30.875,476.375,0.0010506960861571546
2025-10-09,508.0,513.5,506.5,506.5,79086,10,False,-0.75,-3.75,0.0,-30.875,475.625,-0.0015743899239044623
2025-10-10,508.5,509.5,496.75,498.5,63513,10,False,-8.0,-1.25,0.0,-30.875,467.625,-0.01681997371879107
2025-10-13,499.25,501.75,494.5,496.75,63513,10,False,-1.75,-2.25,0.0,-30.875,465.875,-0.0037423148890670666
2025-10-14,498.5,501.75,492.25,500.25,65741,10,False,3.5,-1.625,0.0,-30.875,469.375,0.007512744834987872
2025-10-15,501.0,501.25,494.75,498.75,57004,10,False,-1.5,3.625,0.0,-30.875,467.875,-0.003195739014647092
2025-10-16,500.0,503.75,495.25,502.5,53290,10,False,3.75,-0.125,0.0,-30.875,471.625,0.008014961261020526
2025-10-17,502.25,505.0,500.25,503.75,38177,10,False,1.25,2.375,0.0,-30.875,472.875,0.0026504108136762294
2025-10-20,505.0,507.25,502.0,504.75,37582,10,False,1.0,-1.625,0.0,-30.875,473.875,0.0021147237642082928
2025-10-21,504.75,506.25,498.0,500.25,41036,10,False,-4.5,2.25,0.0,-30.875,469.375,-0.009496175151675001
2025-10-22,501.75,505.5,498.25,503.75,45473,10,False,3.5,2.375,0.0,-30.875,472.875,0.0074567243675098815
2025-10-23,504.75,513.5,502.5,513.0,58191,10,False,9.25,1.5,0.0,-30.875,482.125,0.019561194818926708
2025-10-24,512.0,515.5,509.75,512.5,59008,10,False,-0.5,11.375,0.0,-30.875,481.625,-0.0010370754472387445
2025-10-27,517.0,530.5,516.75,526.0,109465,10,False,13.5,1.25,0.0,-30.875,495.125,0.02803010641058923
2025-10-28,524.0,535.0,524.0,529.0,105303,10,False,3.0,8.375,0.0,-30.875,498.125,0.006059075990911378
2025-10-29,528.5,533.75,526.75,532.25,90090,10,False,3.25,-2.5,0.0,-30.875,501.375,0.006524466750313707
2025-10-30,533.25,535.5,520.25,524.25,101549,10,False,-8.0,6.5,0.0,-30.875,493.375,-0.015956120668162543
2025-10-31,524.25,534.25,517.25,534.0,111375,10,False,9.75,0.75,0.0,-30.875,503.125,0.019761844438814347
2025-11-03,534.0,545.0,531.25,543.5,0,11,False,9.5,8.25,0.0,-30.875,512.625,0.018881987577639814
2025-11-04,542.75,550.5,539.75,550.25,116421,11,False,6.75,7.0,0.0,-30.875,519.375,0.013167520117044695
2025-11-05,549.5,555.0,546.25,554.75,72195,11,False,4.5,-6.25,0.0,-30.875,523.875,0.008664259927797735
2025-11-06,552.75,554.5,534.5,535.5,119141,11,False,-19.25,-1.625,0.0,-30.875,504.625,-0.03674540682414695
2025-11-07,535.5,537.5,526.25,527.75,127657,11,False,-7.75,-5.625,0.0,-30.875,496.875,-0.015357939063661119
2025-11-10,528.0,537.25,527.5,535.75,92410,11,False,8.0,-3.75,0.0,-30.875,504.875,0.01610062893081765
2025-11-11,535.75,539.0,531.25,536.0,80355,11,False,0.25,4.0,0.0,-30.875,505.125,0.0004951720722952135
2025-11-12,536.0,536.75,527.5,536.0,95686,11,False,0.0,0.0,0.0,-30.875,505.125,0.0
2025-11-13,536.25,539.25,530.75,535.75,92763,11,False,-0.25,-4.25,0.0,-30.875,504.875,-0.0004949269982678084
2025-11-14,535.75,544.5,524.5,527.25,85222,11,False,-8.5,8.375,0.0,-30.875,496.375,-0.01683585045803415
2025-11-17,526.75,545.75,525.75,544.25,64246,11,False,17.0,-3.125,0.0,-30.875,513.375,0.03424830017627811
2025-11-18,544.5,549.75,540.5,546.5,34471,11,False,2.25,3.625,0.0,-30.875,515.625,0.0043827611395179655
2025-11-19,546.0,550.5,535.0,536.75,37984,11,False,-9.75,-3.75,0.0,-30.875,505.875,-0.018909090909090875
2025-11-20,537.0,543.25,526.0,527.0,41598,11,False,-9.75,-4.875,0.0,-30.875,496.125,-0.01927353595255743
2025-11-21,528.25,532.5,522.75,527.0,32622,11,False,0.0,-7.25,0.0,-30.875,496.125,0.0
2025-11-24,528.5,529.0,519.5,522.25,26119,11,False,-4.75,2.5,0.0,-30.875,491.375,-0.009574200050390558
2025-11-25,522.5,528.25,520.25,527.25,26212,11,False,5.0,-1.5,0.0,-30.875,496.375,0.010175527855507571
2025-11-26,526.75,533.75,523.75,529.0,18026,11,False,1.75,3.5,0.0,-30.875,498.125,0.00352556031226392
2025-11-28,529.5,532.25,527.25,531.0,1198,11,False,2.0,0.5,0.0,-30.875,500.125,0.004015056461731392
2025-12-01,535.0,535.0,527.5,530.25,426,12,True,-0.75,4.75,-5.5,-25.375,504.875,0.009497625593601677
2025-12-02,536.0,537.75,536.0,537.75,184,12,False,7.5,-0.375,0.0,-25.375,512.375,0.014855162168853742
2025-12-03,542.25,542.25,536.5,537.75,139,12,False,0.0,5.375,0.0,-25.375,512.375,0.0
2025-12-04,533.0,541.75,532.5,541.0,73,12,False,3.25,-1.75,0.0,-25.375,515.625,0.006343010490363454
2025-12-05,539.0,539.0,537.0,537.5,56,12,False,-3.5,0.875,0.0,-25.375,512.125,-0.006787878787878787
2025-12-08,536.0,541.25,536.0,536.0,31,12,False,-1.5,-1.625,0.0,-25.375,510.625,-0.0029289724188430455
2025-12-09,535.5,536.25,535.0,536.25,14,12,False,0.25,-3.25,0.0,-25.375,510.875,0.0004895960832314028
2025-12-10,526.5,531.25,526.5,531.25,27,12,False,-5.0,1.75,0.0,-25.375,505.875,-0.009787129924149762
2025-12-11,534.5,534.5,534.5,534.5,6,12,False,3.25,-2.5,0.0,-25.375,509.125,0.006424511984185921
2025-12-12,534.5,534.5,534.5,534.5,50614,12,False,0.0,-5.25,0.0,-25.375,509.125,0.0
2025-12-15,529.5,529.5,519.5,520.75,79494,12,False,-13.75,-5.625,0.0,-25.375,495.375,-0.027007120058924583
2025-12-16,521.0,522.25,507.5,509.5,116616,12,False,-11.25,-8.5,0.0,-25.375,484.125,-0.022710068130204375
2025-12-17,510.75,511.5,504.0,506.25,93081,12,False,-3.25,-4.875,0.0,-25.375,480.875,-0.006713142266976502
2025-12-18,507.75,510.75,505.5,507.75,82031,12,False,1.5,-0.625,0.0,-25.375,482.375,0.0031193137509748503
2025-12-19,507.75,511.25,505.5,509.75,58220,12,False,2.0,3.625,0.0,-25.375,484.375,0.0041461518528116414
2025-12-22,511.0,518.25,510.0,515.5,43608,12,False,5.75,1.75,0.0,-25.375,490.125,0.011870967741935523
2025-12-23,514.25,518.75,513.75,517.0,41461,12,False,1.5,5.25,0.0,-25.375,491.625,0.003060443764345777
2025-12-24,518.5,525.0,518.0,521.75,32999,12,False,4.75,-0.625,0.0,-25.375,496.375,0.009661835748792313
2025-12-26,522.5,524.5,517.0,519.0,38020,12,False,-2.75,-0.625,0.0,-25.375,493.625,-0.005540166204986097
2025-12-29,518.0,521.0,512.0,513.0,43201,12,False,-6.0,-2.5,0.0,-25.375,487.625,-0.012154975943276747
2025-12-30,512.75,515.5,510.0,510.75,36300,12,False,-2.25,-4.875,0.0,-25.375,485.375,-0.004614201486798253
2025-12-31,510.25,512.0,506.0,507.0,40225,12,False,-3.75,-1.375,0.0,-25.375,481.625,-0.00772598506309552
2026-01-02,506.5,508.5,501.5,506.5,59096,1,False,-0.5,1.125,0.0,-25.375,481.125,-0.0010381520892810414
2026-01-05,507.25,514.5,505.75,512.5,65960,1,False,6.0,-1.25,0.0,-25.375,487.125,0.01247077162899446
2026-01-06,512.75,515.0,510.0,510.5,53561,1,False,-2.0,6.75,0.0,-25.375,485.125,-0.0041057223505260865
2026-01-07,510.5,520.25,509.25,518.0,74479,1,False,7.5,-1.0,0.0,-25.375,492.625,0.015459933006956916
2026-01-08,518.75,522.75,515.75,518.0,70497,1,False,0.0,3.375,0.0,-25.375,492.625,0.0
2026-01-09,519.75,521.25,513.75,517.25,56772,1,False,-0.75,-3.0,0.0,-25.375,491.875,-0.0015224562293834065
2026-01-12,517.25,528.0,507.0,511.25,109417,1,False,-6.0,-0.75,0.0,-25.375,485.875,-0.012198221092757255
2026-01-13,512.25,513.75,507.0,510.5,68026,1,False,-0.75,-2.0,0.0,-25.375,485.125,-0.001543606894777505
2026-01-14,512.0,514.5,508.0,512.5,58151,1,False,2.0,-1.375,0.0,-25.375,487.125,0.004122648801855089
2026-01-15,512.5,517.25,509.75,510.5,49930,1,False,-2.0,4.75,0.0,-25.375,485.125,-0.0041057223505260865
2026-01-16,511.0,521.0,510.25,518.0,56609,1,False,7.5,-4.875,0.0,-25.375,492.625,0.015459933006956916
2026-01-20,518.25,520.25,509.5,510.25,65161,1,False,-7.75,2.5,0.0,-25.375,484.875,-0.01573204770362857
2026-01-21,510.75,516.75,507.0,507.75,56709,1,False,-2.5,0.0,0.0,-25.375,482.375,-0.005155968032998226
2026-01-22,508.25,517.0,507.75,515.5,53201,1,False,7.75,5.75,0.0,-25.375,490.125,0.01606633842964489
2026-01-23,515.0,530.5,514.75,529.5,85085,1,False,14.0,0.375,0.0,-25.375,504.125,0.028564141800561105
2026-01-26,532.0,533.25,521.5,522.5,79398,1,False,-7.0,7.375,0.0,-25.375,497.125,-0.01388544507810563
2026-01-27,522.5,525.5,519.25,523.25,62546,1,False,0.75,2.875,0.0,-25.375,497.875,0.0015086748805632766
2026-01-28,523.25,541.25,523.0,536.0,121762,1,False,12.75,3.125,0.0,-25.375,510.625,0.025608837559628395
2026-01-29,536.0,544.25,533.75,541.5,91934,1,False,5.5,4.625,0.0,-25.375,516.125,0.010771113831089307
2026-01-30,541.25,544.75,533.5,538.0,87410,1,False,-3.5,-2.375,0.0,-25.375,512.625,-0.006781302978929538
2026-02-02,539.5,540.0,525.75,527.75,85993,2,False,-10.25,-1.25,0.0,-25.375,502.375,-0.0199951231406974
2026-02-03,528.25,531.0,525.0,528.75,61674,2,False,1.0,-6.125,0.0,-25.375,503.375,0.0019905449116695006
2026-02-04,529.25,531.75,522.25,526.75,78497,2,False,-2.0,4.75,0.0,-25.375,501.375,-0.003973181028060546
2026-02-05,527.0,536.5,522.75,535.25,70977,2,False,8.5,-3.75,0.0,-25.375,509.875,0.01695337820992271
2026-02-06,534.75,539.25,527.5,529.75,104156,2,False,-5.5,3.75,0.0,-25.375,504.375,-0.01078695758764403
2026-02-09,530.5,531.5,525.5,528.75,84945,2,False,-1.0,-3.0,0.0,-25.375,503.375,-0.0019826517967781454
2026-02-10,527.25,531.25,524.5,528.25,96739,2,False,-0.5,4.0,0.0,-25.375,502.875,-0.000993295257015192
2026-02-11,529.75,540.0,528.0,537.25,138467,2,False,9.0,7.375,0.0,-25.375,511.875,0.017897091722595126
2026-02-12,537.25,553.5,536.0,552.5,159021,2,False,15.25,2.625,0.0,-25.375,527.125,0.029792429792429687
2026-02-13,552.0,553.0,545.75,548.75,166512,2,False,-3.75,2.125,0.0,-25.375,523.375,-0.007114062129475962
2026-02-17,548.25,548.5,535.0,537.75,104375,2,False,-11.0,2.75,0.0,-25.375,512.375,-0.021017434917602107
2026-02-18,538.25,549.75,538.0,547.0,52860,2,False,9.25,0.75,0.0,-25.375,521.625,0.01805318370334219
2026-02-19,548.0,563.75,546.0,559.5,45197,2,False,12.5,11.625,0.0,-25.375,534.125,0.023963575365444578
2026-02-20,562.75,575.25,558.0,573.5,49607,2,False,14.0,4.25,0.0,-25.375,548.125,0.026211092908963174
2026-02-23,571.5,579.25,567.75,569.5,30945,2,False,-4.0,6.0,0.0,-25.375,544.125,-0.007297605473204127
2026-02-24,569.0,573.5,564.75,567.5,18003,2,False,-2.0,-2.875,0.0,-25.375,542.125,-0.003675626005054
2026-02-25,566.75,570.0,559.0,565.75,19920,2,False,-1.75,2.0,0.0,-25.375,540.375,-0.0032280378141572585
2026-02-26,565.5,572.0,562.25,571.75,8696,2,False,6.0,8.875,0.0,-25.375,546.375,0.011103400416377474
2026-02-27,572.25,595.75,570.75,591.25,881,2,False,19.5,-5.375,0.0,-25.375,565.875,0.03568977350720659
2026-03-02,594.75,596.0,574.5,574.5,478,3,True,-16.75,8.625,-25.375,0.0,574.5,0.015241882041086896
2026-03-03,579.5,579.5,567.25,572.25,158,3,False,-2.25,-11.125,0.0,0.0,572.25,-0.003916449086161844
2026-03-04,566.5,569.25,566.5,566.75,68,3,False,-5.5,6.875,0.0,0.0,566.75,-0.009611183923110556
2026-03-05,575.0,582.75,574.0,582.75,274,3,False,16.0,11.5,0.0,0.0,582.75,0.028231142479047122
2026-03-06,608.25,611.25,608.25,611.25,61,3,False,28.5,1.375,0.0,0.0,611.25,0.04890604890604888
2026-03-09,635.0,635.0,598.0,598.0,82,3,False,-13.25,7.625,0.0,0.0,598.0,-0.02167689161554187
2026-03-10,587.75,588.0,584.75,584.75,46,3,False,-13.25,-4.75,0.0,0.0,584.75,-0.022157190635451518
2026-03-11,588.5,588.5,588.5,588.5,8,3,False,3.75,-4.75,0.0,0.0,588.5,0.006412997007268162
2026-03-12,597.5,597.5,592.25,592.25,34,3,False,3.75,15.0,0.0,0.0,592.25,0.006372132540356734
2026-03-13,618.5,618.5,618.5,618.5,82793,3,False,26.25,-8.75,0.0,0.0,618.5,0.044322498944702415
2026-03-16,609.25,613.75,594.5,597.25,82221,3,False,-21.25,9.375,0.0,0.0,597.25,-0.034357316087307965
2026-03-17,597.25,607.25,586.75,589.75,76805,3,False,-7.5,-3.375,0.0,0.0,589.75,-0.012557555462536674
2026-03-18,590.0,607.75,586.0,604.25,78219,3,False,14.5,-1.875,0.0,0.0,604.25,0.024586689275116536
2026-03-19,608.25,616.0,600.5,608.0,85885,3,False,3.75,0.875,0.0,0.0,608.0,0.006206040546131497
2026-03-20,608.0,609.25,594.75,595.25,64986,3,False,-12.75,-1.875,0.0,0.0,595.25,-0.020970394736842146
2026-03-23,596.5,606.5,577.75,587.75,97322,3,False,-7.5,-5.25,0.0,0.0,587.75,-0.012599748005039935
2026-03-24,591.0,596.0,582.5,590.0,70071,3,False,2.25,0.125,0.0,0.0,590.0,0.0038281582305401685
2026-03-25,589.0,599.5,579.25,597.75,65526,3,False,7.75,4.75,0.0,0.0,597.75,0.01313559322033897
2026-03-26,599.5,607.75,593.0,605.0,55171,3,False,7.25,3.875,0.0,0.0,605.0,0.01212881639481389
2026-03-27,605.0,613.25,599.25,605.0,52792,3,False,0.0,4.625,0.0,0.0,605.0,0.0
2026-03-30,607.75,612.0,597.75,607.0,60137,3,False,2.0,4.625,0.0,0.0,607.0,0.0033057851239668423
2026-03-31,609.75,625.0,605.25,616.25,101061,3,False,9.25,-8.375,0.0,0.0,616.25,0.015238879736408473
2026-04-01,618.0,622.75,593.25,597.5,106118,4,False,-18.75,5.0,0.0,0.0,597.5,-0.030425963488843855
2026-04-02,597.5,609.25,594.0,598.25,0,4,False,0.75,-10.875,0.0,0.0,598.25,0.001255230125523088
2026-04-06,599.0,600.5,588.5,595.25,38108,4,False,-3.0,1.75,0.0,0.0,595.25,-0.005014625992478039
2026-04-07,595.75,600.5,588.0,598.0,60072,4,False,2.75,-10.375,0.0,0.0,598.0,0.00461990760184805
2026-04-08,589.0,589.0,577.0,580.25,103575,4,False,-17.75,-1.5,0.0,0.0,580.25,-0.02968227424749159
2026-04-09,580.0,588.75,570.0,574.5,103129,4,False,-5.75,-10.625,0.0,0.0,574.5,-0.009909521757862971
2026-04-10,572.75,577.75,567.5,571.0,84547,4,False,-3.5,2.75,0.0,0.0,571.0,-0.006092254134029584
2026-04-13,580.0,589.5,576.25,582.25,106883,4,False,11.25,3.125,0.0,0.0,582.25,0.019702276707530553
2026-04-14,581.5,594.25,578.5,592.0,96119,4,False,9.75,6.5,0.0,0.0,592.0,0.01674538428510086
2026-04-15,592.0,597.0,585.25,593.75,74637,4,False,1.75,7.25,0.0,0.0,593.75,0.002956081081081141
2026-04-16,593.0,610.0,590.75,598.5,77299,4,False,4.75,-2.75,0.0,0.0,598.5,0.008000000000000007
2026-04-17,597.5,602.5,582.75,591.25,52569,4,False,-7.25,5.25,0.0,0.0,591.25,-0.012113617376775299
2026-04-20,596.25,602.75,590.25,597.0,40737,4,False,5.75,0.375,0.0,0.0,597.0,0.009725158562367886
2026-04-21,598.0,606.5,592.75,605.0,31527,4,False,8.0,0.0,0.0,0.0,605.0,0.01340033500837512
2026-04-22,606.5,613.0,598.25,599.25,20613,4,False,-5.75,9.75,0.0,0.0,599.25,-0.009504132231405005
2026-04-23,600.25,612.75,598.75,610.75,38329,4,False,11.5,-4.125,0.0,0.0,610.75,0.019190654985398403
2026-04-24,612.5,616.25,602.0,608.25,23889,4,False,-2.5,12.375,0.0,0.0,608.25,-0.004093327875562824
2026-04-27,609.0,623.25,608.5,621.5,24282,4,False,13.25,12.5,0.0,0.0,621.5,0.02178380600082197
2026-04-28,620.75,650.75,619.25,649.0,28627,4,False,27.5,3.25,0.0,0.0,649.0,0.04424778761061954
2026-04-29,648.75,661.5,641.5,642.25,28627,4,False,-6.75,11.5,0.0,0.0,642.25,-0.010400616332819745
2026-04-30,652.25,657.75,634.75,637.75,121065,4,False,-4.5,,0.0,0.0,637.75,-0.007006617360840739
